KEY,FREQ,REF_AREA,CURRENCY,PROVIDER_FM,INSTRUMENT_FM,PROVIDER_FM_ID,DATA_TYPE_FM,TIME_PERIOD,OBS_VALUE,OBS_STATUS,OBS_CONF,OBS_PRE_BREAK,OBS_COM,TIME_FORMAT,BREAKS,COLLECTION,COMPILING_ORG,DISS_ORG,DOM_SER_IDS,FM_CONTRACT_TIME,FM_COUPON_RATE,FM_IDENTIFIER,FM_LOT_SIZE,FM_MATURITY,FM_OUTS_AMOUNT,FM_PUT_CALL,FM_STRIKE_PRICE,PUBL_MU,PUBL_PUBLIC,UNIT_INDEX_BASE,COMPILATION,COVERAGE,DECIMALS,SOURCE_AGENCY,SOURCE_PUB,TITLE,TITLE_COMPL,UNIT,UNIT_MULT
YC.B.U2.EUR.4F.G_N_A.SV_C_YM.SR_5Y,B,U2,EUR,4F,G_N_A,SV_C_YM,SR_5Y,2021-06-30,-0.5597589992536101,A,F,,,P1D,,E,,,,,,,,,,,,,,,Technical notes are available at the following link: https://www.ecb.europa.eu/stats/financial_markets_and_interest_rates/euro_area_yield_curves/shared/pdf/technical_notes.pdf,,6,,,AAA yield curve - 5-year spot rate,"Euro area (changing composition) - Government bond, nominal, all issuers whose rating is triple A - Svensson model - continuous compounding - yield error minimisation - Yield curve spot rate, 5-year maturity",PCPA,0
YC.B.U2.EUR.4F.G_N_A.SV_C_YM.SR_5Y,B,U2,EUR,4F,G_N_A,SV_C_YM,SR_5Y,2021-07-01,-0.5710178317124526,A,F,,,P1D,,E,,,,,,,,,,,,,,,Technical notes are available at the following link: https://www.ecb.europa.eu/stats/financial_markets_and_interest_rates/euro_area_yield_curves/shared/pdf/technical_notes.pdf,,6,,,AAA yield curve - 5-year spot rate,"Euro area (changing composition) - Government bond, nominal, all issuers whose rating is triple A - Svensson model - continuous compounding - yield error minimisation - Yield curve spot rate, 5-year maturity",PCPA,0
YC.B.U2.EUR.4F.G_N_A.SV_C_YM.SR_5Y,B,U2,EUR,4F,G_N_A,SV_C_YM,SR_5Y,2021-07-02,-0.5892544605852335,A,F,,,P1D,,E,,,,,,,,,,,,,,,Technical notes are available at the following link: https://www.ecb.europa.eu/stats/financial_markets_and_interest_rates/euro_area_yield_curves/shared/pdf/technical_notes.pdf,,6,,,AAA yield curve - 5-year spot rate,"Euro area (changing composition) - Government bond, nominal, all issuers whose rating is triple A - Svensson model - continuous compounding - yield error minimisation - Yield curve spot rate, 5-year maturity",PCPA,0
YC.B.U2.EUR.4F.G_N_A.SV_C_YM.SR_5Y,B,U2,EUR,4F,G_N_A,SV_C_YM,SR_5Y,2021-07-05,-0.572051715717222,A,F,,,P1D,,E,,,,,,,,,,,,,,,Technical notes are available at the following link: https://www.ecb.europa.eu/stats/financial_markets_and_interest_rates/euro_area_yield_curves/shared/pdf/technical_notes.pdf,,6,,,AAA yield curve - 5-year spot rate,"Euro area (changing composition) - Government bond, nominal, all issuers whose rating is triple A - Svensson model - continuous compounding - yield error minimisation - Yield curve spot rate, 5-year maturity",PCPA,0
YC.B.U2.EUR.4F.G_N_A.SV_C_YM.SR_5Y,B,U2,EUR,4F,G_N_A,SV_C_YM,SR_5Y,2021-07-06,-0.6030623926979595,A,F,,,P1D,,E,,,,,,,,,,,,,,,Technical notes are available at the following link: https://www.ecb.europa.eu/stats/financial_markets_and_interest_rates/euro_area_yield_curves/shared/pdf/technical_notes.pdf,,6,,,AAA yield curve - 5-year spot rate,"Euro area (changing composition) - Government bond, nominal, all issuers whose rating is triple A - Svensson model - continuous compounding - yield error minimisation - Yield curve spot rate, 5-year maturity",PCPA,0
YC.B.U2.EUR.4F.G_N_A.SV_C_YM.SR_5Y,B,U2,EUR,4F,G_N_A,SV_C_YM,SR_5Y,2021-07-07,-0.6267154631685501,A,F,,,P1D,,E,,,,,,,,,,,,,,,Technical notes are available at the following link: https://www.ecb.europa.eu/stats/financial_markets_and_interest_rates/euro_area_yield_curves/shared/pdf/technical_notes.pdf,,6,,,AAA yield curve - 5-year spot rate,"Euro area (changing composition) - Government bond, nominal, all issuers whose rating is triple A - Svensson model - continuous compounding - yield error minimisation - Yield curve spot rate, 5-year maturity",PCPA,0
YC.B.U2.EUR.4F.G_N_A.SV_C_YM.SR_5Y,B,U2,EUR,4F,G_N_A,SV_C_YM,SR_5Y,2021-07-08,-0.6386263406565194,A,F,,,P1D,,E,,,,,,,,,,,,,,,Technical notes are available at the following link: https://www.ecb.europa.eu/stats/financial_markets_and_interest_rates/euro_area_yield_curves/shared/pdf/technical_notes.pdf,,6,,,AAA yield curve - 5-year spot rate,"Euro area (changing composition) - Government bond, nominal, all issuers whose rating is triple A - Svensson model - continuous compounding - yield error minimisation - Yield curve spot rate, 5-year maturity",PCPA,0
YC.B.U2.EUR.4F.G_N_A.SV_C_YM.SR_5Y,B,U2,EUR,4F,G_N_A,SV_C_YM,SR_5Y,2021-07-09,-0.6208882885176799,A,F,,,P1D,,E,,,,,,,,,,,,,,,Technical notes are available at the following link: https://www.ecb.europa.eu/stats/financial_markets_and_interest_rates/euro_area_yield_curves/shared/pdf/technical_notes.pdf,,6,,,AAA yield curve - 5-year spot rate,"Euro area (changing composition) - Government bond, nominal, all issuers whose rating is triple A - Svensson model - continuous compounding - yield error minimisation - Yield curve spot rate, 5-year maturity",PCPA,0
YC.B.U2.EUR.4F.G_N_A.SV_C_YM.SR_5Y,B,U2,EUR,4F,G_N_A,SV_C_YM,SR_5Y,2021-07-12,-0.6258417699549961,A,F,,,P1D,,E,,,,,,,,,,,,,,,Technical notes are available at the following link: https://www.ecb.europa.eu/stats/financial_markets_and_interest_rates/euro_area_yield_curves/shared/pdf/technical_notes.pdf,,6,,,AAA yield curve - 5-year spot rate,"Euro area (changing composition) - Government bond, nominal, all issuers whose rating is triple A - Svensson model - continuous compounding - yield error minimisation - Yield curve spot rate, 5-year maturity",PCPA,0
YC.B.U2.EUR.4F.G_N_A.SV_C_YM.SR_5Y,B,U2,EUR,4F,G_N_A,SV_C_YM,SR_5Y,2021-07-13,-0.6275046532346269,A,F,,,P1D,,E,,,,,,,,,,,,,,,Technical notes are available at the following link: https://www.ecb.europa.eu/stats/financial_markets_and_interest_rates/euro_area_yield_curves/shared/pdf/technical_notes.pdf,,6,,,AAA yield curve - 5-year spot rate,"Euro area (changing composition) - Government bond, nominal, all issuers whose rating is triple A - Svensson model - continuous compounding - yield error minimisation - Yield curve spot rate, 5-year maturity",PCPA,0
YC.B.U2.EUR.4F.G_N_A.SV_C_YM.SR_5Y,B,U2,EUR,4F,G_N_A,SV_C_YM,SR_5Y,2021-07-14,-0.6308989639814753,A,F,,,P1D,,E,,,,,,,,,,,,,,,Technical notes are available at the following link: https://www.ecb.europa.eu/stats/financial_markets_and_interest_rates/euro_area_yield_curves/shared/pdf/technical_notes.pdf,,6,,,AAA yield curve - 5-year spot rate,"Euro area (changing composition) - Government bond, nominal, all issuers whose rating is triple A - Svensson model - continuous compounding - yield error minimisation - Yield curve spot rate, 5-year maturity",PCPA,0
YC.B.U2.EUR.4F.G_N_A.SV_C_YM.SR_5Y,B,U2,EUR,4F,G_N_A,SV_C_YM,SR_5Y,2021-07-15,-0.6461010396764548,A,F,,,P1D,,E,,,,,,,,,,,,,,,Technical notes are available at the following link: https://www.ecb.europa.eu/stats/financial_markets_and_interest_rates/euro_area_yield_curves/shared/pdf/technical_notes.pdf,,6,,,AAA yield curve - 5-year spot rate,"Euro area (changing composition) - Government bond, nominal, all issuers whose rating is triple A - Svensson model - continuous compounding - yield error minimisation - Yield curve spot rate, 5-year maturity",PCPA,0
YC.B.U2.EUR.4F.G_N_A.SV_C_YM.SR_5Y,B,U2,EUR,4F,G_N_A,SV_C_YM,SR_5Y,2021-07-16,-0.6551253054546748,A,F,,,P1D,,E,,,,,,,,,,,,,,,Technical notes are available at the following link: https://www.ecb.europa.eu/stats/financial_markets_and_interest_rates/euro_area_yield_curves/shared/pdf/technical_notes.pdf,,6,,,AAA yield curve - 5-year spot rate,"Euro area (changing composition) - Government bond, nominal, all issuers whose rating is triple A - Svensson model - continuous compounding - yield error minimisation - Yield curve spot rate, 5-year maturity",PCPA,0
YC.B.U2.EUR.4F.G_N_A.SV_C_YM.SR_5Y,B,U2,EUR,4F,G_N_A,SV_C_YM,SR_5Y,2021-07-19,-0.6725385858562833,A,F,,,P1D,,E,,,,,,,,,,,,,,,Technical notes are available at the following link: https://www.ecb.europa.eu/stats/financial_markets_and_interest_rates/euro_area_yield_curves/shared/pdf/technical_notes.pdf,,6,,,AAA yield curve - 5-year spot rate,"Euro area (changing composition) - Government bond, nominal, all issuers whose rating is triple A - Svensson model - continuous compounding - yield error minimisation - Yield curve spot rate, 5-year maturity",PCPA,0
YC.B.U2.EUR.4F.G_N_A.SV_C_YM.SR_5Y,B,U2,EUR,4F,G_N_A,SV_C_YM,SR_5Y,2021-07-20,-0.7125190068295004,A,F,,,P1D,,E,,,,,,,,,,,,,,,Technical notes are available at the following link: https://www.ecb.europa.eu/stats/financial_markets_and_interest_rates/euro_area_yield_curves/shared/pdf/technical_notes.pdf,,6,,,AAA yield curve - 5-year spot rate,"Euro area (changing composition) - Government bond, nominal, all issuers whose rating is triple A - Svensson model - continuous compounding - yield error minimisation - Yield curve spot rate, 5-year maturity",PCPA,0
YC.B.U2.EUR.4F.G_N_A.SV_C_YM.SR_5Y,B,U2,EUR,4F,G_N_A,SV_C_YM,SR_5Y,2021-07-21,-0.6969861993154827,A,F,,,P1D,,E,,,,,,,,,,,,,,,Technical notes are available at the following link: https://www.ecb.europa.eu/stats/financial_markets_and_interest_rates/euro_area_yield_curves/shared/pdf/technical_notes.pdf,,6,,,AAA yield curve - 5-year spot rate,"Euro area (changing composition) - Government bond, nominal, all issuers whose rating is triple A - Svensson model - continuous compounding - yield error minimisation - Yield curve spot rate, 5-year maturity",PCPA,0
YC.B.U2.EUR.4F.G_N_A.SV_C_YM.SR_5Y,B,U2,EUR,4F,G_N_A,SV_C_YM,SR_5Y,2021-07-22,-0.7034814786710486,A,F,,,P1D,,E,,,,,,,,,,,,,,,Technical notes are available at the following link: https://www.ecb.europa.eu/stats/financial_markets_and_interest_rates/euro_area_yield_curves/shared/pdf/technical_notes.pdf,,6,,,AAA yield curve - 5-year spot rate,"Euro area (changing composition) - Government bond, nominal, all issuers whose rating is triple A - Svensson model - continuous compounding - yield error minimisation - Yield curve spot rate, 5-year maturity",PCPA,0
YC.B.U2.EUR.4F.G_N_A.SV_C_YM.SR_5Y,B,U2,EUR,4F,G_N_A,SV_C_YM,SR_5Y,2021-07-23,-0.7096872211780703,A,F,,,P1D,,E,,,,,,,,,,,,,,,Technical notes are available at the following link: https://www.ecb.europa.eu/stats/financial_markets_and_interest_rates/euro_area_yield_curves/shared/pdf/technical_notes.pdf,,6,,,AAA yield curve - 5-year spot rate,"Euro area (changing composition) - Government bond, nominal, all issuers whose rating is triple A - Svensson model - continuous compounding - yield error minimisation - Yield curve spot rate, 5-year maturity",PCPA,0
YC.B.U2.EUR.4F.G_N_A.SV_C_YM.SR_5Y,B,U2,EUR,4F,G_N_A,SV_C_YM,SR_5Y,2021-07-26,-0.7105810840033531,A,F,,,P1D,,E,,,,,,,,,,,,,,,Technical notes are available at the following link: https://www.ecb.europa.eu/stats/financial_markets_and_interest_rates/euro_area_yield_curves/shared/pdf/technical_notes.pdf,,6,,,AAA yield curve - 5-year spot rate,"Euro area (changing composition) - Government bond, nominal, all issuers whose rating is triple A - Svensson model - continuous compounding - yield error minimisation - Yield curve spot rate, 5-year maturity",PCPA,0
YC.B.U2.EUR.4F.G_N_A.SV_C_YM.SR_5Y,B,U2,EUR,4F,G_N_A,SV_C_YM,SR_5Y,2021-07-27,-0.7355347757781705,A,F,,,P1D,,E,,,,,,,,,,,,,,,Technical notes are available at the following link: https://www.ecb.europa.eu/stats/financial_markets_and_interest_rates/euro_area_yield_curves/shared/pdf/technical_notes.pdf,,6,,,AAA yield curve - 5-year spot rate,"Euro area (changing composition) - Government bond, nominal, all issuers whose rating is triple A - Svensson model - continuous compounding - yield error minimisation - Yield curve spot rate, 5-year maturity",PCPA,0
YC.B.U2.EUR.4F.G_N_A.SV_C_YM.SR_5Y,B,U2,EUR,4F,G_N_A,SV_C_YM,SR_5Y,2021-07-28,-0.7447176653360352,A,F,,,P1D,,E,,,,,,,,,,,,,,,Technical notes are available at the following link: https://www.ecb.europa.eu/stats/financial_markets_and_interest_rates/euro_area_yield_curves/shared/pdf/technical_notes.pdf,,6,,,AAA yield curve - 5-year spot rate,"Euro area (changing composition) - Government bond, nominal, all issuers whose rating is triple A - Svensson model - continuous compounding - yield error minimisation - Yield curve spot rate, 5-year maturity",PCPA,0
YC.B.U2.EUR.4F.G_N_A.SV_C_YM.SR_5Y,B,U2,EUR,4F,G_N_A,SV_C_YM,SR_5Y,2021-07-29,-0.7433352169729464,A,F,,,P1D,,E,,,,,,,,,,,,,,,Technical notes are available at the following link: https://www.ecb.europa.eu/stats/financial_markets_and_interest_rates/euro_area_yield_curves/shared/pdf/technical_notes.pdf,,6,,,AAA yield curve - 5-year spot rate,"Euro area (changing composition) - Government bond, nominal, all issuers whose rating is triple A - Svensson model - continuous compounding - yield error minimisation - Yield curve spot rate, 5-year maturity",PCPA,0
YC.B.U2.EUR.4F.G_N_A.SV_C_YM.SR_5Y,B,U2,EUR,4F,G_N_A,SV_C_YM,SR_5Y,2021-07-30,-0.747668335826686,A,F,,,P1D,,E,,,,,,,,,,,,,,,Technical notes are available at the following link: https://www.ecb.europa.eu/stats/financial_markets_and_interest_rates/euro_area_yield_curves/shared/pdf/technical_notes.pdf,,6,,,AAA yield curve - 5-year spot rate,"Euro area (changing composition) - Government bond, nominal, all issuers whose rating is triple A - Svensson model - continuous compounding - yield error minimisation - Yield curve spot rate, 5-year maturity",PCPA,0
YC.B.U2.EUR.4F.G_N_A.SV_C_YM.SR_5Y,B,U2,EUR,4F,G_N_A,SV_C_YM,SR_5Y,2021-08-02,-0.7634963444673986,A,F,,,P1D,,E,,,,,,,,,,,,,,,Technical notes are available at the following link: https://www.ecb.europa.eu/stats/financial_markets_and_interest_rates/euro_area_yield_curves/shared/pdf/technical_notes.pdf,,6,,,AAA yield curve - 5-year spot rate,"Euro area (changing composition) - Government bond, nominal, all issuers whose rating is triple A - Svensson model - continuous compounding - yield error minimisation - Yield curve spot rate, 5-year maturity",PCPA,0
YC.B.U2.EUR.4F.G_N_A.SV_C_YM.SR_5Y,B,U2,EUR,4F,G_N_A,SV_C_YM,SR_5Y,2021-08-03,-0.783290281877727,A,F,,,P1D,,E,,,,,,,,,,,,,,,Technical notes are available at the following link: https://www.ecb.europa.eu/stats/financial_markets_and_interest_rates/euro_area_yield_curves/shared/pdf/technical_notes.pdf,,6,,,AAA yield curve - 5-year spot rate,"Euro area (changing composition) - Government bond, nominal, all issuers whose rating is triple A - Svensson model - continuous compounding - yield error minimisation - Yield curve spot rate, 5-year maturity",PCPA,0
YC.B.U2.EUR.4F.G_N_A.SV_C_YM.SR_5Y,B,U2,EUR,4F,G_N_A,SV_C_YM,SR_5Y,2021-08-04,-0.7948692515981333,A,F,,,P1D,,E,,,,,,,,,,,,,,,Technical notes are available at the following link: https://www.ecb.europa.eu/stats/financial_markets_and_interest_rates/euro_area_yield_curves/shared/pdf/technical_notes.pdf,,6,,,AAA yield curve - 5-year spot rate,"Euro area (changing composition) - Government bond, nominal, all issuers whose rating is triple A - Svensson model - continuous compounding - yield error minimisation - Yield curve spot rate, 5-year maturity",PCPA,0
YC.B.U2.EUR.4F.G_N_A.SV_C_YM.SR_5Y,B,U2,EUR,4F,G_N_A,SV_C_YM,SR_5Y,2021-08-05,-0.7913500754380123,A,F,,,P1D,,E,,,,,,,,,,,,,,,Technical notes are available at the following link: https://www.ecb.europa.eu/stats/financial_markets_and_interest_rates/euro_area_yield_curves/shared/pdf/technical_notes.pdf,,6,,,AAA yield curve - 5-year spot rate,"Euro area (changing composition) - Government bond, nominal, all issuers whose rating is triple A - Svensson model - continuous compounding - yield error minimisation - Yield curve spot rate, 5-year maturity",PCPA,0
YC.B.U2.EUR.4F.G_N_A.SV_C_YM.SR_5Y,B,U2,EUR,4F,G_N_A,SV_C_YM,SR_5Y,2021-08-06,-0.7529536898294897,A,F,,,P1D,,E,,,,,,,,,,,,,,,Technical notes are available at the following link: https://www.ecb.europa.eu/stats/financial_markets_and_interest_rates/euro_area_yield_curves/shared/pdf/technical_notes.pdf,,6,,,AAA yield curve - 5-year spot rate,"Euro area (changing composition) - Government bond, nominal, all issuers whose rating is triple A - Svensson model - continuous compounding - yield error minimisation - Yield curve spot rate, 5-year maturity",PCPA,0
YC.B.U2.EUR.4F.G_N_A.SV_C_YM.SR_5Y,B,U2,EUR,4F,G_N_A,SV_C_YM,SR_5Y,2021-08-09,-0.7560186831580129,A,F,,,P1D,,E,,,,,,,,,,,,,,,Technical notes are available at the following link: https://www.ecb.europa.eu/stats/financial_markets_and_interest_rates/euro_area_yield_curves/shared/pdf/technical_notes.pdf,,6,,,AAA yield curve - 5-year spot rate,"Euro area (changing composition) - Government bond, nominal, all issuers whose rating is triple A - Svensson model - continuous compounding - yield error minimisation - Yield curve spot rate, 5-year maturity",PCPA,0
YC.B.U2.EUR.4F.G_N_A.SV_C_YM.SR_5Y,B,U2,EUR,4F,G_N_A,SV_C_YM,SR_5Y,2021-08-10,-0.7587962785465505,A,F,,,P1D,,E,,,,,,,,,,,,,,,Technical notes are available at the following link: https://www.ecb.europa.eu/stats/financial_markets_and_interest_rates/euro_area_yield_curves/shared/pdf/technical_notes.pdf,,6,,,AAA yield curve - 5-year spot rate,"Euro area (changing composition) - Government bond, nominal, all issuers whose rating is triple A - Svensson model - continuous compounding - yield error minimisation - Yield curve spot rate, 5-year maturity",PCPA,0
YC.B.U2.EUR.4F.G_N_A.SV_C_YM.SR_5Y,B,U2,EUR,4F,G_N_A,SV_C_YM,SR_5Y,2021-08-11,-0.7365762800085798,A,F,,,P1D,,E,,,,,,,,,,,,,,,Technical notes are available at the following link: https://www.ecb.europa.eu/stats/financial_markets_and_interest_rates/euro_area_yield_curves/shared/pdf/technical_notes.pdf,,6,,,AAA yield curve - 5-year spot rate,"Euro area (changing composition) - Government bond, nominal, all issuers whose rating is triple A - Svensson model - continuous compounding - yield error minimisation - Yield curve spot rate, 5-year maturity",PCPA,0
YC.B.U2.EUR.4F.G_N_A.SV_C_YM.SR_5Y,B,U2,EUR,4F,G_N_A,SV_C_YM,SR_5Y,2021-08-12,-0.732977511459227,A,F,,,P1D,,E,,,,,,,,,,,,,,,Technical notes are available at the following link: https://www.ecb.europa.eu/stats/financial_markets_and_interest_rates/euro_area_yield_curves/shared/pdf/technical_notes.pdf,,6,,,AAA yield curve - 5-year spot rate,"Euro area (changing composition) - Government bond, nominal, all issuers whose rating is triple A - Svensson model - continuous compounding - yield error minimisation - Yield curve spot rate, 5-year maturity",PCPA,0
YC.B.U2.EUR.4F.G_N_A.SV_C_YM.SR_5Y,B,U2,EUR,4F,G_N_A,SV_C_YM,SR_5Y,2021-08-13,-0.7317624873351334,A,F,,,P1D,,E,,,,,,,,,,,,,,,Technical notes are available at the following link: https://www.ecb.europa.eu/stats/financial_markets_and_interest_rates/euro_area_yield_curves/shared/pdf/technical_notes.pdf,,6,,,AAA yield curve - 5-year spot rate,"Euro area (changing composition) - Government bond, nominal, all issuers whose rating is triple A - Svensson model - continuous compounding - yield error minimisation - Yield curve spot rate, 5-year maturity",PCPA,0
YC.B.U2.EUR.4F.G_N_A.SV_C_YM.SR_5Y,B,U2,EUR,4F,G_N_A,SV_C_YM,SR_5Y,2021-08-16,-0.7529710172270181,A,F,,,P1D,,E,,,,,,,,,,,,,,,Technical notes are available at the following link: https://www.ecb.europa.eu/stats/financial_markets_and_interest_rates/euro_area_yield_curves/shared/pdf/technical_notes.pdf,,6,,,AAA yield curve - 5-year spot rate,"Euro area (changing composition) - Government bond, nominal, all issuers whose rating is triple A - Svensson model - continuous compounding - yield error minimisation - Yield curve spot rate, 5-year maturity",PCPA,0
YC.B.U2.EUR.4F.G_N_A.SV_C_YM.SR_5Y,B,U2,EUR,4F,G_N_A,SV_C_YM,SR_5Y,2021-08-17,-0.7401285712002346,A,F,,,P1D,,E,,,,,,,,,,,,,,,Technical notes are available at the following link: https://www.ecb.europa.eu/stats/financial_markets_and_interest_rates/euro_area_yield_curves/shared/pdf/technical_notes.pdf,,6,,,AAA yield curve - 5-year spot rate,"Euro area (changing composition) - Government bond, nominal, all issuers whose rating is triple A - Svensson model - continuous compounding - yield error minimisation - Yield curve spot rate, 5-year maturity",PCPA,0
YC.B.U2.EUR.4F.G_N_A.SV_C_YM.SR_5Y,B,U2,EUR,4F,G_N_A,SV_C_YM,SR_5Y,2021-08-18,-0.7468205102503158,A,F,,,P1D,,E,,,,,,,,,,,,,,,Technical notes are available at the following link: https://www.ecb.europa.eu/stats/financial_markets_and_interest_rates/euro_area_yield_curves/shared/pdf/technical_notes.pdf,,6,,,AAA yield curve - 5-year spot rate,"Euro area (changing composition) - Government bond, nominal, all issuers whose rating is triple A - Svensson model - continuous compounding - yield error minimisation - Yield curve spot rate, 5-year maturity",PCPA,0
YC.B.U2.EUR.4F.G_N_A.SV_C_YM.SR_5Y,B,U2,EUR,4F,G_N_A,SV_C_YM,SR_5Y,2021-08-19,-0.7457227977359748,A,F,,,P1D,,E,,,,,,,,,,,,,,,Technical notes are available at the following link: https://www.ecb.europa.eu/stats/financial_markets_and_interest_rates/euro_area_yield_curves/shared/pdf/technical_notes.pdf,,6,,,AAA yield curve - 5-year spot rate,"Euro area (changing composition) - Government bond, nominal, all issuers whose rating is triple A - Svensson model - continuous compounding - yield error minimisation - Yield curve spot rate, 5-year maturity",PCPA,0
YC.B.U2.EUR.4F.G_N_A.SV_C_YM.SR_5Y,B,U2,EUR,4F,G_N_A,SV_C_YM,SR_5Y,2021-08-20,-0.7512986133318278,A,F,,,P1D,,E,,,,,,,,,,,,,,,Technical notes are available at the following link: https://www.ecb.europa.eu/stats/financial_markets_and_interest_rates/euro_area_yield_curves/shared/pdf/technical_notes.pdf,,6,,,AAA yield curve - 5-year spot rate,"Euro area (changing composition) - Government bond, nominal, all issuers whose rating is triple A - Svensson model - continuous compounding - yield error minimisation - Yield curve spot rate, 5-year maturity",PCPA,0
YC.B.U2.EUR.4F.G_N_A.SV_C_YM.SR_5Y,B,U2,EUR,4F,G_N_A,SV_C_YM,SR_5Y,2021-08-23,-0.7476717423520345,A,F,,,P1D,,E,,,,,,,,,,,,,,,Technical notes are available at the following link: https://www.ecb.europa.eu/stats/financial_markets_and_interest_rates/euro_area_yield_curves/shared/pdf/technical_notes.pdf,,6,,,AAA yield curve - 5-year spot rate,"Euro area (changing composition) - Government bond, nominal, all issuers whose rating is triple A - Svensson model - continuous compounding - yield error minimisation - Yield curve spot rate, 5-year maturity",PCPA,0
YC.B.U2.EUR.4F.G_N_A.SV_C_YM.SR_5Y,B,U2,EUR,4F,G_N_A,SV_C_YM,SR_5Y,2021-08-24,-0.741725956290844,A,F,,,P1D,,E,,,,,,,,,,,,,,,Technical notes are available at the following link: https://www.ecb.europa.eu/stats/financial_markets_and_interest_rates/euro_area_yield_curves/shared/pdf/technical_notes.pdf,,6,,,AAA yield curve - 5-year spot rate,"Euro area (changing composition) - Government bond, nominal, all issuers whose rating is triple A - Svensson model - continuous compounding - yield error minimisation - Yield curve spot rate, 5-year maturity",PCPA,0
YC.B.U2.EUR.4F.G_N_A.SV_C_YM.SR_5Y,B,U2,EUR,4F,G_N_A,SV_C_YM,SR_5Y,2021-08-25,-0.719192286529446,A,F,,,P1D,,E,,,,,,,,,,,,,,,Technical notes are available at the following link: https://www.ecb.europa.eu/stats/financial_markets_and_interest_rates/euro_area_yield_curves/shared/pdf/technical_notes.pdf,,6,,,AAA yield curve - 5-year spot rate,"Euro area (changing composition) - Government bond, nominal, all issuers whose rating is triple A - Svensson model - continuous compounding - yield error minimisation - Yield curve spot rate, 5-year maturity",PCPA,0
YC.B.U2.EUR.4F.G_N_A.SV_C_YM.SR_5Y,B,U2,EUR,4F,G_N_A,SV_C_YM,SR_5Y,2021-08-26,-0.6970907724798505,A,F,,,P1D,,E,,,,,,,,,,,,,,,Technical notes are available at the following link: https://www.ecb.europa.eu/stats/financial_markets_and_interest_rates/euro_area_yield_curves/shared/pdf/technical_notes.pdf,,6,,,AAA yield curve - 5-year spot rate,"Euro area (changing composition) - Government bond, nominal, all issuers whose rating is triple A - Svensson model - continuous compounding - yield error minimisation - Yield curve spot rate, 5-year maturity",PCPA,0
YC.B.U2.EUR.4F.G_N_A.SV_C_YM.SR_5Y,B,U2,EUR,4F,G_N_A,SV_C_YM,SR_5Y,2021-08-27,-0.6956851515975693,A,F,,,P1D,,E,,,,,,,,,,,,,,,Technical notes are available at the following link: https://www.ecb.europa.eu/stats/financial_markets_and_interest_rates/euro_area_yield_curves/shared/pdf/technical_notes.pdf,,6,,,AAA yield curve - 5-year spot rate,"Euro area (changing composition) - Government bond, nominal, all issuers whose rating is triple A - Svensson model - continuous compounding - yield error minimisation - Yield curve spot rate, 5-year maturity",PCPA,0
YC.B.U2.EUR.4F.G_N_A.SV_C_YM.SR_5Y,B,U2,EUR,4F,G_N_A,SV_C_YM,SR_5Y,2021-08-30,-0.7082609917702198,A,F,,,P1D,,E,,,,,,,,,,,,,,,Technical notes are available at the following link: https://www.ecb.europa.eu/stats/financial_markets_and_interest_rates/euro_area_yield_curves/shared/pdf/technical_notes.pdf,,6,,,AAA yield curve - 5-year spot rate,"Euro area (changing composition) - Government bond, nominal, all issuers whose rating is triple A - Svensson model - continuous compounding - yield error minimisation - Yield curve spot rate, 5-year maturity",PCPA,0
YC.B.U2.EUR.4F.G_N_A.SV_C_YM.SR_5Y,B,U2,EUR,4F,G_N_A,SV_C_YM,SR_5Y,2021-08-31,-0.6846197364485507,A,F,,,P1D,,E,,,,,,,,,,,,,,,Technical notes are available at the following link: https://www.ecb.europa.eu/stats/financial_markets_and_interest_rates/euro_area_yield_curves/shared/pdf/technical_notes.pdf,,6,,,AAA yield curve - 5-year spot rate,"Euro area (changing composition) - Government bond, nominal, all issuers whose rating is triple A - Svensson model - continuous compounding - yield error minimisation - Yield curve spot rate, 5-year maturity",PCPA,0
YC.B.U2.EUR.4F.G_N_A.SV_C_YM.SR_5Y,B,U2,EUR,4F,G_N_A,SV_C_YM,SR_5Y,2021-09-01,-0.6804684175047613,A,F,,,P1D,,E,,,,,,,,,,,,,,,Technical notes are available at the following link: https://www.ecb.europa.eu/stats/financial_markets_and_interest_rates/euro_area_yield_curves/shared/pdf/technical_notes.pdf,,6,,,AAA yield curve - 5-year spot rate,"Euro area (changing composition) - Government bond, nominal, all issuers whose rating is triple A - Svensson model - continuous compounding - yield error minimisation - Yield curve spot rate, 5-year maturity",PCPA,0
YC.B.U2.EUR.4F.G_N_A.SV_C_YM.SR_5Y,B,U2,EUR,4F,G_N_A,SV_C_YM,SR_5Y,2021-09-02,-0.6879997463518839,A,F,,,P1D,,E,,,,,,,,,,,,,,,Technical notes are available at the following link: https://www.ecb.europa.eu/stats/financial_markets_and_interest_rates/euro_area_yield_curves/shared/pdf/technical_notes.pdf,,6,,,AAA yield curve - 5-year spot rate,"Euro area (changing composition) - Government bond, nominal, all issuers whose rating is triple A - Svensson model - continuous compounding - yield error minimisation - Yield curve spot rate, 5-year maturity",PCPA,0
YC.B.U2.EUR.4F.G_N_A.SV_C_YM.SR_5Y,B,U2,EUR,4F,G_N_A,SV_C_YM,SR_5Y,2021-09-03,-0.6692140356030358,A,F,,,P1D,,E,,,,,,,,,,,,,,,Technical notes are available at the following link: https://www.ecb.europa.eu/stats/financial_markets_and_interest_rates/euro_area_yield_curves/shared/pdf/technical_notes.pdf,,6,,,AAA yield curve - 5-year spot rate,"Euro area (changing composition) - Government bond, nominal, all issuers whose rating is triple A - Svensson model - continuous compounding - yield error minimisation - Yield curve spot rate, 5-year maturity",PCPA,0
YC.B.U2.EUR.4F.G_N_A.SV_C_YM.SR_5Y,B,U2,EUR,4F,G_N_A,SV_C_YM,SR_5Y,2021-09-06,-0.6679332865361056,A,F,,,P1D,,E,,,,,,,,,,,,,,,Technical notes are available at the following link: https://www.ecb.europa.eu/stats/financial_markets_and_interest_rates/euro_area_yield_curves/shared/pdf/technical_notes.pdf,,6,,,AAA yield curve - 5-year spot rate,"Euro area (changing composition) - Government bond, nominal, all issuers whose rating is triple A - Svensson model - continuous compounding - yield error minimisation - Yield curve spot rate, 5-year maturity",PCPA,0
YC.B.U2.EUR.4F.G_N_A.SV_C_YM.SR_5Y,B,U2,EUR,4F,G_N_A,SV_C_YM,SR_5Y,2021-09-07,-0.6351405065731202,A,F,,,P1D,,E,,,,,,,,,,,,,,,Technical notes are available at the following link: https://www.ecb.europa.eu/stats/financial_markets_and_interest_rates/euro_area_yield_curves/shared/pdf/technical_notes.pdf,,6,,,AAA yield curve - 5-year spot rate,"Euro area (changing composition) - Government bond, nominal, all issuers whose rating is triple A - Svensson model - continuous compounding - yield error minimisation - Yield curve spot rate, 5-year maturity",PCPA,0
YC.B.U2.EUR.4F.G_N_A.SV_C_YM.SR_5Y,B,U2,EUR,4F,G_N_A,SV_C_YM,SR_5Y,2021-09-08,-0.632758699214393,A,F,,,P1D,,E,,,,,,,,,,,,,,,Technical notes are available at the following link: https://www.ecb.europa.eu/stats/financial_markets_and_interest_rates/euro_area_yield_curves/shared/pdf/technical_notes.pdf,,6,,,AAA yield curve - 5-year spot rate,"Euro area (changing composition) - Government bond, nominal, all issuers whose rating is triple A - Svensson model - continuous compounding - yield error minimisation - Yield curve spot rate, 5-year maturity",PCPA,0
YC.B.U2.EUR.4F.G_N_A.SV_C_YM.SR_5Y,B,U2,EUR,4F,G_N_A,SV_C_YM,SR_5Y,2021-09-09,-0.6549237566051143,A,F,,,P1D,,E,,,,,,,,,,,,,,,Technical notes are available at the following link: https://www.ecb.europa.eu/stats/financial_markets_and_interest_rates/euro_area_yield_curves/shared/pdf/technical_notes.pdf,,6,,,AAA yield curve - 5-year spot rate,"Euro area (changing composition) - Government bond, nominal, all issuers whose rating is triple A - Svensson model - continuous compounding - yield error minimisation - Yield curve spot rate, 5-year maturity",PCPA,0
YC.B.U2.EUR.4F.G_N_A.SV_C_YM.SR_5Y,B,U2,EUR,4F,G_N_A,SV_C_YM,SR_5Y,2021-09-10,-0.6483237337799799,A,F,,,P1D,,E,,,,,,,,,,,,,,,Technical notes are available at the following link: https://www.ecb.europa.eu/stats/financial_markets_and_interest_rates/euro_area_yield_curves/shared/pdf/technical_notes.pdf,,6,,,AAA yield curve - 5-year spot rate,"Euro area (changing composition) - Government bond, nominal, all issuers whose rating is triple A - Svensson model - continuous compounding - yield error minimisation - Yield curve spot rate, 5-year maturity",PCPA,0
YC.B.U2.EUR.4F.G_N_A.SV_C_YM.SR_5Y,B,U2,EUR,4F,G_N_A,SV_C_YM,SR_5Y,2021-09-13,-0.6473256464206747,A,F,,,P1D,,E,,,,,,,,,,,,,,,Technical notes are available at the following link: https://www.ecb.europa.eu/stats/financial_markets_and_interest_rates/euro_area_yield_curves/shared/pdf/technical_notes.pdf,,6,,,AAA yield curve - 5-year spot rate,"Euro area (changing composition) - Government bond, nominal, all issuers whose rating is triple A - Svensson model - continuous compounding - yield error minimisation - Yield curve spot rate, 5-year maturity",PCPA,0
YC.B.U2.EUR.4F.G_N_A.SV_C_YM.SR_5Y,B,U2,EUR,4F,G_N_A,SV_C_YM,SR_5Y,2021-09-14,-0.6476792357176744,A,F,,,P1D,,E,,,,,,,,,,,,,,,Technical notes are available at the following link: https://www.ecb.europa.eu/stats/financial_markets_and_interest_rates/euro_area_yield_curves/shared/pdf/technical_notes.pdf,,6,,,AAA yield curve - 5-year spot rate,"Euro area (changing composition) - Government bond, nominal, all issuers whose rating is triple A - Svensson model - continuous compounding - yield error minimisation - Yield curve spot rate, 5-year maturity",PCPA,0
YC.B.U2.EUR.4F.G_N_A.SV_C_YM.SR_5Y,B,U2,EUR,4F,G_N_A,SV_C_YM,SR_5Y,2021-09-15,-0.632919259325758,A,F,,,P1D,,E,,,,,,,,,,,,,,,Technical notes are available at the following link: https://www.ecb.europa.eu/stats/financial_markets_and_interest_rates/euro_area_yield_curves/shared/pdf/technical_notes.pdf,,6,,,AAA yield curve - 5-year spot rate,"Euro area (changing composition) - Government bond, nominal, all issuers whose rating is triple A - Svensson model - continuous compounding - yield error minimisation - Yield curve spot rate, 5-year maturity",PCPA,0
YC.B.U2.EUR.4F.G_N_A.SV_C_YM.SR_5Y,B,U2,EUR,4F,G_N_A,SV_C_YM,SR_5Y,2021-09-16,-0.6265000392016327,A,F,,,P1D,,E,,,,,,,,,,,,,,,Technical notes are available at the following link: https://www.ecb.europa.eu/stats/financial_markets_and_interest_rates/euro_area_yield_curves/shared/pdf/technical_notes.pdf,,6,,,AAA yield curve - 5-year spot rate,"Euro area (changing composition) - Government bond, nominal, all issuers whose rating is triple A - Svensson model - continuous compounding - yield error minimisation - Yield curve spot rate, 5-year maturity",PCPA,0
YC.B.U2.EUR.4F.G_N_A.SV_C_YM.SR_5Y,B,U2,EUR,4F,G_N_A,SV_C_YM,SR_5Y,2021-09-17,-0.613335326839501,A,F,,,P1D,,E,,,,,,,,,,,,,,,Technical notes are available at the following link: https://www.ecb.europa.eu/stats/financial_markets_and_interest_rates/euro_area_yield_curves/shared/pdf/technical_notes.pdf,,6,,,AAA yield curve - 5-year spot rate,"Euro area (changing composition) - Government bond, nominal, all issuers whose rating is triple A - Svensson model - continuous compounding - yield error minimisation - Yield curve spot rate, 5-year maturity",PCPA,0
YC.B.U2.EUR.4F.G_N_A.SV_C_YM.SR_5Y,B,U2,EUR,4F,G_N_A,SV_C_YM,SR_5Y,2021-09-20,-0.6435210279004284,A,F,,,P1D,,E,,,,,,,,,,,,,,,Technical notes are available at the following link: https://www.ecb.europa.eu/stats/financial_markets_and_interest_rates/euro_area_yield_curves/shared/pdf/technical_notes.pdf,,6,,,AAA yield curve - 5-year spot rate,"Euro area (changing composition) - Government bond, nominal, all issuers whose rating is triple A - Svensson model - continuous compounding - yield error minimisation - Yield curve spot rate, 5-year maturity",PCPA,0
YC.B.U2.EUR.4F.G_N_A.SV_C_YM.SR_5Y,B,U2,EUR,4F,G_N_A,SV_C_YM,SR_5Y,2021-09-21,-0.6542703646682839,A,F,,,P1D,,E,,,,,,,,,,,,,,,Technical notes are available at the following link: https://www.ecb.europa.eu/stats/financial_markets_and_interest_rates/euro_area_yield_curves/shared/pdf/technical_notes.pdf,,6,,,AAA yield curve - 5-year spot rate,"Euro area (changing composition) - Government bond, nominal, all issuers whose rating is triple A - Svensson model - continuous compounding - yield error minimisation - Yield curve spot rate, 5-year maturity",PCPA,0
YC.B.U2.EUR.4F.G_N_A.SV_C_YM.SR_5Y,B,U2,EUR,4F,G_N_A,SV_C_YM,SR_5Y,2021-09-22,-0.6420448915290864,A,F,,,P1D,,E,,,,,,,,,,,,,,,Technical notes are available at the following link: https://www.ecb.europa.eu/stats/financial_markets_and_interest_rates/euro_area_yield_curves/shared/pdf/technical_notes.pdf,,6,,,AAA yield curve - 5-year spot rate,"Euro area (changing composition) - Government bond, nominal, all issuers whose rating is triple A - Svensson model - continuous compounding - yield error minimisation - Yield curve spot rate, 5-year maturity",PCPA,0
YC.B.U2.EUR.4F.G_N_A.SV_C_YM.SR_5Y,B,U2,EUR,4F,G_N_A,SV_C_YM,SR_5Y,2021-09-23,-0.5971226795560671,A,F,,,P1D,,E,,,,,,,,,,,,,,,Technical notes are available at the following link: https://www.ecb.europa.eu/stats/financial_markets_and_interest_rates/euro_area_yield_curves/shared/pdf/technical_notes.pdf,,6,,,AAA yield curve - 5-year spot rate,"Euro area (changing composition) - Government bond, nominal, all issuers whose rating is triple A - Svensson model - continuous compounding - yield error minimisation - Yield curve spot rate, 5-year maturity",PCPA,0
YC.B.U2.EUR.4F.G_N_A.SV_C_YM.SR_5Y,B,U2,EUR,4F,G_N_A,SV_C_YM,SR_5Y,2021-09-24,-0.5684488663555745,A,F,,,P1D,,E,,,,,,,,,,,,,,,Technical notes are available at the following link: https://www.ecb.europa.eu/stats/financial_markets_and_interest_rates/euro_area_yield_curves/shared/pdf/technical_notes.pdf,,6,,,AAA yield curve - 5-year spot rate,"Euro area (changing composition) - Government bond, nominal, all issuers whose rating is triple A - Svensson model - continuous compounding - yield error minimisation - Yield curve spot rate, 5-year maturity",PCPA,0
YC.B.U2.EUR.4F.G_N_A.SV_C_YM.SR_5Y,B,U2,EUR,4F,G_N_A,SV_C_YM,SR_5Y,2021-09-27,-0.5627086905915899,A,F,,,P1D,,E,,,,,,,,,,,,,,,Technical notes are available at the following link: https://www.ecb.europa.eu/stats/financial_markets_and_interest_rates/euro_area_yield_curves/shared/pdf/technical_notes.pdf,,6,,,AAA yield curve - 5-year spot rate,"Euro area (changing composition) - Government bond, nominal, all issuers whose rating is triple A - Svensson model - continuous compounding - yield error minimisation - Yield curve spot rate, 5-year maturity",PCPA,0
YC.B.U2.EUR.4F.G_N_A.SV_C_YM.SR_5Y,B,U2,EUR,4F,G_N_A,SV_C_YM,SR_5Y,2021-09-28,-0.5343154167032083,A,F,,,P1D,,E,,,,,,,,,,,,,,,Technical notes are available at the following link: https://www.ecb.europa.eu/stats/financial_markets_and_interest_rates/euro_area_yield_curves/shared/pdf/technical_notes.pdf,,6,,,AAA yield curve - 5-year spot rate,"Euro area (changing composition) - Government bond, nominal, all issuers whose rating is triple A - Svensson model - continuous compounding - yield error minimisation - Yield curve spot rate, 5-year maturity",PCPA,0
YC.B.U2.EUR.4F.G_N_A.SV_C_YM.SR_5Y,B,U2,EUR,4F,G_N_A,SV_C_YM,SR_5Y,2021-09-29,-0.5676336610905062,A,F,,,P1D,,E,,,,,,,,,,,,,,,Technical notes are available at the following link: https://www.ecb.europa.eu/stats/financial_markets_and_interest_rates/euro_area_yield_curves/shared/pdf/technical_notes.pdf,,6,,,AAA yield curve - 5-year spot rate,"Euro area (changing composition) - Government bond, nominal, all issuers whose rating is triple A - Svensson model - continuous compounding - yield error minimisation - Yield curve spot rate, 5-year maturity",PCPA,0
YC.B.U2.EUR.4F.G_N_A.SV_C_YM.SR_5Y,B,U2,EUR,4F,G_N_A,SV_C_YM,SR_5Y,2021-09-30,-0.5409455288053393,A,F,,,P1D,,E,,,,,,,,,,,,,,,Technical notes are available at the following link: https://www.ecb.europa.eu/stats/financial_markets_and_interest_rates/euro_area_yield_curves/shared/pdf/technical_notes.pdf,,6,,,AAA yield curve - 5-year spot rate,"Euro area (changing composition) - Government bond, nominal, all issuers whose rating is triple A - Svensson model - continuous compounding - yield error minimisation - Yield curve spot rate, 5-year maturity",PCPA,0
YC.B.U2.EUR.4F.G_N_A.SV_C_YM.SR_5Y,B,U2,EUR,4F,G_N_A,SV_C_YM,SR_5Y,2021-10-01,-0.5795849524646193,A,F,,,P1D,,E,,,,,,,,,,,,,,,Technical notes are available at the following link: https://www.ecb.europa.eu/stats/financial_markets_and_interest_rates/euro_area_yield_curves/shared/pdf/technical_notes.pdf,,6,,,AAA yield curve - 5-year spot rate,"Euro area (changing composition) - Government bond, nominal, all issuers whose rating is triple A - Svensson model - continuous compounding - yield error minimisation - Yield curve spot rate, 5-year maturity",PCPA,0
YC.B.U2.EUR.4F.G_N_A.SV_C_YM.SR_5Y,B,U2,EUR,4F,G_N_A,SV_C_YM,SR_5Y,2021-10-04,-0.5635717498999511,A,F,,,P1D,,E,,,,,,,,,,,,,,,Technical notes are available at the following link: https://www.ecb.europa.eu/stats/financial_markets_and_interest_rates/euro_area_yield_curves/shared/pdf/technical_notes.pdf,,6,,,AAA yield curve - 5-year spot rate,"Euro area (changing composition) - Government bond, nominal, all issuers whose rating is triple A - Svensson model - continuous compounding - yield error minimisation - Yield curve spot rate, 5-year maturity",PCPA,0
YC.B.U2.EUR.4F.G_N_A.SV_C_YM.SR_5Y,B,U2,EUR,4F,G_N_A,SV_C_YM,SR_5Y,2021-10-05,-0.5657091230161369,A,F,,,P1D,,E,,,,,,,,,,,,,,,Technical notes are available at the following link: https://www.ecb.europa.eu/stats/financial_markets_and_interest_rates/euro_area_yield_curves/shared/pdf/technical_notes.pdf,,6,,,AAA yield curve - 5-year spot rate,"Euro area (changing composition) - Government bond, nominal, all issuers whose rating is triple A - Svensson model - continuous compounding - yield error minimisation - Yield curve spot rate, 5-year maturity",PCPA,0
YC.B.U2.EUR.4F.G_N_A.SV_C_YM.SR_5Y,B,U2,EUR,4F,G_N_A,SV_C_YM,SR_5Y,2021-10-06,-0.5530289879205204,A,F,,,P1D,,E,,,,,,,,,,,,,,,Technical notes are available at the following link: https://www.ecb.europa.eu/stats/financial_markets_and_interest_rates/euro_area_yield_curves/shared/pdf/technical_notes.pdf,,6,,,AAA yield curve - 5-year spot rate,"Euro area (changing composition) - Government bond, nominal, all issuers whose rating is triple A - Svensson model - continuous compounding - yield error minimisation - Yield curve spot rate, 5-year maturity",PCPA,0
YC.B.U2.EUR.4F.G_N_A.SV_C_YM.SR_5Y,B,U2,EUR,4F,G_N_A,SV_C_YM,SR_5Y,2021-10-07,-0.5584328434585326,A,F,,,P1D,,E,,,,,,,,,,,,,,,Technical notes are available at the following link: https://www.ecb.europa.eu/stats/financial_markets_and_interest_rates/euro_area_yield_curves/shared/pdf/technical_notes.pdf,,6,,,AAA yield curve - 5-year spot rate,"Euro area (changing composition) - Government bond, nominal, all issuers whose rating is triple A - Svensson model - continuous compounding - yield error minimisation - Yield curve spot rate, 5-year maturity",PCPA,0
YC.B.U2.EUR.4F.G_N_A.SV_C_YM.SR_5Y,B,U2,EUR,4F,G_N_A,SV_C_YM,SR_5Y,2021-10-08,-0.5370933813497132,A,F,,,P1D,,E,,,,,,,,,,,,,,,Technical notes are available at the following link: https://www.ecb.europa.eu/stats/financial_markets_and_interest_rates/euro_area_yield_curves/shared/pdf/technical_notes.pdf,,6,,,AAA yield curve - 5-year spot rate,"Euro area (changing composition) - Government bond, nominal, all issuers whose rating is triple A - Svensson model - continuous compounding - yield error minimisation - Yield curve spot rate, 5-year maturity",PCPA,0
YC.B.U2.EUR.4F.G_N_A.SV_C_YM.SR_5Y,B,U2,EUR,4F,G_N_A,SV_C_YM,SR_5Y,2021-10-11,-0.5071961584800277,A,F,,,P1D,,E,,,,,,,,,,,,,,,Technical notes are available at the following link: https://www.ecb.europa.eu/stats/financial_markets_and_interest_rates/euro_area_yield_curves/shared/pdf/technical_notes.pdf,,6,,,AAA yield curve - 5-year spot rate,"Euro area (changing composition) - Government bond, nominal, all issuers whose rating is triple A - Svensson model - continuous compounding - yield error minimisation - Yield curve spot rate, 5-year maturity",PCPA,0
YC.B.U2.EUR.4F.G_N_A.SV_C_YM.SR_5Y,B,U2,EUR,4F,G_N_A,SV_C_YM,SR_5Y,2021-10-12,-0.4875072301529917,A,F,,,P1D,,E,,,,,,,,,,,,,,,Technical notes are available at the following link: https://www.ecb.europa.eu/stats/financial_markets_and_interest_rates/euro_area_yield_curves/shared/pdf/technical_notes.pdf,,6,,,AAA yield curve - 5-year spot rate,"Euro area (changing composition) - Government bond, nominal, all issuers whose rating is triple A - Svensson model - continuous compounding - yield error minimisation - Yield curve spot rate, 5-year maturity",PCPA,0
YC.B.U2.EUR.4F.G_N_A.SV_C_YM.SR_5Y,B,U2,EUR,4F,G_N_A,SV_C_YM,SR_5Y,2021-10-13,-0.4940246968995252,A,F,,,P1D,,E,,,,,,,,,,,,,,,Technical notes are available at the following link: https://www.ecb.europa.eu/stats/financial_markets_and_interest_rates/euro_area_yield_curves/shared/pdf/technical_notes.pdf,,6,,,AAA yield curve - 5-year spot rate,"Euro area (changing composition) - Government bond, nominal, all issuers whose rating is triple A - Svensson model - continuous compounding - yield error minimisation - Yield curve spot rate, 5-year maturity",PCPA,0
YC.B.U2.EUR.4F.G_N_A.SV_C_YM.SR_5Y,B,U2,EUR,4F,G_N_A,SV_C_YM,SR_5Y,2021-10-14,-0.5278427685802933,A,F,,,P1D,,E,,,,,,,,,,,,,,,Technical notes are available at the following link: https://www.ecb.europa.eu/stats/financial_markets_and_interest_rates/euro_area_yield_curves/shared/pdf/technical_notes.pdf,,6,,,AAA yield curve - 5-year spot rate,"Euro area (changing composition) - Government bond, nominal, all issuers whose rating is triple A - Svensson model - continuous compounding - yield error minimisation - Yield curve spot rate, 5-year maturity",PCPA,0
YC.B.U2.EUR.4F.G_N_A.SV_C_YM.SR_5Y,B,U2,EUR,4F,G_N_A,SV_C_YM,SR_5Y,2021-10-15,-0.5094996503605831,A,F,,,P1D,,E,,,,,,,,,,,,,,,Technical notes are available at the following link: https://www.ecb.europa.eu/stats/financial_markets_and_interest_rates/euro_area_yield_curves/shared/pdf/technical_notes.pdf,,6,,,AAA yield curve - 5-year spot rate,"Euro area (changing composition) - Government bond, nominal, all issuers whose rating is triple A - Svensson model - continuous compounding - yield error minimisation - Yield curve spot rate, 5-year maturity",PCPA,0
YC.B.U2.EUR.4F.G_N_A.SV_C_YM.SR_5Y,B,U2,EUR,4F,G_N_A,SV_C_YM,SR_5Y,2021-10-18,-0.47329559291726264,A,F,,,P1D,,E,,,,,,,,,,,,,,,Technical notes are available at the following link: https://www.ecb.europa.eu/stats/financial_markets_and_interest_rates/euro_area_yield_curves/shared/pdf/technical_notes.pdf,,6,,,AAA yield curve - 5-year spot rate,"Euro area (changing composition) - Government bond, nominal, all issuers whose rating is triple A - Svensson model - continuous compounding - yield error minimisation - Yield curve spot rate, 5-year maturity",PCPA,0
YC.B.U2.EUR.4F.G_N_A.SV_C_YM.SR_5Y,B,U2,EUR,4F,G_N_A,SV_C_YM,SR_5Y,2021-10-19,-0.4245418498041351,A,F,,,P1D,,E,,,,,,,,,,,,,,,Technical notes are available at the following link: https://www.ecb.europa.eu/stats/financial_markets_and_interest_rates/euro_area_yield_curves/shared/pdf/technical_notes.pdf,,6,,,AAA yield curve - 5-year spot rate,"Euro area (changing composition) - Government bond, nominal, all issuers whose rating is triple A - Svensson model - continuous compounding - yield error minimisation - Yield curve spot rate, 5-year maturity",PCPA,0
YC.B.U2.EUR.4F.G_N_A.SV_C_YM.SR_5Y,B,U2,EUR,4F,G_N_A,SV_C_YM,SR_5Y,2021-10-20,-0.4691383880154065,A,F,,,P1D,,E,,,,,,,,,,,,,,,Technical notes are available at the following link: https://www.ecb.europa.eu/stats/financial_markets_and_interest_rates/euro_area_yield_curves/shared/pdf/technical_notes.pdf,,6,,,AAA yield curve - 5-year spot rate,"Euro area (changing composition) - Government bond, nominal, all issuers whose rating is triple A - Svensson model - continuous compounding - yield error minimisation - Yield curve spot rate, 5-year maturity",PCPA,0
YC.B.U2.EUR.4F.G_N_A.SV_C_YM.SR_5Y,B,U2,EUR,4F,G_N_A,SV_C_YM,SR_5Y,2021-10-21,-0.43599404755322,A,F,,,P1D,,E,,,,,,,,,,,,,,,Technical notes are available at the following link: https://www.ecb.europa.eu/stats/financial_markets_and_interest_rates/euro_area_yield_curves/shared/pdf/technical_notes.pdf,,6,,,AAA yield curve - 5-year spot rate,"Euro area (changing composition) - Government bond, nominal, all issuers whose rating is triple A - Svensson model - continuous compounding - yield error minimisation - Yield curve spot rate, 5-year maturity",PCPA,0
YC.B.U2.EUR.4F.G_N_A.SV_C_YM.SR_5Y,B,U2,EUR,4F,G_N_A,SV_C_YM,SR_5Y,2021-10-22,-0.42355821403841576,A,F,,,P1D,,E,,,,,,,,,,,,,,,Technical notes are available at the following link: https://www.ecb.europa.eu/stats/financial_markets_and_interest_rates/euro_area_yield_curves/shared/pdf/technical_notes.pdf,,6,,,AAA yield curve - 5-year spot rate,"Euro area (changing composition) - Government bond, nominal, all issuers whose rating is triple A - Svensson model - continuous compounding - yield error minimisation - Yield curve spot rate, 5-year maturity",PCPA,0
YC.B.U2.EUR.4F.G_N_A.SV_C_YM.SR_5Y,B,U2,EUR,4F,G_N_A,SV_C_YM,SR_5Y,2021-10-25,-0.4507901247073649,A,F,,,P1D,,E,,,,,,,,,,,,,,,Technical notes are available at the following link: https://www.ecb.europa.eu/stats/financial_markets_and_interest_rates/euro_area_yield_curves/shared/pdf/technical_notes.pdf,,6,,,AAA yield curve - 5-year spot rate,"Euro area (changing composition) - Government bond, nominal, all issuers whose rating is triple A - Svensson model - continuous compounding - yield error minimisation - Yield curve spot rate, 5-year maturity",PCPA,0
YC.B.U2.EUR.4F.G_N_A.SV_C_YM.SR_5Y,B,U2,EUR,4F,G_N_A,SV_C_YM,SR_5Y,2021-10-26,-0.457959822132497,A,F,,,P1D,,E,,,,,,,,,,,,,,,Technical notes are available at the following link: https://www.ecb.europa.eu/stats/financial_markets_and_interest_rates/euro_area_yield_curves/shared/pdf/technical_notes.pdf,,6,,,AAA yield curve - 5-year spot rate,"Euro area (changing composition) - Government bond, nominal, all issuers whose rating is triple A - Svensson model - continuous compounding - yield error minimisation - Yield curve spot rate, 5-year maturity",PCPA,0
YC.B.U2.EUR.4F.G_N_A.SV_C_YM.SR_5Y,B,U2,EUR,4F,G_N_A,SV_C_YM,SR_5Y,2021-10-27,-0.4812738719003078,A,F,,,P1D,,E,,,,,,,,,,,,,,,Technical notes are available at the following link: https://www.ecb.europa.eu/stats/financial_markets_and_interest_rates/euro_area_yield_curves/shared/pdf/technical_notes.pdf,,6,,,AAA yield curve - 5-year spot rate,"Euro area (changing composition) - Government bond, nominal, all issuers whose rating is triple A - Svensson model - continuous compounding - yield error minimisation - Yield curve spot rate, 5-year maturity",PCPA,0
YC.B.U2.EUR.4F.G_N_A.SV_C_YM.SR_5Y,B,U2,EUR,4F,G_N_A,SV_C_YM,SR_5Y,2021-10-28,-0.4420405133852481,A,F,,,P1D,,E,,,,,,,,,,,,,,,Technical notes are available at the following link: https://www.ecb.europa.eu/stats/financial_markets_and_interest_rates/euro_area_yield_curves/shared/pdf/technical_notes.pdf,,6,,,AAA yield curve - 5-year spot rate,"Euro area (changing composition) - Government bond, nominal, all issuers whose rating is triple A - Svensson model - continuous compounding - yield error minimisation - Yield curve spot rate, 5-year maturity",PCPA,0
YC.B.U2.EUR.4F.G_N_A.SV_C_YM.SR_5Y,B,U2,EUR,4F,G_N_A,SV_C_YM,SR_5Y,2021-10-29,-0.3698950549711837,A,F,,,P1D,,E,,,,,,,,,,,,,,,Technical notes are available at the following link: https://www.ecb.europa.eu/stats/financial_markets_and_interest_rates/euro_area_yield_curves/shared/pdf/technical_notes.pdf,,6,,,AAA yield curve - 5-year spot rate,"Euro area (changing composition) - Government bond, nominal, all issuers whose rating is triple A - Svensson model - continuous compounding - yield error minimisation - Yield curve spot rate, 5-year maturity",PCPA,0
YC.B.U2.EUR.4F.G_N_A.SV_C_YM.SR_5Y,B,U2,EUR,4F,G_N_A,SV_C_YM,SR_5Y,2021-11-01,-0.38707037777835307,A,F,,,P1D,,E,,,,,,,,,,,,,,,Technical notes are available at the following link: https://www.ecb.europa.eu/stats/financial_markets_and_interest_rates/euro_area_yield_curves/shared/pdf/technical_notes.pdf,,6,,,AAA yield curve - 5-year spot rate,"Euro area (changing composition) - Government bond, nominal, all issuers whose rating is triple A - Svensson model - continuous compounding - yield error minimisation - Yield curve spot rate, 5-year maturity",PCPA,0
YC.B.U2.EUR.4F.G_N_A.SV_C_YM.SR_5Y,B,U2,EUR,4F,G_N_A,SV_C_YM,SR_5Y,2021-11-02,-0.47492649057995573,A,F,,,P1D,,E,,,,,,,,,,,,,,,Technical notes are available at the following link: https://www.ecb.europa.eu/stats/financial_markets_and_interest_rates/euro_area_yield_curves/shared/pdf/technical_notes.pdf,,6,,,AAA yield curve - 5-year spot rate,"Euro area (changing composition) - Government bond, nominal, all issuers whose rating is triple A - Svensson model - continuous compounding - yield error minimisation - Yield curve spot rate, 5-year maturity",PCPA,0
YC.B.U2.EUR.4F.G_N_A.SV_C_YM.SR_5Y,B,U2,EUR,4F,G_N_A,SV_C_YM,SR_5Y,2021-11-03,-0.4675927212156328,A,F,,,P1D,,E,,,,,,,,,,,,,,,Technical notes are available at the following link: https://www.ecb.europa.eu/stats/financial_markets_and_interest_rates/euro_area_yield_curves/shared/pdf/technical_notes.pdf,,6,,,AAA yield curve - 5-year spot rate,"Euro area (changing composition) - Government bond, nominal, all issuers whose rating is triple A - Svensson model - continuous compounding - yield error minimisation - Yield curve spot rate, 5-year maturity",PCPA,0
YC.B.U2.EUR.4F.G_N_A.SV_C_YM.SR_5Y,B,U2,EUR,4F,G_N_A,SV_C_YM,SR_5Y,2021-11-04,-0.5586075868302558,A,F,,,P1D,,E,,,,,,,,,,,,,,,Technical notes are available at the following link: https://www.ecb.europa.eu/stats/financial_markets_and_interest_rates/euro_area_yield_curves/shared/pdf/technical_notes.pdf,,6,,,AAA yield curve - 5-year spot rate,"Euro area (changing composition) - Government bond, nominal, all issuers whose rating is triple A - Svensson model - continuous compounding - yield error minimisation - Yield curve spot rate, 5-year maturity",PCPA,0
YC.B.U2.EUR.4F.G_N_A.SV_C_YM.SR_5Y,B,U2,EUR,4F,G_N_A,SV_C_YM,SR_5Y,2021-11-05,-0.5864861567703654,A,F,,,P1D,,E,,,,,,,,,,,,,,,Technical notes are available at the following link: https://www.ecb.europa.eu/stats/financial_markets_and_interest_rates/euro_area_yield_curves/shared/pdf/technical_notes.pdf,,6,,,AAA yield curve - 5-year spot rate,"Euro area (changing composition) - Government bond, nominal, all issuers whose rating is triple A - Svensson model - continuous compounding - yield error minimisation - Yield curve spot rate, 5-year maturity",PCPA,0
YC.B.U2.EUR.4F.G_N_A.SV_C_YM.SR_5Y,B,U2,EUR,4F,G_N_A,SV_C_YM,SR_5Y,2021-11-08,-0.5888782392740195,A,F,,,P1D,,E,,,,,,,,,,,,,,,Technical notes are available at the following link: https://www.ecb.europa.eu/stats/financial_markets_and_interest_rates/euro_area_yield_curves/shared/pdf/technical_notes.pdf,,6,,,AAA yield curve - 5-year spot rate,"Euro area (changing composition) - Government bond, nominal, all issuers whose rating is triple A - Svensson model - continuous compounding - yield error minimisation - Yield curve spot rate, 5-year maturity",PCPA,0
YC.B.U2.EUR.4F.G_N_A.SV_C_YM.SR_5Y,B,U2,EUR,4F,G_N_A,SV_C_YM,SR_5Y,2021-11-09,-0.5959794289618627,A,F,,,P1D,,E,,,,,,,,,,,,,,,Technical notes are available at the following link: https://www.ecb.europa.eu/stats/financial_markets_and_interest_rates/euro_area_yield_curves/shared/pdf/technical_notes.pdf,,6,,,AAA yield curve - 5-year spot rate,"Euro area (changing composition) - Government bond, nominal, all issuers whose rating is triple A - Svensson model - continuous compounding - yield error minimisation - Yield curve spot rate, 5-year maturity",PCPA,0
YC.B.U2.EUR.4F.G_N_A.SV_C_YM.SR_5Y,B,U2,EUR,4F,G_N_A,SV_C_YM,SR_5Y,2021-11-10,-0.5655850403390517,A,F,,,P1D,,E,,,,,,,,,,,,,,,Technical notes are available at the following link: https://www.ecb.europa.eu/stats/financial_markets_and_interest_rates/euro_area_yield_curves/shared/pdf/technical_notes.pdf,,6,,,AAA yield curve - 5-year spot rate,"Euro area (changing composition) - Government bond, nominal, all issuers whose rating is triple A - Svensson model - continuous compounding - yield error minimisation - Yield curve spot rate, 5-year maturity",PCPA,0
YC.B.U2.EUR.4F.G_N_A.SV_C_YM.SR_5Y,B,U2,EUR,4F,G_N_A,SV_C_YM,SR_5Y,2021-11-11,-0.5319147501537858,A,F,,,P1D,,E,,,,,,,,,,,,,,,Technical notes are available at the following link: https://www.ecb.europa.eu/stats/financial_markets_and_interest_rates/euro_area_yield_curves/shared/pdf/technical_notes.pdf,,6,,,AAA yield curve - 5-year spot rate,"Euro area (changing composition) - Government bond, nominal, all issuers whose rating is triple A - Svensson model - continuous compounding - yield error minimisation - Yield curve spot rate, 5-year maturity",PCPA,0
YC.B.U2.EUR.4F.G_N_A.SV_C_YM.SR_5Y,B,U2,EUR,4F,G_N_A,SV_C_YM,SR_5Y,2021-11-12,-0.5678558287114357,A,F,,,P1D,,E,,,,,,,,,,,,,,,Technical notes are available at the following link: https://www.ecb.europa.eu/stats/financial_markets_and_interest_rates/euro_area_yield_curves/shared/pdf/technical_notes.pdf,,6,,,AAA yield curve - 5-year spot rate,"Euro area (changing composition) - Government bond, nominal, all issuers whose rating is triple A - Svensson model - continuous compounding - yield error minimisation - Yield curve spot rate, 5-year maturity",PCPA,0
YC.B.U2.EUR.4F.G_N_A.SV_C_YM.SR_5Y,B,U2,EUR,4F,G_N_A,SV_C_YM,SR_5Y,2021-11-15,-0.5544884399572867,A,F,,,P1D,,E,,,,,,,,,,,,,,,Technical notes are available at the following link: https://www.ecb.europa.eu/stats/financial_markets_and_interest_rates/euro_area_yield_curves/shared/pdf/technical_notes.pdf,,6,,,AAA yield curve - 5-year spot rate,"Euro area (changing composition) - Government bond, nominal, all issuers whose rating is triple A - Svensson model - continuous compounding - yield error minimisation - Yield curve spot rate, 5-year maturity",PCPA,0
YC.B.U2.EUR.4F.G_N_A.SV_C_YM.SR_5Y,B,U2,EUR,4F,G_N_A,SV_C_YM,SR_5Y,2021-11-16,-0.5628768274818663,A,F,,,P1D,,E,,,,,,,,,,,,,,,Technical notes are available at the following link: https://www.ecb.europa.eu/stats/financial_markets_and_interest_rates/euro_area_yield_curves/shared/pdf/technical_notes.pdf,,6,,,AAA yield curve - 5-year spot rate,"Euro area (changing composition) - Government bond, nominal, all issuers whose rating is triple A - Svensson model - continuous compounding - yield error minimisation - Yield curve spot rate, 5-year maturity",PCPA,0
YC.B.U2.EUR.4F.G_N_A.SV_C_YM.SR_5Y,B,U2,EUR,4F,G_N_A,SV_C_YM,SR_5Y,2021-11-17,-0.5627415022679552,A,F,,,P1D,,E,,,,,,,,,,,,,,,Technical notes are available at the following link: https://www.ecb.europa.eu/stats/financial_markets_and_interest_rates/euro_area_yield_curves/shared/pdf/technical_notes.pdf,,6,,,AAA yield curve - 5-year spot rate,"Euro area (changing composition) - Government bond, nominal, all issuers whose rating is triple A - Svensson model - continuous compounding - yield error minimisation - Yield curve spot rate, 5-year maturity",PCPA,0
YC.B.U2.EUR.4F.G_N_A.SV_C_YM.SR_5Y,B,U2,EUR,4F,G_N_A,SV_C_YM,SR_5Y,2021-11-18,-0.5701254809143581,A,F,,,P1D,,E,,,,,,,,,,,,,,,Technical notes are available at the following link: https://www.ecb.europa.eu/stats/financial_markets_and_interest_rates/euro_area_yield_curves/shared/pdf/technical_notes.pdf,,6,,,AAA yield curve - 5-year spot rate,"Euro area (changing composition) - Government bond, nominal, all issuers whose rating is triple A - Svensson model - continuous compounding - yield error minimisation - Yield curve spot rate, 5-year maturity",PCPA,0
YC.B.U2.EUR.4F.G_N_A.SV_C_YM.SR_5Y,B,U2,EUR,4F,G_N_A,SV_C_YM,SR_5Y,2021-11-19,-0.6308064758327561,A,F,,,P1D,,E,,,,,,,,,,,,,,,Technical notes are available at the following link: https://www.ecb.europa.eu/stats/financial_markets_and_interest_rates/euro_area_yield_curves/shared/pdf/technical_notes.pdf,,6,,,AAA yield curve - 5-year spot rate,"Euro area (changing composition) - Government bond, nominal, all issuers whose rating is triple A - Svensson model - continuous compounding - yield error minimisation - Yield curve spot rate, 5-year maturity",PCPA,0
YC.B.U2.EUR.4F.G_N_A.SV_C_YM.SR_5Y,B,U2,EUR,4F,G_N_A,SV_C_YM,SR_5Y,2021-11-22,-0.6227495831208807,A,F,,,P1D,,E,,,,,,,,,,,,,,,Technical notes are available at the following link: https://www.ecb.europa.eu/stats/financial_markets_and_interest_rates/euro_area_yield_curves/shared/pdf/technical_notes.pdf,,6,,,AAA yield curve - 5-year spot rate,"Euro area (changing composition) - Government bond, nominal, all issuers whose rating is triple A - Svensson model - continuous compounding - yield error minimisation - Yield curve spot rate, 5-year maturity",PCPA,0
YC.B.U2.EUR.4F.G_N_A.SV_C_YM.SR_5Y,B,U2,EUR,4F,G_N_A,SV_C_YM,SR_5Y,2021-11-23,-0.5620291725122675,A,F,,,P1D,,E,,,,,,,,,,,,,,,Technical notes are available at the following link: https://www.ecb.europa.eu/stats/financial_markets_and_interest_rates/euro_area_yield_curves/shared/pdf/technical_notes.pdf,,6,,,AAA yield curve - 5-year spot rate,"Euro area (changing composition) - Government bond, nominal, all issuers whose rating is triple A - Svensson model - continuous compounding - yield error minimisation - Yield curve spot rate, 5-year maturity",PCPA,0
YC.B.U2.EUR.4F.G_N_A.SV_C_YM.SR_5Y,B,U2,EUR,4F,G_N_A,SV_C_YM,SR_5Y,2021-11-24,-0.5563042265262275,A,F,,,P1D,,E,,,,,,,,,,,,,,,Technical notes are available at the following link: https://www.ecb.europa.eu/stats/financial_markets_and_interest_rates/euro_area_yield_curves/shared/pdf/technical_notes.pdf,,6,,,AAA yield curve - 5-year spot rate,"Euro area (changing composition) - Government bond, nominal, all issuers whose rating is triple A - Svensson model - continuous compounding - yield error minimisation - Yield curve spot rate, 5-year maturity",PCPA,0
YC.B.U2.EUR.4F.G_N_A.SV_C_YM.SR_5Y,B,U2,EUR,4F,G_N_A,SV_C_YM,SR_5Y,2021-11-25,-0.5609858133304133,A,F,,,P1D,,E,,,,,,,,,,,,,,,Technical notes are available at the following link: https://www.ecb.europa.eu/stats/financial_markets_and_interest_rates/euro_area_yield_curves/shared/pdf/technical_notes.pdf,,6,,,AAA yield curve - 5-year spot rate,"Euro area (changing composition) - Government bond, nominal, all issuers whose rating is triple A - Svensson model - continuous compounding - yield error minimisation - Yield curve spot rate, 5-year maturity",PCPA,0
YC.B.U2.EUR.4F.G_N_A.SV_C_YM.SR_5Y,B,U2,EUR,4F,G_N_A,SV_C_YM,SR_5Y,2021-11-26,-0.6269821125836033,A,F,,,P1D,,E,,,,,,,,,,,,,,,Technical notes are available at the following link: https://www.ecb.europa.eu/stats/financial_markets_and_interest_rates/euro_area_yield_curves/shared/pdf/technical_notes.pdf,,6,,,AAA yield curve - 5-year spot rate,"Euro area (changing composition) - Government bond, nominal, all issuers whose rating is triple A - Svensson model - continuous compounding - yield error minimisation - Yield curve spot rate, 5-year maturity",PCPA,0
YC.B.U2.EUR.4F.G_N_A.SV_C_YM.SR_5Y,B,U2,EUR,4F,G_N_A,SV_C_YM,SR_5Y,2021-11-29,-0.6001410159855318,A,F,,,P1D,,E,,,,,,,,,,,,,,,Technical notes are available at the following link: https://www.ecb.europa.eu/stats/financial_markets_and_interest_rates/euro_area_yield_curves/shared/pdf/technical_notes.pdf,,6,,,AAA yield curve - 5-year spot rate,"Euro area (changing composition) - Government bond, nominal, all issuers whose rating is triple A - Svensson model - continuous compounding - yield error minimisation - Yield curve spot rate, 5-year maturity",PCPA,0
YC.B.U2.EUR.4F.G_N_A.SV_C_YM.SR_5Y,B,U2,EUR,4F,G_N_A,SV_C_YM,SR_5Y,2021-11-30,-0.6371053250208285,A,F,,,P1D,,E,,,,,,,,,,,,,,,Technical notes are available at the following link: https://www.ecb.europa.eu/stats/financial_markets_and_interest_rates/euro_area_yield_curves/shared/pdf/technical_notes.pdf,,6,,,AAA yield curve - 5-year spot rate,"Euro area (changing composition) - Government bond, nominal, all issuers whose rating is triple A - Svensson model - continuous compounding - yield error minimisation - Yield curve spot rate, 5-year maturity",PCPA,0
YC.B.U2.EUR.4F.G_N_A.SV_C_YM.SR_5Y,B,U2,EUR,4F,G_N_A,SV_C_YM,SR_5Y,2021-12-01,-0.5804853158530765,A,F,,,P1D,,E,,,,,,,,,,,,,,,Technical notes are available at the following link: https://www.ecb.europa.eu/stats/financial_markets_and_interest_rates/euro_area_yield_curves/shared/pdf/technical_notes.pdf,,6,,,AAA yield curve - 5-year spot rate,"Euro area (changing composition) - Government bond, nominal, all issuers whose rating is triple A - Svensson model - continuous compounding - yield error minimisation - Yield curve spot rate, 5-year maturity",PCPA,0
YC.B.U2.EUR.4F.G_N_A.SV_C_YM.SR_5Y,B,U2,EUR,4F,G_N_A,SV_C_YM,SR_5Y,2021-12-02,-0.6246481120388525,A,F,,,P1D,,E,,,,,,,,,,,,,,,Technical notes are available at the following link: https://www.ecb.europa.eu/stats/financial_markets_and_interest_rates/euro_area_yield_curves/shared/pdf/technical_notes.pdf,,6,,,AAA yield curve - 5-year spot rate,"Euro area (changing composition) - Government bond, nominal, all issuers whose rating is triple A - Svensson model - continuous compounding - yield error minimisation - Yield curve spot rate, 5-year maturity",PCPA,0
YC.B.U2.EUR.4F.G_N_A.SV_C_YM.SR_5Y,B,U2,EUR,4F,G_N_A,SV_C_YM,SR_5Y,2021-12-03,-0.6063020995734676,A,F,,,P1D,,E,,,,,,,,,,,,,,,Technical notes are available at the following link: https://www.ecb.europa.eu/stats/financial_markets_and_interest_rates/euro_area_yield_curves/shared/pdf/technical_notes.pdf,,6,,,AAA yield curve - 5-year spot rate,"Euro area (changing composition) - Government bond, nominal, all issuers whose rating is triple A - Svensson model - continuous compounding - yield error minimisation - Yield curve spot rate, 5-year maturity",PCPA,0
YC.B.U2.EUR.4F.G_N_A.SV_C_YM.SR_5Y,B,U2,EUR,4F,G_N_A,SV_C_YM,SR_5Y,2021-12-06,-0.6282757654018574,A,F,,,P1D,,E,,,,,,,,,,,,,,,Technical notes are available at the following link: https://www.ecb.europa.eu/stats/financial_markets_and_interest_rates/euro_area_yield_curves/shared/pdf/technical_notes.pdf,,6,,,AAA yield curve - 5-year spot rate,"Euro area (changing composition) - Government bond, nominal, all issuers whose rating is triple A - Svensson model - continuous compounding - yield error minimisation - Yield curve spot rate, 5-year maturity",PCPA,0
YC.B.U2.EUR.4F.G_N_A.SV_C_YM.SR_5Y,B,U2,EUR,4F,G_N_A,SV_C_YM,SR_5Y,2021-12-07,-0.6000645267704119,A,F,,,P1D,,E,,,,,,,,,,,,,,,Technical notes are available at the following link: https://www.ecb.europa.eu/stats/financial_markets_and_interest_rates/euro_area_yield_curves/shared/pdf/technical_notes.pdf,,6,,,AAA yield curve - 5-year spot rate,"Euro area (changing composition) - Government bond, nominal, all issuers whose rating is triple A - Svensson model - continuous compounding - yield error minimisation - Yield curve spot rate, 5-year maturity",PCPA,0
YC.B.U2.EUR.4F.G_N_A.SV_C_YM.SR_5Y,B,U2,EUR,4F,G_N_A,SV_C_YM,SR_5Y,2021-12-08,-0.558806639917814,A,F,,,P1D,,E,,,,,,,,,,,,,,,Technical notes are available at the following link: https://www.ecb.europa.eu/stats/financial_markets_and_interest_rates/euro_area_yield_curves/shared/pdf/technical_notes.pdf,,6,,,AAA yield curve - 5-year spot rate,"Euro area (changing composition) - Government bond, nominal, all issuers whose rating is triple A - Svensson model - continuous compounding - yield error minimisation - Yield curve spot rate, 5-year maturity",PCPA,0
YC.B.U2.EUR.4F.G_N_A.SV_C_YM.SR_5Y,B,U2,EUR,4F,G_N_A,SV_C_YM,SR_5Y,2021-12-09,-0.5996091799506846,A,F,,,P1D,,E,,,,,,,,,,,,,,,Technical notes are available at the following link: https://www.ecb.europa.eu/stats/financial_markets_and_interest_rates/euro_area_yield_curves/shared/pdf/technical_notes.pdf,,6,,,AAA yield curve - 5-year spot rate,"Euro area (changing composition) - Government bond, nominal, all issuers whose rating is triple A - Svensson model - continuous compounding - yield error minimisation - Yield curve spot rate, 5-year maturity",PCPA,0
YC.B.U2.EUR.4F.G_N_A.SV_C_YM.SR_5Y,B,U2,EUR,4F,G_N_A,SV_C_YM,SR_5Y,2021-12-10,-0.5911437174222165,A,F,,,P1D,,E,,,,,,,,,,,,,,,Technical notes are available at the following link: https://www.ecb.europa.eu/stats/financial_markets_and_interest_rates/euro_area_yield_curves/shared/pdf/technical_notes.pdf,,6,,,AAA yield curve - 5-year spot rate,"Euro area (changing composition) - Government bond, nominal, all issuers whose rating is triple A - Svensson model - continuous compounding - yield error minimisation - Yield curve spot rate, 5-year maturity",PCPA,0
YC.B.U2.EUR.4F.G_N_A.SV_C_YM.SR_5Y,B,U2,EUR,4F,G_N_A,SV_C_YM,SR_5Y,2021-12-13,-0.6057080408011912,A,F,,,P1D,,E,,,,,,,,,,,,,,,Technical notes are available at the following link: https://www.ecb.europa.eu/stats/financial_markets_and_interest_rates/euro_area_yield_curves/shared/pdf/technical_notes.pdf,,6,,,AAA yield curve - 5-year spot rate,"Euro area (changing composition) - Government bond, nominal, all issuers whose rating is triple A - Svensson model - continuous compounding - yield error minimisation - Yield curve spot rate, 5-year maturity",PCPA,0
YC.B.U2.EUR.4F.G_N_A.SV_C_YM.SR_5Y,B,U2,EUR,4F,G_N_A,SV_C_YM,SR_5Y,2021-12-15,-0.5913151899230753,A,F,,,P1D,,E,,,,,,,,,,,,,,,Technical notes are available at the following link: https://www.ecb.europa.eu/stats/financial_markets_and_interest_rates/euro_area_yield_curves/shared/pdf/technical_notes.pdf,,6,,,AAA yield curve - 5-year spot rate,"Euro area (changing composition) - Government bond, nominal, all issuers whose rating is triple A - Svensson model - continuous compounding - yield error minimisation - Yield curve spot rate, 5-year maturity",PCPA,0
YC.B.U2.EUR.4F.G_N_A.SV_C_YM.SR_5Y,B,U2,EUR,4F,G_N_A,SV_C_YM,SR_5Y,2021-12-16,-0.5949178163552657,A,F,,,P1D,,E,,,,,,,,,,,,,,,Technical notes are available at the following link: https://www.ecb.europa.eu/stats/financial_markets_and_interest_rates/euro_area_yield_curves/shared/pdf/technical_notes.pdf,,6,,,AAA yield curve - 5-year spot rate,"Euro area (changing composition) - Government bond, nominal, all issuers whose rating is triple A - Svensson model - continuous compounding - yield error minimisation - Yield curve spot rate, 5-year maturity",PCPA,0
YC.B.U2.EUR.4F.G_N_A.SV_C_YM.SR_5Y,B,U2,EUR,4F,G_N_A,SV_C_YM,SR_5Y,2021-12-17,-0.6187716733188431,A,F,,,P1D,,E,,,,,,,,,,,,,,,Technical notes are available at the following link: https://www.ecb.europa.eu/stats/financial_markets_and_interest_rates/euro_area_yield_curves/shared/pdf/technical_notes.pdf,,6,,,AAA yield curve - 5-year spot rate,"Euro area (changing composition) - Government bond, nominal, all issuers whose rating is triple A - Svensson model - continuous compounding - yield error minimisation - Yield curve spot rate, 5-year maturity",PCPA,0
YC.B.U2.EUR.4F.G_N_A.SV_C_YM.SR_5Y,B,U2,EUR,4F,G_N_A,SV_C_YM,SR_5Y,2021-12-20,-0.6218385127825417,A,F,,,P1D,,E,,,,,,,,,,,,,,,Technical notes are available at the following link: https://www.ecb.europa.eu/stats/financial_markets_and_interest_rates/euro_area_yield_curves/shared/pdf/technical_notes.pdf,,6,,,AAA yield curve - 5-year spot rate,"Euro area (changing composition) - Government bond, nominal, all issuers whose rating is triple A - Svensson model - continuous compounding - yield error minimisation - Yield curve spot rate, 5-year maturity",PCPA,0
YC.B.U2.EUR.4F.G_N_A.SV_C_YM.SR_5Y,B,U2,EUR,4F,G_N_A,SV_C_YM,SR_5Y,2021-12-21,-0.5847549909855392,A,F,,,P1D,,E,,,,,,,,,,,,,,,Technical notes are available at the following link: https://www.ecb.europa.eu/stats/financial_markets_and_interest_rates/euro_area_yield_curves/shared/pdf/technical_notes.pdf,,6,,,AAA yield curve - 5-year spot rate,"Euro area (changing composition) - Government bond, nominal, all issuers whose rating is triple A - Svensson model - continuous compounding - yield error minimisation - Yield curve spot rate, 5-year maturity",PCPA,0
YC.B.U2.EUR.4F.G_N_A.SV_C_YM.SR_5Y,B,U2,EUR,4F,G_N_A,SV_C_YM,SR_5Y,2021-12-22,-0.5493016815478784,A,F,,,P1D,,E,,,,,,,,,,,,,,,Technical notes are available at the following link: https://www.ecb.europa.eu/stats/financial_markets_and_interest_rates/euro_area_yield_curves/shared/pdf/technical_notes.pdf,,6,,,AAA yield curve - 5-year spot rate,"Euro area (changing composition) - Government bond, nominal, all issuers whose rating is triple A - Svensson model - continuous compounding - yield error minimisation - Yield curve spot rate, 5-year maturity",PCPA,0
YC.B.U2.EUR.4F.G_N_A.SV_C_YM.SR_5Y,B,U2,EUR,4F,G_N_A,SV_C_YM,SR_5Y,2021-12-23,-0.5272855629825544,A,F,,,P1D,,E,,,,,,,,,,,,,,,Technical notes are available at the following link: https://www.ecb.europa.eu/stats/financial_markets_and_interest_rates/euro_area_yield_curves/shared/pdf/technical_notes.pdf,,6,,,AAA yield curve - 5-year spot rate,"Euro area (changing composition) - Government bond, nominal, all issuers whose rating is triple A - Svensson model - continuous compounding - yield error minimisation - Yield curve spot rate, 5-year maturity",PCPA,0
YC.B.U2.EUR.4F.G_N_A.SV_C_YM.SR_5Y,B,U2,EUR,4F,G_N_A,SV_C_YM,SR_5Y,2021-12-24,-0.5278986768285838,A,F,,,P1D,,E,,,,,,,,,,,,,,,Technical notes are available at the following link: https://www.ecb.europa.eu/stats/financial_markets_and_interest_rates/euro_area_yield_curves/shared/pdf/technical_notes.pdf,,6,,,AAA yield curve - 5-year spot rate,"Euro area (changing composition) - Government bond, nominal, all issuers whose rating is triple A - Svensson model - continuous compounding - yield error minimisation - Yield curve spot rate, 5-year maturity",PCPA,0
YC.B.U2.EUR.4F.G_N_A.SV_C_YM.SR_5Y,B,U2,EUR,4F,G_N_A,SV_C_YM,SR_5Y,2021-12-27,-0.5159992371644813,A,F,,,P1D,,E,,,,,,,,,,,,,,,Technical notes are available at the following link: https://www.ecb.europa.eu/stats/financial_markets_and_interest_rates/euro_area_yield_curves/shared/pdf/technical_notes.pdf,,6,,,AAA yield curve - 5-year spot rate,"Euro area (changing composition) - Government bond, nominal, all issuers whose rating is triple A - Svensson model - continuous compounding - yield error minimisation - Yield curve spot rate, 5-year maturity",PCPA,0
YC.B.U2.EUR.4F.G_N_A.SV_C_YM.SR_5Y,B,U2,EUR,4F,G_N_A,SV_C_YM,SR_5Y,2021-12-28,-0.5130039671137934,A,F,,,P1D,,E,,,,,,,,,,,,,,,Technical notes are available at the following link: https://www.ecb.europa.eu/stats/financial_markets_and_interest_rates/euro_area_yield_curves/shared/pdf/technical_notes.pdf,,6,,,AAA yield curve - 5-year spot rate,"Euro area (changing composition) - Government bond, nominal, all issuers whose rating is triple A - Svensson model - continuous compounding - yield error minimisation - Yield curve spot rate, 5-year maturity",PCPA,0
YC.B.U2.EUR.4F.G_N_A.SV_C_YM.SR_5Y,B,U2,EUR,4F,G_N_A,SV_C_YM,SR_5Y,2021-12-29,-0.4932063942061733,A,F,,,P1D,,E,,,,,,,,,,,,,,,Technical notes are available at the following link: https://www.ecb.europa.eu/stats/financial_markets_and_interest_rates/euro_area_yield_curves/shared/pdf/technical_notes.pdf,,6,,,AAA yield curve - 5-year spot rate,"Euro area (changing composition) - Government bond, nominal, all issuers whose rating is triple A - Svensson model - continuous compounding - yield error minimisation - Yield curve spot rate, 5-year maturity",PCPA,0
YC.B.U2.EUR.4F.G_N_A.SV_C_YM.SR_5Y,B,U2,EUR,4F,G_N_A,SV_C_YM,SR_5Y,2021-12-30,-0.4774686150634184,A,F,,,P1D,,E,,,,,,,,,,,,,,,Technical notes are available at the following link: https://www.ecb.europa.eu/stats/financial_markets_and_interest_rates/euro_area_yield_curves/shared/pdf/technical_notes.pdf,,6,,,AAA yield curve - 5-year spot rate,"Euro area (changing composition) - Government bond, nominal, all issuers whose rating is triple A - Svensson model - continuous compounding - yield error minimisation - Yield curve spot rate, 5-year maturity",PCPA,0
YC.B.U2.EUR.4F.G_N_A.SV_C_YM.SR_5Y,B,U2,EUR,4F,G_N_A,SV_C_YM,SR_5Y,2021-12-31,-0.4786520642486902,A,F,,,P1D,,E,,,,,,,,,,,,,,,Technical notes are available at the following link: https://www.ecb.europa.eu/stats/financial_markets_and_interest_rates/euro_area_yield_curves/shared/pdf/technical_notes.pdf,,6,,,AAA yield curve - 5-year spot rate,"Euro area (changing composition) - Government bond, nominal, all issuers whose rating is triple A - Svensson model - continuous compounding - yield error minimisation - Yield curve spot rate, 5-year maturity",PCPA,0
YC.B.U2.EUR.4F.G_N_A.SV_C_YM.SR_5Y,B,U2,EUR,4F,G_N_A,SV_C_YM,SR_5Y,2022-01-03,-0.4370044789930754,A,F,,,P1D,,E,,,,,,,,,,,,,,,Technical notes are available at the following link: https://www.ecb.europa.eu/stats/financial_markets_and_interest_rates/euro_area_yield_curves/shared/pdf/technical_notes.pdf,,6,,,AAA yield curve - 5-year spot rate,"Euro area (changing composition) - Government bond, nominal, all issuers whose rating is triple A - Svensson model - continuous compounding - yield error minimisation - Yield curve spot rate, 5-year maturity",PCPA,0
YC.B.U2.EUR.4F.G_N_A.SV_C_YM.SR_5Y,B,U2,EUR,4F,G_N_A,SV_C_YM,SR_5Y,2022-01-04,-0.4334981588650719,A,F,,,P1D,,E,,,,,,,,,,,,,,,Technical notes are available at the following link: https://www.ecb.europa.eu/stats/financial_markets_and_interest_rates/euro_area_yield_curves/shared/pdf/technical_notes.pdf,,6,,,AAA yield curve - 5-year spot rate,"Euro area (changing composition) - Government bond, nominal, all issuers whose rating is triple A - Svensson model - continuous compounding - yield error minimisation - Yield curve spot rate, 5-year maturity",PCPA,0
YC.B.U2.EUR.4F.G_N_A.SV_C_YM.SR_5Y,B,U2,EUR,4F,G_N_A,SV_C_YM,SR_5Y,2022-01-05,-0.4219179909026485,A,F,,,P1D,,E,,,,,,,,,,,,,,,Technical notes are available at the following link: https://www.ecb.europa.eu/stats/financial_markets_and_interest_rates/euro_area_yield_curves/shared/pdf/technical_notes.pdf,,6,,,AAA yield curve - 5-year spot rate,"Euro area (changing composition) - Government bond, nominal, all issuers whose rating is triple A - Svensson model - continuous compounding - yield error minimisation - Yield curve spot rate, 5-year maturity",PCPA,0
YC.B.U2.EUR.4F.G_N_A.SV_C_YM.SR_5Y,B,U2,EUR,4F,G_N_A,SV_C_YM,SR_5Y,2022-01-06,-0.3981812753344758,A,F,,,P1D,,E,,,,,,,,,,,,,,,Technical notes are available at the following link: https://www.ecb.europa.eu/stats/financial_markets_and_interest_rates/euro_area_yield_curves/shared/pdf/technical_notes.pdf,,6,,,AAA yield curve - 5-year spot rate,"Euro area (changing composition) - Government bond, nominal, all issuers whose rating is triple A - Svensson model - continuous compounding - yield error minimisation - Yield curve spot rate, 5-year maturity",PCPA,0
YC.B.U2.EUR.4F.G_N_A.SV_C_YM.SR_5Y,B,U2,EUR,4F,G_N_A,SV_C_YM,SR_5Y,2022-01-07,-0.3821476594087061,A,F,,,P1D,,E,,,,,,,,,,,,,,,Technical notes are available at the following link: https://www.ecb.europa.eu/stats/financial_markets_and_interest_rates/euro_area_yield_curves/shared/pdf/technical_notes.pdf,,6,,,AAA yield curve - 5-year spot rate,"Euro area (changing composition) - Government bond, nominal, all issuers whose rating is triple A - Svensson model - continuous compounding - yield error minimisation - Yield curve spot rate, 5-year maturity",PCPA,0
YC.B.U2.EUR.4F.G_N_A.SV_C_YM.SR_5Y,B,U2,EUR,4F,G_N_A,SV_C_YM,SR_5Y,2022-01-10,-0.36179024476800814,A,F,,,P1D,,E,,,,,,,,,,,,,,,Technical notes are available at the following link: https://www.ecb.europa.eu/stats/financial_markets_and_interest_rates/euro_area_yield_curves/shared/pdf/technical_notes.pdf,,6,,,AAA yield curve - 5-year spot rate,"Euro area (changing composition) - Government bond, nominal, all issuers whose rating is triple A - Svensson model - continuous compounding - yield error minimisation - Yield curve spot rate, 5-year maturity",PCPA,0
YC.B.U2.EUR.4F.G_N_A.SV_C_YM.SR_5Y,B,U2,EUR,4F,G_N_A,SV_C_YM,SR_5Y,2022-01-11,-0.3547332901969882,A,F,,,P1D,,E,,,,,,,,,,,,,,,Technical notes are available at the following link: https://www.ecb.europa.eu/stats/financial_markets_and_interest_rates/euro_area_yield_curves/shared/pdf/technical_notes.pdf,,6,,,AAA yield curve - 5-year spot rate,"Euro area (changing composition) - Government bond, nominal, all issuers whose rating is triple A - Svensson model - continuous compounding - yield error minimisation - Yield curve spot rate, 5-year maturity",PCPA,0
YC.B.U2.EUR.4F.G_N_A.SV_C_YM.SR_5Y,B,U2,EUR,4F,G_N_A,SV_C_YM,SR_5Y,2022-01-12,-0.37968987849799785,A,F,,,P1D,,E,,,,,,,,,,,,,,,Technical notes are available at the following link: https://www.ecb.europa.eu/stats/financial_markets_and_interest_rates/euro_area_yield_curves/shared/pdf/technical_notes.pdf,,6,,,AAA yield curve - 5-year spot rate,"Euro area (changing composition) - Government bond, nominal, all issuers whose rating is triple A - Svensson model - continuous compounding - yield error minimisation - Yield curve spot rate, 5-year maturity",PCPA,0
YC.B.U2.EUR.4F.G_N_A.SV_C_YM.SR_5Y,B,U2,EUR,4F,G_N_A,SV_C_YM,SR_5Y,2022-01-13,-0.3830829640583482,A,F,,,P1D,,E,,,,,,,,,,,,,,,Technical notes are available at the following link: https://www.ecb.europa.eu/stats/financial_markets_and_interest_rates/euro_area_yield_curves/shared/pdf/technical_notes.pdf,,6,,,AAA yield curve - 5-year spot rate,"Euro area (changing composition) - Government bond, nominal, all issuers whose rating is triple A - Svensson model - continuous compounding - yield error minimisation - Yield curve spot rate, 5-year maturity",PCPA,0
YC.B.U2.EUR.4F.G_N_A.SV_C_YM.SR_5Y,B,U2,EUR,4F,G_N_A,SV_C_YM,SR_5Y,2022-01-14,-0.3685539936727662,A,F,,,P1D,,E,,,,,,,,,,,,,,,Technical notes are available at the following link: https://www.ecb.europa.eu/stats/financial_markets_and_interest_rates/euro_area_yield_curves/shared/pdf/technical_notes.pdf,,6,,,AAA yield curve - 5-year spot rate,"Euro area (changing composition) - Government bond, nominal, all issuers whose rating is triple A - Svensson model - continuous compounding - yield error minimisation - Yield curve spot rate, 5-year maturity",PCPA,0
YC.B.U2.EUR.4F.G_N_A.SV_C_YM.SR_5Y,B,U2,EUR,4F,G_N_A,SV_C_YM,SR_5Y,2022-01-17,-0.3351776705546352,A,F,,,P1D,,E,,,,,,,,,,,,,,,Technical notes are available at the following link: https://www.ecb.europa.eu/stats/financial_markets_and_interest_rates/euro_area_yield_curves/shared/pdf/technical_notes.pdf,,6,,,AAA yield curve - 5-year spot rate,"Euro area (changing composition) - Government bond, nominal, all issuers whose rating is triple A - Svensson model - continuous compounding - yield error minimisation - Yield curve spot rate, 5-year maturity",PCPA,0
YC.B.U2.EUR.4F.G_N_A.SV_C_YM.SR_5Y,B,U2,EUR,4F,G_N_A,SV_C_YM,SR_5Y,2022-01-18,-0.3380825460542045,A,F,,,P1D,,E,,,,,,,,,,,,,,,Technical notes are available at the following link: https://www.ecb.europa.eu/stats/financial_markets_and_interest_rates/euro_area_yield_curves/shared/pdf/technical_notes.pdf,,6,,,AAA yield curve - 5-year spot rate,"Euro area (changing composition) - Government bond, nominal, all issuers whose rating is triple A - Svensson model - continuous compounding - yield error minimisation - Yield curve spot rate, 5-year maturity",PCPA,0
YC.B.U2.EUR.4F.G_N_A.SV_C_YM.SR_5Y,B,U2,EUR,4F,G_N_A,SV_C_YM,SR_5Y,2022-01-19,-0.32160136942933093,A,F,,,P1D,,E,,,,,,,,,,,,,,,Technical notes are available at the following link: https://www.ecb.europa.eu/stats/financial_markets_and_interest_rates/euro_area_yield_curves/shared/pdf/technical_notes.pdf,,6,,,AAA yield curve - 5-year spot rate,"Euro area (changing composition) - Government bond, nominal, all issuers whose rating is triple A - Svensson model - continuous compounding - yield error minimisation - Yield curve spot rate, 5-year maturity",PCPA,0
YC.B.U2.EUR.4F.G_N_A.SV_C_YM.SR_5Y,B,U2,EUR,4F,G_N_A,SV_C_YM,SR_5Y,2022-01-20,-0.3399626887043139,A,F,,,P1D,,E,,,,,,,,,,,,,,,Technical notes are available at the following link: https://www.ecb.europa.eu/stats/financial_markets_and_interest_rates/euro_area_yield_curves/shared/pdf/technical_notes.pdf,,6,,,AAA yield curve - 5-year spot rate,"Euro area (changing composition) - Government bond, nominal, all issuers whose rating is triple A - Svensson model - continuous compounding - yield error minimisation - Yield curve spot rate, 5-year maturity",PCPA,0
YC.B.U2.EUR.4F.G_N_A.SV_C_YM.SR_5Y,B,U2,EUR,4F,G_N_A,SV_C_YM,SR_5Y,2022-01-21,-0.378951851518992,A,F,,,P1D,,E,,,,,,,,,,,,,,,Technical notes are available at the following link: https://www.ecb.europa.eu/stats/financial_markets_and_interest_rates/euro_area_yield_curves/shared/pdf/technical_notes.pdf,,6,,,AAA yield curve - 5-year spot rate,"Euro area (changing composition) - Government bond, nominal, all issuers whose rating is triple A - Svensson model - continuous compounding - yield error minimisation - Yield curve spot rate, 5-year maturity",PCPA,0
YC.B.U2.EUR.4F.G_N_A.SV_C_YM.SR_5Y,B,U2,EUR,4F,G_N_A,SV_C_YM,SR_5Y,2022-01-24,-0.41372725653231557,A,F,,,P1D,,E,,,,,,,,,,,,,,,Technical notes are available at the following link: https://www.ecb.europa.eu/stats/financial_markets_and_interest_rates/euro_area_yield_curves/shared/pdf/technical_notes.pdf,,6,,,AAA yield curve - 5-year spot rate,"Euro area (changing composition) - Government bond, nominal, all issuers whose rating is triple A - Svensson model - continuous compounding - yield error minimisation - Yield curve spot rate, 5-year maturity",PCPA,0
YC.B.U2.EUR.4F.G_N_A.SV_C_YM.SR_5Y,B,U2,EUR,4F,G_N_A,SV_C_YM,SR_5Y,2022-01-25,-0.4130908197997618,A,F,,,P1D,,E,,,,,,,,,,,,,,,Technical notes are available at the following link: https://www.ecb.europa.eu/stats/financial_markets_and_interest_rates/euro_area_yield_curves/shared/pdf/technical_notes.pdf,,6,,,AAA yield curve - 5-year spot rate,"Euro area (changing composition) - Government bond, nominal, all issuers whose rating is triple A - Svensson model - continuous compounding - yield error minimisation - Yield curve spot rate, 5-year maturity",PCPA,0
YC.B.U2.EUR.4F.G_N_A.SV_C_YM.SR_5Y,B,U2,EUR,4F,G_N_A,SV_C_YM,SR_5Y,2022-01-26,-0.3874621315249587,A,F,,,P1D,,E,,,,,,,,,,,,,,,Technical notes are available at the following link: https://www.ecb.europa.eu/stats/financial_markets_and_interest_rates/euro_area_yield_curves/shared/pdf/technical_notes.pdf,,6,,,AAA yield curve - 5-year spot rate,"Euro area (changing composition) - Government bond, nominal, all issuers whose rating is triple A - Svensson model - continuous compounding - yield error minimisation - Yield curve spot rate, 5-year maturity",PCPA,0
YC.B.U2.EUR.4F.G_N_A.SV_C_YM.SR_5Y,B,U2,EUR,4F,G_N_A,SV_C_YM,SR_5Y,2022-01-27,-0.35672211157635214,A,F,,,P1D,,E,,,,,,,,,,,,,,,Technical notes are available at the following link: https://www.ecb.europa.eu/stats/financial_markets_and_interest_rates/euro_area_yield_curves/shared/pdf/technical_notes.pdf,,6,,,AAA yield curve - 5-year spot rate,"Euro area (changing composition) - Government bond, nominal, all issuers whose rating is triple A - Svensson model - continuous compounding - yield error minimisation - Yield curve spot rate, 5-year maturity",PCPA,0
YC.B.U2.EUR.4F.G_N_A.SV_C_YM.SR_5Y,B,U2,EUR,4F,G_N_A,SV_C_YM,SR_5Y,2022-01-28,-0.3375671802308706,A,F,,,P1D,,E,,,,,,,,,,,,,,,Technical notes are available at the following link: https://www.ecb.europa.eu/stats/financial_markets_and_interest_rates/euro_area_yield_curves/shared/pdf/technical_notes.pdf,,6,,,AAA yield curve - 5-year spot rate,"Euro area (changing composition) - Government bond, nominal, all issuers whose rating is triple A - Svensson model - continuous compounding - yield error minimisation - Yield curve spot rate, 5-year maturity",PCPA,0
YC.B.U2.EUR.4F.G_N_A.SV_C_YM.SR_5Y,B,U2,EUR,4F,G_N_A,SV_C_YM,SR_5Y,2022-01-31,-0.2670028331051153,A,F,,,P1D,,E,,,,,,,,,,,,,,,Technical notes are available at the following link: https://www.ecb.europa.eu/stats/financial_markets_and_interest_rates/euro_area_yield_curves/shared/pdf/technical_notes.pdf,,6,,,AAA yield curve - 5-year spot rate,"Euro area (changing composition) - Government bond, nominal, all issuers whose rating is triple A - Svensson model - continuous compounding - yield error minimisation - Yield curve spot rate, 5-year maturity",PCPA,0
YC.B.U2.EUR.4F.G_N_A.SV_C_YM.SR_5Y,B,U2,EUR,4F,G_N_A,SV_C_YM,SR_5Y,2022-02-01,-0.2498151784794067,A,F,,,P1D,,E,,,,,,,,,,,,,,,Technical notes are available at the following link: https://www.ecb.europa.eu/stats/financial_markets_and_interest_rates/euro_area_yield_curves/shared/pdf/technical_notes.pdf,,6,,,AAA yield curve - 5-year spot rate,"Euro area (changing composition) - Government bond, nominal, all issuers whose rating is triple A - Svensson model - continuous compounding - yield error minimisation - Yield curve spot rate, 5-year maturity",PCPA,0
YC.B.U2.EUR.4F.G_N_A.SV_C_YM.SR_5Y,B,U2,EUR,4F,G_N_A,SV_C_YM,SR_5Y,2022-02-02,-0.22425351373005897,A,F,,,P1D,,E,,,,,,,,,,,,,,,Technical notes are available at the following link: https://www.ecb.europa.eu/stats/financial_markets_and_interest_rates/euro_area_yield_curves/shared/pdf/technical_notes.pdf,,6,,,AAA yield curve - 5-year spot rate,"Euro area (changing composition) - Government bond, nominal, all issuers whose rating is triple A - Svensson model - continuous compounding - yield error minimisation - Yield curve spot rate, 5-year maturity",PCPA,0
YC.B.U2.EUR.4F.G_N_A.SV_C_YM.SR_5Y,B,U2,EUR,4F,G_N_A,SV_C_YM,SR_5Y,2022-02-03,-0.09644084528793995,A,F,,,P1D,,E,,,,,,,,,,,,,,,Technical notes are available at the following link: https://www.ecb.europa.eu/stats/financial_markets_and_interest_rates/euro_area_yield_curves/shared/pdf/technical_notes.pdf,,6,,,AAA yield curve - 5-year spot rate,"Euro area (changing composition) - Government bond, nominal, all issuers whose rating is triple A - Svensson model - continuous compounding - yield error minimisation - Yield curve spot rate, 5-year maturity",PCPA,0
YC.B.U2.EUR.4F.G_N_A.SV_C_YM.SR_5Y,B,U2,EUR,4F,G_N_A,SV_C_YM,SR_5Y,2022-02-04,0.017093412865770485,A,F,,,P1D,,E,,,,,,,,,,,,,,,Technical notes are available at the following link: https://www.ecb.europa.eu/stats/financial_markets_and_interest_rates/euro_area_yield_curves/shared/pdf/technical_notes.pdf,,6,,,AAA yield curve - 5-year spot rate,"Euro area (changing composition) - Government bond, nominal, all issuers whose rating is triple A - Svensson model - continuous compounding - yield error minimisation - Yield curve spot rate, 5-year maturity",PCPA,0
YC.B.U2.EUR.4F.G_N_A.SV_C_YM.SR_5Y,B,U2,EUR,4F,G_N_A,SV_C_YM,SR_5Y,2022-02-07,0.04868379844886439,A,F,,,P1D,,E,,,,,,,,,,,,,,,Technical notes are available at the following link: https://www.ecb.europa.eu/stats/financial_markets_and_interest_rates/euro_area_yield_curves/shared/pdf/technical_notes.pdf,,6,,,AAA yield curve - 5-year spot rate,"Euro area (changing composition) - Government bond, nominal, all issuers whose rating is triple A - Svensson model - continuous compounding - yield error minimisation - Yield curve spot rate, 5-year maturity",PCPA,0
YC.B.U2.EUR.4F.G_N_A.SV_C_YM.SR_5Y,B,U2,EUR,4F,G_N_A,SV_C_YM,SR_5Y,2022-02-08,0.06364990051368613,A,F,,,P1D,,E,,,,,,,,,,,,,,,Technical notes are available at the following link: https://www.ecb.europa.eu/stats/financial_markets_and_interest_rates/euro_area_yield_curves/shared/pdf/technical_notes.pdf,,6,,,AAA yield curve - 5-year spot rate,"Euro area (changing composition) - Government bond, nominal, all issuers whose rating is triple A - Svensson model - continuous compounding - yield error minimisation - Yield curve spot rate, 5-year maturity",PCPA,0
YC.B.U2.EUR.4F.G_N_A.SV_C_YM.SR_5Y,B,U2,EUR,4F,G_N_A,SV_C_YM,SR_5Y,2022-02-09,0.008699738648445976,A,F,,,P1D,,E,,,,,,,,,,,,,,,Technical notes are available at the following link: https://www.ecb.europa.eu/stats/financial_markets_and_interest_rates/euro_area_yield_curves/shared/pdf/technical_notes.pdf,,6,,,AAA yield curve - 5-year spot rate,"Euro area (changing composition) - Government bond, nominal, all issuers whose rating is triple A - Svensson model - continuous compounding - yield error minimisation - Yield curve spot rate, 5-year maturity",PCPA,0
YC.B.U2.EUR.4F.G_N_A.SV_C_YM.SR_5Y,B,U2,EUR,4F,G_N_A,SV_C_YM,SR_5Y,2022-02-10,0.0422265393966712,A,F,,,P1D,,E,,,,,,,,,,,,,,,Technical notes are available at the following link: https://www.ecb.europa.eu/stats/financial_markets_and_interest_rates/euro_area_yield_curves/shared/pdf/technical_notes.pdf,,6,,,AAA yield curve - 5-year spot rate,"Euro area (changing composition) - Government bond, nominal, all issuers whose rating is triple A - Svensson model - continuous compounding - yield error minimisation - Yield curve spot rate, 5-year maturity",PCPA,0
YC.B.U2.EUR.4F.G_N_A.SV_C_YM.SR_5Y,B,U2,EUR,4F,G_N_A,SV_C_YM,SR_5Y,2022-02-11,0.053350595539902734,A,F,,,P1D,,E,,,,,,,,,,,,,,,Technical notes are available at the following link: https://www.ecb.europa.eu/stats/financial_markets_and_interest_rates/euro_area_yield_curves/shared/pdf/technical_notes.pdf,,6,,,AAA yield curve - 5-year spot rate,"Euro area (changing composition) - Government bond, nominal, all issuers whose rating is triple A - Svensson model - continuous compounding - yield error minimisation - Yield curve spot rate, 5-year maturity",PCPA,0
YC.B.U2.EUR.4F.G_N_A.SV_C_YM.SR_5Y,B,U2,EUR,4F,G_N_A,SV_C_YM,SR_5Y,2022-02-14,0.017839763482684567,A,F,,,P1D,,E,,,,,,,,,,,,,,,Technical notes are available at the following link: https://www.ecb.europa.eu/stats/financial_markets_and_interest_rates/euro_area_yield_curves/shared/pdf/technical_notes.pdf,,6,,,AAA yield curve - 5-year spot rate,"Euro area (changing composition) - Government bond, nominal, all issuers whose rating is triple A - Svensson model - continuous compounding - yield error minimisation - Yield curve spot rate, 5-year maturity",PCPA,0
YC.B.U2.EUR.4F.G_N_A.SV_C_YM.SR_5Y,B,U2,EUR,4F,G_N_A,SV_C_YM,SR_5Y,2022-02-15,0.06809621699950918,A,F,,,P1D,,E,,,,,,,,,,,,,,,Technical notes are available at the following link: https://www.ecb.europa.eu/stats/financial_markets_and_interest_rates/euro_area_yield_curves/shared/pdf/technical_notes.pdf,,6,,,AAA yield curve - 5-year spot rate,"Euro area (changing composition) - Government bond, nominal, all issuers whose rating is triple A - Svensson model - continuous compounding - yield error minimisation - Yield curve spot rate, 5-year maturity",PCPA,0
YC.B.U2.EUR.4F.G_N_A.SV_C_YM.SR_5Y,B,U2,EUR,4F,G_N_A,SV_C_YM,SR_5Y,2022-02-16,0.02006336968111677,A,F,,,P1D,,E,,,,,,,,,,,,,,,Technical notes are available at the following link: https://www.ecb.europa.eu/stats/financial_markets_and_interest_rates/euro_area_yield_curves/shared/pdf/technical_notes.pdf,,6,,,AAA yield curve - 5-year spot rate,"Euro area (changing composition) - Government bond, nominal, all issuers whose rating is triple A - Svensson model - continuous compounding - yield error minimisation - Yield curve spot rate, 5-year maturity",PCPA,0
YC.B.U2.EUR.4F.G_N_A.SV_C_YM.SR_5Y,B,U2,EUR,4F,G_N_A,SV_C_YM,SR_5Y,2022-02-17,-0.01619584383342554,A,F,,,P1D,,E,,,,,,,,,,,,,,,Technical notes are available at the following link: https://www.ecb.europa.eu/stats/financial_markets_and_interest_rates/euro_area_yield_curves/shared/pdf/technical_notes.pdf,,6,,,AAA yield curve - 5-year spot rate,"Euro area (changing composition) - Government bond, nominal, all issuers whose rating is triple A - Svensson model - continuous compounding - yield error minimisation - Yield curve spot rate, 5-year maturity",PCPA,0
YC.B.U2.EUR.4F.G_N_A.SV_C_YM.SR_5Y,B,U2,EUR,4F,G_N_A,SV_C_YM,SR_5Y,2022-02-18,-0.06721808373141913,A,F,,,P1D,,E,,,,,,,,,,,,,,,Technical notes are available at the following link: https://www.ecb.europa.eu/stats/financial_markets_and_interest_rates/euro_area_yield_curves/shared/pdf/technical_notes.pdf,,6,,,AAA yield curve - 5-year spot rate,"Euro area (changing composition) - Government bond, nominal, all issuers whose rating is triple A - Svensson model - continuous compounding - yield error minimisation - Yield curve spot rate, 5-year maturity",PCPA,0
YC.B.U2.EUR.4F.G_N_A.SV_C_YM.SR_5Y,B,U2,EUR,4F,G_N_A,SV_C_YM,SR_5Y,2022-02-21,-0.0711757575083154,A,F,,,P1D,,E,,,,,,,,,,,,,,,Technical notes are available at the following link: https://www.ecb.europa.eu/stats/financial_markets_and_interest_rates/euro_area_yield_curves/shared/pdf/technical_notes.pdf,,6,,,AAA yield curve - 5-year spot rate,"Euro area (changing composition) - Government bond, nominal, all issuers whose rating is triple A - Svensson model - continuous compounding - yield error minimisation - Yield curve spot rate, 5-year maturity",PCPA,0
YC.B.U2.EUR.4F.G_N_A.SV_C_YM.SR_5Y,B,U2,EUR,4F,G_N_A,SV_C_YM,SR_5Y,2022-02-22,0.0260446712485507,A,F,,,P1D,,E,,,,,,,,,,,,,,,Technical notes are available at the following link: https://www.ecb.europa.eu/stats/financial_markets_and_interest_rates/euro_area_yield_curves/shared/pdf/technical_notes.pdf,,6,,,AAA yield curve - 5-year spot rate,"Euro area (changing composition) - Government bond, nominal, all issuers whose rating is triple A - Svensson model - continuous compounding - yield error minimisation - Yield curve spot rate, 5-year maturity",PCPA,0
YC.B.U2.EUR.4F.G_N_A.SV_C_YM.SR_5Y,B,U2,EUR,4F,G_N_A,SV_C_YM,SR_5Y,2022-02-23,0.03860669347246981,A,F,,,P1D,,E,,,,,,,,,,,,,,,Technical notes are available at the following link: https://www.ecb.europa.eu/stats/financial_markets_and_interest_rates/euro_area_yield_curves/shared/pdf/technical_notes.pdf,,6,,,AAA yield curve - 5-year spot rate,"Euro area (changing composition) - Government bond, nominal, all issuers whose rating is triple A - Svensson model - continuous compounding - yield error minimisation - Yield curve spot rate, 5-year maturity",PCPA,0
YC.B.U2.EUR.4F.G_N_A.SV_C_YM.SR_5Y,B,U2,EUR,4F,G_N_A,SV_C_YM,SR_5Y,2022-02-24,-0.04885660482623333,A,F,,,P1D,,E,,,,,,,,,,,,,,,Technical notes are available at the following link: https://www.ecb.europa.eu/stats/financial_markets_and_interest_rates/euro_area_yield_curves/shared/pdf/technical_notes.pdf,,6,,,AAA yield curve - 5-year spot rate,"Euro area (changing composition) - Government bond, nominal, all issuers whose rating is triple A - Svensson model - continuous compounding - yield error minimisation - Yield curve spot rate, 5-year maturity",PCPA,0
YC.B.U2.EUR.4F.G_N_A.SV_C_YM.SR_5Y,B,U2,EUR,4F,G_N_A,SV_C_YM,SR_5Y,2022-02-25,-0.013719892650992271,A,F,,,P1D,,E,,,,,,,,,,,,,,,Technical notes are available at the following link: https://www.ecb.europa.eu/stats/financial_markets_and_interest_rates/euro_area_yield_curves/shared/pdf/technical_notes.pdf,,6,,,AAA yield curve - 5-year spot rate,"Euro area (changing composition) - Government bond, nominal, all issuers whose rating is triple A - Svensson model - continuous compounding - yield error minimisation - Yield curve spot rate, 5-year maturity",PCPA,0
YC.B.U2.EUR.4F.G_N_A.SV_C_YM.SR_5Y,B,U2,EUR,4F,G_N_A,SV_C_YM,SR_5Y,2022-02-28,-0.11299139311100559,A,F,,,P1D,,E,,,,,,,,,,,,,,,Technical notes are available at the following link: https://www.ecb.europa.eu/stats/financial_markets_and_interest_rates/euro_area_yield_curves/shared/pdf/technical_notes.pdf,,6,,,AAA yield curve - 5-year spot rate,"Euro area (changing composition) - Government bond, nominal, all issuers whose rating is triple A - Svensson model - continuous compounding - yield error minimisation - Yield curve spot rate, 5-year maturity",PCPA,0
YC.B.U2.EUR.4F.G_N_A.SV_C_YM.SR_5Y,B,U2,EUR,4F,G_N_A,SV_C_YM,SR_5Y,2022-03-01,-0.32699160557552487,A,F,,,P1D,,E,,,,,,,,,,,,,,,Technical notes are available at the following link: https://www.ecb.europa.eu/stats/financial_markets_and_interest_rates/euro_area_yield_curves/shared/pdf/technical_notes.pdf,,6,,,AAA yield curve - 5-year spot rate,"Euro area (changing composition) - Government bond, nominal, all issuers whose rating is triple A - Svensson model - continuous compounding - yield error minimisation - Yield curve spot rate, 5-year maturity",PCPA,0
YC.B.U2.EUR.4F.G_N_A.SV_C_YM.SR_5Y,B,U2,EUR,4F,G_N_A,SV_C_YM,SR_5Y,2022-03-02,-0.29830683548636827,A,F,,,P1D,,E,,,,,,,,,,,,,,,Technical notes are available at the following link: https://www.ecb.europa.eu/stats/financial_markets_and_interest_rates/euro_area_yield_curves/shared/pdf/technical_notes.pdf,,6,,,AAA yield curve - 5-year spot rate,"Euro area (changing composition) - Government bond, nominal, all issuers whose rating is triple A - Svensson model - continuous compounding - yield error minimisation - Yield curve spot rate, 5-year maturity",PCPA,0
YC.B.U2.EUR.4F.G_N_A.SV_C_YM.SR_5Y,B,U2,EUR,4F,G_N_A,SV_C_YM,SR_5Y,2022-03-03,-0.22024057080979587,A,F,,,P1D,,E,,,,,,,,,,,,,,,Technical notes are available at the following link: https://www.ecb.europa.eu/stats/financial_markets_and_interest_rates/euro_area_yield_curves/shared/pdf/technical_notes.pdf,,6,,,AAA yield curve - 5-year spot rate,"Euro area (changing composition) - Government bond, nominal, all issuers whose rating is triple A - Svensson model - continuous compounding - yield error minimisation - Yield curve spot rate, 5-year maturity",PCPA,0
YC.B.U2.EUR.4F.G_N_A.SV_C_YM.SR_5Y,B,U2,EUR,4F,G_N_A,SV_C_YM,SR_5Y,2022-03-04,-0.3838658087986886,A,F,,,P1D,,E,,,,,,,,,,,,,,,Technical notes are available at the following link: https://www.ecb.europa.eu/stats/financial_markets_and_interest_rates/euro_area_yield_curves/shared/pdf/technical_notes.pdf,,6,,,AAA yield curve - 5-year spot rate,"Euro area (changing composition) - Government bond, nominal, all issuers whose rating is triple A - Svensson model - continuous compounding - yield error minimisation - Yield curve spot rate, 5-year maturity",PCPA,0
YC.B.U2.EUR.4F.G_N_A.SV_C_YM.SR_5Y,B,U2,EUR,4F,G_N_A,SV_C_YM,SR_5Y,2022-03-07,-0.3316193665567204,A,F,,,P1D,,E,,,,,,,,,,,,,,,Technical notes are available at the following link: https://www.ecb.europa.eu/stats/financial_markets_and_interest_rates/euro_area_yield_curves/shared/pdf/technical_notes.pdf,,6,,,AAA yield curve - 5-year spot rate,"Euro area (changing composition) - Government bond, nominal, all issuers whose rating is triple A - Svensson model - continuous compounding - yield error minimisation - Yield curve spot rate, 5-year maturity",PCPA,0
YC.B.U2.EUR.4F.G_N_A.SV_C_YM.SR_5Y,B,U2,EUR,4F,G_N_A,SV_C_YM,SR_5Y,2022-03-08,-0.22262893208516799,A,F,,,P1D,,E,,,,,,,,,,,,,,,Technical notes are available at the following link: https://www.ecb.europa.eu/stats/financial_markets_and_interest_rates/euro_area_yield_curves/shared/pdf/technical_notes.pdf,,6,,,AAA yield curve - 5-year spot rate,"Euro area (changing composition) - Government bond, nominal, all issuers whose rating is triple A - Svensson model - continuous compounding - yield error minimisation - Yield curve spot rate, 5-year maturity",PCPA,0
YC.B.U2.EUR.4F.G_N_A.SV_C_YM.SR_5Y,B,U2,EUR,4F,G_N_A,SV_C_YM,SR_5Y,2022-03-09,-0.11380980867809143,A,F,,,P1D,,E,,,,,,,,,,,,,,,Technical notes are available at the following link: https://www.ecb.europa.eu/stats/financial_markets_and_interest_rates/euro_area_yield_curves/shared/pdf/technical_notes.pdf,,6,,,AAA yield curve - 5-year spot rate,"Euro area (changing composition) - Government bond, nominal, all issuers whose rating is triple A - Svensson model - continuous compounding - yield error minimisation - Yield curve spot rate, 5-year maturity",PCPA,0
YC.B.U2.EUR.4F.G_N_A.SV_C_YM.SR_5Y,B,U2,EUR,4F,G_N_A,SV_C_YM,SR_5Y,2022-03-10,-0.007048749068950144,A,F,,,P1D,,E,,,,,,,,,,,,,,,Technical notes are available at the following link: https://www.ecb.europa.eu/stats/financial_markets_and_interest_rates/euro_area_yield_curves/shared/pdf/technical_notes.pdf,,6,,,AAA yield curve - 5-year spot rate,"Euro area (changing composition) - Government bond, nominal, all issuers whose rating is triple A - Svensson model - continuous compounding - yield error minimisation - Yield curve spot rate, 5-year maturity",PCPA,0
YC.B.U2.EUR.4F.G_N_A.SV_C_YM.SR_5Y,B,U2,EUR,4F,G_N_A,SV_C_YM,SR_5Y,2022-03-11,0.033133385321386655,A,F,,,P1D,,E,,,,,,,,,,,,,,,Technical notes are available at the following link: https://www.ecb.europa.eu/stats/financial_markets_and_interest_rates/euro_area_yield_curves/shared/pdf/technical_notes.pdf,,6,,,AAA yield curve - 5-year spot rate,"Euro area (changing composition) - Government bond, nominal, all issuers whose rating is triple A - Svensson model - continuous compounding - yield error minimisation - Yield curve spot rate, 5-year maturity",PCPA,0
YC.B.U2.EUR.4F.G_N_A.SV_C_YM.SR_5Y,B,U2,EUR,4F,G_N_A,SV_C_YM,SR_5Y,2022-03-14,0.08653823478364586,A,F,,,P1D,,E,,,,,,,,,,,,,,,Technical notes are available at the following link: https://www.ecb.europa.eu/stats/financial_markets_and_interest_rates/euro_area_yield_curves/shared/pdf/technical_notes.pdf,,6,,,AAA yield curve - 5-year spot rate,"Euro area (changing composition) - Government bond, nominal, all issuers whose rating is triple A - Svensson model - continuous compounding - yield error minimisation - Yield curve spot rate, 5-year maturity",PCPA,0
YC.B.U2.EUR.4F.G_N_A.SV_C_YM.SR_5Y,B,U2,EUR,4F,G_N_A,SV_C_YM,SR_5Y,2022-03-15,0.045582092761529136,A,F,,,P1D,,E,,,,,,,,,,,,,,,Technical notes are available at the following link: https://www.ecb.europa.eu/stats/financial_markets_and_interest_rates/euro_area_yield_curves/shared/pdf/technical_notes.pdf,,6,,,AAA yield curve - 5-year spot rate,"Euro area (changing composition) - Government bond, nominal, all issuers whose rating is triple A - Svensson model - continuous compounding - yield error minimisation - Yield curve spot rate, 5-year maturity",PCPA,0
YC.B.U2.EUR.4F.G_N_A.SV_C_YM.SR_5Y,B,U2,EUR,4F,G_N_A,SV_C_YM,SR_5Y,2022-03-16,0.08975462371647769,A,F,,,P1D,,E,,,,,,,,,,,,,,,Technical notes are available at the following link: https://www.ecb.europa.eu/stats/financial_markets_and_interest_rates/euro_area_yield_curves/shared/pdf/technical_notes.pdf,,6,,,AAA yield curve - 5-year spot rate,"Euro area (changing composition) - Government bond, nominal, all issuers whose rating is triple A - Svensson model - continuous compounding - yield error minimisation - Yield curve spot rate, 5-year maturity",PCPA,0
YC.B.U2.EUR.4F.G_N_A.SV_C_YM.SR_5Y,B,U2,EUR,4F,G_N_A,SV_C_YM,SR_5Y,2022-03-17,0.12246267378436437,A,F,,,P1D,,E,,,,,,,,,,,,,,,Technical notes are available at the following link: https://www.ecb.europa.eu/stats/financial_markets_and_interest_rates/euro_area_yield_curves/shared/pdf/technical_notes.pdf,,6,,,AAA yield curve - 5-year spot rate,"Euro area (changing composition) - Government bond, nominal, all issuers whose rating is triple A - Svensson model - continuous compounding - yield error minimisation - Yield curve spot rate, 5-year maturity",PCPA,0
YC.B.U2.EUR.4F.G_N_A.SV_C_YM.SR_5Y,B,U2,EUR,4F,G_N_A,SV_C_YM,SR_5Y,2022-03-18,0.10100673342450328,A,F,,,P1D,,E,,,,,,,,,,,,,,,Technical notes are available at the following link: https://www.ecb.europa.eu/stats/financial_markets_and_interest_rates/euro_area_yield_curves/shared/pdf/technical_notes.pdf,,6,,,AAA yield curve - 5-year spot rate,"Euro area (changing composition) - Government bond, nominal, all issuers whose rating is triple A - Svensson model - continuous compounding - yield error minimisation - Yield curve spot rate, 5-year maturity",PCPA,0
YC.B.U2.EUR.4F.G_N_A.SV_C_YM.SR_5Y,B,U2,EUR,4F,G_N_A,SV_C_YM,SR_5Y,2022-03-21,0.15767138506783507,A,F,,,P1D,,E,,,,,,,,,,,,,,,Technical notes are available at the following link: https://www.ecb.europa.eu/stats/financial_markets_and_interest_rates/euro_area_yield_curves/shared/pdf/technical_notes.pdf,,6,,,AAA yield curve - 5-year spot rate,"Euro area (changing composition) - Government bond, nominal, all issuers whose rating is triple A - Svensson model - continuous compounding - yield error minimisation - Yield curve spot rate, 5-year maturity",PCPA,0
YC.B.U2.EUR.4F.G_N_A.SV_C_YM.SR_5Y,B,U2,EUR,4F,G_N_A,SV_C_YM,SR_5Y,2022-03-22,0.2580837859549261,A,F,,,P1D,,E,,,,,,,,,,,,,,,Technical notes are available at the following link: https://www.ecb.europa.eu/stats/financial_markets_and_interest_rates/euro_area_yield_curves/shared/pdf/technical_notes.pdf,,6,,,AAA yield curve - 5-year spot rate,"Euro area (changing composition) - Government bond, nominal, all issuers whose rating is triple A - Svensson model - continuous compounding - yield error minimisation - Yield curve spot rate, 5-year maturity",PCPA,0
YC.B.U2.EUR.4F.G_N_A.SV_C_YM.SR_5Y,B,U2,EUR,4F,G_N_A,SV_C_YM,SR_5Y,2022-03-23,0.23692074812390684,A,F,,,P1D,,E,,,,,,,,,,,,,,,Technical notes are available at the following link: https://www.ecb.europa.eu/stats/financial_markets_and_interest_rates/euro_area_yield_curves/shared/pdf/technical_notes.pdf,,6,,,AAA yield curve - 5-year spot rate,"Euro area (changing composition) - Government bond, nominal, all issuers whose rating is triple A - Svensson model - continuous compounding - yield error minimisation - Yield curve spot rate, 5-year maturity",PCPA,0
YC.B.U2.EUR.4F.G_N_A.SV_C_YM.SR_5Y,B,U2,EUR,4F,G_N_A,SV_C_YM,SR_5Y,2022-03-24,0.2815870858087317,A,F,,,P1D,,E,,,,,,,,,,,,,,,Technical notes are available at the following link: https://www.ecb.europa.eu/stats/financial_markets_and_interest_rates/euro_area_yield_curves/shared/pdf/technical_notes.pdf,,6,,,AAA yield curve - 5-year spot rate,"Euro area (changing composition) - Government bond, nominal, all issuers whose rating is triple A - Svensson model - continuous compounding - yield error minimisation - Yield curve spot rate, 5-year maturity",PCPA,0
YC.B.U2.EUR.4F.G_N_A.SV_C_YM.SR_5Y,B,U2,EUR,4F,G_N_A,SV_C_YM,SR_5Y,2022-03-25,0.34906242631803286,A,F,,,P1D,,E,,,,,,,,,,,,,,,Technical notes are available at the following link: https://www.ecb.europa.eu/stats/financial_markets_and_interest_rates/euro_area_yield_curves/shared/pdf/technical_notes.pdf,,6,,,AAA yield curve - 5-year spot rate,"Euro area (changing composition) - Government bond, nominal, all issuers whose rating is triple A - Svensson model - continuous compounding - yield error minimisation - Yield curve spot rate, 5-year maturity",PCPA,0
YC.B.U2.EUR.4F.G_N_A.SV_C_YM.SR_5Y,B,U2,EUR,4F,G_N_A,SV_C_YM,SR_5Y,2022-03-28,0.38222778140233693,A,F,,,P1D,,E,,,,,,,,,,,,,,,Technical notes are available at the following link: https://www.ecb.europa.eu/stats/financial_markets_and_interest_rates/euro_area_yield_curves/shared/pdf/technical_notes.pdf,,6,,,AAA yield curve - 5-year spot rate,"Euro area (changing composition) - Government bond, nominal, all issuers whose rating is triple A - Svensson model - continuous compounding - yield error minimisation - Yield curve spot rate, 5-year maturity",PCPA,0
YC.B.U2.EUR.4F.G_N_A.SV_C_YM.SR_5Y,B,U2,EUR,4F,G_N_A,SV_C_YM,SR_5Y,2022-03-29,0.4215443925301239,A,F,,,P1D,,E,,,,,,,,,,,,,,,Technical notes are available at the following link: https://www.ecb.europa.eu/stats/financial_markets_and_interest_rates/euro_area_yield_curves/shared/pdf/technical_notes.pdf,,6,,,AAA yield curve - 5-year spot rate,"Euro area (changing composition) - Government bond, nominal, all issuers whose rating is triple A - Svensson model - continuous compounding - yield error minimisation - Yield curve spot rate, 5-year maturity",PCPA,0
YC.B.U2.EUR.4F.G_N_A.SV_C_YM.SR_5Y,B,U2,EUR,4F,G_N_A,SV_C_YM,SR_5Y,2022-03-30,0.5363923895261993,A,F,,,P1D,,E,,,,,,,,,,,,,,,Technical notes are available at the following link: https://www.ecb.europa.eu/stats/financial_markets_and_interest_rates/euro_area_yield_curves/shared/pdf/technical_notes.pdf,,6,,,AAA yield curve - 5-year spot rate,"Euro area (changing composition) - Government bond, nominal, all issuers whose rating is triple A - Svensson model - continuous compounding - yield error minimisation - Yield curve spot rate, 5-year maturity",PCPA,0
YC.B.U2.EUR.4F.G_N_A.SV_C_YM.SR_5Y,B,U2,EUR,4F,G_N_A,SV_C_YM,SR_5Y,2022-03-31,0.4234160256649233,A,F,,,P1D,,E,,,,,,,,,,,,,,,Technical notes are available at the following link: https://www.ecb.europa.eu/stats/financial_markets_and_interest_rates/euro_area_yield_curves/shared/pdf/technical_notes.pdf,,6,,,AAA yield curve - 5-year spot rate,"Euro area (changing composition) - Government bond, nominal, all issuers whose rating is triple A - Svensson model - continuous compounding - yield error minimisation - Yield curve spot rate, 5-year maturity",PCPA,0
YC.B.U2.EUR.4F.G_N_A.SV_C_YM.SR_5Y,B,U2,EUR,4F,G_N_A,SV_C_YM,SR_5Y,2022-04-01,0.44019052036551454,A,F,,,P1D,,E,,,,,,,,,,,,,,,Technical notes are available at the following link: https://www.ecb.europa.eu/stats/financial_markets_and_interest_rates/euro_area_yield_curves/shared/pdf/technical_notes.pdf,,6,,,AAA yield curve - 5-year spot rate,"Euro area (changing composition) - Government bond, nominal, all issuers whose rating is triple A - Svensson model - continuous compounding - yield error minimisation - Yield curve spot rate, 5-year maturity",PCPA,0
YC.B.U2.EUR.4F.G_N_A.SV_C_YM.SR_5Y,B,U2,EUR,4F,G_N_A,SV_C_YM,SR_5Y,2022-04-04,0.37033394040015466,A,F,,,P1D,,E,,,,,,,,,,,,,,,Technical notes are available at the following link: https://www.ecb.europa.eu/stats/financial_markets_and_interest_rates/euro_area_yield_curves/shared/pdf/technical_notes.pdf,,6,,,AAA yield curve - 5-year spot rate,"Euro area (changing composition) - Government bond, nominal, all issuers whose rating is triple A - Svensson model - continuous compounding - yield error minimisation - Yield curve spot rate, 5-year maturity",PCPA,0
YC.B.U2.EUR.4F.G_N_A.SV_C_YM.SR_5Y,B,U2,EUR,4F,G_N_A,SV_C_YM,SR_5Y,2022-04-05,0.4283909592791364,A,F,,,P1D,,E,,,,,,,,,,,,,,,Technical notes are available at the following link: https://www.ecb.europa.eu/stats/financial_markets_and_interest_rates/euro_area_yield_curves/shared/pdf/technical_notes.pdf,,6,,,AAA yield curve - 5-year spot rate,"Euro area (changing composition) - Government bond, nominal, all issuers whose rating is triple A - Svensson model - continuous compounding - yield error minimisation - Yield curve spot rate, 5-year maturity",PCPA,0
YC.B.U2.EUR.4F.G_N_A.SV_C_YM.SR_5Y,B,U2,EUR,4F,G_N_A,SV_C_YM,SR_5Y,2022-04-06,0.49816893623726255,A,F,,,P1D,,E,,,,,,,,,,,,,,,Technical notes are available at the following link: https://www.ecb.europa.eu/stats/financial_markets_and_interest_rates/euro_area_yield_curves/shared/pdf/technical_notes.pdf,,6,,,AAA yield curve - 5-year spot rate,"Euro area (changing composition) - Government bond, nominal, all issuers whose rating is triple A - Svensson model - continuous compounding - yield error minimisation - Yield curve spot rate, 5-year maturity",PCPA,0
YC.B.U2.EUR.4F.G_N_A.SV_C_YM.SR_5Y,B,U2,EUR,4F,G_N_A,SV_C_YM,SR_5Y,2022-04-07,0.5259726815929964,A,F,,,P1D,,E,,,,,,,,,,,,,,,Technical notes are available at the following link: https://www.ecb.europa.eu/stats/financial_markets_and_interest_rates/euro_area_yield_curves/shared/pdf/technical_notes.pdf,,6,,,AAA yield curve - 5-year spot rate,"Euro area (changing composition) - Government bond, nominal, all issuers whose rating is triple A - Svensson model - continuous compounding - yield error minimisation - Yield curve spot rate, 5-year maturity",PCPA,0
YC.B.U2.EUR.4F.G_N_A.SV_C_YM.SR_5Y,B,U2,EUR,4F,G_N_A,SV_C_YM,SR_5Y,2022-04-08,0.5391406062208031,A,F,,,P1D,,E,,,,,,,,,,,,,,,Technical notes are available at the following link: https://www.ecb.europa.eu/stats/financial_markets_and_interest_rates/euro_area_yield_curves/shared/pdf/technical_notes.pdf,,6,,,AAA yield curve - 5-year spot rate,"Euro area (changing composition) - Government bond, nominal, all issuers whose rating is triple A - Svensson model - continuous compounding - yield error minimisation - Yield curve spot rate, 5-year maturity",PCPA,0
YC.B.U2.EUR.4F.G_N_A.SV_C_YM.SR_5Y,B,U2,EUR,4F,G_N_A,SV_C_YM,SR_5Y,2022-04-11,0.648595635014777,A,F,,,P1D,,E,,,,,,,,,,,,,,,Technical notes are available at the following link: https://www.ecb.europa.eu/stats/financial_markets_and_interest_rates/euro_area_yield_curves/shared/pdf/technical_notes.pdf,,6,,,AAA yield curve - 5-year spot rate,"Euro area (changing composition) - Government bond, nominal, all issuers whose rating is triple A - Svensson model - continuous compounding - yield error minimisation - Yield curve spot rate, 5-year maturity",PCPA,0
YC.B.U2.EUR.4F.G_N_A.SV_C_YM.SR_5Y,B,U2,EUR,4F,G_N_A,SV_C_YM,SR_5Y,2022-04-12,0.6130891112177179,A,F,,,P1D,,E,,,,,,,,,,,,,,,Technical notes are available at the following link: https://www.ecb.europa.eu/stats/financial_markets_and_interest_rates/euro_area_yield_curves/shared/pdf/technical_notes.pdf,,6,,,AAA yield curve - 5-year spot rate,"Euro area (changing composition) - Government bond, nominal, all issuers whose rating is triple A - Svensson model - continuous compounding - yield error minimisation - Yield curve spot rate, 5-year maturity",PCPA,0
YC.B.U2.EUR.4F.G_N_A.SV_C_YM.SR_5Y,B,U2,EUR,4F,G_N_A,SV_C_YM,SR_5Y,2022-04-13,0.5980119681497389,A,F,,,P1D,,E,,,,,,,,,,,,,,,Technical notes are available at the following link: https://www.ecb.europa.eu/stats/financial_markets_and_interest_rates/euro_area_yield_curves/shared/pdf/technical_notes.pdf,,6,,,AAA yield curve - 5-year spot rate,"Euro area (changing composition) - Government bond, nominal, all issuers whose rating is triple A - Svensson model - continuous compounding - yield error minimisation - Yield curve spot rate, 5-year maturity",PCPA,0
YC.B.U2.EUR.4F.G_N_A.SV_C_YM.SR_5Y,B,U2,EUR,4F,G_N_A,SV_C_YM,SR_5Y,2022-04-14,0.6134213676610423,A,F,,,P1D,,E,,,,,,,,,,,,,,,Technical notes are available at the following link: https://www.ecb.europa.eu/stats/financial_markets_and_interest_rates/euro_area_yield_curves/shared/pdf/technical_notes.pdf,,6,,,AAA yield curve - 5-year spot rate,"Euro area (changing composition) - Government bond, nominal, all issuers whose rating is triple A - Svensson model - continuous compounding - yield error minimisation - Yield curve spot rate, 5-year maturity",PCPA,0
YC.B.U2.EUR.4F.G_N_A.SV_C_YM.SR_5Y,B,U2,EUR,4F,G_N_A,SV_C_YM,SR_5Y,2022-04-19,0.6992888591204378,A,F,,,P1D,,E,,,,,,,,,,,,,,,Technical notes are available at the following link: https://www.ecb.europa.eu/stats/financial_markets_and_interest_rates/euro_area_yield_curves/shared/pdf/technical_notes.pdf,,6,,,AAA yield curve - 5-year spot rate,"Euro area (changing composition) - Government bond, nominal, all issuers whose rating is triple A - Svensson model - continuous compounding - yield error minimisation - Yield curve spot rate, 5-year maturity",PCPA,0
YC.B.U2.EUR.4F.G_N_A.SV_C_YM.SR_5Y,B,U2,EUR,4F,G_N_A,SV_C_YM,SR_5Y,2022-04-20,0.6348378822413363,A,F,,,P1D,,E,,,,,,,,,,,,,,,Technical notes are available at the following link: https://www.ecb.europa.eu/stats/financial_markets_and_interest_rates/euro_area_yield_curves/shared/pdf/technical_notes.pdf,,6,,,AAA yield curve - 5-year spot rate,"Euro area (changing composition) - Government bond, nominal, all issuers whose rating is triple A - Svensson model - continuous compounding - yield error minimisation - Yield curve spot rate, 5-year maturity",PCPA,0
YC.B.U2.EUR.4F.G_N_A.SV_C_YM.SR_5Y,B,U2,EUR,4F,G_N_A,SV_C_YM,SR_5Y,2022-04-21,0.696199453325379,A,F,,,P1D,,E,,,,,,,,,,,,,,,Technical notes are available at the following link: https://www.ecb.europa.eu/stats/financial_markets_and_interest_rates/euro_area_yield_curves/shared/pdf/technical_notes.pdf,,6,,,AAA yield curve - 5-year spot rate,"Euro area (changing composition) - Government bond, nominal, all issuers whose rating is triple A - Svensson model - continuous compounding - yield error minimisation - Yield curve spot rate, 5-year maturity",PCPA,0
YC.B.U2.EUR.4F.G_N_A.SV_C_YM.SR_5Y,B,U2,EUR,4F,G_N_A,SV_C_YM,SR_5Y,2022-04-22,0.7799191856680203,A,F,,,P1D,,E,,,,,,,,,,,,,,,Technical notes are available at the following link: https://www.ecb.europa.eu/stats/financial_markets_and_interest_rates/euro_area_yield_curves/shared/pdf/technical_notes.pdf,,6,,,AAA yield curve - 5-year spot rate,"Euro area (changing composition) - Government bond, nominal, all issuers whose rating is triple A - Svensson model - continuous compounding - yield error minimisation - Yield curve spot rate, 5-year maturity",PCPA,0
YC.B.U2.EUR.4F.G_N_A.SV_C_YM.SR_5Y,B,U2,EUR,4F,G_N_A,SV_C_YM,SR_5Y,2022-04-25,0.686085515835956,A,F,,,P1D,,E,,,,,,,,,,,,,,,Technical notes are available at the following link: https://www.ecb.europa.eu/stats/financial_markets_and_interest_rates/euro_area_yield_curves/shared/pdf/technical_notes.pdf,,6,,,AAA yield curve - 5-year spot rate,"Euro area (changing composition) - Government bond, nominal, all issuers whose rating is triple A - Svensson model - continuous compounding - yield error minimisation - Yield curve spot rate, 5-year maturity",PCPA,0
YC.B.U2.EUR.4F.G_N_A.SV_C_YM.SR_5Y,B,U2,EUR,4F,G_N_A,SV_C_YM,SR_5Y,2022-04-26,0.6599320651477736,A,F,,,P1D,,E,,,,,,,,,,,,,,,Technical notes are available at the following link: https://www.ecb.europa.eu/stats/financial_markets_and_interest_rates/euro_area_yield_curves/shared/pdf/technical_notes.pdf,,6,,,AAA yield curve - 5-year spot rate,"Euro area (changing composition) - Government bond, nominal, all issuers whose rating is triple A - Svensson model - continuous compounding - yield error minimisation - Yield curve spot rate, 5-year maturity",PCPA,0
YC.B.U2.EUR.4F.G_N_A.SV_C_YM.SR_5Y,B,U2,EUR,4F,G_N_A,SV_C_YM,SR_5Y,2022-04-27,0.6213784013049621,A,F,,,P1D,,E,,,,,,,,,,,,,,,Technical notes are available at the following link: https://www.ecb.europa.eu/stats/financial_markets_and_interest_rates/euro_area_yield_curves/shared/pdf/technical_notes.pdf,,6,,,AAA yield curve - 5-year spot rate,"Euro area (changing composition) - Government bond, nominal, all issuers whose rating is triple A - Svensson model - continuous compounding - yield error minimisation - Yield curve spot rate, 5-year maturity",PCPA,0
YC.B.U2.EUR.4F.G_N_A.SV_C_YM.SR_5Y,B,U2,EUR,4F,G_N_A,SV_C_YM,SR_5Y,2022-04-28,0.7190141650607249,A,F,,,P1D,,E,,,,,,,,,,,,,,,Technical notes are available at the following link: https://www.ecb.europa.eu/stats/financial_markets_and_interest_rates/euro_area_yield_curves/shared/pdf/technical_notes.pdf,,6,,,AAA yield curve - 5-year spot rate,"Euro area (changing composition) - Government bond, nominal, all issuers whose rating is triple A - Svensson model - continuous compounding - yield error minimisation - Yield curve spot rate, 5-year maturity",PCPA,0
YC.B.U2.EUR.4F.G_N_A.SV_C_YM.SR_5Y,B,U2,EUR,4F,G_N_A,SV_C_YM,SR_5Y,2022-04-29,0.7439108159524885,A,F,,,P1D,,E,,,,,,,,,,,,,,,Technical notes are available at the following link: https://www.ecb.europa.eu/stats/financial_markets_and_interest_rates/euro_area_yield_curves/shared/pdf/technical_notes.pdf,,6,,,AAA yield curve - 5-year spot rate,"Euro area (changing composition) - Government bond, nominal, all issuers whose rating is triple A - Svensson model - continuous compounding - yield error minimisation - Yield curve spot rate, 5-year maturity",PCPA,0
YC.B.U2.EUR.4F.G_N_A.SV_C_YM.SR_5Y,B,U2,EUR,4F,G_N_A,SV_C_YM,SR_5Y,2022-05-02,0.7769256446546047,A,F,,,P1D,,E,,,,,,,,,,,,,,,Technical notes are available at the following link: https://www.ecb.europa.eu/stats/financial_markets_and_interest_rates/euro_area_yield_curves/shared/pdf/technical_notes.pdf,,6,,,AAA yield curve - 5-year spot rate,"Euro area (changing composition) - Government bond, nominal, all issuers whose rating is triple A - Svensson model - continuous compounding - yield error minimisation - Yield curve spot rate, 5-year maturity",PCPA,0
YC.B.U2.EUR.4F.G_N_A.SV_C_YM.SR_5Y,B,U2,EUR,4F,G_N_A,SV_C_YM,SR_5Y,2022-05-03,0.7413274952821034,A,F,,,P1D,,E,,,,,,,,,,,,,,,Technical notes are available at the following link: https://www.ecb.europa.eu/stats/financial_markets_and_interest_rates/euro_area_yield_curves/shared/pdf/technical_notes.pdf,,6,,,AAA yield curve - 5-year spot rate,"Euro area (changing composition) - Government bond, nominal, all issuers whose rating is triple A - Svensson model - continuous compounding - yield error minimisation - Yield curve spot rate, 5-year maturity",PCPA,0
YC.B.U2.EUR.4F.G_N_A.SV_C_YM.SR_5Y,B,U2,EUR,4F,G_N_A,SV_C_YM,SR_5Y,2022-05-04,0.8215489167409977,A,F,,,P1D,,E,,,,,,,,,,,,,,,Technical notes are available at the following link: https://www.ecb.europa.eu/stats/financial_markets_and_interest_rates/euro_area_yield_curves/shared/pdf/technical_notes.pdf,,6,,,AAA yield curve - 5-year spot rate,"Euro area (changing composition) - Government bond, nominal, all issuers whose rating is triple A - Svensson model - continuous compounding - yield error minimisation - Yield curve spot rate, 5-year maturity",PCPA,0
YC.B.U2.EUR.4F.G_N_A.SV_C_YM.SR_5Y,B,U2,EUR,4F,G_N_A,SV_C_YM,SR_5Y,2022-05-05,0.8120135305672347,A,F,,,P1D,,E,,,,,,,,,,,,,,,Technical notes are available at the following link: https://www.ecb.europa.eu/stats/financial_markets_and_interest_rates/euro_area_yield_curves/shared/pdf/technical_notes.pdf,,6,,,AAA yield curve - 5-year spot rate,"Euro area (changing composition) - Government bond, nominal, all issuers whose rating is triple A - Svensson model - continuous compounding - yield error minimisation - Yield curve spot rate, 5-year maturity",PCPA,0
YC.B.U2.EUR.4F.G_N_A.SV_C_YM.SR_5Y,B,U2,EUR,4F,G_N_A,SV_C_YM,SR_5Y,2022-05-06,0.9036523038056372,A,F,,,P1D,,E,,,,,,,,,,,,,,,Technical notes are available at the following link: https://www.ecb.europa.eu/stats/financial_markets_and_interest_rates/euro_area_yield_curves/shared/pdf/technical_notes.pdf,,6,,,AAA yield curve - 5-year spot rate,"Euro area (changing composition) - Government bond, nominal, all issuers whose rating is triple A - Svensson model - continuous compounding - yield error minimisation - Yield curve spot rate, 5-year maturity",PCPA,0
YC.B.U2.EUR.4F.G_N_A.SV_C_YM.SR_5Y,B,U2,EUR,4F,G_N_A,SV_C_YM,SR_5Y,2022-05-09,0.8779993185886872,A,F,,,P1D,,E,,,,,,,,,,,,,,,Technical notes are available at the following link: https://www.ecb.europa.eu/stats/financial_markets_and_interest_rates/euro_area_yield_curves/shared/pdf/technical_notes.pdf,,6,,,AAA yield curve - 5-year spot rate,"Euro area (changing composition) - Government bond, nominal, all issuers whose rating is triple A - Svensson model - continuous compounding - yield error minimisation - Yield curve spot rate, 5-year maturity",PCPA,0
YC.B.U2.EUR.4F.G_N_A.SV_C_YM.SR_5Y,B,U2,EUR,4F,G_N_A,SV_C_YM,SR_5Y,2022-05-10,0.7796445123514153,A,F,,,P1D,,E,,,,,,,,,,,,,,,Technical notes are available at the following link: https://www.ecb.europa.eu/stats/financial_markets_and_interest_rates/euro_area_yield_curves/shared/pdf/technical_notes.pdf,,6,,,AAA yield curve - 5-year spot rate,"Euro area (changing composition) - Government bond, nominal, all issuers whose rating is triple A - Svensson model - continuous compounding - yield error minimisation - Yield curve spot rate, 5-year maturity",PCPA,0
YC.B.U2.EUR.4F.G_N_A.SV_C_YM.SR_5Y,B,U2,EUR,4F,G_N_A,SV_C_YM,SR_5Y,2022-05-11,0.7807416162460776,A,F,,,P1D,,E,,,,,,,,,,,,,,,Technical notes are available at the following link: https://www.ecb.europa.eu/stats/financial_markets_and_interest_rates/euro_area_yield_curves/shared/pdf/technical_notes.pdf,,6,,,AAA yield curve - 5-year spot rate,"Euro area (changing composition) - Government bond, nominal, all issuers whose rating is triple A - Svensson model - continuous compounding - yield error minimisation - Yield curve spot rate, 5-year maturity",PCPA,0
YC.B.U2.EUR.4F.G_N_A.SV_C_YM.SR_5Y,B,U2,EUR,4F,G_N_A,SV_C_YM,SR_5Y,2022-05-12,0.6145791821670397,A,F,,,P1D,,E,,,,,,,,,,,,,,,Technical notes are available at the following link: https://www.ecb.europa.eu/stats/financial_markets_and_interest_rates/euro_area_yield_curves/shared/pdf/technical_notes.pdf,,6,,,AAA yield curve - 5-year spot rate,"Euro area (changing composition) - Government bond, nominal, all issuers whose rating is triple A - Svensson model - continuous compounding - yield error minimisation - Yield curve spot rate, 5-year maturity",PCPA,0
YC.B.U2.EUR.4F.G_N_A.SV_C_YM.SR_5Y,B,U2,EUR,4F,G_N_A,SV_C_YM,SR_5Y,2022-05-13,0.7005243620004071,A,F,,,P1D,,E,,,,,,,,,,,,,,,Technical notes are available at the following link: https://www.ecb.europa.eu/stats/financial_markets_and_interest_rates/euro_area_yield_curves/shared/pdf/technical_notes.pdf,,6,,,AAA yield curve - 5-year spot rate,"Euro area (changing composition) - Government bond, nominal, all issuers whose rating is triple A - Svensson model - continuous compounding - yield error minimisation - Yield curve spot rate, 5-year maturity",PCPA,0
YC.B.U2.EUR.4F.G_N_A.SV_C_YM.SR_5Y,B,U2,EUR,4F,G_N_A,SV_C_YM,SR_5Y,2022-05-16,0.6950132806332183,A,F,,,P1D,,E,,,,,,,,,,,,,,,Technical notes are available at the following link: https://www.ecb.europa.eu/stats/financial_markets_and_interest_rates/euro_area_yield_curves/shared/pdf/technical_notes.pdf,,6,,,AAA yield curve - 5-year spot rate,"Euro area (changing composition) - Government bond, nominal, all issuers whose rating is triple A - Svensson model - continuous compounding - yield error minimisation - Yield curve spot rate, 5-year maturity",PCPA,0
YC.B.U2.EUR.4F.G_N_A.SV_C_YM.SR_5Y,B,U2,EUR,4F,G_N_A,SV_C_YM,SR_5Y,2022-05-17,0.837907794550196,A,F,,,P1D,,E,,,,,,,,,,,,,,,Technical notes are available at the following link: https://www.ecb.europa.eu/stats/financial_markets_and_interest_rates/euro_area_yield_curves/shared/pdf/technical_notes.pdf,,6,,,AAA yield curve - 5-year spot rate,"Euro area (changing composition) - Government bond, nominal, all issuers whose rating is triple A - Svensson model - continuous compounding - yield error minimisation - Yield curve spot rate, 5-year maturity",PCPA,0
YC.B.U2.EUR.4F.G_N_A.SV_C_YM.SR_5Y,B,U2,EUR,4F,G_N_A,SV_C_YM,SR_5Y,2022-05-18,0.8699439207638451,A,F,,,P1D,,E,,,,,,,,,,,,,,,Technical notes are available at the following link: https://www.ecb.europa.eu/stats/financial_markets_and_interest_rates/euro_area_yield_curves/shared/pdf/technical_notes.pdf,,6,,,AAA yield curve - 5-year spot rate,"Euro area (changing composition) - Government bond, nominal, all issuers whose rating is triple A - Svensson model - continuous compounding - yield error minimisation - Yield curve spot rate, 5-year maturity",PCPA,0
YC.B.U2.EUR.4F.G_N_A.SV_C_YM.SR_5Y,B,U2,EUR,4F,G_N_A,SV_C_YM,SR_5Y,2022-05-19,0.7756486791527655,A,F,,,P1D,,E,,,,,,,,,,,,,,,Technical notes are available at the following link: https://www.ecb.europa.eu/stats/financial_markets_and_interest_rates/euro_area_yield_curves/shared/pdf/technical_notes.pdf,,6,,,AAA yield curve - 5-year spot rate,"Euro area (changing composition) - Government bond, nominal, all issuers whose rating is triple A - Svensson model - continuous compounding - yield error minimisation - Yield curve spot rate, 5-year maturity",PCPA,0
YC.B.U2.EUR.4F.G_N_A.SV_C_YM.SR_5Y,B,U2,EUR,4F,G_N_A,SV_C_YM,SR_5Y,2022-05-20,0.7846737740794709,A,F,,,P1D,,E,,,,,,,,,,,,,,,Technical notes are available at the following link: https://www.ecb.europa.eu/stats/financial_markets_and_interest_rates/euro_area_yield_curves/shared/pdf/technical_notes.pdf,,6,,,AAA yield curve - 5-year spot rate,"Euro area (changing composition) - Government bond, nominal, all issuers whose rating is triple A - Svensson model - continuous compounding - yield error minimisation - Yield curve spot rate, 5-year maturity",PCPA,0
YC.B.U2.EUR.4F.G_N_A.SV_C_YM.SR_5Y,B,U2,EUR,4F,G_N_A,SV_C_YM,SR_5Y,2022-05-23,0.7988041875776033,A,F,,,P1D,,E,,,,,,,,,,,,,,,Technical notes are available at the following link: https://www.ecb.europa.eu/stats/financial_markets_and_interest_rates/euro_area_yield_curves/shared/pdf/technical_notes.pdf,,6,,,AAA yield curve - 5-year spot rate,"Euro area (changing composition) - Government bond, nominal, all issuers whose rating is triple A - Svensson model - continuous compounding - yield error minimisation - Yield curve spot rate, 5-year maturity",PCPA,0
YC.B.U2.EUR.4F.G_N_A.SV_C_YM.SR_5Y,B,U2,EUR,4F,G_N_A,SV_C_YM,SR_5Y,2022-05-24,0.8295702911580425,A,F,,,P1D,,E,,,,,,,,,,,,,,,Technical notes are available at the following link: https://www.ecb.europa.eu/stats/financial_markets_and_interest_rates/euro_area_yield_curves/shared/pdf/technical_notes.pdf,,6,,,AAA yield curve - 5-year spot rate,"Euro area (changing composition) - Government bond, nominal, all issuers whose rating is triple A - Svensson model - continuous compounding - yield error minimisation - Yield curve spot rate, 5-year maturity",PCPA,0
YC.B.U2.EUR.4F.G_N_A.SV_C_YM.SR_5Y,B,U2,EUR,4F,G_N_A,SV_C_YM,SR_5Y,2022-05-25,0.7671138798386905,A,F,,,P1D,,E,,,,,,,,,,,,,,,Technical notes are available at the following link: https://www.ecb.europa.eu/stats/financial_markets_and_interest_rates/euro_area_yield_curves/shared/pdf/technical_notes.pdf,,6,,,AAA yield curve - 5-year spot rate,"Euro area (changing composition) - Government bond, nominal, all issuers whose rating is triple A - Svensson model - continuous compounding - yield error minimisation - Yield curve spot rate, 5-year maturity",PCPA,0
YC.B.U2.EUR.4F.G_N_A.SV_C_YM.SR_5Y,B,U2,EUR,4F,G_N_A,SV_C_YM,SR_5Y,2022-05-26,0.7338802083992673,A,F,,,P1D,,E,,,,,,,,,,,,,,,Technical notes are available at the following link: https://www.ecb.europa.eu/stats/financial_markets_and_interest_rates/euro_area_yield_curves/shared/pdf/technical_notes.pdf,,6,,,AAA yield curve - 5-year spot rate,"Euro area (changing composition) - Government bond, nominal, all issuers whose rating is triple A - Svensson model - continuous compounding - yield error minimisation - Yield curve spot rate, 5-year maturity",PCPA,0
YC.B.U2.EUR.4F.G_N_A.SV_C_YM.SR_5Y,B,U2,EUR,4F,G_N_A,SV_C_YM,SR_5Y,2022-05-27,0.731066717345437,A,F,,,P1D,,E,,,,,,,,,,,,,,,Technical notes are available at the following link: https://www.ecb.europa.eu/stats/financial_markets_and_interest_rates/euro_area_yield_curves/shared/pdf/technical_notes.pdf,,6,,,AAA yield curve - 5-year spot rate,"Euro area (changing composition) - Government bond, nominal, all issuers whose rating is triple A - Svensson model - continuous compounding - yield error minimisation - Yield curve spot rate, 5-year maturity",PCPA,0
YC.B.U2.EUR.4F.G_N_A.SV_C_YM.SR_5Y,B,U2,EUR,4F,G_N_A,SV_C_YM,SR_5Y,2022-05-30,0.8869333118931357,A,F,,,P1D,,E,,,,,,,,,,,,,,,Technical notes are available at the following link: https://www.ecb.europa.eu/stats/financial_markets_and_interest_rates/euro_area_yield_curves/shared/pdf/technical_notes.pdf,,6,,,AAA yield curve - 5-year spot rate,"Euro area (changing composition) - Government bond, nominal, all issuers whose rating is triple A - Svensson model - continuous compounding - yield error minimisation - Yield curve spot rate, 5-year maturity",PCPA,0
YC.B.U2.EUR.4F.G_N_A.SV_C_YM.SR_5Y,B,U2,EUR,4F,G_N_A,SV_C_YM,SR_5Y,2022-05-31,0.967474574001733,A,F,,,P1D,,E,,,,,,,,,,,,,,,Technical notes are available at the following link: https://www.ecb.europa.eu/stats/financial_markets_and_interest_rates/euro_area_yield_curves/shared/pdf/technical_notes.pdf,,6,,,AAA yield curve - 5-year spot rate,"Euro area (changing composition) - Government bond, nominal, all issuers whose rating is triple A - Svensson model - continuous compounding - yield error minimisation - Yield curve spot rate, 5-year maturity",PCPA,0
YC.B.U2.EUR.4F.G_N_A.SV_C_YM.SR_5Y,B,U2,EUR,4F,G_N_A,SV_C_YM,SR_5Y,2022-06-01,0.9442219945660582,A,F,,,P1D,,E,,,,,,,,,,,,,,,Technical notes are available at the following link: https://www.ecb.europa.eu/stats/financial_markets_and_interest_rates/euro_area_yield_curves/shared/pdf/technical_notes.pdf,,6,,,AAA yield curve - 5-year spot rate,"Euro area (changing composition) - Government bond, nominal, all issuers whose rating is triple A - Svensson model - continuous compounding - yield error minimisation - Yield curve spot rate, 5-year maturity",PCPA,0
YC.B.U2.EUR.4F.G_N_A.SV_C_YM.SR_5Y,B,U2,EUR,4F,G_N_A,SV_C_YM,SR_5Y,2022-06-02,1.0814618043296247,A,F,,,P1D,,E,,,,,,,,,,,,,,,Technical notes are available at the following link: https://www.ecb.europa.eu/stats/financial_markets_and_interest_rates/euro_area_yield_curves/shared/pdf/technical_notes.pdf,,6,,,AAA yield curve - 5-year spot rate,"Euro area (changing composition) - Government bond, nominal, all issuers whose rating is triple A - Svensson model - continuous compounding - yield error minimisation - Yield curve spot rate, 5-year maturity",PCPA,0
YC.B.U2.EUR.4F.G_N_A.SV_C_YM.SR_5Y,B,U2,EUR,4F,G_N_A,SV_C_YM,SR_5Y,2022-06-03,1.1156514013301113,A,F,,,P1D,,E,,,,,,,,,,,,,,,Technical notes are available at the following link: https://www.ecb.europa.eu/stats/financial_markets_and_interest_rates/euro_area_yield_curves/shared/pdf/technical_notes.pdf,,6,,,AAA yield curve - 5-year spot rate,"Euro area (changing composition) - Government bond, nominal, all issuers whose rating is triple A - Svensson model - continuous compounding - yield error minimisation - Yield curve spot rate, 5-year maturity",PCPA,0
YC.B.U2.EUR.4F.G_N_A.SV_C_YM.SR_5Y,B,U2,EUR,4F,G_N_A,SV_C_YM,SR_5Y,2022-06-06,1.1445246298668008,A,F,,,P1D,,E,,,,,,,,,,,,,,,Technical notes are available at the following link: https://www.ecb.europa.eu/stats/financial_markets_and_interest_rates/euro_area_yield_curves/shared/pdf/technical_notes.pdf,,6,,,AAA yield curve - 5-year spot rate,"Euro area (changing composition) - Government bond, nominal, all issuers whose rating is triple A - Svensson model - continuous compounding - yield error minimisation - Yield curve spot rate, 5-year maturity",PCPA,0
YC.B.U2.EUR.4F.G_N_A.SV_C_YM.SR_5Y,B,U2,EUR,4F,G_N_A,SV_C_YM,SR_5Y,2022-06-07,1.1342134461825513,A,F,,,P1D,,E,,,,,,,,,,,,,,,Technical notes are available at the following link: https://www.ecb.europa.eu/stats/financial_markets_and_interest_rates/euro_area_yield_curves/shared/pdf/technical_notes.pdf,,6,,,AAA yield curve - 5-year spot rate,"Euro area (changing composition) - Government bond, nominal, all issuers whose rating is triple A - Svensson model - continuous compounding - yield error minimisation - Yield curve spot rate, 5-year maturity",PCPA,0
YC.B.U2.EUR.4F.G_N_A.SV_C_YM.SR_5Y,B,U2,EUR,4F,G_N_A,SV_C_YM,SR_5Y,2022-06-08,1.2123094085641952,A,F,,,P1D,,E,,,,,,,,,,,,,,,Technical notes are available at the following link: https://www.ecb.europa.eu/stats/financial_markets_and_interest_rates/euro_area_yield_curves/shared/pdf/technical_notes.pdf,,6,,,AAA yield curve - 5-year spot rate,"Euro area (changing composition) - Government bond, nominal, all issuers whose rating is triple A - Svensson model - continuous compounding - yield error minimisation - Yield curve spot rate, 5-year maturity",PCPA,0
YC.B.U2.EUR.4F.G_N_A.SV_C_YM.SR_5Y,B,U2,EUR,4F,G_N_A,SV_C_YM,SR_5Y,2022-06-09,1.2983480696289658,A,F,,,P1D,,E,,,,,,,,,,,,,,,Technical notes are available at the following link: https://www.ecb.europa.eu/stats/financial_markets_and_interest_rates/euro_area_yield_curves/shared/pdf/technical_notes.pdf,,6,,,AAA yield curve - 5-year spot rate,"Euro area (changing composition) - Government bond, nominal, all issuers whose rating is triple A - Svensson model - continuous compounding - yield error minimisation - Yield curve spot rate, 5-year maturity",PCPA,0
YC.B.U2.EUR.4F.G_N_A.SV_C_YM.SR_5Y,B,U2,EUR,4F,G_N_A,SV_C_YM,SR_5Y,2022-06-10,1.363081125695556,A,F,,,P1D,,E,,,,,,,,,,,,,,,Technical notes are available at the following link: https://www.ecb.europa.eu/stats/financial_markets_and_interest_rates/euro_area_yield_curves/shared/pdf/technical_notes.pdf,,6,,,AAA yield curve - 5-year spot rate,"Euro area (changing composition) - Government bond, nominal, all issuers whose rating is triple A - Svensson model - continuous compounding - yield error minimisation - Yield curve spot rate, 5-year maturity",PCPA,0
YC.B.U2.EUR.4F.G_N_A.SV_C_YM.SR_5Y,B,U2,EUR,4F,G_N_A,SV_C_YM,SR_5Y,2022-06-13,1.5056811298278547,A,F,,,P1D,,E,,,,,,,,,,,,,,,Technical notes are available at the following link: https://www.ecb.europa.eu/stats/financial_markets_and_interest_rates/euro_area_yield_curves/shared/pdf/technical_notes.pdf,,6,,,AAA yield curve - 5-year spot rate,"Euro area (changing composition) - Government bond, nominal, all issuers whose rating is triple A - Svensson model - continuous compounding - yield error minimisation - Yield curve spot rate, 5-year maturity",PCPA,0
YC.B.U2.EUR.4F.G_N_A.SV_C_YM.SR_5Y,B,U2,EUR,4F,G_N_A,SV_C_YM,SR_5Y,2022-06-14,1.5876173473240045,A,F,,,P1D,,E,,,,,,,,,,,,,,,Technical notes are available at the following link: https://www.ecb.europa.eu/stats/financial_markets_and_interest_rates/euro_area_yield_curves/shared/pdf/technical_notes.pdf,,6,,,AAA yield curve - 5-year spot rate,"Euro area (changing composition) - Government bond, nominal, all issuers whose rating is triple A - Svensson model - continuous compounding - yield error minimisation - Yield curve spot rate, 5-year maturity",PCPA,0
YC.B.U2.EUR.4F.G_N_A.SV_C_YM.SR_5Y,B,U2,EUR,4F,G_N_A,SV_C_YM,SR_5Y,2022-06-15,1.547101271817276,A,F,,,P1D,,E,,,,,,,,,,,,,,,Technical notes are available at the following link: https://www.ecb.europa.eu/stats/financial_markets_and_interest_rates/euro_area_yield_curves/shared/pdf/technical_notes.pdf,,6,,,AAA yield curve - 5-year spot rate,"Euro area (changing composition) - Government bond, nominal, all issuers whose rating is triple A - Svensson model - continuous compounding - yield error minimisation - Yield curve spot rate, 5-year maturity",PCPA,0
YC.B.U2.EUR.4F.G_N_A.SV_C_YM.SR_5Y,B,U2,EUR,4F,G_N_A,SV_C_YM,SR_5Y,2022-06-16,1.6777351742551416,A,F,,,P1D,,E,,,,,,,,,,,,,,,Technical notes are available at the following link: https://www.ecb.europa.eu/stats/financial_markets_and_interest_rates/euro_area_yield_curves/shared/pdf/technical_notes.pdf,,6,,,AAA yield curve - 5-year spot rate,"Euro area (changing composition) - Government bond, nominal, all issuers whose rating is triple A - Svensson model - continuous compounding - yield error minimisation - Yield curve spot rate, 5-year maturity",PCPA,0
YC.B.U2.EUR.4F.G_N_A.SV_C_YM.SR_5Y,B,U2,EUR,4F,G_N_A,SV_C_YM,SR_5Y,2022-06-17,1.5464213257883186,A,F,,,P1D,,E,,,,,,,,,,,,,,,Technical notes are available at the following link: https://www.ecb.europa.eu/stats/financial_markets_and_interest_rates/euro_area_yield_curves/shared/pdf/technical_notes.pdf,,6,,,AAA yield curve - 5-year spot rate,"Euro area (changing composition) - Government bond, nominal, all issuers whose rating is triple A - Svensson model - continuous compounding - yield error minimisation - Yield curve spot rate, 5-year maturity",PCPA,0
YC.B.U2.EUR.4F.G_N_A.SV_C_YM.SR_5Y,B,U2,EUR,4F,G_N_A,SV_C_YM,SR_5Y,2022-06-20,1.5453830428005442,A,F,,,P1D,,E,,,,,,,,,,,,,,,Technical notes are available at the following link: https://www.ecb.europa.eu/stats/financial_markets_and_interest_rates/euro_area_yield_curves/shared/pdf/technical_notes.pdf,,6,,,AAA yield curve - 5-year spot rate,"Euro area (changing composition) - Government bond, nominal, all issuers whose rating is triple A - Svensson model - continuous compounding - yield error minimisation - Yield curve spot rate, 5-year maturity",PCPA,0
YC.B.U2.EUR.4F.G_N_A.SV_C_YM.SR_5Y,B,U2,EUR,4F,G_N_A,SV_C_YM,SR_5Y,2022-06-21,1.572958761516713,A,F,,,P1D,,E,,,,,,,,,,,,,,,Technical notes are available at the following link: https://www.ecb.europa.eu/stats/financial_markets_and_interest_rates/euro_area_yield_curves/shared/pdf/technical_notes.pdf,,6,,,AAA yield curve - 5-year spot rate,"Euro area (changing composition) - Government bond, nominal, all issuers whose rating is triple A - Svensson model - continuous compounding - yield error minimisation - Yield curve spot rate, 5-year maturity",PCPA,0
YC.B.U2.EUR.4F.G_N_A.SV_C_YM.SR_5Y,B,U2,EUR,4F,G_N_A,SV_C_YM,SR_5Y,2022-06-22,1.439044896673547,A,F,,,P1D,,E,,,,,,,,,,,,,,,Technical notes are available at the following link: https://www.ecb.europa.eu/stats/financial_markets_and_interest_rates/euro_area_yield_curves/shared/pdf/technical_notes.pdf,,6,,,AAA yield curve - 5-year spot rate,"Euro area (changing composition) - Government bond, nominal, all issuers whose rating is triple A - Svensson model - continuous compounding - yield error minimisation - Yield curve spot rate, 5-year maturity",PCPA,0
YC.B.U2.EUR.4F.G_N_A.SV_C_YM.SR_5Y,B,U2,EUR,4F,G_N_A,SV_C_YM,SR_5Y,2022-06-23,1.1591120938659096,A,F,,,P1D,,E,,,,,,,,,,,,,,,Technical notes are available at the following link: https://www.ecb.europa.eu/stats/financial_markets_and_interest_rates/euro_area_yield_curves/shared/pdf/technical_notes.pdf,,6,,,AAA yield curve - 5-year spot rate,"Euro area (changing composition) - Government bond, nominal, all issuers whose rating is triple A - Svensson model - continuous compounding - yield error minimisation - Yield curve spot rate, 5-year maturity",PCPA,0
YC.B.U2.EUR.4F.G_N_A.SV_C_YM.SR_5Y,B,U2,EUR,4F,G_N_A,SV_C_YM,SR_5Y,2022-06-24,1.2493717450004822,A,F,,,P1D,,E,,,,,,,,,,,,,,,Technical notes are available at the following link: https://www.ecb.europa.eu/stats/financial_markets_and_interest_rates/euro_area_yield_curves/shared/pdf/technical_notes.pdf,,6,,,AAA yield curve - 5-year spot rate,"Euro area (changing composition) - Government bond, nominal, all issuers whose rating is triple A - Svensson model - continuous compounding - yield error minimisation - Yield curve spot rate, 5-year maturity",PCPA,0
YC.B.U2.EUR.4F.G_N_A.SV_C_YM.SR_5Y,B,U2,EUR,4F,G_N_A,SV_C_YM,SR_5Y,2022-06-27,1.287068012450903,A,F,,,P1D,,E,,,,,,,,,,,,,,,Technical notes are available at the following link: https://www.ecb.europa.eu/stats/financial_markets_and_interest_rates/euro_area_yield_curves/shared/pdf/technical_notes.pdf,,6,,,AAA yield curve - 5-year spot rate,"Euro area (changing composition) - Government bond, nominal, all issuers whose rating is triple A - Svensson model - continuous compounding - yield error minimisation - Yield curve spot rate, 5-year maturity",PCPA,0
YC.B.U2.EUR.4F.G_N_A.SV_C_YM.SR_5Y,B,U2,EUR,4F,G_N_A,SV_C_YM,SR_5Y,2022-06-28,1.406469426199283,A,F,,,P1D,,E,,,,,,,,,,,,,,,Technical notes are available at the following link: https://www.ecb.europa.eu/stats/financial_markets_and_interest_rates/euro_area_yield_curves/shared/pdf/technical_notes.pdf,,6,,,AAA yield curve - 5-year spot rate,"Euro area (changing composition) - Government bond, nominal, all issuers whose rating is triple A - Svensson model - continuous compounding - yield error minimisation - Yield curve spot rate, 5-year maturity",PCPA,0
YC.B.U2.EUR.4F.G_N_A.SV_C_YM.SR_5Y,B,U2,EUR,4F,G_N_A,SV_C_YM,SR_5Y,2022-06-29,1.3245688359342376,A,F,,,P1D,,E,,,,,,,,,,,,,,,Technical notes are available at the following link: https://www.ecb.europa.eu/stats/financial_markets_and_interest_rates/euro_area_yield_curves/shared/pdf/technical_notes.pdf,,6,,,AAA yield curve - 5-year spot rate,"Euro area (changing composition) - Government bond, nominal, all issuers whose rating is triple A - Svensson model - continuous compounding - yield error minimisation - Yield curve spot rate, 5-year maturity",PCPA,0
YC.B.U2.EUR.4F.G_N_A.SV_C_YM.SR_5Y,B,U2,EUR,4F,G_N_A,SV_C_YM,SR_5Y,2022-06-30,1.1055499780526286,A,F,,,P1D,,E,,,,,,,,,,,,,,,Technical notes are available at the following link: https://www.ecb.europa.eu/stats/financial_markets_and_interest_rates/euro_area_yield_curves/shared/pdf/technical_notes.pdf,,6,,,AAA yield curve - 5-year spot rate,"Euro area (changing composition) - Government bond, nominal, all issuers whose rating is triple A - Svensson model - continuous compounding - yield error minimisation - Yield curve spot rate, 5-year maturity",PCPA,0
YC.B.U2.EUR.4F.G_N_A.SV_C_YM.SR_5Y,B,U2,EUR,4F,G_N_A,SV_C_YM,SR_5Y,2022-07-01,0.9576062926258975,A,F,,,P1D,,E,,,,,,,,,,,,,,,Technical notes are available at the following link: https://www.ecb.europa.eu/stats/financial_markets_and_interest_rates/euro_area_yield_curves/shared/pdf/technical_notes.pdf,,6,,,AAA yield curve - 5-year spot rate,"Euro area (changing composition) - Government bond, nominal, all issuers whose rating is triple A - Svensson model - continuous compounding - yield error minimisation - Yield curve spot rate, 5-year maturity",PCPA,0
YC.B.U2.EUR.4F.G_N_A.SV_C_YM.SR_5Y,B,U2,EUR,4F,G_N_A,SV_C_YM,SR_5Y,2022-07-04,1.0331556297158566,A,F,,,P1D,,E,,,,,,,,,,,,,,,Technical notes are available at the following link: https://www.ecb.europa.eu/stats/financial_markets_and_interest_rates/euro_area_yield_curves/shared/pdf/technical_notes.pdf,,6,,,AAA yield curve - 5-year spot rate,"Euro area (changing composition) - Government bond, nominal, all issuers whose rating is triple A - Svensson model - continuous compounding - yield error minimisation - Yield curve spot rate, 5-year maturity",PCPA,0
YC.B.U2.EUR.4F.G_N_A.SV_C_YM.SR_5Y,B,U2,EUR,4F,G_N_A,SV_C_YM,SR_5Y,2022-07-05,0.8977837102919577,A,F,,,P1D,,E,,,,,,,,,,,,,,,Technical notes are available at the following link: https://www.ecb.europa.eu/stats/financial_markets_and_interest_rates/euro_area_yield_curves/shared/pdf/technical_notes.pdf,,6,,,AAA yield curve - 5-year spot rate,"Euro area (changing composition) - Government bond, nominal, all issuers whose rating is triple A - Svensson model - continuous compounding - yield error minimisation - Yield curve spot rate, 5-year maturity",PCPA,0
YC.B.U2.EUR.4F.G_N_A.SV_C_YM.SR_5Y,B,U2,EUR,4F,G_N_A,SV_C_YM,SR_5Y,2022-07-06,0.7871381788639504,A,F,,,P1D,,E,,,,,,,,,,,,,,,Technical notes are available at the following link: https://www.ecb.europa.eu/stats/financial_markets_and_interest_rates/euro_area_yield_curves/shared/pdf/technical_notes.pdf,,6,,,AAA yield curve - 5-year spot rate,"Euro area (changing composition) - Government bond, nominal, all issuers whose rating is triple A - Svensson model - continuous compounding - yield error minimisation - Yield curve spot rate, 5-year maturity",PCPA,0
YC.B.U2.EUR.4F.G_N_A.SV_C_YM.SR_5Y,B,U2,EUR,4F,G_N_A,SV_C_YM,SR_5Y,2022-07-07,0.9259818723343871,A,F,,,P1D,,E,,,,,,,,,,,,,,,Technical notes are available at the following link: https://www.ecb.europa.eu/stats/financial_markets_and_interest_rates/euro_area_yield_curves/shared/pdf/technical_notes.pdf,,6,,,AAA yield curve - 5-year spot rate,"Euro area (changing composition) - Government bond, nominal, all issuers whose rating is triple A - Svensson model - continuous compounding - yield error minimisation - Yield curve spot rate, 5-year maturity",PCPA,0
YC.B.U2.EUR.4F.G_N_A.SV_C_YM.SR_5Y,B,U2,EUR,4F,G_N_A,SV_C_YM,SR_5Y,2022-07-08,0.9429012793269369,A,F,,,P1D,,E,,,,,,,,,,,,,,,Technical notes are available at the following link: https://www.ecb.europa.eu/stats/financial_markets_and_interest_rates/euro_area_yield_curves/shared/pdf/technical_notes.pdf,,6,,,AAA yield curve - 5-year spot rate,"Euro area (changing composition) - Government bond, nominal, all issuers whose rating is triple A - Svensson model - continuous compounding - yield error minimisation - Yield curve spot rate, 5-year maturity",PCPA,0
YC.B.U2.EUR.4F.G_N_A.SV_C_YM.SR_5Y,B,U2,EUR,4F,G_N_A,SV_C_YM,SR_5Y,2022-07-11,0.8647735611490003,A,F,,,P1D,,E,,,,,,,,,,,,,,,Technical notes are available at the following link: https://www.ecb.europa.eu/stats/financial_markets_and_interest_rates/euro_area_yield_curves/shared/pdf/technical_notes.pdf,,6,,,AAA yield curve - 5-year spot rate,"Euro area (changing composition) - Government bond, nominal, all issuers whose rating is triple A - Svensson model - continuous compounding - yield error minimisation - Yield curve spot rate, 5-year maturity",PCPA,0
YC.B.U2.EUR.4F.G_N_A.SV_C_YM.SR_5Y,B,U2,EUR,4F,G_N_A,SV_C_YM,SR_5Y,2022-07-12,0.7482207403722514,A,F,,,P1D,,E,,,,,,,,,,,,,,,Technical notes are available at the following link: https://www.ecb.europa.eu/stats/financial_markets_and_interest_rates/euro_area_yield_curves/shared/pdf/technical_notes.pdf,,6,,,AAA yield curve - 5-year spot rate,"Euro area (changing composition) - Government bond, nominal, all issuers whose rating is triple A - Svensson model - continuous compounding - yield error minimisation - Yield curve spot rate, 5-year maturity",PCPA,0
YC.B.U2.EUR.4F.G_N_A.SV_C_YM.SR_5Y,B,U2,EUR,4F,G_N_A,SV_C_YM,SR_5Y,2022-07-13,0.8379956463592971,A,F,,,P1D,,E,,,,,,,,,,,,,,,Technical notes are available at the following link: https://www.ecb.europa.eu/stats/financial_markets_and_interest_rates/euro_area_yield_curves/shared/pdf/technical_notes.pdf,,6,,,AAA yield curve - 5-year spot rate,"Euro area (changing composition) - Government bond, nominal, all issuers whose rating is triple A - Svensson model - continuous compounding - yield error minimisation - Yield curve spot rate, 5-year maturity",PCPA,0
YC.B.U2.EUR.4F.G_N_A.SV_C_YM.SR_5Y,B,U2,EUR,4F,G_N_A,SV_C_YM,SR_5Y,2022-07-14,0.8979921081586639,A,F,,,P1D,,E,,,,,,,,,,,,,,,Technical notes are available at the following link: https://www.ecb.europa.eu/stats/financial_markets_and_interest_rates/euro_area_yield_curves/shared/pdf/technical_notes.pdf,,6,,,AAA yield curve - 5-year spot rate,"Euro area (changing composition) - Government bond, nominal, all issuers whose rating is triple A - Svensson model - continuous compounding - yield error minimisation - Yield curve spot rate, 5-year maturity",PCPA,0
YC.B.U2.EUR.4F.G_N_A.SV_C_YM.SR_5Y,B,U2,EUR,4F,G_N_A,SV_C_YM,SR_5Y,2022-07-15,0.8394439985693732,A,F,,,P1D,,E,,,,,,,,,,,,,,,Technical notes are available at the following link: https://www.ecb.europa.eu/stats/financial_markets_and_interest_rates/euro_area_yield_curves/shared/pdf/technical_notes.pdf,,6,,,AAA yield curve - 5-year spot rate,"Euro area (changing composition) - Government bond, nominal, all issuers whose rating is triple A - Svensson model - continuous compounding - yield error minimisation - Yield curve spot rate, 5-year maturity",PCPA,0
YC.B.U2.EUR.4F.G_N_A.SV_C_YM.SR_5Y,B,U2,EUR,4F,G_N_A,SV_C_YM,SR_5Y,2022-07-18,0.9154849395779856,A,F,,,P1D,,E,,,,,,,,,,,,,,,Technical notes are available at the following link: https://www.ecb.europa.eu/stats/financial_markets_and_interest_rates/euro_area_yield_curves/shared/pdf/technical_notes.pdf,,6,,,AAA yield curve - 5-year spot rate,"Euro area (changing composition) - Government bond, nominal, all issuers whose rating is triple A - Svensson model - continuous compounding - yield error minimisation - Yield curve spot rate, 5-year maturity",PCPA,0
YC.B.U2.EUR.4F.G_N_A.SV_C_YM.SR_5Y,B,U2,EUR,4F,G_N_A,SV_C_YM,SR_5Y,2022-07-19,0.9751441286262661,A,F,,,P1D,,E,,,,,,,,,,,,,,,Technical notes are available at the following link: https://www.ecb.europa.eu/stats/financial_markets_and_interest_rates/euro_area_yield_curves/shared/pdf/technical_notes.pdf,,6,,,AAA yield curve - 5-year spot rate,"Euro area (changing composition) - Government bond, nominal, all issuers whose rating is triple A - Svensson model - continuous compounding - yield error minimisation - Yield curve spot rate, 5-year maturity",PCPA,0
YC.B.U2.EUR.4F.G_N_A.SV_C_YM.SR_5Y,B,U2,EUR,4F,G_N_A,SV_C_YM,SR_5Y,2022-07-20,0.9697655340528888,A,F,,,P1D,,E,,,,,,,,,,,,,,,Technical notes are available at the following link: https://www.ecb.europa.eu/stats/financial_markets_and_interest_rates/euro_area_yield_curves/shared/pdf/technical_notes.pdf,,6,,,AAA yield curve - 5-year spot rate,"Euro area (changing composition) - Government bond, nominal, all issuers whose rating is triple A - Svensson model - continuous compounding - yield error minimisation - Yield curve spot rate, 5-year maturity",PCPA,0
YC.B.U2.EUR.4F.G_N_A.SV_C_YM.SR_5Y,B,U2,EUR,4F,G_N_A,SV_C_YM,SR_5Y,2022-07-21,1.020535547489442,A,F,,,P1D,,E,,,,,,,,,,,,,,,Technical notes are available at the following link: https://www.ecb.europa.eu/stats/financial_markets_and_interest_rates/euro_area_yield_curves/shared/pdf/technical_notes.pdf,,6,,,AAA yield curve - 5-year spot rate,"Euro area (changing composition) - Government bond, nominal, all issuers whose rating is triple A - Svensson model - continuous compounding - yield error minimisation - Yield curve spot rate, 5-year maturity",PCPA,0
YC.B.U2.EUR.4F.G_N_A.SV_C_YM.SR_5Y,B,U2,EUR,4F,G_N_A,SV_C_YM,SR_5Y,2022-07-22,0.7683520544405251,A,F,,,P1D,,E,,,,,,,,,,,,,,,Technical notes are available at the following link: https://www.ecb.europa.eu/stats/financial_markets_and_interest_rates/euro_area_yield_curves/shared/pdf/technical_notes.pdf,,6,,,AAA yield curve - 5-year spot rate,"Euro area (changing composition) - Government bond, nominal, all issuers whose rating is triple A - Svensson model - continuous compounding - yield error minimisation - Yield curve spot rate, 5-year maturity",PCPA,0
YC.B.U2.EUR.4F.G_N_A.SV_C_YM.SR_5Y,B,U2,EUR,4F,G_N_A,SV_C_YM,SR_5Y,2022-07-25,0.792922769353547,A,F,,,P1D,,E,,,,,,,,,,,,,,,Technical notes are available at the following link: https://www.ecb.europa.eu/stats/financial_markets_and_interest_rates/euro_area_yield_curves/shared/pdf/technical_notes.pdf,,6,,,AAA yield curve - 5-year spot rate,"Euro area (changing composition) - Government bond, nominal, all issuers whose rating is triple A - Svensson model - continuous compounding - yield error minimisation - Yield curve spot rate, 5-year maturity",PCPA,0
YC.B.U2.EUR.4F.G_N_A.SV_C_YM.SR_5Y,B,U2,EUR,4F,G_N_A,SV_C_YM,SR_5Y,2022-07-26,0.6430339310302591,A,F,,,P1D,,E,,,,,,,,,,,,,,,Technical notes are available at the following link: https://www.ecb.europa.eu/stats/financial_markets_and_interest_rates/euro_area_yield_curves/shared/pdf/technical_notes.pdf,,6,,,AAA yield curve - 5-year spot rate,"Euro area (changing composition) - Government bond, nominal, all issuers whose rating is triple A - Svensson model - continuous compounding - yield error minimisation - Yield curve spot rate, 5-year maturity",PCPA,0
YC.B.U2.EUR.4F.G_N_A.SV_C_YM.SR_5Y,B,U2,EUR,4F,G_N_A,SV_C_YM,SR_5Y,2022-07-27,0.667520141930459,A,F,,,P1D,,E,,,,,,,,,,,,,,,Technical notes are available at the following link: https://www.ecb.europa.eu/stats/financial_markets_and_interest_rates/euro_area_yield_curves/shared/pdf/technical_notes.pdf,,6,,,AAA yield curve - 5-year spot rate,"Euro area (changing composition) - Government bond, nominal, all issuers whose rating is triple A - Svensson model - continuous compounding - yield error minimisation - Yield curve spot rate, 5-year maturity",PCPA,0
YC.B.U2.EUR.4F.G_N_A.SV_C_YM.SR_5Y,B,U2,EUR,4F,G_N_A,SV_C_YM,SR_5Y,2022-07-28,0.5028844965641142,A,F,,,P1D,,E,,,,,,,,,,,,,,,Technical notes are available at the following link: https://www.ecb.europa.eu/stats/financial_markets_and_interest_rates/euro_area_yield_curves/shared/pdf/technical_notes.pdf,,6,,,AAA yield curve - 5-year spot rate,"Euro area (changing composition) - Government bond, nominal, all issuers whose rating is triple A - Svensson model - continuous compounding - yield error minimisation - Yield curve spot rate, 5-year maturity",PCPA,0
YC.B.U2.EUR.4F.G_N_A.SV_C_YM.SR_5Y,B,U2,EUR,4F,G_N_A,SV_C_YM,SR_5Y,2022-07-29,0.5513337349658585,A,F,,,P1D,,E,,,,,,,,,,,,,,,Technical notes are available at the following link: https://www.ecb.europa.eu/stats/financial_markets_and_interest_rates/euro_area_yield_curves/shared/pdf/technical_notes.pdf,,6,,,AAA yield curve - 5-year spot rate,"Euro area (changing composition) - Government bond, nominal, all issuers whose rating is triple A - Svensson model - continuous compounding - yield error minimisation - Yield curve spot rate, 5-year maturity",PCPA,0
YC.B.U2.EUR.4F.G_N_A.SV_C_YM.SR_5Y,B,U2,EUR,4F,G_N_A,SV_C_YM,SR_5Y,2022-08-01,0.48041268050866215,A,F,,,P1D,,E,,,,,,,,,,,,,,,Technical notes are available at the following link: https://www.ecb.europa.eu/stats/financial_markets_and_interest_rates/euro_area_yield_curves/shared/pdf/technical_notes.pdf,,6,,,AAA yield curve - 5-year spot rate,"Euro area (changing composition) - Government bond, nominal, all issuers whose rating is triple A - Svensson model - continuous compounding - yield error minimisation - Yield curve spot rate, 5-year maturity",PCPA,0
YC.B.U2.EUR.4F.G_N_A.SV_C_YM.SR_5Y,B,U2,EUR,4F,G_N_A,SV_C_YM,SR_5Y,2022-08-02,0.462850280466899,A,F,,,P1D,,E,,,,,,,,,,,,,,,Technical notes are available at the following link: https://www.ecb.europa.eu/stats/financial_markets_and_interest_rates/euro_area_yield_curves/shared/pdf/technical_notes.pdf,,6,,,AAA yield curve - 5-year spot rate,"Euro area (changing composition) - Government bond, nominal, all issuers whose rating is triple A - Svensson model - continuous compounding - yield error minimisation - Yield curve spot rate, 5-year maturity",PCPA,0
YC.B.U2.EUR.4F.G_N_A.SV_C_YM.SR_5Y,B,U2,EUR,4F,G_N_A,SV_C_YM,SR_5Y,2022-08-03,0.5942212965267295,A,F,,,P1D,,E,,,,,,,,,,,,,,,Technical notes are available at the following link: https://www.ecb.europa.eu/stats/financial_markets_and_interest_rates/euro_area_yield_curves/shared/pdf/technical_notes.pdf,,6,,,AAA yield curve - 5-year spot rate,"Euro area (changing composition) - Government bond, nominal, all issuers whose rating is triple A - Svensson model - continuous compounding - yield error minimisation - Yield curve spot rate, 5-year maturity",PCPA,0
YC.B.U2.EUR.4F.G_N_A.SV_C_YM.SR_5Y,B,U2,EUR,4F,G_N_A,SV_C_YM,SR_5Y,2022-08-04,0.5322839569168982,A,F,,,P1D,,E,,,,,,,,,,,,,,,Technical notes are available at the following link: https://www.ecb.europa.eu/stats/financial_markets_and_interest_rates/euro_area_yield_curves/shared/pdf/technical_notes.pdf,,6,,,AAA yield curve - 5-year spot rate,"Euro area (changing composition) - Government bond, nominal, all issuers whose rating is triple A - Svensson model - continuous compounding - yield error minimisation - Yield curve spot rate, 5-year maturity",PCPA,0
YC.B.U2.EUR.4F.G_N_A.SV_C_YM.SR_5Y,B,U2,EUR,4F,G_N_A,SV_C_YM,SR_5Y,2022-08-05,0.649592943876165,A,F,,,P1D,,E,,,,,,,,,,,,,,,Technical notes are available at the following link: https://www.ecb.europa.eu/stats/financial_markets_and_interest_rates/euro_area_yield_curves/shared/pdf/technical_notes.pdf,,6,,,AAA yield curve - 5-year spot rate,"Euro area (changing composition) - Government bond, nominal, all issuers whose rating is triple A - Svensson model - continuous compounding - yield error minimisation - Yield curve spot rate, 5-year maturity",PCPA,0
YC.B.U2.EUR.4F.G_N_A.SV_C_YM.SR_5Y,B,U2,EUR,4F,G_N_A,SV_C_YM,SR_5Y,2022-08-08,0.6128368402555111,A,F,,,P1D,,E,,,,,,,,,,,,,,,Technical notes are available at the following link: https://www.ecb.europa.eu/stats/financial_markets_and_interest_rates/euro_area_yield_curves/shared/pdf/technical_notes.pdf,,6,,,AAA yield curve - 5-year spot rate,"Euro area (changing composition) - Government bond, nominal, all issuers whose rating is triple A - Svensson model - continuous compounding - yield error minimisation - Yield curve spot rate, 5-year maturity",PCPA,0
YC.B.U2.EUR.4F.G_N_A.SV_C_YM.SR_5Y,B,U2,EUR,4F,G_N_A,SV_C_YM,SR_5Y,2022-08-09,0.687362608663757,A,F,,,P1D,,E,,,,,,,,,,,,,,,Technical notes are available at the following link: https://www.ecb.europa.eu/stats/financial_markets_and_interest_rates/euro_area_yield_curves/shared/pdf/technical_notes.pdf,,6,,,AAA yield curve - 5-year spot rate,"Euro area (changing composition) - Government bond, nominal, all issuers whose rating is triple A - Svensson model - continuous compounding - yield error minimisation - Yield curve spot rate, 5-year maturity",PCPA,0
YC.B.U2.EUR.4F.G_N_A.SV_C_YM.SR_5Y,B,U2,EUR,4F,G_N_A,SV_C_YM,SR_5Y,2022-08-10,0.6161498399820546,A,F,,,P1D,,E,,,,,,,,,,,,,,,Technical notes are available at the following link: https://www.ecb.europa.eu/stats/financial_markets_and_interest_rates/euro_area_yield_curves/shared/pdf/technical_notes.pdf,,6,,,AAA yield curve - 5-year spot rate,"Euro area (changing composition) - Government bond, nominal, all issuers whose rating is triple A - Svensson model - continuous compounding - yield error minimisation - Yield curve spot rate, 5-year maturity",PCPA,0
YC.B.U2.EUR.4F.G_N_A.SV_C_YM.SR_5Y,B,U2,EUR,4F,G_N_A,SV_C_YM,SR_5Y,2022-08-11,0.6589943489348045,A,F,,,P1D,,E,,,,,,,,,,,,,,,Technical notes are available at the following link: https://www.ecb.europa.eu/stats/financial_markets_and_interest_rates/euro_area_yield_curves/shared/pdf/technical_notes.pdf,,6,,,AAA yield curve - 5-year spot rate,"Euro area (changing composition) - Government bond, nominal, all issuers whose rating is triple A - Svensson model - continuous compounding - yield error minimisation - Yield curve spot rate, 5-year maturity",PCPA,0
YC.B.U2.EUR.4F.G_N_A.SV_C_YM.SR_5Y,B,U2,EUR,4F,G_N_A,SV_C_YM,SR_5Y,2022-08-12,0.6824983604108867,A,F,,,P1D,,E,,,,,,,,,,,,,,,Technical notes are available at the following link: https://www.ecb.europa.eu/stats/financial_markets_and_interest_rates/euro_area_yield_curves/shared/pdf/technical_notes.pdf,,6,,,AAA yield curve - 5-year spot rate,"Euro area (changing composition) - Government bond, nominal, all issuers whose rating is triple A - Svensson model - continuous compounding - yield error minimisation - Yield curve spot rate, 5-year maturity",PCPA,0
YC.B.U2.EUR.4F.G_N_A.SV_C_YM.SR_5Y,B,U2,EUR,4F,G_N_A,SV_C_YM,SR_5Y,2022-08-15,0.6783298864103031,A,F,,,P1D,,E,,,,,,,,,,,,,,,Technical notes are available at the following link: https://www.ecb.europa.eu/stats/financial_markets_and_interest_rates/euro_area_yield_curves/shared/pdf/technical_notes.pdf,,6,,,AAA yield curve - 5-year spot rate,"Euro area (changing composition) - Government bond, nominal, all issuers whose rating is triple A - Svensson model - continuous compounding - yield error minimisation - Yield curve spot rate, 5-year maturity",PCPA,0
YC.B.U2.EUR.4F.G_N_A.SV_C_YM.SR_5Y,B,U2,EUR,4F,G_N_A,SV_C_YM,SR_5Y,2022-08-16,0.7122620813782241,A,F,,,P1D,,E,,,,,,,,,,,,,,,Technical notes are available at the following link: https://www.ecb.europa.eu/stats/financial_markets_and_interest_rates/euro_area_yield_curves/shared/pdf/technical_notes.pdf,,6,,,AAA yield curve - 5-year spot rate,"Euro area (changing composition) - Government bond, nominal, all issuers whose rating is triple A - Svensson model - continuous compounding - yield error minimisation - Yield curve spot rate, 5-year maturity",PCPA,0
YC.B.U2.EUR.4F.G_N_A.SV_C_YM.SR_5Y,B,U2,EUR,4F,G_N_A,SV_C_YM,SR_5Y,2022-08-17,0.83849380961545,A,F,,,P1D,,E,,,,,,,,,,,,,,,Technical notes are available at the following link: https://www.ecb.europa.eu/stats/financial_markets_and_interest_rates/euro_area_yield_curves/shared/pdf/technical_notes.pdf,,6,,,AAA yield curve - 5-year spot rate,"Euro area (changing composition) - Government bond, nominal, all issuers whose rating is triple A - Svensson model - continuous compounding - yield error minimisation - Yield curve spot rate, 5-year maturity",PCPA,0
YC.B.U2.EUR.4F.G_N_A.SV_C_YM.SR_5Y,B,U2,EUR,4F,G_N_A,SV_C_YM,SR_5Y,2022-08-18,0.8710831478991352,A,F,,,P1D,,E,,,,,,,,,,,,,,,Technical notes are available at the following link: https://www.ecb.europa.eu/stats/financial_markets_and_interest_rates/euro_area_yield_curves/shared/pdf/technical_notes.pdf,,6,,,AAA yield curve - 5-year spot rate,"Euro area (changing composition) - Government bond, nominal, all issuers whose rating is triple A - Svensson model - continuous compounding - yield error minimisation - Yield curve spot rate, 5-year maturity",PCPA,0
YC.B.U2.EUR.4F.G_N_A.SV_C_YM.SR_5Y,B,U2,EUR,4F,G_N_A,SV_C_YM,SR_5Y,2022-08-19,0.9805145417936982,A,F,,,P1D,,E,,,,,,,,,,,,,,,Technical notes are available at the following link: https://www.ecb.europa.eu/stats/financial_markets_and_interest_rates/euro_area_yield_curves/shared/pdf/technical_notes.pdf,,6,,,AAA yield curve - 5-year spot rate,"Euro area (changing composition) - Government bond, nominal, all issuers whose rating is triple A - Svensson model - continuous compounding - yield error minimisation - Yield curve spot rate, 5-year maturity",PCPA,0
YC.B.U2.EUR.4F.G_N_A.SV_C_YM.SR_5Y,B,U2,EUR,4F,G_N_A,SV_C_YM,SR_5Y,2022-08-22,1.048047434295973,A,F,,,P1D,,E,,,,,,,,,,,,,,,Technical notes are available at the following link: https://www.ecb.europa.eu/stats/financial_markets_and_interest_rates/euro_area_yield_curves/shared/pdf/technical_notes.pdf,,6,,,AAA yield curve - 5-year spot rate,"Euro area (changing composition) - Government bond, nominal, all issuers whose rating is triple A - Svensson model - continuous compounding - yield error minimisation - Yield curve spot rate, 5-year maturity",PCPA,0
YC.B.U2.EUR.4F.G_N_A.SV_C_YM.SR_5Y,B,U2,EUR,4F,G_N_A,SV_C_YM,SR_5Y,2022-08-23,1.1197449447440366,A,F,,,P1D,,E,,,,,,,,,,,,,,,Technical notes are available at the following link: https://www.ecb.europa.eu/stats/financial_markets_and_interest_rates/euro_area_yield_curves/shared/pdf/technical_notes.pdf,,6,,,AAA yield curve - 5-year spot rate,"Euro area (changing composition) - Government bond, nominal, all issuers whose rating is triple A - Svensson model - continuous compounding - yield error minimisation - Yield curve spot rate, 5-year maturity",PCPA,0
YC.B.U2.EUR.4F.G_N_A.SV_C_YM.SR_5Y,B,U2,EUR,4F,G_N_A,SV_C_YM,SR_5Y,2022-08-24,1.1498628419266197,A,F,,,P1D,,E,,,,,,,,,,,,,,,Technical notes are available at the following link: https://www.ecb.europa.eu/stats/financial_markets_and_interest_rates/euro_area_yield_curves/shared/pdf/technical_notes.pdf,,6,,,AAA yield curve - 5-year spot rate,"Euro area (changing composition) - Government bond, nominal, all issuers whose rating is triple A - Svensson model - continuous compounding - yield error minimisation - Yield curve spot rate, 5-year maturity",PCPA,0
YC.B.U2.EUR.4F.G_N_A.SV_C_YM.SR_5Y,B,U2,EUR,4F,G_N_A,SV_C_YM,SR_5Y,2022-08-25,1.0930558290036307,A,F,,,P1D,,E,,,,,,,,,,,,,,,Technical notes are available at the following link: https://www.ecb.europa.eu/stats/financial_markets_and_interest_rates/euro_area_yield_curves/shared/pdf/technical_notes.pdf,,6,,,AAA yield curve - 5-year spot rate,"Euro area (changing composition) - Government bond, nominal, all issuers whose rating is triple A - Svensson model - continuous compounding - yield error minimisation - Yield curve spot rate, 5-year maturity",PCPA,0
YC.B.U2.EUR.4F.G_N_A.SV_C_YM.SR_5Y,B,U2,EUR,4F,G_N_A,SV_C_YM,SR_5Y,2022-08-26,1.1871071962997837,A,F,,,P1D,,E,,,,,,,,,,,,,,,Technical notes are available at the following link: https://www.ecb.europa.eu/stats/financial_markets_and_interest_rates/euro_area_yield_curves/shared/pdf/technical_notes.pdf,,6,,,AAA yield curve - 5-year spot rate,"Euro area (changing composition) - Government bond, nominal, all issuers whose rating is triple A - Svensson model - continuous compounding - yield error minimisation - Yield curve spot rate, 5-year maturity",PCPA,0
YC.B.U2.EUR.4F.G_N_A.SV_C_YM.SR_5Y,B,U2,EUR,4F,G_N_A,SV_C_YM,SR_5Y,2022-08-29,1.3017090879748512,A,F,,,P1D,,E,,,,,,,,,,,,,,,Technical notes are available at the following link: https://www.ecb.europa.eu/stats/financial_markets_and_interest_rates/euro_area_yield_curves/shared/pdf/technical_notes.pdf,,6,,,AAA yield curve - 5-year spot rate,"Euro area (changing composition) - Government bond, nominal, all issuers whose rating is triple A - Svensson model - continuous compounding - yield error minimisation - Yield curve spot rate, 5-year maturity",PCPA,0
YC.B.U2.EUR.4F.G_N_A.SV_C_YM.SR_5Y,B,U2,EUR,4F,G_N_A,SV_C_YM,SR_5Y,2022-08-30,1.2972387137940231,A,F,,,P1D,,E,,,,,,,,,,,,,,,Technical notes are available at the following link: https://www.ecb.europa.eu/stats/financial_markets_and_interest_rates/euro_area_yield_curves/shared/pdf/technical_notes.pdf,,6,,,AAA yield curve - 5-year spot rate,"Euro area (changing composition) - Government bond, nominal, all issuers whose rating is triple A - Svensson model - continuous compounding - yield error minimisation - Yield curve spot rate, 5-year maturity",PCPA,0
YC.B.U2.EUR.4F.G_N_A.SV_C_YM.SR_5Y,B,U2,EUR,4F,G_N_A,SV_C_YM,SR_5Y,2022-08-31,1.364827344480342,A,F,,,P1D,,E,,,,,,,,,,,,,,,Technical notes are available at the following link: https://www.ecb.europa.eu/stats/financial_markets_and_interest_rates/euro_area_yield_curves/shared/pdf/technical_notes.pdf,,6,,,AAA yield curve - 5-year spot rate,"Euro area (changing composition) - Government bond, nominal, all issuers whose rating is triple A - Svensson model - continuous compounding - yield error minimisation - Yield curve spot rate, 5-year maturity",PCPA,0
YC.B.U2.EUR.4F.G_N_A.SV_C_YM.SR_5Y,B,U2,EUR,4F,G_N_A,SV_C_YM,SR_5Y,2022-09-01,1.3816842597437198,A,F,,,P1D,,E,,,,,,,,,,,,,,,Technical notes are available at the following link: https://www.ecb.europa.eu/stats/financial_markets_and_interest_rates/euro_area_yield_curves/shared/pdf/technical_notes.pdf,,6,,,AAA yield curve - 5-year spot rate,"Euro area (changing composition) - Government bond, nominal, all issuers whose rating is triple A - Svensson model - continuous compounding - yield error minimisation - Yield curve spot rate, 5-year maturity",PCPA,0
YC.B.U2.EUR.4F.G_N_A.SV_C_YM.SR_5Y,B,U2,EUR,4F,G_N_A,SV_C_YM,SR_5Y,2022-09-02,1.2701905593695457,A,F,,,P1D,,E,,,,,,,,,,,,,,,Technical notes are available at the following link: https://www.ecb.europa.eu/stats/financial_markets_and_interest_rates/euro_area_yield_curves/shared/pdf/technical_notes.pdf,,6,,,AAA yield curve - 5-year spot rate,"Euro area (changing composition) - Government bond, nominal, all issuers whose rating is triple A - Svensson model - continuous compounding - yield error minimisation - Yield curve spot rate, 5-year maturity",PCPA,0
YC.B.U2.EUR.4F.G_N_A.SV_C_YM.SR_5Y,B,U2,EUR,4F,G_N_A,SV_C_YM,SR_5Y,2022-09-05,1.3560211546768306,A,F,,,P1D,,E,,,,,,,,,,,,,,,Technical notes are available at the following link: https://www.ecb.europa.eu/stats/financial_markets_and_interest_rates/euro_area_yield_curves/shared/pdf/technical_notes.pdf,,6,,,AAA yield curve - 5-year spot rate,"Euro area (changing composition) - Government bond, nominal, all issuers whose rating is triple A - Svensson model - continuous compounding - yield error minimisation - Yield curve spot rate, 5-year maturity",PCPA,0
YC.B.U2.EUR.4F.G_N_A.SV_C_YM.SR_5Y,B,U2,EUR,4F,G_N_A,SV_C_YM,SR_5Y,2022-09-06,1.3413072392008285,A,F,,,P1D,,E,,,,,,,,,,,,,,,Technical notes are available at the following link: https://www.ecb.europa.eu/stats/financial_markets_and_interest_rates/euro_area_yield_curves/shared/pdf/technical_notes.pdf,,6,,,AAA yield curve - 5-year spot rate,"Euro area (changing composition) - Government bond, nominal, all issuers whose rating is triple A - Svensson model - continuous compounding - yield error minimisation - Yield curve spot rate, 5-year maturity",PCPA,0
YC.B.U2.EUR.4F.G_N_A.SV_C_YM.SR_5Y,B,U2,EUR,4F,G_N_A,SV_C_YM,SR_5Y,2022-09-07,1.336119406076889,A,F,,,P1D,,E,,,,,,,,,,,,,,,Technical notes are available at the following link: https://www.ecb.europa.eu/stats/financial_markets_and_interest_rates/euro_area_yield_curves/shared/pdf/technical_notes.pdf,,6,,,AAA yield curve - 5-year spot rate,"Euro area (changing composition) - Government bond, nominal, all issuers whose rating is triple A - Svensson model - continuous compounding - yield error minimisation - Yield curve spot rate, 5-year maturity",PCPA,0
YC.B.U2.EUR.4F.G_N_A.SV_C_YM.SR_5Y,B,U2,EUR,4F,G_N_A,SV_C_YM,SR_5Y,2022-09-08,1.4013091839457759,A,F,,,P1D,,E,,,,,,,,,,,,,,,Technical notes are available at the following link: https://www.ecb.europa.eu/stats/financial_markets_and_interest_rates/euro_area_yield_curves/shared/pdf/technical_notes.pdf,,6,,,AAA yield curve - 5-year spot rate,"Euro area (changing composition) - Government bond, nominal, all issuers whose rating is triple A - Svensson model - continuous compounding - yield error minimisation - Yield curve spot rate, 5-year maturity",PCPA,0
YC.B.U2.EUR.4F.G_N_A.SV_C_YM.SR_5Y,B,U2,EUR,4F,G_N_A,SV_C_YM,SR_5Y,2022-09-09,1.5022396721931415,A,F,,,P1D,,E,,,,,,,,,,,,,,,Technical notes are available at the following link: https://www.ecb.europa.eu/stats/financial_markets_and_interest_rates/euro_area_yield_curves/shared/pdf/technical_notes.pdf,,6,,,AAA yield curve - 5-year spot rate,"Euro area (changing composition) - Government bond, nominal, all issuers whose rating is triple A - Svensson model - continuous compounding - yield error minimisation - Yield curve spot rate, 5-year maturity",PCPA,0
YC.B.U2.EUR.4F.G_N_A.SV_C_YM.SR_5Y,B,U2,EUR,4F,G_N_A,SV_C_YM,SR_5Y,2022-09-12,1.4647475299503228,A,F,,,P1D,,E,,,,,,,,,,,,,,,Technical notes are available at the following link: https://www.ecb.europa.eu/stats/financial_markets_and_interest_rates/euro_area_yield_curves/shared/pdf/technical_notes.pdf,,6,,,AAA yield curve - 5-year spot rate,"Euro area (changing composition) - Government bond, nominal, all issuers whose rating is triple A - Svensson model - continuous compounding - yield error minimisation - Yield curve spot rate, 5-year maturity",PCPA,0
YC.B.U2.EUR.4F.G_N_A.SV_C_YM.SR_5Y,B,U2,EUR,4F,G_N_A,SV_C_YM,SR_5Y,2022-09-13,1.564900587847232,A,F,,,P1D,,E,,,,,,,,,,,,,,,Technical notes are available at the following link: https://www.ecb.europa.eu/stats/financial_markets_and_interest_rates/euro_area_yield_curves/shared/pdf/technical_notes.pdf,,6,,,AAA yield curve - 5-year spot rate,"Euro area (changing composition) - Government bond, nominal, all issuers whose rating is triple A - Svensson model - continuous compounding - yield error minimisation - Yield curve spot rate, 5-year maturity",PCPA,0
YC.B.U2.EUR.4F.G_N_A.SV_C_YM.SR_5Y,B,U2,EUR,4F,G_N_A,SV_C_YM,SR_5Y,2022-09-14,1.5999984372360219,A,F,,,P1D,,E,,,,,,,,,,,,,,,Technical notes are available at the following link: https://www.ecb.europa.eu/stats/financial_markets_and_interest_rates/euro_area_yield_curves/shared/pdf/technical_notes.pdf,,6,,,AAA yield curve - 5-year spot rate,"Euro area (changing composition) - Government bond, nominal, all issuers whose rating is triple A - Svensson model - continuous compounding - yield error minimisation - Yield curve spot rate, 5-year maturity",PCPA,0
YC.B.U2.EUR.4F.G_N_A.SV_C_YM.SR_5Y,B,U2,EUR,4F,G_N_A,SV_C_YM,SR_5Y,2022-09-15,1.6094324286726582,A,F,,,P1D,,E,,,,,,,,,,,,,,,Technical notes are available at the following link: https://www.ecb.europa.eu/stats/financial_markets_and_interest_rates/euro_area_yield_curves/shared/pdf/technical_notes.pdf,,6,,,AAA yield curve - 5-year spot rate,"Euro area (changing composition) - Government bond, nominal, all issuers whose rating is triple A - Svensson model - continuous compounding - yield error minimisation - Yield curve spot rate, 5-year maturity",PCPA,0
YC.B.U2.EUR.4F.G_N_A.SV_C_YM.SR_5Y,B,U2,EUR,4F,G_N_A,SV_C_YM,SR_5Y,2022-09-16,1.7045927086680512,A,F,,,P1D,,E,,,,,,,,,,,,,,,Technical notes are available at the following link: https://www.ecb.europa.eu/stats/financial_markets_and_interest_rates/euro_area_yield_curves/shared/pdf/technical_notes.pdf,,6,,,AAA yield curve - 5-year spot rate,"Euro area (changing composition) - Government bond, nominal, all issuers whose rating is triple A - Svensson model - continuous compounding - yield error minimisation - Yield curve spot rate, 5-year maturity",PCPA,0
YC.B.U2.EUR.4F.G_N_A.SV_C_YM.SR_5Y,B,U2,EUR,4F,G_N_A,SV_C_YM,SR_5Y,2022-09-19,1.6958651309851054,A,F,,,P1D,,E,,,,,,,,,,,,,,,Technical notes are available at the following link: https://www.ecb.europa.eu/stats/financial_markets_and_interest_rates/euro_area_yield_curves/shared/pdf/technical_notes.pdf,,6,,,AAA yield curve - 5-year spot rate,"Euro area (changing composition) - Government bond, nominal, all issuers whose rating is triple A - Svensson model - continuous compounding - yield error minimisation - Yield curve spot rate, 5-year maturity",PCPA,0
YC.B.U2.EUR.4F.G_N_A.SV_C_YM.SR_5Y,B,U2,EUR,4F,G_N_A,SV_C_YM,SR_5Y,2022-09-20,1.8402490031181835,A,F,,,P1D,,E,,,,,,,,,,,,,,,Technical notes are available at the following link: https://www.ecb.europa.eu/stats/financial_markets_and_interest_rates/euro_area_yield_curves/shared/pdf/technical_notes.pdf,,6,,,AAA yield curve - 5-year spot rate,"Euro area (changing composition) - Government bond, nominal, all issuers whose rating is triple A - Svensson model - continuous compounding - yield error minimisation - Yield curve spot rate, 5-year maturity",PCPA,0
YC.B.U2.EUR.4F.G_N_A.SV_C_YM.SR_5Y,B,U2,EUR,4F,G_N_A,SV_C_YM,SR_5Y,2022-09-21,1.8037545699866109,A,F,,,P1D,,E,,,,,,,,,,,,,,,Technical notes are available at the following link: https://www.ecb.europa.eu/stats/financial_markets_and_interest_rates/euro_area_yield_curves/shared/pdf/technical_notes.pdf,,6,,,AAA yield curve - 5-year spot rate,"Euro area (changing composition) - Government bond, nominal, all issuers whose rating is triple A - Svensson model - continuous compounding - yield error minimisation - Yield curve spot rate, 5-year maturity",PCPA,0
YC.B.U2.EUR.4F.G_N_A.SV_C_YM.SR_5Y,B,U2,EUR,4F,G_N_A,SV_C_YM,SR_5Y,2022-09-22,1.903186747687069,A,F,,,P1D,,E,,,,,,,,,,,,,,,Technical notes are available at the following link: https://www.ecb.europa.eu/stats/financial_markets_and_interest_rates/euro_area_yield_curves/shared/pdf/technical_notes.pdf,,6,,,AAA yield curve - 5-year spot rate,"Euro area (changing composition) - Government bond, nominal, all issuers whose rating is triple A - Svensson model - continuous compounding - yield error minimisation - Yield curve spot rate, 5-year maturity",PCPA,0
YC.B.U2.EUR.4F.G_N_A.SV_C_YM.SR_5Y,B,U2,EUR,4F,G_N_A,SV_C_YM,SR_5Y,2022-09-23,1.9554069756701256,A,F,,,P1D,,E,,,,,,,,,,,,,,,Technical notes are available at the following link: https://www.ecb.europa.eu/stats/financial_markets_and_interest_rates/euro_area_yield_curves/shared/pdf/technical_notes.pdf,,6,,,AAA yield curve - 5-year spot rate,"Euro area (changing composition) - Government bond, nominal, all issuers whose rating is triple A - Svensson model - continuous compounding - yield error minimisation - Yield curve spot rate, 5-year maturity",PCPA,0
YC.B.U2.EUR.4F.G_N_A.SV_C_YM.SR_5Y,B,U2,EUR,4F,G_N_A,SV_C_YM,SR_5Y,2022-09-26,2.026670788783916,A,F,,,P1D,,E,,,,,,,,,,,,,,,Technical notes are available at the following link: https://www.ecb.europa.eu/stats/financial_markets_and_interest_rates/euro_area_yield_curves/shared/pdf/technical_notes.pdf,,6,,,AAA yield curve - 5-year spot rate,"Euro area (changing composition) - Government bond, nominal, all issuers whose rating is triple A - Svensson model - continuous compounding - yield error minimisation - Yield curve spot rate, 5-year maturity",PCPA,0
YC.B.U2.EUR.4F.G_N_A.SV_C_YM.SR_5Y,B,U2,EUR,4F,G_N_A,SV_C_YM,SR_5Y,2022-09-27,2.0801859116232597,A,F,,,P1D,,E,,,,,,,,,,,,,,,Technical notes are available at the following link: https://www.ecb.europa.eu/stats/financial_markets_and_interest_rates/euro_area_yield_curves/shared/pdf/technical_notes.pdf,,6,,,AAA yield curve - 5-year spot rate,"Euro area (changing composition) - Government bond, nominal, all issuers whose rating is triple A - Svensson model - continuous compounding - yield error minimisation - Yield curve spot rate, 5-year maturity",PCPA,0
YC.B.U2.EUR.4F.G_N_A.SV_C_YM.SR_5Y,B,U2,EUR,4F,G_N_A,SV_C_YM,SR_5Y,2022-09-28,2.0373831290254145,A,F,,,P1D,,E,,,,,,,,,,,,,,,Technical notes are available at the following link: https://www.ecb.europa.eu/stats/financial_markets_and_interest_rates/euro_area_yield_curves/shared/pdf/technical_notes.pdf,,6,,,AAA yield curve - 5-year spot rate,"Euro area (changing composition) - Government bond, nominal, all issuers whose rating is triple A - Svensson model - continuous compounding - yield error minimisation - Yield curve spot rate, 5-year maturity",PCPA,0
YC.B.U2.EUR.4F.G_N_A.SV_C_YM.SR_5Y,B,U2,EUR,4F,G_N_A,SV_C_YM,SR_5Y,2022-09-29,2.0869088714855213,A,F,,,P1D,,E,,,,,,,,,,,,,,,Technical notes are available at the following link: https://www.ecb.europa.eu/stats/financial_markets_and_interest_rates/euro_area_yield_curves/shared/pdf/technical_notes.pdf,,6,,,AAA yield curve - 5-year spot rate,"Euro area (changing composition) - Government bond, nominal, all issuers whose rating is triple A - Svensson model - continuous compounding - yield error minimisation - Yield curve spot rate, 5-year maturity",PCPA,0
YC.B.U2.EUR.4F.G_N_A.SV_C_YM.SR_5Y,B,U2,EUR,4F,G_N_A,SV_C_YM,SR_5Y,2022-09-30,1.9531034424616274,A,F,,,P1D,,E,,,,,,,,,,,,,,,Technical notes are available at the following link: https://www.ecb.europa.eu/stats/financial_markets_and_interest_rates/euro_area_yield_curves/shared/pdf/technical_notes.pdf,,6,,,AAA yield curve - 5-year spot rate,"Euro area (changing composition) - Government bond, nominal, all issuers whose rating is triple A - Svensson model - continuous compounding - yield error minimisation - Yield curve spot rate, 5-year maturity",PCPA,0
YC.B.U2.EUR.4F.G_N_A.SV_C_YM.SR_5Y,B,U2,EUR,4F,G_N_A,SV_C_YM,SR_5Y,2022-10-03,1.846345867025771,A,F,,,P1D,,E,,,,,,,,,,,,,,,Technical notes are available at the following link: https://www.ecb.europa.eu/stats/financial_markets_and_interest_rates/euro_area_yield_curves/shared/pdf/technical_notes.pdf,,6,,,AAA yield curve - 5-year spot rate,"Euro area (changing composition) - Government bond, nominal, all issuers whose rating is triple A - Svensson model - continuous compounding - yield error minimisation - Yield curve spot rate, 5-year maturity",PCPA,0
YC.B.U2.EUR.4F.G_N_A.SV_C_YM.SR_5Y,B,U2,EUR,4F,G_N_A,SV_C_YM,SR_5Y,2022-10-04,1.726629386777495,A,F,,,P1D,,E,,,,,,,,,,,,,,,Technical notes are available at the following link: https://www.ecb.europa.eu/stats/financial_markets_and_interest_rates/euro_area_yield_curves/shared/pdf/technical_notes.pdf,,6,,,AAA yield curve - 5-year spot rate,"Euro area (changing composition) - Government bond, nominal, all issuers whose rating is triple A - Svensson model - continuous compounding - yield error minimisation - Yield curve spot rate, 5-year maturity",PCPA,0
YC.B.U2.EUR.4F.G_N_A.SV_C_YM.SR_5Y,B,U2,EUR,4F,G_N_A,SV_C_YM,SR_5Y,2022-10-05,1.821217219145841,A,F,,,P1D,,E,,,,,,,,,,,,,,,Technical notes are available at the following link: https://www.ecb.europa.eu/stats/financial_markets_and_interest_rates/euro_area_yield_curves/shared/pdf/technical_notes.pdf,,6,,,AAA yield curve - 5-year spot rate,"Euro area (changing composition) - Government bond, nominal, all issuers whose rating is triple A - Svensson model - continuous compounding - yield error minimisation - Yield curve spot rate, 5-year maturity",PCPA,0
YC.B.U2.EUR.4F.G_N_A.SV_C_YM.SR_5Y,B,U2,EUR,4F,G_N_A,SV_C_YM,SR_5Y,2022-10-06,1.897065835520798,A,F,,,P1D,,E,,,,,,,,,,,,,,,Technical notes are available at the following link: https://www.ecb.europa.eu/stats/financial_markets_and_interest_rates/euro_area_yield_curves/shared/pdf/technical_notes.pdf,,6,,,AAA yield curve - 5-year spot rate,"Euro area (changing composition) - Government bond, nominal, all issuers whose rating is triple A - Svensson model - continuous compounding - yield error minimisation - Yield curve spot rate, 5-year maturity",PCPA,0
YC.B.U2.EUR.4F.G_N_A.SV_C_YM.SR_5Y,B,U2,EUR,4F,G_N_A,SV_C_YM,SR_5Y,2022-10-07,2.0027052269064827,A,F,,,P1D,,E,,,,,,,,,,,,,,,Technical notes are available at the following link: https://www.ecb.europa.eu/stats/financial_markets_and_interest_rates/euro_area_yield_curves/shared/pdf/technical_notes.pdf,,6,,,AAA yield curve - 5-year spot rate,"Euro area (changing composition) - Government bond, nominal, all issuers whose rating is triple A - Svensson model - continuous compounding - yield error minimisation - Yield curve spot rate, 5-year maturity",PCPA,0
YC.B.U2.EUR.4F.G_N_A.SV_C_YM.SR_5Y,B,U2,EUR,4F,G_N_A,SV_C_YM,SR_5Y,2022-10-10,1.9989636951429068,A,F,,,P1D,,E,,,,,,,,,,,,,,,Technical notes are available at the following link: https://www.ecb.europa.eu/stats/financial_markets_and_interest_rates/euro_area_yield_curves/shared/pdf/technical_notes.pdf,,6,,,AAA yield curve - 5-year spot rate,"Euro area (changing composition) - Government bond, nominal, all issuers whose rating is triple A - Svensson model - continuous compounding - yield error minimisation - Yield curve spot rate, 5-year maturity",PCPA,0
YC.B.U2.EUR.4F.G_N_A.SV_C_YM.SR_5Y,B,U2,EUR,4F,G_N_A,SV_C_YM,SR_5Y,2022-10-11,2.1016519824563797,A,F,,,P1D,,E,,,,,,,,,,,,,,,Technical notes are available at the following link: https://www.ecb.europa.eu/stats/financial_markets_and_interest_rates/euro_area_yield_curves/shared/pdf/technical_notes.pdf,,6,,,AAA yield curve - 5-year spot rate,"Euro area (changing composition) - Government bond, nominal, all issuers whose rating is triple A - Svensson model - continuous compounding - yield error minimisation - Yield curve spot rate, 5-year maturity",PCPA,0
YC.B.U2.EUR.4F.G_N_A.SV_C_YM.SR_5Y,B,U2,EUR,4F,G_N_A,SV_C_YM,SR_5Y,2022-10-12,2.0867258681568406,A,F,,,P1D,,E,,,,,,,,,,,,,,,Technical notes are available at the following link: https://www.ecb.europa.eu/stats/financial_markets_and_interest_rates/euro_area_yield_curves/shared/pdf/technical_notes.pdf,,6,,,AAA yield curve - 5-year spot rate,"Euro area (changing composition) - Government bond, nominal, all issuers whose rating is triple A - Svensson model - continuous compounding - yield error minimisation - Yield curve spot rate, 5-year maturity",PCPA,0
YC.B.U2.EUR.4F.G_N_A.SV_C_YM.SR_5Y,B,U2,EUR,4F,G_N_A,SV_C_YM,SR_5Y,2022-10-13,2.0928884445310865,A,F,,,P1D,,E,,,,,,,,,,,,,,,Technical notes are available at the following link: https://www.ecb.europa.eu/stats/financial_markets_and_interest_rates/euro_area_yield_curves/shared/pdf/technical_notes.pdf,,6,,,AAA yield curve - 5-year spot rate,"Euro area (changing composition) - Government bond, nominal, all issuers whose rating is triple A - Svensson model - continuous compounding - yield error minimisation - Yield curve spot rate, 5-year maturity",PCPA,0
YC.B.U2.EUR.4F.G_N_A.SV_C_YM.SR_5Y,B,U2,EUR,4F,G_N_A,SV_C_YM,SR_5Y,2022-10-14,2.0191555538683867,A,F,,,P1D,,E,,,,,,,,,,,,,,,Technical notes are available at the following link: https://www.ecb.europa.eu/stats/financial_markets_and_interest_rates/euro_area_yield_curves/shared/pdf/technical_notes.pdf,,6,,,AAA yield curve - 5-year spot rate,"Euro area (changing composition) - Government bond, nominal, all issuers whose rating is triple A - Svensson model - continuous compounding - yield error minimisation - Yield curve spot rate, 5-year maturity",PCPA,0
YC.B.U2.EUR.4F.G_N_A.SV_C_YM.SR_5Y,B,U2,EUR,4F,G_N_A,SV_C_YM,SR_5Y,2022-10-17,2.0147525938975908,A,F,,,P1D,,E,,,,,,,,,,,,,,,Technical notes are available at the following link: https://www.ecb.europa.eu/stats/financial_markets_and_interest_rates/euro_area_yield_curves/shared/pdf/technical_notes.pdf,,6,,,AAA yield curve - 5-year spot rate,"Euro area (changing composition) - Government bond, nominal, all issuers whose rating is triple A - Svensson model - continuous compounding - yield error minimisation - Yield curve spot rate, 5-year maturity",PCPA,0
YC.B.U2.EUR.4F.G_N_A.SV_C_YM.SR_5Y,B,U2,EUR,4F,G_N_A,SV_C_YM,SR_5Y,2022-10-18,2.04067231739252,A,F,,,P1D,,E,,,,,,,,,,,,,,,Technical notes are available at the following link: https://www.ecb.europa.eu/stats/financial_markets_and_interest_rates/euro_area_yield_curves/shared/pdf/technical_notes.pdf,,6,,,AAA yield curve - 5-year spot rate,"Euro area (changing composition) - Government bond, nominal, all issuers whose rating is triple A - Svensson model - continuous compounding - yield error minimisation - Yield curve spot rate, 5-year maturity",PCPA,0
YC.B.U2.EUR.4F.G_N_A.SV_C_YM.SR_5Y,B,U2,EUR,4F,G_N_A,SV_C_YM,SR_5Y,2022-10-19,2.164931127545629,A,F,,,P1D,,E,,,,,,,,,,,,,,,Technical notes are available at the following link: https://www.ecb.europa.eu/stats/financial_markets_and_interest_rates/euro_area_yield_curves/shared/pdf/technical_notes.pdf,,6,,,AAA yield curve - 5-year spot rate,"Euro area (changing composition) - Government bond, nominal, all issuers whose rating is triple A - Svensson model - continuous compounding - yield error minimisation - Yield curve spot rate, 5-year maturity",PCPA,0
YC.B.U2.EUR.4F.G_N_A.SV_C_YM.SR_5Y,B,U2,EUR,4F,G_N_A,SV_C_YM,SR_5Y,2022-10-20,2.21389463060363,A,F,,,P1D,,E,,,,,,,,,,,,,,,Technical notes are available at the following link: https://www.ecb.europa.eu/stats/financial_markets_and_interest_rates/euro_area_yield_curves/shared/pdf/technical_notes.pdf,,6,,,AAA yield curve - 5-year spot rate,"Euro area (changing composition) - Government bond, nominal, all issuers whose rating is triple A - Svensson model - continuous compounding - yield error minimisation - Yield curve spot rate, 5-year maturity",PCPA,0
YC.B.U2.EUR.4F.G_N_A.SV_C_YM.SR_5Y,B,U2,EUR,4F,G_N_A,SV_C_YM,SR_5Y,2022-10-21,2.2115984229257695,A,F,,,P1D,,E,,,,,,,,,,,,,,,Technical notes are available at the following link: https://www.ecb.europa.eu/stats/financial_markets_and_interest_rates/euro_area_yield_curves/shared/pdf/technical_notes.pdf,,6,,,AAA yield curve - 5-year spot rate,"Euro area (changing composition) - Government bond, nominal, all issuers whose rating is triple A - Svensson model - continuous compounding - yield error minimisation - Yield curve spot rate, 5-year maturity",PCPA,0
YC.B.U2.EUR.4F.G_N_A.SV_C_YM.SR_5Y,B,U2,EUR,4F,G_N_A,SV_C_YM,SR_5Y,2022-10-24,2.1082658736507525,A,F,,,P1D,,E,,,,,,,,,,,,,,,Technical notes are available at the following link: https://www.ecb.europa.eu/stats/financial_markets_and_interest_rates/euro_area_yield_curves/shared/pdf/technical_notes.pdf,,6,,,AAA yield curve - 5-year spot rate,"Euro area (changing composition) - Government bond, nominal, all issuers whose rating is triple A - Svensson model - continuous compounding - yield error minimisation - Yield curve spot rate, 5-year maturity",PCPA,0
YC.B.U2.EUR.4F.G_N_A.SV_C_YM.SR_5Y,B,U2,EUR,4F,G_N_A,SV_C_YM,SR_5Y,2022-10-25,2.020430929423675,A,F,,,P1D,,E,,,,,,,,,,,,,,,Technical notes are available at the following link: https://www.ecb.europa.eu/stats/financial_markets_and_interest_rates/euro_area_yield_curves/shared/pdf/technical_notes.pdf,,6,,,AAA yield curve - 5-year spot rate,"Euro area (changing composition) - Government bond, nominal, all issuers whose rating is triple A - Svensson model - continuous compounding - yield error minimisation - Yield curve spot rate, 5-year maturity",PCPA,0
YC.B.U2.EUR.4F.G_N_A.SV_C_YM.SR_5Y,B,U2,EUR,4F,G_N_A,SV_C_YM,SR_5Y,2022-10-26,1.9982381218572838,A,F,,,P1D,,E,,,,,,,,,,,,,,,Technical notes are available at the following link: https://www.ecb.europa.eu/stats/financial_markets_and_interest_rates/euro_area_yield_curves/shared/pdf/technical_notes.pdf,,6,,,AAA yield curve - 5-year spot rate,"Euro area (changing composition) - Government bond, nominal, all issuers whose rating is triple A - Svensson model - continuous compounding - yield error minimisation - Yield curve spot rate, 5-year maturity",PCPA,0
YC.B.U2.EUR.4F.G_N_A.SV_C_YM.SR_5Y,B,U2,EUR,4F,G_N_A,SV_C_YM,SR_5Y,2022-10-27,1.8882056674287493,A,F,,,P1D,,E,,,,,,,,,,,,,,,Technical notes are available at the following link: https://www.ecb.europa.eu/stats/financial_markets_and_interest_rates/euro_area_yield_curves/shared/pdf/technical_notes.pdf,,6,,,AAA yield curve - 5-year spot rate,"Euro area (changing composition) - Government bond, nominal, all issuers whose rating is triple A - Svensson model - continuous compounding - yield error minimisation - Yield curve spot rate, 5-year maturity",PCPA,0
YC.B.U2.EUR.4F.G_N_A.SV_C_YM.SR_5Y,B,U2,EUR,4F,G_N_A,SV_C_YM,SR_5Y,2022-10-28,1.9148856860930894,A,F,,,P1D,,E,,,,,,,,,,,,,,,Technical notes are available at the following link: https://www.ecb.europa.eu/stats/financial_markets_and_interest_rates/euro_area_yield_curves/shared/pdf/technical_notes.pdf,,6,,,AAA yield curve - 5-year spot rate,"Euro area (changing composition) - Government bond, nominal, all issuers whose rating is triple A - Svensson model - continuous compounding - yield error minimisation - Yield curve spot rate, 5-year maturity",PCPA,0
YC.B.U2.EUR.4F.G_N_A.SV_C_YM.SR_5Y,B,U2,EUR,4F,G_N_A,SV_C_YM,SR_5Y,2022-10-31,1.9804708873110086,A,F,,,P1D,,E,,,,,,,,,,,,,,,Technical notes are available at the following link: https://www.ecb.europa.eu/stats/financial_markets_and_interest_rates/euro_area_yield_curves/shared/pdf/technical_notes.pdf,,6,,,AAA yield curve - 5-year spot rate,"Euro area (changing composition) - Government bond, nominal, all issuers whose rating is triple A - Svensson model - continuous compounding - yield error minimisation - Yield curve spot rate, 5-year maturity",PCPA,0
YC.B.U2.EUR.4F.G_N_A.SV_C_YM.SR_5Y,B,U2,EUR,4F,G_N_A,SV_C_YM,SR_5Y,2022-11-01,1.9634699975975685,A,F,,,P1D,,E,,,,,,,,,,,,,,,Technical notes are available at the following link: https://www.ecb.europa.eu/stats/financial_markets_and_interest_rates/euro_area_yield_curves/shared/pdf/technical_notes.pdf,,6,,,AAA yield curve - 5-year spot rate,"Euro area (changing composition) - Government bond, nominal, all issuers whose rating is triple A - Svensson model - continuous compounding - yield error minimisation - Yield curve spot rate, 5-year maturity",PCPA,0
YC.B.U2.EUR.4F.G_N_A.SV_C_YM.SR_5Y,B,U2,EUR,4F,G_N_A,SV_C_YM,SR_5Y,2022-11-02,1.9741483749172977,A,F,,,P1D,,E,,,,,,,,,,,,,,,Technical notes are available at the following link: https://www.ecb.europa.eu/stats/financial_markets_and_interest_rates/euro_area_yield_curves/shared/pdf/technical_notes.pdf,,6,,,AAA yield curve - 5-year spot rate,"Euro area (changing composition) - Government bond, nominal, all issuers whose rating is triple A - Svensson model - continuous compounding - yield error minimisation - Yield curve spot rate, 5-year maturity",PCPA,0
YC.B.U2.EUR.4F.G_N_A.SV_C_YM.SR_5Y,B,U2,EUR,4F,G_N_A,SV_C_YM,SR_5Y,2022-11-03,2.086340557767837,A,F,,,P1D,,E,,,,,,,,,,,,,,,Technical notes are available at the following link: https://www.ecb.europa.eu/stats/financial_markets_and_interest_rates/euro_area_yield_curves/shared/pdf/technical_notes.pdf,,6,,,AAA yield curve - 5-year spot rate,"Euro area (changing composition) - Government bond, nominal, all issuers whose rating is triple A - Svensson model - continuous compounding - yield error minimisation - Yield curve spot rate, 5-year maturity",PCPA,0
YC.B.U2.EUR.4F.G_N_A.SV_C_YM.SR_5Y,B,U2,EUR,4F,G_N_A,SV_C_YM,SR_5Y,2022-11-04,2.126095777757313,A,F,,,P1D,,E,,,,,,,,,,,,,,,Technical notes are available at the following link: https://www.ecb.europa.eu/stats/financial_markets_and_interest_rates/euro_area_yield_curves/shared/pdf/technical_notes.pdf,,6,,,AAA yield curve - 5-year spot rate,"Euro area (changing composition) - Government bond, nominal, all issuers whose rating is triple A - Svensson model - continuous compounding - yield error minimisation - Yield curve spot rate, 5-year maturity",PCPA,0
YC.B.U2.EUR.4F.G_N_A.SV_C_YM.SR_5Y,B,U2,EUR,4F,G_N_A,SV_C_YM,SR_5Y,2022-11-07,2.1838681560038298,A,F,,,P1D,,E,,,,,,,,,,,,,,,Technical notes are available at the following link: https://www.ecb.europa.eu/stats/financial_markets_and_interest_rates/euro_area_yield_curves/shared/pdf/technical_notes.pdf,,6,,,AAA yield curve - 5-year spot rate,"Euro area (changing composition) - Government bond, nominal, all issuers whose rating is triple A - Svensson model - continuous compounding - yield error minimisation - Yield curve spot rate, 5-year maturity",PCPA,0
YC.B.U2.EUR.4F.G_N_A.SV_C_YM.SR_5Y,B,U2,EUR,4F,G_N_A,SV_C_YM,SR_5Y,2022-11-08,2.1894044708543676,A,F,,,P1D,,E,,,,,,,,,,,,,,,Technical notes are available at the following link: https://www.ecb.europa.eu/stats/financial_markets_and_interest_rates/euro_area_yield_curves/shared/pdf/technical_notes.pdf,,6,,,AAA yield curve - 5-year spot rate,"Euro area (changing composition) - Government bond, nominal, all issuers whose rating is triple A - Svensson model - continuous compounding - yield error minimisation - Yield curve spot rate, 5-year maturity",PCPA,0
YC.B.U2.EUR.4F.G_N_A.SV_C_YM.SR_5Y,B,U2,EUR,4F,G_N_A,SV_C_YM,SR_5Y,2022-11-09,2.1894044708543583,A,F,,,P1D,,E,,,,,,,,,,,,,,,Technical notes are available at the following link: https://www.ecb.europa.eu/stats/financial_markets_and_interest_rates/euro_area_yield_curves/shared/pdf/technical_notes.pdf,,6,,,AAA yield curve - 5-year spot rate,"Euro area (changing composition) - Government bond, nominal, all issuers whose rating is triple A - Svensson model - continuous compounding - yield error minimisation - Yield curve spot rate, 5-year maturity",PCPA,0
YC.B.U2.EUR.4F.G_N_A.SV_C_YM.SR_5Y,B,U2,EUR,4F,G_N_A,SV_C_YM,SR_5Y,2022-11-10,2.03612813973543,A,F,,,P1D,,E,,,,,,,,,,,,,,,Technical notes are available at the following link: https://www.ecb.europa.eu/stats/financial_markets_and_interest_rates/euro_area_yield_curves/shared/pdf/technical_notes.pdf,,6,,,AAA yield curve - 5-year spot rate,"Euro area (changing composition) - Government bond, nominal, all issuers whose rating is triple A - Svensson model - continuous compounding - yield error minimisation - Yield curve spot rate, 5-year maturity",PCPA,0
YC.B.U2.EUR.4F.G_N_A.SV_C_YM.SR_5Y,B,U2,EUR,4F,G_N_A,SV_C_YM,SR_5Y,2022-11-11,2.062441696460663,A,F,,,P1D,,E,,,,,,,,,,,,,,,Technical notes are available at the following link: https://www.ecb.europa.eu/stats/financial_markets_and_interest_rates/euro_area_yield_curves/shared/pdf/technical_notes.pdf,,6,,,AAA yield curve - 5-year spot rate,"Euro area (changing composition) - Government bond, nominal, all issuers whose rating is triple A - Svensson model - continuous compounding - yield error minimisation - Yield curve spot rate, 5-year maturity",PCPA,0
YC.B.U2.EUR.4F.G_N_A.SV_C_YM.SR_5Y,B,U2,EUR,4F,G_N_A,SV_C_YM,SR_5Y,2022-11-14,2.027529241953342,A,F,,,P1D,,E,,,,,,,,,,,,,,,Technical notes are available at the following link: https://www.ecb.europa.eu/stats/financial_markets_and_interest_rates/euro_area_yield_curves/shared/pdf/technical_notes.pdf,,6,,,AAA yield curve - 5-year spot rate,"Euro area (changing composition) - Government bond, nominal, all issuers whose rating is triple A - Svensson model - continuous compounding - yield error minimisation - Yield curve spot rate, 5-year maturity",PCPA,0
YC.B.U2.EUR.4F.G_N_A.SV_C_YM.SR_5Y,B,U2,EUR,4F,G_N_A,SV_C_YM,SR_5Y,2022-11-15,2.0334143250384162,A,F,,,P1D,,E,,,,,,,,,,,,,,,Technical notes are available at the following link: https://www.ecb.europa.eu/stats/financial_markets_and_interest_rates/euro_area_yield_curves/shared/pdf/technical_notes.pdf,,6,,,AAA yield curve - 5-year spot rate,"Euro area (changing composition) - Government bond, nominal, all issuers whose rating is triple A - Svensson model - continuous compounding - yield error minimisation - Yield curve spot rate, 5-year maturity",PCPA,0
YC.B.U2.EUR.4F.G_N_A.SV_C_YM.SR_5Y,B,U2,EUR,4F,G_N_A,SV_C_YM,SR_5Y,2022-11-16,1.9869024923447793,A,F,,,P1D,,E,,,,,,,,,,,,,,,Technical notes are available at the following link: https://www.ecb.europa.eu/stats/financial_markets_and_interest_rates/euro_area_yield_curves/shared/pdf/technical_notes.pdf,,6,,,AAA yield curve - 5-year spot rate,"Euro area (changing composition) - Government bond, nominal, all issuers whose rating is triple A - Svensson model - continuous compounding - yield error minimisation - Yield curve spot rate, 5-year maturity",PCPA,0
YC.B.U2.EUR.4F.G_N_A.SV_C_YM.SR_5Y,B,U2,EUR,4F,G_N_A,SV_C_YM,SR_5Y,2022-11-17,1.9906985301282487,A,F,,,P1D,,E,,,,,,,,,,,,,,,Technical notes are available at the following link: https://www.ecb.europa.eu/stats/financial_markets_and_interest_rates/euro_area_yield_curves/shared/pdf/technical_notes.pdf,,6,,,AAA yield curve - 5-year spot rate,"Euro area (changing composition) - Government bond, nominal, all issuers whose rating is triple A - Svensson model - continuous compounding - yield error minimisation - Yield curve spot rate, 5-year maturity",PCPA,0
YC.B.U2.EUR.4F.G_N_A.SV_C_YM.SR_5Y,B,U2,EUR,4F,G_N_A,SV_C_YM,SR_5Y,2022-11-18,1.9688130251810312,A,F,,,P1D,,E,,,,,,,,,,,,,,,Technical notes are available at the following link: https://www.ecb.europa.eu/stats/financial_markets_and_interest_rates/euro_area_yield_curves/shared/pdf/technical_notes.pdf,,6,,,AAA yield curve - 5-year spot rate,"Euro area (changing composition) - Government bond, nominal, all issuers whose rating is triple A - Svensson model - continuous compounding - yield error minimisation - Yield curve spot rate, 5-year maturity",PCPA,0
YC.B.U2.EUR.4F.G_N_A.SV_C_YM.SR_5Y,B,U2,EUR,4F,G_N_A,SV_C_YM,SR_5Y,2022-11-21,1.9386604613046812,A,F,,,P1D,,E,,,,,,,,,,,,,,,Technical notes are available at the following link: https://www.ecb.europa.eu/stats/financial_markets_and_interest_rates/euro_area_yield_curves/shared/pdf/technical_notes.pdf,,6,,,AAA yield curve - 5-year spot rate,"Euro area (changing composition) - Government bond, nominal, all issuers whose rating is triple A - Svensson model - continuous compounding - yield error minimisation - Yield curve spot rate, 5-year maturity",PCPA,0
YC.B.U2.EUR.4F.G_N_A.SV_C_YM.SR_5Y,B,U2,EUR,4F,G_N_A,SV_C_YM,SR_5Y,2022-11-22,1.971672093030582,A,F,,,P1D,,E,,,,,,,,,,,,,,,Technical notes are available at the following link: https://www.ecb.europa.eu/stats/financial_markets_and_interest_rates/euro_area_yield_curves/shared/pdf/technical_notes.pdf,,6,,,AAA yield curve - 5-year spot rate,"Euro area (changing composition) - Government bond, nominal, all issuers whose rating is triple A - Svensson model - continuous compounding - yield error minimisation - Yield curve spot rate, 5-year maturity",PCPA,0
YC.B.U2.EUR.4F.G_N_A.SV_C_YM.SR_5Y,B,U2,EUR,4F,G_N_A,SV_C_YM,SR_5Y,2022-11-23,1.9665598455226172,A,F,,,P1D,,E,,,,,,,,,,,,,,,Technical notes are available at the following link: https://www.ecb.europa.eu/stats/financial_markets_and_interest_rates/euro_area_yield_curves/shared/pdf/technical_notes.pdf,,6,,,AAA yield curve - 5-year spot rate,"Euro area (changing composition) - Government bond, nominal, all issuers whose rating is triple A - Svensson model - continuous compounding - yield error minimisation - Yield curve spot rate, 5-year maturity",PCPA,0
YC.B.U2.EUR.4F.G_N_A.SV_C_YM.SR_5Y,B,U2,EUR,4F,G_N_A,SV_C_YM,SR_5Y,2022-11-24,1.877469817247697,A,F,,,P1D,,E,,,,,,,,,,,,,,,Technical notes are available at the following link: https://www.ecb.europa.eu/stats/financial_markets_and_interest_rates/euro_area_yield_curves/shared/pdf/technical_notes.pdf,,6,,,AAA yield curve - 5-year spot rate,"Euro area (changing composition) - Government bond, nominal, all issuers whose rating is triple A - Svensson model - continuous compounding - yield error minimisation - Yield curve spot rate, 5-year maturity",PCPA,0
YC.B.U2.EUR.4F.G_N_A.SV_C_YM.SR_5Y,B,U2,EUR,4F,G_N_A,SV_C_YM,SR_5Y,2022-11-25,1.974616156351637,A,F,,,P1D,,E,,,,,,,,,,,,,,,Technical notes are available at the following link: https://www.ecb.europa.eu/stats/financial_markets_and_interest_rates/euro_area_yield_curves/shared/pdf/technical_notes.pdf,,6,,,AAA yield curve - 5-year spot rate,"Euro area (changing composition) - Government bond, nominal, all issuers whose rating is triple A - Svensson model - continuous compounding - yield error minimisation - Yield curve spot rate, 5-year maturity",PCPA,0
YC.B.U2.EUR.4F.G_N_A.SV_C_YM.SR_5Y,B,U2,EUR,4F,G_N_A,SV_C_YM,SR_5Y,2022-11-28,1.9926326713921567,A,F,,,P1D,,E,,,,,,,,,,,,,,,Technical notes are available at the following link: https://www.ecb.europa.eu/stats/financial_markets_and_interest_rates/euro_area_yield_curves/shared/pdf/technical_notes.pdf,,6,,,AAA yield curve - 5-year spot rate,"Euro area (changing composition) - Government bond, nominal, all issuers whose rating is triple A - Svensson model - continuous compounding - yield error minimisation - Yield curve spot rate, 5-year maturity",PCPA,0
YC.B.U2.EUR.4F.G_N_A.SV_C_YM.SR_5Y,B,U2,EUR,4F,G_N_A,SV_C_YM,SR_5Y,2022-11-29,1.9311989616196517,A,F,,,P1D,,E,,,,,,,,,,,,,,,Technical notes are available at the following link: https://www.ecb.europa.eu/stats/financial_markets_and_interest_rates/euro_area_yield_curves/shared/pdf/technical_notes.pdf,,6,,,AAA yield curve - 5-year spot rate,"Euro area (changing composition) - Government bond, nominal, all issuers whose rating is triple A - Svensson model - continuous compounding - yield error minimisation - Yield curve spot rate, 5-year maturity",PCPA,0
YC.B.U2.EUR.4F.G_N_A.SV_C_YM.SR_5Y,B,U2,EUR,4F,G_N_A,SV_C_YM,SR_5Y,2022-11-30,1.959183740223314,A,F,,,P1D,,E,,,,,,,,,,,,,,,Technical notes are available at the following link: https://www.ecb.europa.eu/stats/financial_markets_and_interest_rates/euro_area_yield_curves/shared/pdf/technical_notes.pdf,,6,,,AAA yield curve - 5-year spot rate,"Euro area (changing composition) - Government bond, nominal, all issuers whose rating is triple A - Svensson model - continuous compounding - yield error minimisation - Yield curve spot rate, 5-year maturity",PCPA,0
YC.B.U2.EUR.4F.G_N_A.SV_C_YM.SR_5Y,B,U2,EUR,4F,G_N_A,SV_C_YM,SR_5Y,2022-12-01,1.8322031397745695,A,F,,,P1D,,E,,,,,,,,,,,,,,,Technical notes are available at the following link: https://www.ecb.europa.eu/stats/financial_markets_and_interest_rates/euro_area_yield_curves/shared/pdf/technical_notes.pdf,,6,,,AAA yield curve - 5-year spot rate,"Euro area (changing composition) - Government bond, nominal, all issuers whose rating is triple A - Svensson model - continuous compounding - yield error minimisation - Yield curve spot rate, 5-year maturity",PCPA,0
YC.B.U2.EUR.4F.G_N_A.SV_C_YM.SR_5Y,B,U2,EUR,4F,G_N_A,SV_C_YM,SR_5Y,2022-12-02,1.8655682571932108,A,F,,,P1D,,E,,,,,,,,,,,,,,,Technical notes are available at the following link: https://www.ecb.europa.eu/stats/financial_markets_and_interest_rates/euro_area_yield_curves/shared/pdf/technical_notes.pdf,,6,,,AAA yield curve - 5-year spot rate,"Euro area (changing composition) - Government bond, nominal, all issuers whose rating is triple A - Svensson model - continuous compounding - yield error minimisation - Yield curve spot rate, 5-year maturity",PCPA,0
YC.B.U2.EUR.4F.G_N_A.SV_C_YM.SR_5Y,B,U2,EUR,4F,G_N_A,SV_C_YM,SR_5Y,2022-12-05,1.8875476711229435,A,F,,,P1D,,E,,,,,,,,,,,,,,,Technical notes are available at the following link: https://www.ecb.europa.eu/stats/financial_markets_and_interest_rates/euro_area_yield_curves/shared/pdf/technical_notes.pdf,,6,,,AAA yield curve - 5-year spot rate,"Euro area (changing composition) - Government bond, nominal, all issuers whose rating is triple A - Svensson model - continuous compounding - yield error minimisation - Yield curve spot rate, 5-year maturity",PCPA,0
YC.B.U2.EUR.4F.G_N_A.SV_C_YM.SR_5Y,B,U2,EUR,4F,G_N_A,SV_C_YM,SR_5Y,2022-12-06,1.8302793192854963,A,F,,,P1D,,E,,,,,,,,,,,,,,,Technical notes are available at the following link: https://www.ecb.europa.eu/stats/financial_markets_and_interest_rates/euro_area_yield_curves/shared/pdf/technical_notes.pdf,,6,,,AAA yield curve - 5-year spot rate,"Euro area (changing composition) - Government bond, nominal, all issuers whose rating is triple A - Svensson model - continuous compounding - yield error minimisation - Yield curve spot rate, 5-year maturity",PCPA,0
YC.B.U2.EUR.4F.G_N_A.SV_C_YM.SR_5Y,B,U2,EUR,4F,G_N_A,SV_C_YM,SR_5Y,2022-12-07,1.8005076802858484,A,F,,,P1D,,E,,,,,,,,,,,,,,,Technical notes are available at the following link: https://www.ecb.europa.eu/stats/financial_markets_and_interest_rates/euro_area_yield_curves/shared/pdf/technical_notes.pdf,,6,,,AAA yield curve - 5-year spot rate,"Euro area (changing composition) - Government bond, nominal, all issuers whose rating is triple A - Svensson model - continuous compounding - yield error minimisation - Yield curve spot rate, 5-year maturity",PCPA,0
YC.B.U2.EUR.4F.G_N_A.SV_C_YM.SR_5Y,B,U2,EUR,4F,G_N_A,SV_C_YM,SR_5Y,2022-12-08,1.8261389015111908,A,F,,,P1D,,E,,,,,,,,,,,,,,,Technical notes are available at the following link: https://www.ecb.europa.eu/stats/financial_markets_and_interest_rates/euro_area_yield_curves/shared/pdf/technical_notes.pdf,,6,,,AAA yield curve - 5-year spot rate,"Euro area (changing composition) - Government bond, nominal, all issuers whose rating is triple A - Svensson model - continuous compounding - yield error minimisation - Yield curve spot rate, 5-year maturity",PCPA,0
YC.B.U2.EUR.4F.G_N_A.SV_C_YM.SR_5Y,B,U2,EUR,4F,G_N_A,SV_C_YM,SR_5Y,2022-12-09,1.92567590722851,A,F,,,P1D,,E,,,,,,,,,,,,,,,Technical notes are available at the following link: https://www.ecb.europa.eu/stats/financial_markets_and_interest_rates/euro_area_yield_curves/shared/pdf/technical_notes.pdf,,6,,,AAA yield curve - 5-year spot rate,"Euro area (changing composition) - Government bond, nominal, all issuers whose rating is triple A - Svensson model - continuous compounding - yield error minimisation - Yield curve spot rate, 5-year maturity",PCPA,0
YC.B.U2.EUR.4F.G_N_A.SV_C_YM.SR_5Y,B,U2,EUR,4F,G_N_A,SV_C_YM,SR_5Y,2022-12-12,1.9195598755047265,A,F,,,P1D,,E,,,,,,,,,,,,,,,Technical notes are available at the following link: https://www.ecb.europa.eu/stats/financial_markets_and_interest_rates/euro_area_yield_curves/shared/pdf/technical_notes.pdf,,6,,,AAA yield curve - 5-year spot rate,"Euro area (changing composition) - Government bond, nominal, all issuers whose rating is triple A - Svensson model - continuous compounding - yield error minimisation - Yield curve spot rate, 5-year maturity",PCPA,0
YC.B.U2.EUR.4F.G_N_A.SV_C_YM.SR_5Y,B,U2,EUR,4F,G_N_A,SV_C_YM,SR_5Y,2022-12-13,1.8817826324989906,A,F,,,P1D,,E,,,,,,,,,,,,,,,Technical notes are available at the following link: https://www.ecb.europa.eu/stats/financial_markets_and_interest_rates/euro_area_yield_curves/shared/pdf/technical_notes.pdf,,6,,,AAA yield curve - 5-year spot rate,"Euro area (changing composition) - Government bond, nominal, all issuers whose rating is triple A - Svensson model - continuous compounding - yield error minimisation - Yield curve spot rate, 5-year maturity",PCPA,0
YC.B.U2.EUR.4F.G_N_A.SV_C_YM.SR_5Y,B,U2,EUR,4F,G_N_A,SV_C_YM,SR_5Y,2022-12-14,1.9305954818039772,A,F,,,P1D,,E,,,,,,,,,,,,,,,Technical notes are available at the following link: https://www.ecb.europa.eu/stats/financial_markets_and_interest_rates/euro_area_yield_curves/shared/pdf/technical_notes.pdf,,6,,,AAA yield curve - 5-year spot rate,"Euro area (changing composition) - Government bond, nominal, all issuers whose rating is triple A - Svensson model - continuous compounding - yield error minimisation - Yield curve spot rate, 5-year maturity",PCPA,0
YC.B.U2.EUR.4F.G_N_A.SV_C_YM.SR_5Y,B,U2,EUR,4F,G_N_A,SV_C_YM,SR_5Y,2022-12-15,1.9785692081477069,A,F,,,P1D,,E,,,,,,,,,,,,,,,Technical notes are available at the following link: https://www.ecb.europa.eu/stats/financial_markets_and_interest_rates/euro_area_yield_curves/shared/pdf/technical_notes.pdf,,6,,,AAA yield curve - 5-year spot rate,"Euro area (changing composition) - Government bond, nominal, all issuers whose rating is triple A - Svensson model - continuous compounding - yield error minimisation - Yield curve spot rate, 5-year maturity",PCPA,0
YC.B.U2.EUR.4F.G_N_A.SV_C_YM.SR_5Y,B,U2,EUR,4F,G_N_A,SV_C_YM,SR_5Y,2022-12-16,2.2130094571815313,A,F,,,P1D,,E,,,,,,,,,,,,,,,Technical notes are available at the following link: https://www.ecb.europa.eu/stats/financial_markets_and_interest_rates/euro_area_yield_curves/shared/pdf/technical_notes.pdf,,6,,,AAA yield curve - 5-year spot rate,"Euro area (changing composition) - Government bond, nominal, all issuers whose rating is triple A - Svensson model - continuous compounding - yield error minimisation - Yield curve spot rate, 5-year maturity",PCPA,0
YC.B.U2.EUR.4F.G_N_A.SV_C_YM.SR_5Y,B,U2,EUR,4F,G_N_A,SV_C_YM,SR_5Y,2022-12-19,2.208580498088794,A,F,,,P1D,,E,,,,,,,,,,,,,,,Technical notes are available at the following link: https://www.ecb.europa.eu/stats/financial_markets_and_interest_rates/euro_area_yield_curves/shared/pdf/technical_notes.pdf,,6,,,AAA yield curve - 5-year spot rate,"Euro area (changing composition) - Government bond, nominal, all issuers whose rating is triple A - Svensson model - continuous compounding - yield error minimisation - Yield curve spot rate, 5-year maturity",PCPA,0
YC.B.U2.EUR.4F.G_N_A.SV_C_YM.SR_5Y,B,U2,EUR,4F,G_N_A,SV_C_YM,SR_5Y,2022-12-20,2.2905212985336996,A,F,,,P1D,,E,,,,,,,,,,,,,,,Technical notes are available at the following link: https://www.ecb.europa.eu/stats/financial_markets_and_interest_rates/euro_area_yield_curves/shared/pdf/technical_notes.pdf,,6,,,AAA yield curve - 5-year spot rate,"Euro area (changing composition) - Government bond, nominal, all issuers whose rating is triple A - Svensson model - continuous compounding - yield error minimisation - Yield curve spot rate, 5-year maturity",PCPA,0
YC.B.U2.EUR.4F.G_N_A.SV_C_YM.SR_5Y,B,U2,EUR,4F,G_N_A,SV_C_YM,SR_5Y,2022-12-21,2.2962993902963778,A,F,,,P1D,,E,,,,,,,,,,,,,,,Technical notes are available at the following link: https://www.ecb.europa.eu/stats/financial_markets_and_interest_rates/euro_area_yield_curves/shared/pdf/technical_notes.pdf,,6,,,AAA yield curve - 5-year spot rate,"Euro area (changing composition) - Government bond, nominal, all issuers whose rating is triple A - Svensson model - continuous compounding - yield error minimisation - Yield curve spot rate, 5-year maturity",PCPA,0
YC.B.U2.EUR.4F.G_N_A.SV_C_YM.SR_5Y,B,U2,EUR,4F,G_N_A,SV_C_YM,SR_5Y,2022-12-22,2.3753166039160813,A,F,,,P1D,,E,,,,,,,,,,,,,,,Technical notes are available at the following link: https://www.ecb.europa.eu/stats/financial_markets_and_interest_rates/euro_area_yield_curves/shared/pdf/technical_notes.pdf,,6,,,AAA yield curve - 5-year spot rate,"Euro area (changing composition) - Government bond, nominal, all issuers whose rating is triple A - Svensson model - continuous compounding - yield error minimisation - Yield curve spot rate, 5-year maturity",PCPA,0
YC.B.U2.EUR.4F.G_N_A.SV_C_YM.SR_5Y,B,U2,EUR,4F,G_N_A,SV_C_YM,SR_5Y,2022-12-23,2.4145435674373332,A,F,,,P1D,,E,,,,,,,,,,,,,,,Technical notes are available at the following link: https://www.ecb.europa.eu/stats/financial_markets_and_interest_rates/euro_area_yield_curves/shared/pdf/technical_notes.pdf,,6,,,AAA yield curve - 5-year spot rate,"Euro area (changing composition) - Government bond, nominal, all issuers whose rating is triple A - Svensson model - continuous compounding - yield error minimisation - Yield curve spot rate, 5-year maturity",PCPA,0
YC.B.U2.EUR.4F.G_N_A.SV_C_YM.SR_5Y,B,U2,EUR,4F,G_N_A,SV_C_YM,SR_5Y,2022-12-27,2.4308587428134034,A,F,,,P1D,,E,,,,,,,,,,,,,,,Technical notes are available at the following link: https://www.ecb.europa.eu/stats/financial_markets_and_interest_rates/euro_area_yield_curves/shared/pdf/technical_notes.pdf,,6,,,AAA yield curve - 5-year spot rate,"Euro area (changing composition) - Government bond, nominal, all issuers whose rating is triple A - Svensson model - continuous compounding - yield error minimisation - Yield curve spot rate, 5-year maturity",PCPA,0
YC.B.U2.EUR.4F.G_N_A.SV_C_YM.SR_5Y,B,U2,EUR,4F,G_N_A,SV_C_YM,SR_5Y,2022-12-28,2.4319404718911444,A,F,,,P1D,,E,,,,,,,,,,,,,,,Technical notes are available at the following link: https://www.ecb.europa.eu/stats/financial_markets_and_interest_rates/euro_area_yield_curves/shared/pdf/technical_notes.pdf,,6,,,AAA yield curve - 5-year spot rate,"Euro area (changing composition) - Government bond, nominal, all issuers whose rating is triple A - Svensson model - continuous compounding - yield error minimisation - Yield curve spot rate, 5-year maturity",PCPA,0
YC.B.U2.EUR.4F.G_N_A.SV_C_YM.SR_5Y,B,U2,EUR,4F,G_N_A,SV_C_YM,SR_5Y,2022-12-29,2.4229442479586782,A,F,,,P1D,,E,,,,,,,,,,,,,,,Technical notes are available at the following link: https://www.ecb.europa.eu/stats/financial_markets_and_interest_rates/euro_area_yield_curves/shared/pdf/technical_notes.pdf,,6,,,AAA yield curve - 5-year spot rate,"Euro area (changing composition) - Government bond, nominal, all issuers whose rating is triple A - Svensson model - continuous compounding - yield error minimisation - Yield curve spot rate, 5-year maturity",PCPA,0
YC.B.U2.EUR.4F.G_N_A.SV_C_YM.SR_5Y,B,U2,EUR,4F,G_N_A,SV_C_YM,SR_5Y,2022-12-30,2.4509074252665517,A,F,,,P1D,,E,,,,,,,,,,,,,,,Technical notes are available at the following link: https://www.ecb.europa.eu/stats/financial_markets_and_interest_rates/euro_area_yield_curves/shared/pdf/technical_notes.pdf,,6,,,AAA yield curve - 5-year spot rate,"Euro area (changing composition) - Government bond, nominal, all issuers whose rating is triple A - Svensson model - continuous compounding - yield error minimisation - Yield curve spot rate, 5-year maturity",PCPA,0
YC.B.U2.EUR.4F.G_N_A.SV_C_YM.SR_5Y,B,U2,EUR,4F,G_N_A,SV_C_YM,SR_5Y,2023-01-02,2.443439034125499,A,F,,,P1D,,E,,,,,,,,,,,,,,,Technical notes are available at the following link: https://www.ecb.europa.eu/stats/financial_markets_and_interest_rates/euro_area_yield_curves/shared/pdf/technical_notes.pdf,,6,,,AAA yield curve - 5-year spot rate,"Euro area (changing composition) - Government bond, nominal, all issuers whose rating is triple A - Svensson model - continuous compounding - yield error minimisation - Yield curve spot rate, 5-year maturity",PCPA,0
YC.B.U2.EUR.4F.G_N_A.SV_C_YM.SR_5Y,B,U2,EUR,4F,G_N_A,SV_C_YM,SR_5Y,2023-01-03,2.378829187187964,A,F,,,P1D,,E,,,,,,,,,,,,,,,Technical notes are available at the following link: https://www.ecb.europa.eu/stats/financial_markets_and_interest_rates/euro_area_yield_curves/shared/pdf/technical_notes.pdf,,6,,,AAA yield curve - 5-year spot rate,"Euro area (changing composition) - Government bond, nominal, all issuers whose rating is triple A - Svensson model - continuous compounding - yield error minimisation - Yield curve spot rate, 5-year maturity",PCPA,0
YC.B.U2.EUR.4F.G_N_A.SV_C_YM.SR_5Y,B,U2,EUR,4F,G_N_A,SV_C_YM,SR_5Y,2023-01-04,2.2906470143848554,A,F,,,P1D,,E,,,,,,,,,,,,,,,Technical notes are available at the following link: https://www.ecb.europa.eu/stats/financial_markets_and_interest_rates/euro_area_yield_curves/shared/pdf/technical_notes.pdf,,6,,,AAA yield curve - 5-year spot rate,"Euro area (changing composition) - Government bond, nominal, all issuers whose rating is triple A - Svensson model - continuous compounding - yield error minimisation - Yield curve spot rate, 5-year maturity",PCPA,0
YC.B.U2.EUR.4F.G_N_A.SV_C_YM.SR_5Y,B,U2,EUR,4F,G_N_A,SV_C_YM,SR_5Y,2023-01-05,2.361702348150718,A,F,,,P1D,,E,,,,,,,,,,,,,,,Technical notes are available at the following link: https://www.ecb.europa.eu/stats/financial_markets_and_interest_rates/euro_area_yield_curves/shared/pdf/technical_notes.pdf,,6,,,AAA yield curve - 5-year spot rate,"Euro area (changing composition) - Government bond, nominal, all issuers whose rating is triple A - Svensson model - continuous compounding - yield error minimisation - Yield curve spot rate, 5-year maturity",PCPA,0
YC.B.U2.EUR.4F.G_N_A.SV_C_YM.SR_5Y,B,U2,EUR,4F,G_N_A,SV_C_YM,SR_5Y,2023-01-06,2.311518688968102,A,F,,,P1D,,E,,,,,,,,,,,,,,,Technical notes are available at the following link: https://www.ecb.europa.eu/stats/financial_markets_and_interest_rates/euro_area_yield_curves/shared/pdf/technical_notes.pdf,,6,,,AAA yield curve - 5-year spot rate,"Euro area (changing composition) - Government bond, nominal, all issuers whose rating is triple A - Svensson model - continuous compounding - yield error minimisation - Yield curve spot rate, 5-year maturity",PCPA,0
YC.B.U2.EUR.4F.G_N_A.SV_C_YM.SR_5Y,B,U2,EUR,4F,G_N_A,SV_C_YM,SR_5Y,2023-01-09,2.301506703172143,A,F,,,P1D,,E,,,,,,,,,,,,,,,Technical notes are available at the following link: https://www.ecb.europa.eu/stats/financial_markets_and_interest_rates/euro_area_yield_curves/shared/pdf/technical_notes.pdf,,6,,,AAA yield curve - 5-year spot rate,"Euro area (changing composition) - Government bond, nominal, all issuers whose rating is triple A - Svensson model - continuous compounding - yield error minimisation - Yield curve spot rate, 5-year maturity",PCPA,0
YC.B.U2.EUR.4F.G_N_A.SV_C_YM.SR_5Y,B,U2,EUR,4F,G_N_A,SV_C_YM,SR_5Y,2023-01-10,2.3269583248481056,A,F,,,P1D,,E,,,,,,,,,,,,,,,Technical notes are available at the following link: https://www.ecb.europa.eu/stats/financial_markets_and_interest_rates/euro_area_yield_curves/shared/pdf/technical_notes.pdf,,6,,,AAA yield curve - 5-year spot rate,"Euro area (changing composition) - Government bond, nominal, all issuers whose rating is triple A - Svensson model - continuous compounding - yield error minimisation - Yield curve spot rate, 5-year maturity",PCPA,0
YC.B.U2.EUR.4F.G_N_A.SV_C_YM.SR_5Y,B,U2,EUR,4F,G_N_A,SV_C_YM,SR_5Y,2023-01-11,2.253515051812257,A,F,,,P1D,,E,,,,,,,,,,,,,,,Technical notes are available at the following link: https://www.ecb.europa.eu/stats/financial_markets_and_interest_rates/euro_area_yield_curves/shared/pdf/technical_notes.pdf,,6,,,AAA yield curve - 5-year spot rate,"Euro area (changing composition) - Government bond, nominal, all issuers whose rating is triple A - Svensson model - continuous compounding - yield error minimisation - Yield curve spot rate, 5-year maturity",PCPA,0
YC.B.U2.EUR.4F.G_N_A.SV_C_YM.SR_5Y,B,U2,EUR,4F,G_N_A,SV_C_YM,SR_5Y,2023-01-12,2.206111815768414,A,F,,,P1D,,E,,,,,,,,,,,,,,,Technical notes are available at the following link: https://www.ecb.europa.eu/stats/financial_markets_and_interest_rates/euro_area_yield_curves/shared/pdf/technical_notes.pdf,,6,,,AAA yield curve - 5-year spot rate,"Euro area (changing composition) - Government bond, nominal, all issuers whose rating is triple A - Svensson model - continuous compounding - yield error minimisation - Yield curve spot rate, 5-year maturity",PCPA,0
YC.B.U2.EUR.4F.G_N_A.SV_C_YM.SR_5Y,B,U2,EUR,4F,G_N_A,SV_C_YM,SR_5Y,2023-01-13,2.180029520555139,A,F,,,P1D,,E,,,,,,,,,,,,,,,Technical notes are available at the following link: https://www.ecb.europa.eu/stats/financial_markets_and_interest_rates/euro_area_yield_curves/shared/pdf/technical_notes.pdf,,6,,,AAA yield curve - 5-year spot rate,"Euro area (changing composition) - Government bond, nominal, all issuers whose rating is triple A - Svensson model - continuous compounding - yield error minimisation - Yield curve spot rate, 5-year maturity",PCPA,0
YC.B.U2.EUR.4F.G_N_A.SV_C_YM.SR_5Y,B,U2,EUR,4F,G_N_A,SV_C_YM,SR_5Y,2023-01-16,2.1790134661586387,A,F,,,P1D,,E,,,,,,,,,,,,,,,Technical notes are available at the following link: https://www.ecb.europa.eu/stats/financial_markets_and_interest_rates/euro_area_yield_curves/shared/pdf/technical_notes.pdf,,6,,,AAA yield curve - 5-year spot rate,"Euro area (changing composition) - Government bond, nominal, all issuers whose rating is triple A - Svensson model - continuous compounding - yield error minimisation - Yield curve spot rate, 5-year maturity",PCPA,0
YC.B.U2.EUR.4F.G_N_A.SV_C_YM.SR_5Y,B,U2,EUR,4F,G_N_A,SV_C_YM,SR_5Y,2023-01-17,2.172734106241585,A,F,,,P1D,,E,,,,,,,,,,,,,,,Technical notes are available at the following link: https://www.ecb.europa.eu/stats/financial_markets_and_interest_rates/euro_area_yield_curves/shared/pdf/technical_notes.pdf,,6,,,AAA yield curve - 5-year spot rate,"Euro area (changing composition) - Government bond, nominal, all issuers whose rating is triple A - Svensson model - continuous compounding - yield error minimisation - Yield curve spot rate, 5-year maturity",PCPA,0
YC.B.U2.EUR.4F.G_N_A.SV_C_YM.SR_5Y,B,U2,EUR,4F,G_N_A,SV_C_YM,SR_5Y,2023-01-18,2.0662094242703217,A,F,,,P1D,,E,,,,,,,,,,,,,,,Technical notes are available at the following link: https://www.ecb.europa.eu/stats/financial_markets_and_interest_rates/euro_area_yield_curves/shared/pdf/technical_notes.pdf,,6,,,AAA yield curve - 5-year spot rate,"Euro area (changing composition) - Government bond, nominal, all issuers whose rating is triple A - Svensson model - continuous compounding - yield error minimisation - Yield curve spot rate, 5-year maturity",PCPA,0
YC.B.U2.EUR.4F.G_N_A.SV_C_YM.SR_5Y,B,U2,EUR,4F,G_N_A,SV_C_YM,SR_5Y,2023-01-19,2.0996701131488704,A,F,,,P1D,,E,,,,,,,,,,,,,,,Technical notes are available at the following link: https://www.ecb.europa.eu/stats/financial_markets_and_interest_rates/euro_area_yield_curves/shared/pdf/technical_notes.pdf,,6,,,AAA yield curve - 5-year spot rate,"Euro area (changing composition) - Government bond, nominal, all issuers whose rating is triple A - Svensson model - continuous compounding - yield error minimisation - Yield curve spot rate, 5-year maturity",PCPA,0
YC.B.U2.EUR.4F.G_N_A.SV_C_YM.SR_5Y,B,U2,EUR,4F,G_N_A,SV_C_YM,SR_5Y,2023-01-20,2.1839051524657878,A,F,,,P1D,,E,,,,,,,,,,,,,,,Technical notes are available at the following link: https://www.ecb.europa.eu/stats/financial_markets_and_interest_rates/euro_area_yield_curves/shared/pdf/technical_notes.pdf,,6,,,AAA yield curve - 5-year spot rate,"Euro area (changing composition) - Government bond, nominal, all issuers whose rating is triple A - Svensson model - continuous compounding - yield error minimisation - Yield curve spot rate, 5-year maturity",PCPA,0
YC.B.U2.EUR.4F.G_N_A.SV_C_YM.SR_5Y,B,U2,EUR,4F,G_N_A,SV_C_YM,SR_5Y,2023-01-23,2.2166546744855466,A,F,,,P1D,,E,,,,,,,,,,,,,,,Technical notes are available at the following link: https://www.ecb.europa.eu/stats/financial_markets_and_interest_rates/euro_area_yield_curves/shared/pdf/technical_notes.pdf,,6,,,AAA yield curve - 5-year spot rate,"Euro area (changing composition) - Government bond, nominal, all issuers whose rating is triple A - Svensson model - continuous compounding - yield error minimisation - Yield curve spot rate, 5-year maturity",PCPA,0
YC.B.U2.EUR.4F.G_N_A.SV_C_YM.SR_5Y,B,U2,EUR,4F,G_N_A,SV_C_YM,SR_5Y,2023-01-24,2.2274441702074963,A,F,,,P1D,,E,,,,,,,,,,,,,,,Technical notes are available at the following link: https://www.ecb.europa.eu/stats/financial_markets_and_interest_rates/euro_area_yield_curves/shared/pdf/technical_notes.pdf,,6,,,AAA yield curve - 5-year spot rate,"Euro area (changing composition) - Government bond, nominal, all issuers whose rating is triple A - Svensson model - continuous compounding - yield error minimisation - Yield curve spot rate, 5-year maturity",PCPA,0
YC.B.U2.EUR.4F.G_N_A.SV_C_YM.SR_5Y,B,U2,EUR,4F,G_N_A,SV_C_YM,SR_5Y,2023-01-25,2.1434942824320444,A,F,,,P1D,,E,,,,,,,,,,,,,,,Technical notes are available at the following link: https://www.ecb.europa.eu/stats/financial_markets_and_interest_rates/euro_area_yield_curves/shared/pdf/technical_notes.pdf,,6,,,AAA yield curve - 5-year spot rate,"Euro area (changing composition) - Government bond, nominal, all issuers whose rating is triple A - Svensson model - continuous compounding - yield error minimisation - Yield curve spot rate, 5-year maturity",PCPA,0
YC.B.U2.EUR.4F.G_N_A.SV_C_YM.SR_5Y,B,U2,EUR,4F,G_N_A,SV_C_YM,SR_5Y,2023-01-26,2.2140765980977295,A,F,,,P1D,,E,,,,,,,,,,,,,,,Technical notes are available at the following link: https://www.ecb.europa.eu/stats/financial_markets_and_interest_rates/euro_area_yield_curves/shared/pdf/technical_notes.pdf,,6,,,AAA yield curve - 5-year spot rate,"Euro area (changing composition) - Government bond, nominal, all issuers whose rating is triple A - Svensson model - continuous compounding - yield error minimisation - Yield curve spot rate, 5-year maturity",PCPA,0
YC.B.U2.EUR.4F.G_N_A.SV_C_YM.SR_5Y,B,U2,EUR,4F,G_N_A,SV_C_YM,SR_5Y,2023-01-27,2.2641659762248674,A,F,,,P1D,,E,,,,,,,,,,,,,,,Technical notes are available at the following link: https://www.ecb.europa.eu/stats/financial_markets_and_interest_rates/euro_area_yield_curves/shared/pdf/technical_notes.pdf,,6,,,AAA yield curve - 5-year spot rate,"Euro area (changing composition) - Government bond, nominal, all issuers whose rating is triple A - Svensson model - continuous compounding - yield error minimisation - Yield curve spot rate, 5-year maturity",PCPA,0
YC.B.U2.EUR.4F.G_N_A.SV_C_YM.SR_5Y,B,U2,EUR,4F,G_N_A,SV_C_YM,SR_5Y,2023-01-30,2.322220478227675,A,F,,,P1D,,E,,,,,,,,,,,,,,,Technical notes are available at the following link: https://www.ecb.europa.eu/stats/financial_markets_and_interest_rates/euro_area_yield_curves/shared/pdf/technical_notes.pdf,,6,,,AAA yield curve - 5-year spot rate,"Euro area (changing composition) - Government bond, nominal, all issuers whose rating is triple A - Svensson model - continuous compounding - yield error minimisation - Yield curve spot rate, 5-year maturity",PCPA,0
YC.B.U2.EUR.4F.G_N_A.SV_C_YM.SR_5Y,B,U2,EUR,4F,G_N_A,SV_C_YM,SR_5Y,2023-01-31,2.2894581780535277,A,F,,,P1D,,E,,,,,,,,,,,,,,,Technical notes are available at the following link: https://www.ecb.europa.eu/stats/financial_markets_and_interest_rates/euro_area_yield_curves/shared/pdf/technical_notes.pdf,,6,,,AAA yield curve - 5-year spot rate,"Euro area (changing composition) - Government bond, nominal, all issuers whose rating is triple A - Svensson model - continuous compounding - yield error minimisation - Yield curve spot rate, 5-year maturity",PCPA,0
YC.B.U2.EUR.4F.G_N_A.SV_C_YM.SR_5Y,B,U2,EUR,4F,G_N_A,SV_C_YM,SR_5Y,2023-02-01,2.3121450728505675,A,F,,,P1D,,E,,,,,,,,,,,,,,,Technical notes are available at the following link: https://www.ecb.europa.eu/stats/financial_markets_and_interest_rates/euro_area_yield_curves/shared/pdf/technical_notes.pdf,,6,,,AAA yield curve - 5-year spot rate,"Euro area (changing composition) - Government bond, nominal, all issuers whose rating is triple A - Svensson model - continuous compounding - yield error minimisation - Yield curve spot rate, 5-year maturity",PCPA,0
YC.B.U2.EUR.4F.G_N_A.SV_C_YM.SR_5Y,B,U2,EUR,4F,G_N_A,SV_C_YM,SR_5Y,2023-02-02,2.199795810572021,A,F,,,P1D,,E,,,,,,,,,,,,,,,Technical notes are available at the following link: https://www.ecb.europa.eu/stats/financial_markets_and_interest_rates/euro_area_yield_curves/shared/pdf/technical_notes.pdf,,6,,,AAA yield curve - 5-year spot rate,"Euro area (changing composition) - Government bond, nominal, all issuers whose rating is triple A - Svensson model - continuous compounding - yield error minimisation - Yield curve spot rate, 5-year maturity",PCPA,0
YC.B.U2.EUR.4F.G_N_A.SV_C_YM.SR_5Y,B,U2,EUR,4F,G_N_A,SV_C_YM,SR_5Y,2023-02-03,2.2101138488019485,A,F,,,P1D,,E,,,,,,,,,,,,,,,Technical notes are available at the following link: https://www.ecb.europa.eu/stats/financial_markets_and_interest_rates/euro_area_yield_curves/shared/pdf/technical_notes.pdf,,6,,,AAA yield curve - 5-year spot rate,"Euro area (changing composition) - Government bond, nominal, all issuers whose rating is triple A - Svensson model - continuous compounding - yield error minimisation - Yield curve spot rate, 5-year maturity",PCPA,0
YC.B.U2.EUR.4F.G_N_A.SV_C_YM.SR_5Y,B,U2,EUR,4F,G_N_A,SV_C_YM,SR_5Y,2023-02-06,2.2807527331555133,A,F,,,P1D,,E,,,,,,,,,,,,,,,Technical notes are available at the following link: https://www.ecb.europa.eu/stats/financial_markets_and_interest_rates/euro_area_yield_curves/shared/pdf/technical_notes.pdf,,6,,,AAA yield curve - 5-year spot rate,"Euro area (changing composition) - Government bond, nominal, all issuers whose rating is triple A - Svensson model - continuous compounding - yield error minimisation - Yield curve spot rate, 5-year maturity",PCPA,0
YC.B.U2.EUR.4F.G_N_A.SV_C_YM.SR_5Y,B,U2,EUR,4F,G_N_A,SV_C_YM,SR_5Y,2023-02-07,2.3219706299546448,A,F,,,P1D,,E,,,,,,,,,,,,,,,Technical notes are available at the following link: https://www.ecb.europa.eu/stats/financial_markets_and_interest_rates/euro_area_yield_curves/shared/pdf/technical_notes.pdf,,6,,,AAA yield curve - 5-year spot rate,"Euro area (changing composition) - Government bond, nominal, all issuers whose rating is triple A - Svensson model - continuous compounding - yield error minimisation - Yield curve spot rate, 5-year maturity",PCPA,0
YC.B.U2.EUR.4F.G_N_A.SV_C_YM.SR_5Y,B,U2,EUR,4F,G_N_A,SV_C_YM,SR_5Y,2023-02-08,2.3749945830205315,A,F,,,P1D,,E,,,,,,,,,,,,,,,Technical notes are available at the following link: https://www.ecb.europa.eu/stats/financial_markets_and_interest_rates/euro_area_yield_curves/shared/pdf/technical_notes.pdf,,6,,,AAA yield curve - 5-year spot rate,"Euro area (changing composition) - Government bond, nominal, all issuers whose rating is triple A - Svensson model - continuous compounding - yield error minimisation - Yield curve spot rate, 5-year maturity",PCPA,0
YC.B.U2.EUR.4F.G_N_A.SV_C_YM.SR_5Y,B,U2,EUR,4F,G_N_A,SV_C_YM,SR_5Y,2023-02-09,2.3167277404494757,A,F,,,P1D,,E,,,,,,,,,,,,,,,Technical notes are available at the following link: https://www.ecb.europa.eu/stats/financial_markets_and_interest_rates/euro_area_yield_curves/shared/pdf/technical_notes.pdf,,6,,,AAA yield curve - 5-year spot rate,"Euro area (changing composition) - Government bond, nominal, all issuers whose rating is triple A - Svensson model - continuous compounding - yield error minimisation - Yield curve spot rate, 5-year maturity",PCPA,0
YC.B.U2.EUR.4F.G_N_A.SV_C_YM.SR_5Y,B,U2,EUR,4F,G_N_A,SV_C_YM,SR_5Y,2023-02-10,2.379738691553089,A,F,,,P1D,,E,,,,,,,,,,,,,,,Technical notes are available at the following link: https://www.ecb.europa.eu/stats/financial_markets_and_interest_rates/euro_area_yield_curves/shared/pdf/technical_notes.pdf,,6,,,AAA yield curve - 5-year spot rate,"Euro area (changing composition) - Government bond, nominal, all issuers whose rating is triple A - Svensson model - continuous compounding - yield error minimisation - Yield curve spot rate, 5-year maturity",PCPA,0
YC.B.U2.EUR.4F.G_N_A.SV_C_YM.SR_5Y,B,U2,EUR,4F,G_N_A,SV_C_YM,SR_5Y,2023-02-13,2.412530218324299,A,F,,,P1D,,E,,,,,,,,,,,,,,,Technical notes are available at the following link: https://www.ecb.europa.eu/stats/financial_markets_and_interest_rates/euro_area_yield_curves/shared/pdf/technical_notes.pdf,,6,,,AAA yield curve - 5-year spot rate,"Euro area (changing composition) - Government bond, nominal, all issuers whose rating is triple A - Svensson model - continuous compounding - yield error minimisation - Yield curve spot rate, 5-year maturity",PCPA,0
YC.B.U2.EUR.4F.G_N_A.SV_C_YM.SR_5Y,B,U2,EUR,4F,G_N_A,SV_C_YM,SR_5Y,2023-02-14,2.477024351643083,A,F,,,P1D,,E,,,,,,,,,,,,,,,Technical notes are available at the following link: https://www.ecb.europa.eu/stats/financial_markets_and_interest_rates/euro_area_yield_curves/shared/pdf/technical_notes.pdf,,6,,,AAA yield curve - 5-year spot rate,"Euro area (changing composition) - Government bond, nominal, all issuers whose rating is triple A - Svensson model - continuous compounding - yield error minimisation - Yield curve spot rate, 5-year maturity",PCPA,0
YC.B.U2.EUR.4F.G_N_A.SV_C_YM.SR_5Y,B,U2,EUR,4F,G_N_A,SV_C_YM,SR_5Y,2023-02-15,2.5065205911847945,A,F,,,P1D,,E,,,,,,,,,,,,,,,Technical notes are available at the following link: https://www.ecb.europa.eu/stats/financial_markets_and_interest_rates/euro_area_yield_curves/shared/pdf/technical_notes.pdf,,6,,,AAA yield curve - 5-year spot rate,"Euro area (changing composition) - Government bond, nominal, all issuers whose rating is triple A - Svensson model - continuous compounding - yield error minimisation - Yield curve spot rate, 5-year maturity",PCPA,0
YC.B.U2.EUR.4F.G_N_A.SV_C_YM.SR_5Y,B,U2,EUR,4F,G_N_A,SV_C_YM,SR_5Y,2023-02-16,2.5707419583400837,A,F,,,P1D,,E,,,,,,,,,,,,,,,Technical notes are available at the following link: https://www.ecb.europa.eu/stats/financial_markets_and_interest_rates/euro_area_yield_curves/shared/pdf/technical_notes.pdf,,6,,,AAA yield curve - 5-year spot rate,"Euro area (changing composition) - Government bond, nominal, all issuers whose rating is triple A - Svensson model - continuous compounding - yield error minimisation - Yield curve spot rate, 5-year maturity",PCPA,0
YC.B.U2.EUR.4F.G_N_A.SV_C_YM.SR_5Y,B,U2,EUR,4F,G_N_A,SV_C_YM,SR_5Y,2023-02-17,2.5115735406668507,A,F,,,P1D,,E,,,,,,,,,,,,,,,Technical notes are available at the following link: https://www.ecb.europa.eu/stats/financial_markets_and_interest_rates/euro_area_yield_curves/shared/pdf/technical_notes.pdf,,6,,,AAA yield curve - 5-year spot rate,"Euro area (changing composition) - Government bond, nominal, all issuers whose rating is triple A - Svensson model - continuous compounding - yield error minimisation - Yield curve spot rate, 5-year maturity",PCPA,0
YC.B.U2.EUR.4F.G_N_A.SV_C_YM.SR_5Y,B,U2,EUR,4F,G_N_A,SV_C_YM,SR_5Y,2023-02-20,2.498805761408339,A,F,,,P1D,,E,,,,,,,,,,,,,,,Technical notes are available at the following link: https://www.ecb.europa.eu/stats/financial_markets_and_interest_rates/euro_area_yield_curves/shared/pdf/technical_notes.pdf,,6,,,AAA yield curve - 5-year spot rate,"Euro area (changing composition) - Government bond, nominal, all issuers whose rating is triple A - Svensson model - continuous compounding - yield error minimisation - Yield curve spot rate, 5-year maturity",PCPA,0
YC.B.U2.EUR.4F.G_N_A.SV_C_YM.SR_5Y,B,U2,EUR,4F,G_N_A,SV_C_YM,SR_5Y,2023-02-21,2.626417805852441,A,F,,,P1D,,E,,,,,,,,,,,,,,,Technical notes are available at the following link: https://www.ecb.europa.eu/stats/financial_markets_and_interest_rates/euro_area_yield_curves/shared/pdf/technical_notes.pdf,,6,,,AAA yield curve - 5-year spot rate,"Euro area (changing composition) - Government bond, nominal, all issuers whose rating is triple A - Svensson model - continuous compounding - yield error minimisation - Yield curve spot rate, 5-year maturity",PCPA,0
YC.B.U2.EUR.4F.G_N_A.SV_C_YM.SR_5Y,B,U2,EUR,4F,G_N_A,SV_C_YM,SR_5Y,2023-02-22,2.5893939785457887,A,F,,,P1D,,E,,,,,,,,,,,,,,,Technical notes are available at the following link: https://www.ecb.europa.eu/stats/financial_markets_and_interest_rates/euro_area_yield_curves/shared/pdf/technical_notes.pdf,,6,,,AAA yield curve - 5-year spot rate,"Euro area (changing composition) - Government bond, nominal, all issuers whose rating is triple A - Svensson model - continuous compounding - yield error minimisation - Yield curve spot rate, 5-year maturity",PCPA,0
YC.B.U2.EUR.4F.G_N_A.SV_C_YM.SR_5Y,B,U2,EUR,4F,G_N_A,SV_C_YM,SR_5Y,2023-02-23,2.560733507806209,A,F,,,P1D,,E,,,,,,,,,,,,,,,Technical notes are available at the following link: https://www.ecb.europa.eu/stats/financial_markets_and_interest_rates/euro_area_yield_curves/shared/pdf/technical_notes.pdf,,6,,,AAA yield curve - 5-year spot rate,"Euro area (changing composition) - Government bond, nominal, all issuers whose rating is triple A - Svensson model - continuous compounding - yield error minimisation - Yield curve spot rate, 5-year maturity",PCPA,0
YC.B.U2.EUR.4F.G_N_A.SV_C_YM.SR_5Y,B,U2,EUR,4F,G_N_A,SV_C_YM,SR_5Y,2023-02-24,2.6547060437045706,A,F,,,P1D,,E,,,,,,,,,,,,,,,Technical notes are available at the following link: https://www.ecb.europa.eu/stats/financial_markets_and_interest_rates/euro_area_yield_curves/shared/pdf/technical_notes.pdf,,6,,,AAA yield curve - 5-year spot rate,"Euro area (changing composition) - Government bond, nominal, all issuers whose rating is triple A - Svensson model - continuous compounding - yield error minimisation - Yield curve spot rate, 5-year maturity",PCPA,0
YC.B.U2.EUR.4F.G_N_A.SV_C_YM.SR_5Y,B,U2,EUR,4F,G_N_A,SV_C_YM,SR_5Y,2023-02-27,2.665565298069481,A,F,,,P1D,,E,,,,,,,,,,,,,,,Technical notes are available at the following link: https://www.ecb.europa.eu/stats/financial_markets_and_interest_rates/euro_area_yield_curves/shared/pdf/technical_notes.pdf,,6,,,AAA yield curve - 5-year spot rate,"Euro area (changing composition) - Government bond, nominal, all issuers whose rating is triple A - Svensson model - continuous compounding - yield error minimisation - Yield curve spot rate, 5-year maturity",PCPA,0
YC.B.U2.EUR.4F.G_N_A.SV_C_YM.SR_5Y,B,U2,EUR,4F,G_N_A,SV_C_YM,SR_5Y,2023-02-28,2.801031371168854,A,F,,,P1D,,E,,,,,,,,,,,,,,,Technical notes are available at the following link: https://www.ecb.europa.eu/stats/financial_markets_and_interest_rates/euro_area_yield_curves/shared/pdf/technical_notes.pdf,,6,,,AAA yield curve - 5-year spot rate,"Euro area (changing composition) - Government bond, nominal, all issuers whose rating is triple A - Svensson model - continuous compounding - yield error minimisation - Yield curve spot rate, 5-year maturity",PCPA,0
YC.B.U2.EUR.4F.G_N_A.SV_C_YM.SR_5Y,B,U2,EUR,4F,G_N_A,SV_C_YM,SR_5Y,2023-03-01,2.800068206504322,A,F,,,P1D,,E,,,,,,,,,,,,,,,Technical notes are available at the following link: https://www.ecb.europa.eu/stats/financial_markets_and_interest_rates/euro_area_yield_curves/shared/pdf/technical_notes.pdf,,6,,,AAA yield curve - 5-year spot rate,"Euro area (changing composition) - Government bond, nominal, all issuers whose rating is triple A - Svensson model - continuous compounding - yield error minimisation - Yield curve spot rate, 5-year maturity",PCPA,0
YC.B.U2.EUR.4F.G_N_A.SV_C_YM.SR_5Y,B,U2,EUR,4F,G_N_A,SV_C_YM,SR_5Y,2023-03-02,2.8102847909548214,A,F,,,P1D,,E,,,,,,,,,,,,,,,Technical notes are available at the following link: https://www.ecb.europa.eu/stats/financial_markets_and_interest_rates/euro_area_yield_curves/shared/pdf/technical_notes.pdf,,6,,,AAA yield curve - 5-year spot rate,"Euro area (changing composition) - Government bond, nominal, all issuers whose rating is triple A - Svensson model - continuous compounding - yield error minimisation - Yield curve spot rate, 5-year maturity",PCPA,0
YC.B.U2.EUR.4F.G_N_A.SV_C_YM.SR_5Y,B,U2,EUR,4F,G_N_A,SV_C_YM,SR_5Y,2023-03-03,2.805709581453769,A,F,,,P1D,,E,,,,,,,,,,,,,,,Technical notes are available at the following link: https://www.ecb.europa.eu/stats/financial_markets_and_interest_rates/euro_area_yield_curves/shared/pdf/technical_notes.pdf,,6,,,AAA yield curve - 5-year spot rate,"Euro area (changing composition) - Government bond, nominal, all issuers whose rating is triple A - Svensson model - continuous compounding - yield error minimisation - Yield curve spot rate, 5-year maturity",PCPA,0
YC.B.U2.EUR.4F.G_N_A.SV_C_YM.SR_5Y,B,U2,EUR,4F,G_N_A,SV_C_YM,SR_5Y,2023-03-06,2.881660369239119,A,F,,,P1D,,E,,,,,,,,,,,,,,,Technical notes are available at the following link: https://www.ecb.europa.eu/stats/financial_markets_and_interest_rates/euro_area_yield_curves/shared/pdf/technical_notes.pdf,,6,,,AAA yield curve - 5-year spot rate,"Euro area (changing composition) - Government bond, nominal, all issuers whose rating is triple A - Svensson model - continuous compounding - yield error minimisation - Yield curve spot rate, 5-year maturity",PCPA,0
YC.B.U2.EUR.4F.G_N_A.SV_C_YM.SR_5Y,B,U2,EUR,4F,G_N_A,SV_C_YM,SR_5Y,2023-03-07,2.8018903937193267,A,F,,,P1D,,E,,,,,,,,,,,,,,,Technical notes are available at the following link: https://www.ecb.europa.eu/stats/financial_markets_and_interest_rates/euro_area_yield_curves/shared/pdf/technical_notes.pdf,,6,,,AAA yield curve - 5-year spot rate,"Euro area (changing composition) - Government bond, nominal, all issuers whose rating is triple A - Svensson model - continuous compounding - yield error minimisation - Yield curve spot rate, 5-year maturity",PCPA,0
YC.B.U2.EUR.4F.G_N_A.SV_C_YM.SR_5Y,B,U2,EUR,4F,G_N_A,SV_C_YM,SR_5Y,2023-03-08,2.8126150824393794,A,F,,,P1D,,E,,,,,,,,,,,,,,,Technical notes are available at the following link: https://www.ecb.europa.eu/stats/financial_markets_and_interest_rates/euro_area_yield_curves/shared/pdf/technical_notes.pdf,,6,,,AAA yield curve - 5-year spot rate,"Euro area (changing composition) - Government bond, nominal, all issuers whose rating is triple A - Svensson model - continuous compounding - yield error minimisation - Yield curve spot rate, 5-year maturity",PCPA,0
YC.B.U2.EUR.4F.G_N_A.SV_C_YM.SR_5Y,B,U2,EUR,4F,G_N_A,SV_C_YM,SR_5Y,2023-03-09,2.8069020763252306,A,F,,,P1D,,E,,,,,,,,,,,,,,,Technical notes are available at the following link: https://www.ecb.europa.eu/stats/financial_markets_and_interest_rates/euro_area_yield_curves/shared/pdf/technical_notes.pdf,,6,,,AAA yield curve - 5-year spot rate,"Euro area (changing composition) - Government bond, nominal, all issuers whose rating is triple A - Svensson model - continuous compounding - yield error minimisation - Yield curve spot rate, 5-year maturity",PCPA,0
YC.B.U2.EUR.4F.G_N_A.SV_C_YM.SR_5Y,B,U2,EUR,4F,G_N_A,SV_C_YM,SR_5Y,2023-03-10,2.60318103732697,A,F,,,P1D,,E,,,,,,,,,,,,,,,Technical notes are available at the following link: https://www.ecb.europa.eu/stats/financial_markets_and_interest_rates/euro_area_yield_curves/shared/pdf/technical_notes.pdf,,6,,,AAA yield curve - 5-year spot rate,"Euro area (changing composition) - Government bond, nominal, all issuers whose rating is triple A - Svensson model - continuous compounding - yield error minimisation - Yield curve spot rate, 5-year maturity",PCPA,0
YC.B.U2.EUR.4F.G_N_A.SV_C_YM.SR_5Y,B,U2,EUR,4F,G_N_A,SV_C_YM,SR_5Y,2023-03-13,2.2935317034849194,A,F,,,P1D,,E,,,,,,,,,,,,,,,Technical notes are available at the following link: https://www.ecb.europa.eu/stats/financial_markets_and_interest_rates/euro_area_yield_curves/shared/pdf/technical_notes.pdf,,6,,,AAA yield curve - 5-year spot rate,"Euro area (changing composition) - Government bond, nominal, all issuers whose rating is triple A - Svensson model - continuous compounding - yield error minimisation - Yield curve spot rate, 5-year maturity",PCPA,0
YC.B.U2.EUR.4F.G_N_A.SV_C_YM.SR_5Y,B,U2,EUR,4F,G_N_A,SV_C_YM,SR_5Y,2023-03-14,2.5347778531520335,A,F,,,P1D,,E,,,,,,,,,,,,,,,Technical notes are available at the following link: https://www.ecb.europa.eu/stats/financial_markets_and_interest_rates/euro_area_yield_curves/shared/pdf/technical_notes.pdf,,6,,,AAA yield curve - 5-year spot rate,"Euro area (changing composition) - Government bond, nominal, all issuers whose rating is triple A - Svensson model - continuous compounding - yield error minimisation - Yield curve spot rate, 5-year maturity",PCPA,0
YC.B.U2.EUR.4F.G_N_A.SV_C_YM.SR_5Y,B,U2,EUR,4F,G_N_A,SV_C_YM,SR_5Y,2023-03-15,2.2222941144036934,A,F,,,P1D,,E,,,,,,,,,,,,,,,Technical notes are available at the following link: https://www.ecb.europa.eu/stats/financial_markets_and_interest_rates/euro_area_yield_curves/shared/pdf/technical_notes.pdf,,6,,,AAA yield curve - 5-year spot rate,"Euro area (changing composition) - Government bond, nominal, all issuers whose rating is triple A - Svensson model - continuous compounding - yield error minimisation - Yield curve spot rate, 5-year maturity",PCPA,0
YC.B.U2.EUR.4F.G_N_A.SV_C_YM.SR_5Y,B,U2,EUR,4F,G_N_A,SV_C_YM,SR_5Y,2023-03-16,2.2479938379552378,A,F,,,P1D,,E,,,,,,,,,,,,,,,Technical notes are available at the following link: https://www.ecb.europa.eu/stats/financial_markets_and_interest_rates/euro_area_yield_curves/shared/pdf/technical_notes.pdf,,6,,,AAA yield curve - 5-year spot rate,"Euro area (changing composition) - Government bond, nominal, all issuers whose rating is triple A - Svensson model - continuous compounding - yield error minimisation - Yield curve spot rate, 5-year maturity",PCPA,0
YC.B.U2.EUR.4F.G_N_A.SV_C_YM.SR_5Y,B,U2,EUR,4F,G_N_A,SV_C_YM,SR_5Y,2023-03-17,2.1674576225293514,A,F,,,P1D,,E,,,,,,,,,,,,,,,Technical notes are available at the following link: https://www.ecb.europa.eu/stats/financial_markets_and_interest_rates/euro_area_yield_curves/shared/pdf/technical_notes.pdf,,6,,,AAA yield curve - 5-year spot rate,"Euro area (changing composition) - Government bond, nominal, all issuers whose rating is triple A - Svensson model - continuous compounding - yield error minimisation - Yield curve spot rate, 5-year maturity",PCPA,0
YC.B.U2.EUR.4F.G_N_A.SV_C_YM.SR_5Y,B,U2,EUR,4F,G_N_A,SV_C_YM,SR_5Y,2023-03-20,2.108314938266002,A,F,,,P1D,,E,,,,,,,,,,,,,,,Technical notes are available at the following link: https://www.ecb.europa.eu/stats/financial_markets_and_interest_rates/euro_area_yield_curves/shared/pdf/technical_notes.pdf,,6,,,AAA yield curve - 5-year spot rate,"Euro area (changing composition) - Government bond, nominal, all issuers whose rating is triple A - Svensson model - continuous compounding - yield error minimisation - Yield curve spot rate, 5-year maturity",PCPA,0
YC.B.U2.EUR.4F.G_N_A.SV_C_YM.SR_5Y,B,U2,EUR,4F,G_N_A,SV_C_YM,SR_5Y,2023-03-21,2.2663529658111816,A,F,,,P1D,,E,,,,,,,,,,,,,,,Technical notes are available at the following link: https://www.ecb.europa.eu/stats/financial_markets_and_interest_rates/euro_area_yield_curves/shared/pdf/technical_notes.pdf,,6,,,AAA yield curve - 5-year spot rate,"Euro area (changing composition) - Government bond, nominal, all issuers whose rating is triple A - Svensson model - continuous compounding - yield error minimisation - Yield curve spot rate, 5-year maturity",PCPA,0
YC.B.U2.EUR.4F.G_N_A.SV_C_YM.SR_5Y,B,U2,EUR,4F,G_N_A,SV_C_YM,SR_5Y,2023-03-22,2.4018599124023385,A,F,,,P1D,,E,,,,,,,,,,,,,,,Technical notes are available at the following link: https://www.ecb.europa.eu/stats/financial_markets_and_interest_rates/euro_area_yield_curves/shared/pdf/technical_notes.pdf,,6,,,AAA yield curve - 5-year spot rate,"Euro area (changing composition) - Government bond, nominal, all issuers whose rating is triple A - Svensson model - continuous compounding - yield error minimisation - Yield curve spot rate, 5-year maturity",PCPA,0
YC.B.U2.EUR.4F.G_N_A.SV_C_YM.SR_5Y,B,U2,EUR,4F,G_N_A,SV_C_YM,SR_5Y,2023-03-23,2.2464950870405964,A,F,,,P1D,,E,,,,,,,,,,,,,,,Technical notes are available at the following link: https://www.ecb.europa.eu/stats/financial_markets_and_interest_rates/euro_area_yield_curves/shared/pdf/technical_notes.pdf,,6,,,AAA yield curve - 5-year spot rate,"Euro area (changing composition) - Government bond, nominal, all issuers whose rating is triple A - Svensson model - continuous compounding - yield error minimisation - Yield curve spot rate, 5-year maturity",PCPA,0
YC.B.U2.EUR.4F.G_N_A.SV_C_YM.SR_5Y,B,U2,EUR,4F,G_N_A,SV_C_YM,SR_5Y,2023-03-24,2.0995088347853508,A,F,,,P1D,,E,,,,,,,,,,,,,,,Technical notes are available at the following link: https://www.ecb.europa.eu/stats/financial_markets_and_interest_rates/euro_area_yield_curves/shared/pdf/technical_notes.pdf,,6,,,AAA yield curve - 5-year spot rate,"Euro area (changing composition) - Government bond, nominal, all issuers whose rating is triple A - Svensson model - continuous compounding - yield error minimisation - Yield curve spot rate, 5-year maturity",PCPA,0
YC.B.U2.EUR.4F.G_N_A.SV_C_YM.SR_5Y,B,U2,EUR,4F,G_N_A,SV_C_YM,SR_5Y,2023-03-27,2.255868536048327,A,F,,,P1D,,E,,,,,,,,,,,,,,,Technical notes are available at the following link: https://www.ecb.europa.eu/stats/financial_markets_and_interest_rates/euro_area_yield_curves/shared/pdf/technical_notes.pdf,,6,,,AAA yield curve - 5-year spot rate,"Euro area (changing composition) - Government bond, nominal, all issuers whose rating is triple A - Svensson model - continuous compounding - yield error minimisation - Yield curve spot rate, 5-year maturity",PCPA,0
YC.B.U2.EUR.4F.G_N_A.SV_C_YM.SR_5Y,B,U2,EUR,4F,G_N_A,SV_C_YM,SR_5Y,2023-03-28,2.263041846026092,A,F,,,P1D,,E,,,,,,,,,,,,,,,Technical notes are available at the following link: https://www.ecb.europa.eu/stats/financial_markets_and_interest_rates/euro_area_yield_curves/shared/pdf/technical_notes.pdf,,6,,,AAA yield curve - 5-year spot rate,"Euro area (changing composition) - Government bond, nominal, all issuers whose rating is triple A - Svensson model - continuous compounding - yield error minimisation - Yield curve spot rate, 5-year maturity",PCPA,0
YC.B.U2.EUR.4F.G_N_A.SV_C_YM.SR_5Y,B,U2,EUR,4F,G_N_A,SV_C_YM,SR_5Y,2023-03-29,2.3158947991938432,A,F,,,P1D,,E,,,,,,,,,,,,,,,Technical notes are available at the following link: https://www.ecb.europa.eu/stats/financial_markets_and_interest_rates/euro_area_yield_curves/shared/pdf/technical_notes.pdf,,6,,,AAA yield curve - 5-year spot rate,"Euro area (changing composition) - Government bond, nominal, all issuers whose rating is triple A - Svensson model - continuous compounding - yield error minimisation - Yield curve spot rate, 5-year maturity",PCPA,0
YC.B.U2.EUR.4F.G_N_A.SV_C_YM.SR_5Y,B,U2,EUR,4F,G_N_A,SV_C_YM,SR_5Y,2023-03-30,2.39474049990871,A,F,,,P1D,,E,,,,,,,,,,,,,,,Technical notes are available at the following link: https://www.ecb.europa.eu/stats/financial_markets_and_interest_rates/euro_area_yield_curves/shared/pdf/technical_notes.pdf,,6,,,AAA yield curve - 5-year spot rate,"Euro area (changing composition) - Government bond, nominal, all issuers whose rating is triple A - Svensson model - continuous compounding - yield error minimisation - Yield curve spot rate, 5-year maturity",PCPA,0
YC.B.U2.EUR.4F.G_N_A.SV_C_YM.SR_5Y,B,U2,EUR,4F,G_N_A,SV_C_YM,SR_5Y,2023-03-31,2.353588052241702,A,F,,,P1D,,E,,,,,,,,,,,,,,,Technical notes are available at the following link: https://www.ecb.europa.eu/stats/financial_markets_and_interest_rates/euro_area_yield_curves/shared/pdf/technical_notes.pdf,,6,,,AAA yield curve - 5-year spot rate,"Euro area (changing composition) - Government bond, nominal, all issuers whose rating is triple A - Svensson model - continuous compounding - yield error minimisation - Yield curve spot rate, 5-year maturity",PCPA,0
YC.B.U2.EUR.4F.G_N_A.SV_C_YM.SR_5Y,B,U2,EUR,4F,G_N_A,SV_C_YM,SR_5Y,2023-04-03,2.3396817430383905,A,F,,,P1D,,E,,,,,,,,,,,,,,,Technical notes are available at the following link: https://www.ecb.europa.eu/stats/financial_markets_and_interest_rates/euro_area_yield_curves/shared/pdf/technical_notes.pdf,,6,,,AAA yield curve - 5-year spot rate,"Euro area (changing composition) - Government bond, nominal, all issuers whose rating is triple A - Svensson model - continuous compounding - yield error minimisation - Yield curve spot rate, 5-year maturity",PCPA,0
YC.B.U2.EUR.4F.G_N_A.SV_C_YM.SR_5Y,B,U2,EUR,4F,G_N_A,SV_C_YM,SR_5Y,2023-04-04,2.3577092019814687,A,F,,,P1D,,E,,,,,,,,,,,,,,,Technical notes are available at the following link: https://www.ecb.europa.eu/stats/financial_markets_and_interest_rates/euro_area_yield_curves/shared/pdf/technical_notes.pdf,,6,,,AAA yield curve - 5-year spot rate,"Euro area (changing composition) - Government bond, nominal, all issuers whose rating is triple A - Svensson model - continuous compounding - yield error minimisation - Yield curve spot rate, 5-year maturity",PCPA,0
YC.B.U2.EUR.4F.G_N_A.SV_C_YM.SR_5Y,B,U2,EUR,4F,G_N_A,SV_C_YM,SR_5Y,2023-04-05,2.235879421933426,A,F,,,P1D,,E,,,,,,,,,,,,,,,Technical notes are available at the following link: https://www.ecb.europa.eu/stats/financial_markets_and_interest_rates/euro_area_yield_curves/shared/pdf/technical_notes.pdf,,6,,,AAA yield curve - 5-year spot rate,"Euro area (changing composition) - Government bond, nominal, all issuers whose rating is triple A - Svensson model - continuous compounding - yield error minimisation - Yield curve spot rate, 5-year maturity",PCPA,0
YC.B.U2.EUR.4F.G_N_A.SV_C_YM.SR_5Y,B,U2,EUR,4F,G_N_A,SV_C_YM,SR_5Y,2023-04-06,2.189220030910026,A,F,,,P1D,,E,,,,,,,,,,,,,,,Technical notes are available at the following link: https://www.ecb.europa.eu/stats/financial_markets_and_interest_rates/euro_area_yield_curves/shared/pdf/technical_notes.pdf,,6,,,AAA yield curve - 5-year spot rate,"Euro area (changing composition) - Government bond, nominal, all issuers whose rating is triple A - Svensson model - continuous compounding - yield error minimisation - Yield curve spot rate, 5-year maturity",PCPA,0
YC.B.U2.EUR.4F.G_N_A.SV_C_YM.SR_5Y,B,U2,EUR,4F,G_N_A,SV_C_YM,SR_5Y,2023-04-11,2.333715230318485,A,F,,,P1D,,E,,,,,,,,,,,,,,,Technical notes are available at the following link: https://www.ecb.europa.eu/stats/financial_markets_and_interest_rates/euro_area_yield_curves/shared/pdf/technical_notes.pdf,,6,,,AAA yield curve - 5-year spot rate,"Euro area (changing composition) - Government bond, nominal, all issuers whose rating is triple A - Svensson model - continuous compounding - yield error minimisation - Yield curve spot rate, 5-year maturity",PCPA,0
YC.B.U2.EUR.4F.G_N_A.SV_C_YM.SR_5Y,B,U2,EUR,4F,G_N_A,SV_C_YM,SR_5Y,2023-04-12,2.3892595963760614,A,F,,,P1D,,E,,,,,,,,,,,,,,,Technical notes are available at the following link: https://www.ecb.europa.eu/stats/financial_markets_and_interest_rates/euro_area_yield_curves/shared/pdf/technical_notes.pdf,,6,,,AAA yield curve - 5-year spot rate,"Euro area (changing composition) - Government bond, nominal, all issuers whose rating is triple A - Svensson model - continuous compounding - yield error minimisation - Yield curve spot rate, 5-year maturity",PCPA,0
YC.B.U2.EUR.4F.G_N_A.SV_C_YM.SR_5Y,B,U2,EUR,4F,G_N_A,SV_C_YM,SR_5Y,2023-04-13,2.3872807481290366,A,F,,,P1D,,E,,,,,,,,,,,,,,,Technical notes are available at the following link: https://www.ecb.europa.eu/stats/financial_markets_and_interest_rates/euro_area_yield_curves/shared/pdf/technical_notes.pdf,,6,,,AAA yield curve - 5-year spot rate,"Euro area (changing composition) - Government bond, nominal, all issuers whose rating is triple A - Svensson model - continuous compounding - yield error minimisation - Yield curve spot rate, 5-year maturity",PCPA,0
YC.B.U2.EUR.4F.G_N_A.SV_C_YM.SR_5Y,B,U2,EUR,4F,G_N_A,SV_C_YM,SR_5Y,2023-04-14,2.441188354153654,A,F,,,P1D,,E,,,,,,,,,,,,,,,Technical notes are available at the following link: https://www.ecb.europa.eu/stats/financial_markets_and_interest_rates/euro_area_yield_curves/shared/pdf/technical_notes.pdf,,6,,,AAA yield curve - 5-year spot rate,"Euro area (changing composition) - Government bond, nominal, all issuers whose rating is triple A - Svensson model - continuous compounding - yield error minimisation - Yield curve spot rate, 5-year maturity",PCPA,0
YC.B.U2.EUR.4F.G_N_A.SV_C_YM.SR_5Y,B,U2,EUR,4F,G_N_A,SV_C_YM,SR_5Y,2023-04-17,2.4812686030650934,A,F,,,P1D,,E,,,,,,,,,,,,,,,Technical notes are available at the following link: https://www.ecb.europa.eu/stats/financial_markets_and_interest_rates/euro_area_yield_curves/shared/pdf/technical_notes.pdf,,6,,,AAA yield curve - 5-year spot rate,"Euro area (changing composition) - Government bond, nominal, all issuers whose rating is triple A - Svensson model - continuous compounding - yield error minimisation - Yield curve spot rate, 5-year maturity",PCPA,0
YC.B.U2.EUR.4F.G_N_A.SV_C_YM.SR_5Y,B,U2,EUR,4F,G_N_A,SV_C_YM,SR_5Y,2023-04-18,2.476500340779155,A,F,,,P1D,,E,,,,,,,,,,,,,,,Technical notes are available at the following link: https://www.ecb.europa.eu/stats/financial_markets_and_interest_rates/euro_area_yield_curves/shared/pdf/technical_notes.pdf,,6,,,AAA yield curve - 5-year spot rate,"Euro area (changing composition) - Government bond, nominal, all issuers whose rating is triple A - Svensson model - continuous compounding - yield error minimisation - Yield curve spot rate, 5-year maturity",PCPA,0
YC.B.U2.EUR.4F.G_N_A.SV_C_YM.SR_5Y,B,U2,EUR,4F,G_N_A,SV_C_YM,SR_5Y,2023-04-19,2.53490804738893,A,F,,,P1D,,E,,,,,,,,,,,,,,,Technical notes are available at the following link: https://www.ecb.europa.eu/stats/financial_markets_and_interest_rates/euro_area_yield_curves/shared/pdf/technical_notes.pdf,,6,,,AAA yield curve - 5-year spot rate,"Euro area (changing composition) - Government bond, nominal, all issuers whose rating is triple A - Svensson model - continuous compounding - yield error minimisation - Yield curve spot rate, 5-year maturity",PCPA,0
YC.B.U2.EUR.4F.G_N_A.SV_C_YM.SR_5Y,B,U2,EUR,4F,G_N_A,SV_C_YM,SR_5Y,2023-04-20,2.5011711530798424,A,F,,,P1D,,E,,,,,,,,,,,,,,,Technical notes are available at the following link: https://www.ecb.europa.eu/stats/financial_markets_and_interest_rates/euro_area_yield_curves/shared/pdf/technical_notes.pdf,,6,,,AAA yield curve - 5-year spot rate,"Euro area (changing composition) - Government bond, nominal, all issuers whose rating is triple A - Svensson model - continuous compounding - yield error minimisation - Yield curve spot rate, 5-year maturity",PCPA,0
YC.B.U2.EUR.4F.G_N_A.SV_C_YM.SR_5Y,B,U2,EUR,4F,G_N_A,SV_C_YM,SR_5Y,2023-04-21,2.5098479211864455,A,F,,,P1D,,E,,,,,,,,,,,,,,,Technical notes are available at the following link: https://www.ecb.europa.eu/stats/financial_markets_and_interest_rates/euro_area_yield_curves/shared/pdf/technical_notes.pdf,,6,,,AAA yield curve - 5-year spot rate,"Euro area (changing composition) - Government bond, nominal, all issuers whose rating is triple A - Svensson model - continuous compounding - yield error minimisation - Yield curve spot rate, 5-year maturity",PCPA,0
YC.B.U2.EUR.4F.G_N_A.SV_C_YM.SR_5Y,B,U2,EUR,4F,G_N_A,SV_C_YM,SR_5Y,2023-04-24,2.522310369226034,A,F,,,P1D,,E,,,,,,,,,,,,,,,Technical notes are available at the following link: https://www.ecb.europa.eu/stats/financial_markets_and_interest_rates/euro_area_yield_curves/shared/pdf/technical_notes.pdf,,6,,,AAA yield curve - 5-year spot rate,"Euro area (changing composition) - Government bond, nominal, all issuers whose rating is triple A - Svensson model - continuous compounding - yield error minimisation - Yield curve spot rate, 5-year maturity",PCPA,0
YC.B.U2.EUR.4F.G_N_A.SV_C_YM.SR_5Y,B,U2,EUR,4F,G_N_A,SV_C_YM,SR_5Y,2023-04-25,2.434553010425683,A,F,,,P1D,,E,,,,,,,,,,,,,,,Technical notes are available at the following link: https://www.ecb.europa.eu/stats/financial_markets_and_interest_rates/euro_area_yield_curves/shared/pdf/technical_notes.pdf,,6,,,AAA yield curve - 5-year spot rate,"Euro area (changing composition) - Government bond, nominal, all issuers whose rating is triple A - Svensson model - continuous compounding - yield error minimisation - Yield curve spot rate, 5-year maturity",PCPA,0
YC.B.U2.EUR.4F.G_N_A.SV_C_YM.SR_5Y,B,U2,EUR,4F,G_N_A,SV_C_YM,SR_5Y,2023-04-26,2.3697497080768746,A,F,,,P1D,,E,,,,,,,,,,,,,,,Technical notes are available at the following link: https://www.ecb.europa.eu/stats/financial_markets_and_interest_rates/euro_area_yield_curves/shared/pdf/technical_notes.pdf,,6,,,AAA yield curve - 5-year spot rate,"Euro area (changing composition) - Government bond, nominal, all issuers whose rating is triple A - Svensson model - continuous compounding - yield error minimisation - Yield curve spot rate, 5-year maturity",PCPA,0
YC.B.U2.EUR.4F.G_N_A.SV_C_YM.SR_5Y,B,U2,EUR,4F,G_N_A,SV_C_YM,SR_5Y,2023-04-27,2.4432373660491864,A,F,,,P1D,,E,,,,,,,,,,,,,,,Technical notes are available at the following link: https://www.ecb.europa.eu/stats/financial_markets_and_interest_rates/euro_area_yield_curves/shared/pdf/technical_notes.pdf,,6,,,AAA yield curve - 5-year spot rate,"Euro area (changing composition) - Government bond, nominal, all issuers whose rating is triple A - Svensson model - continuous compounding - yield error minimisation - Yield curve spot rate, 5-year maturity",PCPA,0
YC.B.U2.EUR.4F.G_N_A.SV_C_YM.SR_5Y,B,U2,EUR,4F,G_N_A,SV_C_YM,SR_5Y,2023-04-28,2.370433753202432,A,F,,,P1D,,E,,,,,,,,,,,,,,,Technical notes are available at the following link: https://www.ecb.europa.eu/stats/financial_markets_and_interest_rates/euro_area_yield_curves/shared/pdf/technical_notes.pdf,,6,,,AAA yield curve - 5-year spot rate,"Euro area (changing composition) - Government bond, nominal, all issuers whose rating is triple A - Svensson model - continuous compounding - yield error minimisation - Yield curve spot rate, 5-year maturity",PCPA,0
YC.B.U2.EUR.4F.G_N_A.SV_C_YM.SR_5Y,B,U2,EUR,4F,G_N_A,SV_C_YM,SR_5Y,2023-05-02,2.368643669992068,A,F,,,P1D,,E,,,,,,,,,,,,,,,Technical notes are available at the following link: https://www.ecb.europa.eu/stats/financial_markets_and_interest_rates/euro_area_yield_curves/shared/pdf/technical_notes.pdf,,6,,,AAA yield curve - 5-year spot rate,"Euro area (changing composition) - Government bond, nominal, all issuers whose rating is triple A - Svensson model - continuous compounding - yield error minimisation - Yield curve spot rate, 5-year maturity",PCPA,0
YC.B.U2.EUR.4F.G_N_A.SV_C_YM.SR_5Y,B,U2,EUR,4F,G_N_A,SV_C_YM,SR_5Y,2023-05-03,2.2486821796432563,A,F,,,P1D,,E,,,,,,,,,,,,,,,Technical notes are available at the following link: https://www.ecb.europa.eu/stats/financial_markets_and_interest_rates/euro_area_yield_curves/shared/pdf/technical_notes.pdf,,6,,,AAA yield curve - 5-year spot rate,"Euro area (changing composition) - Government bond, nominal, all issuers whose rating is triple A - Svensson model - continuous compounding - yield error minimisation - Yield curve spot rate, 5-year maturity",PCPA,0
YC.B.U2.EUR.4F.G_N_A.SV_C_YM.SR_5Y,B,U2,EUR,4F,G_N_A,SV_C_YM,SR_5Y,2023-05-04,2.256379797801447,A,F,,,P1D,,E,,,,,,,,,,,,,,,Technical notes are available at the following link: https://www.ecb.europa.eu/stats/financial_markets_and_interest_rates/euro_area_yield_curves/shared/pdf/technical_notes.pdf,,6,,,AAA yield curve - 5-year spot rate,"Euro area (changing composition) - Government bond, nominal, all issuers whose rating is triple A - Svensson model - continuous compounding - yield error minimisation - Yield curve spot rate, 5-year maturity",PCPA,0
YC.B.U2.EUR.4F.G_N_A.SV_C_YM.SR_5Y,B,U2,EUR,4F,G_N_A,SV_C_YM,SR_5Y,2023-05-05,2.24594268618135,A,F,,,P1D,,E,,,,,,,,,,,,,,,Technical notes are available at the following link: https://www.ecb.europa.eu/stats/financial_markets_and_interest_rates/euro_area_yield_curves/shared/pdf/technical_notes.pdf,,6,,,AAA yield curve - 5-year spot rate,"Euro area (changing composition) - Government bond, nominal, all issuers whose rating is triple A - Svensson model - continuous compounding - yield error minimisation - Yield curve spot rate, 5-year maturity",PCPA,0
YC.B.U2.EUR.4F.G_N_A.SV_C_YM.SR_5Y,B,U2,EUR,4F,G_N_A,SV_C_YM,SR_5Y,2023-05-08,2.291519770196512,A,F,,,P1D,,E,,,,,,,,,,,,,,,Technical notes are available at the following link: https://www.ecb.europa.eu/stats/financial_markets_and_interest_rates/euro_area_yield_curves/shared/pdf/technical_notes.pdf,,6,,,AAA yield curve - 5-year spot rate,"Euro area (changing composition) - Government bond, nominal, all issuers whose rating is triple A - Svensson model - continuous compounding - yield error minimisation - Yield curve spot rate, 5-year maturity",PCPA,0
YC.B.U2.EUR.4F.G_N_A.SV_C_YM.SR_5Y,B,U2,EUR,4F,G_N_A,SV_C_YM,SR_5Y,2023-05-09,2.291237368070024,A,F,,,P1D,,E,,,,,,,,,,,,,,,Technical notes are available at the following link: https://www.ecb.europa.eu/stats/financial_markets_and_interest_rates/euro_area_yield_curves/shared/pdf/technical_notes.pdf,,6,,,AAA yield curve - 5-year spot rate,"Euro area (changing composition) - Government bond, nominal, all issuers whose rating is triple A - Svensson model - continuous compounding - yield error minimisation - Yield curve spot rate, 5-year maturity",PCPA,0
YC.B.U2.EUR.4F.G_N_A.SV_C_YM.SR_5Y,B,U2,EUR,4F,G_N_A,SV_C_YM,SR_5Y,2023-05-10,2.2423635634825514,A,F,,,P1D,,E,,,,,,,,,,,,,,,Technical notes are available at the following link: https://www.ecb.europa.eu/stats/financial_markets_and_interest_rates/euro_area_yield_curves/shared/pdf/technical_notes.pdf,,6,,,AAA yield curve - 5-year spot rate,"Euro area (changing composition) - Government bond, nominal, all issuers whose rating is triple A - Svensson model - continuous compounding - yield error minimisation - Yield curve spot rate, 5-year maturity",PCPA,0
YC.B.U2.EUR.4F.G_N_A.SV_C_YM.SR_5Y,B,U2,EUR,4F,G_N_A,SV_C_YM,SR_5Y,2023-05-11,2.1748360478744804,A,F,,,P1D,,E,,,,,,,,,,,,,,,Technical notes are available at the following link: https://www.ecb.europa.eu/stats/financial_markets_and_interest_rates/euro_area_yield_curves/shared/pdf/technical_notes.pdf,,6,,,AAA yield curve - 5-year spot rate,"Euro area (changing composition) - Government bond, nominal, all issuers whose rating is triple A - Svensson model - continuous compounding - yield error minimisation - Yield curve spot rate, 5-year maturity",PCPA,0
YC.B.U2.EUR.4F.G_N_A.SV_C_YM.SR_5Y,B,U2,EUR,4F,G_N_A,SV_C_YM,SR_5Y,2023-05-12,2.214408191915035,A,F,,,P1D,,E,,,,,,,,,,,,,,,Technical notes are available at the following link: https://www.ecb.europa.eu/stats/financial_markets_and_interest_rates/euro_area_yield_curves/shared/pdf/technical_notes.pdf,,6,,,AAA yield curve - 5-year spot rate,"Euro area (changing composition) - Government bond, nominal, all issuers whose rating is triple A - Svensson model - continuous compounding - yield error minimisation - Yield curve spot rate, 5-year maturity",PCPA,0
YC.B.U2.EUR.4F.G_N_A.SV_C_YM.SR_5Y,B,U2,EUR,4F,G_N_A,SV_C_YM,SR_5Y,2023-05-15,2.2582593363087926,A,F,,,P1D,,E,,,,,,,,,,,,,,,Technical notes are available at the following link: https://www.ecb.europa.eu/stats/financial_markets_and_interest_rates/euro_area_yield_curves/shared/pdf/technical_notes.pdf,,6,,,AAA yield curve - 5-year spot rate,"Euro area (changing composition) - Government bond, nominal, all issuers whose rating is triple A - Svensson model - continuous compounding - yield error minimisation - Yield curve spot rate, 5-year maturity",PCPA,0
YC.B.U2.EUR.4F.G_N_A.SV_C_YM.SR_5Y,B,U2,EUR,4F,G_N_A,SV_C_YM,SR_5Y,2023-05-16,2.2732235431858876,A,F,,,P1D,,E,,,,,,,,,,,,,,,Technical notes are available at the following link: https://www.ecb.europa.eu/stats/financial_markets_and_interest_rates/euro_area_yield_curves/shared/pdf/technical_notes.pdf,,6,,,AAA yield curve - 5-year spot rate,"Euro area (changing composition) - Government bond, nominal, all issuers whose rating is triple A - Svensson model - continuous compounding - yield error minimisation - Yield curve spot rate, 5-year maturity",PCPA,0
YC.B.U2.EUR.4F.G_N_A.SV_C_YM.SR_5Y,B,U2,EUR,4F,G_N_A,SV_C_YM,SR_5Y,2023-05-17,2.297998005850764,A,F,,,P1D,,E,,,,,,,,,,,,,,,Technical notes are available at the following link: https://www.ecb.europa.eu/stats/financial_markets_and_interest_rates/euro_area_yield_curves/shared/pdf/technical_notes.pdf,,6,,,AAA yield curve - 5-year spot rate,"Euro area (changing composition) - Government bond, nominal, all issuers whose rating is triple A - Svensson model - continuous compounding - yield error minimisation - Yield curve spot rate, 5-year maturity",PCPA,0
YC.B.U2.EUR.4F.G_N_A.SV_C_YM.SR_5Y,B,U2,EUR,4F,G_N_A,SV_C_YM,SR_5Y,2023-05-18,2.3713777052424674,A,F,,,P1D,,E,,,,,,,,,,,,,,,Technical notes are available at the following link: https://www.ecb.europa.eu/stats/financial_markets_and_interest_rates/euro_area_yield_curves/shared/pdf/technical_notes.pdf,,6,,,AAA yield curve - 5-year spot rate,"Euro area (changing composition) - Government bond, nominal, all issuers whose rating is triple A - Svensson model - continuous compounding - yield error minimisation - Yield curve spot rate, 5-year maturity",PCPA,0
YC.B.U2.EUR.4F.G_N_A.SV_C_YM.SR_5Y,B,U2,EUR,4F,G_N_A,SV_C_YM,SR_5Y,2023-05-19,2.4480870138,A,F,,,P1D,,E,,,,,,,,,,,,,,,Technical notes are available at the following link: https://www.ecb.europa.eu/stats/financial_markets_and_interest_rates/euro_area_yield_curves/shared/pdf/technical_notes.pdf,,6,,,AAA yield curve - 5-year spot rate,"Euro area (changing composition) - Government bond, nominal, all issuers whose rating is triple A - Svensson model - continuous compounding - yield error minimisation - Yield curve spot rate, 5-year maturity",PCPA,0
YC.B.U2.EUR.4F.G_N_A.SV_C_YM.SR_5Y,B,U2,EUR,4F,G_N_A,SV_C_YM,SR_5Y,2023-05-22,2.4452070507,A,F,,,P1D,,E,,,,,,,,,,,,,,,Technical notes are available at the following link: https://www.ecb.europa.eu/stats/financial_markets_and_interest_rates/euro_area_yield_curves/shared/pdf/technical_notes.pdf,,6,,,AAA yield curve - 5-year spot rate,"Euro area (changing composition) - Government bond, nominal, all issuers whose rating is triple A - Svensson model - continuous compounding - yield error minimisation - Yield curve spot rate, 5-year maturity",PCPA,0
YC.B.U2.EUR.4F.G_N_A.SV_C_YM.SR_5Y,B,U2,EUR,4F,G_N_A,SV_C_YM,SR_5Y,2023-05-23,2.4967208849,A,F,,,P1D,,E,,,,,,,,,,,,,,,Technical notes are available at the following link: https://www.ecb.europa.eu/stats/financial_markets_and_interest_rates/euro_area_yield_curves/shared/pdf/technical_notes.pdf,,6,,,AAA yield curve - 5-year spot rate,"Euro area (changing composition) - Government bond, nominal, all issuers whose rating is triple A - Svensson model - continuous compounding - yield error minimisation - Yield curve spot rate, 5-year maturity",PCPA,0
YC.B.U2.EUR.4F.G_N_A.SV_C_YM.SR_5Y,B,U2,EUR,4F,G_N_A,SV_C_YM,SR_5Y,2023-05-24,2.4314969981,A,F,,,P1D,,E,,,,,,,,,,,,,,,Technical notes are available at the following link: https://www.ecb.europa.eu/stats/financial_markets_and_interest_rates/euro_area_yield_curves/shared/pdf/technical_notes.pdf,,6,,,AAA yield curve - 5-year spot rate,"Euro area (changing composition) - Government bond, nominal, all issuers whose rating is triple A - Svensson model - continuous compounding - yield error minimisation - Yield curve spot rate, 5-year maturity",PCPA,0
YC.B.U2.EUR.4F.G_N_A.SV_C_YM.SR_5Y,B,U2,EUR,4F,G_N_A,SV_C_YM,SR_5Y,2023-05-25,2.4832451816,A,F,,,P1D,,E,,,,,,,,,,,,,,,Technical notes are available at the following link: https://www.ecb.europa.eu/stats/financial_markets_and_interest_rates/euro_area_yield_curves/shared/pdf/technical_notes.pdf,,6,,,AAA yield curve - 5-year spot rate,"Euro area (changing composition) - Government bond, nominal, all issuers whose rating is triple A - Svensson model - continuous compounding - yield error minimisation - Yield curve spot rate, 5-year maturity",PCPA,0
YC.B.U2.EUR.4F.G_N_A.SV_C_YM.SR_5Y,B,U2,EUR,4F,G_N_A,SV_C_YM,SR_5Y,2023-05-26,2.5281984956,A,F,,,P1D,,E,,,,,,,,,,,,,,,Technical notes are available at the following link: https://www.ecb.europa.eu/stats/financial_markets_and_interest_rates/euro_area_yield_curves/shared/pdf/technical_notes.pdf,,6,,,AAA yield curve - 5-year spot rate,"Euro area (changing composition) - Government bond, nominal, all issuers whose rating is triple A - Svensson model - continuous compounding - yield error minimisation - Yield curve spot rate, 5-year maturity",PCPA,0
YC.B.U2.EUR.4F.G_N_A.SV_C_YM.SR_5Y,B,U2,EUR,4F,G_N_A,SV_C_YM,SR_5Y,2023-05-29,2.4836750772,A,F,,,P1D,,E,,,,,,,,,,,,,,,Technical notes are available at the following link: https://www.ecb.europa.eu/stats/financial_markets_and_interest_rates/euro_area_yield_curves/shared/pdf/technical_notes.pdf,,6,,,AAA yield curve - 5-year spot rate,"Euro area (changing composition) - Government bond, nominal, all issuers whose rating is triple A - Svensson model - continuous compounding - yield error minimisation - Yield curve spot rate, 5-year maturity",PCPA,0
YC.B.U2.EUR.4F.G_N_A.SV_C_YM.SR_5Y,B,U2,EUR,4F,G_N_A,SV_C_YM,SR_5Y,2023-05-30,2.3973641905,A,F,,,P1D,,E,,,,,,,,,,,,,,,Technical notes are available at the following link: https://www.ecb.europa.eu/stats/financial_markets_and_interest_rates/euro_area_yield_curves/shared/pdf/technical_notes.pdf,,6,,,AAA yield curve - 5-year spot rate,"Euro area (changing composition) - Government bond, nominal, all issuers whose rating is triple A - Svensson model - continuous compounding - yield error minimisation - Yield curve spot rate, 5-year maturity",PCPA,0
YC.B.U2.EUR.4F.G_N_A.SV_C_YM.SR_5Y,B,U2,EUR,4F,G_N_A,SV_C_YM,SR_5Y,2023-05-31,2.2850256631,A,F,,,P1D,,E,,,,,,,,,,,,,,,Technical notes are available at the following link: https://www.ecb.europa.eu/stats/financial_markets_and_interest_rates/euro_area_yield_curves/shared/pdf/technical_notes.pdf,,6,,,AAA yield curve - 5-year spot rate,"Euro area (changing composition) - Government bond, nominal, all issuers whose rating is triple A - Svensson model - continuous compounding - yield error minimisation - Yield curve spot rate, 5-year maturity",PCPA,0
YC.B.U2.EUR.4F.G_N_A.SV_C_YM.SR_5Y,B,U2,EUR,4F,G_N_A,SV_C_YM,SR_5Y,2023-06-01,2.2657758299,A,F,,,P1D,,E,,,,,,,,,,,,,,,Technical notes are available at the following link: https://www.ecb.europa.eu/stats/financial_markets_and_interest_rates/euro_area_yield_curves/shared/pdf/technical_notes.pdf,,6,,,AAA yield curve - 5-year spot rate,"Euro area (changing composition) - Government bond, nominal, all issuers whose rating is triple A - Svensson model - continuous compounding - yield error minimisation - Yield curve spot rate, 5-year maturity",PCPA,0
YC.B.U2.EUR.4F.G_N_A.SV_C_YM.SR_5Y,B,U2,EUR,4F,G_N_A,SV_C_YM,SR_5Y,2023-06-02,2.3199306095,A,F,,,P1D,,E,,,,,,,,,,,,,,,Technical notes are available at the following link: https://www.ecb.europa.eu/stats/financial_markets_and_interest_rates/euro_area_yield_curves/shared/pdf/technical_notes.pdf,,6,,,AAA yield curve - 5-year spot rate,"Euro area (changing composition) - Government bond, nominal, all issuers whose rating is triple A - Svensson model - continuous compounding - yield error minimisation - Yield curve spot rate, 5-year maturity",PCPA,0
YC.B.U2.EUR.4F.G_N_A.SV_C_YM.SR_5Y,B,U2,EUR,4F,G_N_A,SV_C_YM,SR_5Y,2023-06-05,2.4161308827,A,F,,,P1D,,E,,,,,,,,,,,,,,,Technical notes are available at the following link: https://www.ecb.europa.eu/stats/financial_markets_and_interest_rates/euro_area_yield_curves/shared/pdf/technical_notes.pdf,,6,,,AAA yield curve - 5-year spot rate,"Euro area (changing composition) - Government bond, nominal, all issuers whose rating is triple A - Svensson model - continuous compounding - yield error minimisation - Yield curve spot rate, 5-year maturity",PCPA,0
YC.B.U2.EUR.4F.G_N_A.SV_C_YM.SR_5Y,B,U2,EUR,4F,G_N_A,SV_C_YM,SR_5Y,2023-06-06,2.372899333,A,F,,,P1D,,E,,,,,,,,,,,,,,,Technical notes are available at the following link: https://www.ecb.europa.eu/stats/financial_markets_and_interest_rates/euro_area_yield_curves/shared/pdf/technical_notes.pdf,,6,,,AAA yield curve - 5-year spot rate,"Euro area (changing composition) - Government bond, nominal, all issuers whose rating is triple A - Svensson model - continuous compounding - yield error minimisation - Yield curve spot rate, 5-year maturity",PCPA,0
YC.B.U2.EUR.4F.G_N_A.SV_C_YM.SR_5Y,B,U2,EUR,4F,G_N_A,SV_C_YM,SR_5Y,2023-06-07,2.4144955383,A,F,,,P1D,,E,,,,,,,,,,,,,,,Technical notes are available at the following link: https://www.ecb.europa.eu/stats/financial_markets_and_interest_rates/euro_area_yield_curves/shared/pdf/technical_notes.pdf,,6,,,AAA yield curve - 5-year spot rate,"Euro area (changing composition) - Government bond, nominal, all issuers whose rating is triple A - Svensson model - continuous compounding - yield error minimisation - Yield curve spot rate, 5-year maturity",PCPA,0
YC.B.U2.EUR.4F.G_N_A.SV_C_YM.SR_5Y,B,U2,EUR,4F,G_N_A,SV_C_YM,SR_5Y,2023-06-08,2.4248283501,A,F,,,P1D,,E,,,,,,,,,,,,,,,Technical notes are available at the following link: https://www.ecb.europa.eu/stats/financial_markets_and_interest_rates/euro_area_yield_curves/shared/pdf/technical_notes.pdf,,6,,,AAA yield curve - 5-year spot rate,"Euro area (changing composition) - Government bond, nominal, all issuers whose rating is triple A - Svensson model - continuous compounding - yield error minimisation - Yield curve spot rate, 5-year maturity",PCPA,0
YC.B.U2.EUR.4F.G_N_A.SV_C_YM.SR_5Y,B,U2,EUR,4F,G_N_A,SV_C_YM,SR_5Y,2023-06-09,2.43537318,A,F,,,P1D,,E,,,,,,,,,,,,,,,Technical notes are available at the following link: https://www.ecb.europa.eu/stats/financial_markets_and_interest_rates/euro_area_yield_curves/shared/pdf/technical_notes.pdf,,6,,,AAA yield curve - 5-year spot rate,"Euro area (changing composition) - Government bond, nominal, all issuers whose rating is triple A - Svensson model - continuous compounding - yield error minimisation - Yield curve spot rate, 5-year maturity",PCPA,0
YC.B.U2.EUR.4F.G_N_A.SV_C_YM.SR_5Y,B,U2,EUR,4F,G_N_A,SV_C_YM,SR_5Y,2023-06-12,2.4150210504,A,F,,,P1D,,E,,,,,,,,,,,,,,,Technical notes are available at the following link: https://www.ecb.europa.eu/stats/financial_markets_and_interest_rates/euro_area_yield_curves/shared/pdf/technical_notes.pdf,,6,,,AAA yield curve - 5-year spot rate,"Euro area (changing composition) - Government bond, nominal, all issuers whose rating is triple A - Svensson model - continuous compounding - yield error minimisation - Yield curve spot rate, 5-year maturity",PCPA,0
YC.B.U2.EUR.4F.G_N_A.SV_C_YM.SR_5Y,B,U2,EUR,4F,G_N_A,SV_C_YM,SR_5Y,2023-06-13,2.4529696405,A,F,,,P1D,,E,,,,,,,,,,,,,,,Technical notes are available at the following link: https://www.ecb.europa.eu/stats/financial_markets_and_interest_rates/euro_area_yield_curves/shared/pdf/technical_notes.pdf,,6,,,AAA yield curve - 5-year spot rate,"Euro area (changing composition) - Government bond, nominal, all issuers whose rating is triple A - Svensson model - continuous compounding - yield error minimisation - Yield curve spot rate, 5-year maturity",PCPA,0
YC.B.U2.EUR.4F.G_N_A.SV_C_YM.SR_5Y,B,U2,EUR,4F,G_N_A,SV_C_YM,SR_5Y,2023-06-14,2.5117455761,A,F,,,P1D,,E,,,,,,,,,,,,,,,Technical notes are available at the following link: https://www.ecb.europa.eu/stats/financial_markets_and_interest_rates/euro_area_yield_curves/shared/pdf/technical_notes.pdf,,6,,,AAA yield curve - 5-year spot rate,"Euro area (changing composition) - Government bond, nominal, all issuers whose rating is triple A - Svensson model - continuous compounding - yield error minimisation - Yield curve spot rate, 5-year maturity",PCPA,0
YC.B.U2.EUR.4F.G_N_A.SV_C_YM.SR_5Y,B,U2,EUR,4F,G_N_A,SV_C_YM,SR_5Y,2023-06-15,2.5353623035,A,F,,,P1D,,E,,,,,,,,,,,,,,,Technical notes are available at the following link: https://www.ecb.europa.eu/stats/financial_markets_and_interest_rates/euro_area_yield_curves/shared/pdf/technical_notes.pdf,,6,,,AAA yield curve - 5-year spot rate,"Euro area (changing composition) - Government bond, nominal, all issuers whose rating is triple A - Svensson model - continuous compounding - yield error minimisation - Yield curve spot rate, 5-year maturity",PCPA,0
YC.B.U2.EUR.4F.G_N_A.SV_C_YM.SR_5Y,B,U2,EUR,4F,G_N_A,SV_C_YM,SR_5Y,2023-06-16,2.5702677145,A,F,,,P1D,,E,,,,,,,,,,,,,,,Technical notes are available at the following link: https://www.ecb.europa.eu/stats/financial_markets_and_interest_rates/euro_area_yield_curves/shared/pdf/technical_notes.pdf,,6,,,AAA yield curve - 5-year spot rate,"Euro area (changing composition) - Government bond, nominal, all issuers whose rating is triple A - Svensson model - continuous compounding - yield error minimisation - Yield curve spot rate, 5-year maturity",PCPA,0
YC.B.U2.EUR.4F.G_N_A.SV_C_YM.SR_5Y,B,U2,EUR,4F,G_N_A,SV_C_YM,SR_5Y,2023-06-19,2.607042917,A,F,,,P1D,,E,,,,,,,,,,,,,,,Technical notes are available at the following link: https://www.ecb.europa.eu/stats/financial_markets_and_interest_rates/euro_area_yield_curves/shared/pdf/technical_notes.pdf,,6,,,AAA yield curve - 5-year spot rate,"Euro area (changing composition) - Government bond, nominal, all issuers whose rating is triple A - Svensson model - continuous compounding - yield error minimisation - Yield curve spot rate, 5-year maturity",PCPA,0
YC.B.U2.EUR.4F.G_N_A.SV_C_YM.SR_5Y,B,U2,EUR,4F,G_N_A,SV_C_YM,SR_5Y,2023-06-20,2.560626058,A,F,,,P1D,,E,,,,,,,,,,,,,,,Technical notes are available at the following link: https://www.ecb.europa.eu/stats/financial_markets_and_interest_rates/euro_area_yield_curves/shared/pdf/technical_notes.pdf,,6,,,AAA yield curve - 5-year spot rate,"Euro area (changing composition) - Government bond, nominal, all issuers whose rating is triple A - Svensson model - continuous compounding - yield error minimisation - Yield curve spot rate, 5-year maturity",PCPA,0
YC.B.U2.EUR.4F.G_N_A.SV_C_YM.SR_5Y,B,U2,EUR,4F,G_N_A,SV_C_YM,SR_5Y,2023-06-21,2.5592231399,A,F,,,P1D,,E,,,,,,,,,,,,,,,Technical notes are available at the following link: https://www.ecb.europa.eu/stats/financial_markets_and_interest_rates/euro_area_yield_curves/shared/pdf/technical_notes.pdf,,6,,,AAA yield curve - 5-year spot rate,"Euro area (changing composition) - Government bond, nominal, all issuers whose rating is triple A - Svensson model - continuous compounding - yield error minimisation - Yield curve spot rate, 5-year maturity",PCPA,0
YC.B.U2.EUR.4F.G_N_A.SV_C_YM.SR_5Y,B,U2,EUR,4F,G_N_A,SV_C_YM,SR_5Y,2023-06-22,2.6046462477,A,F,,,P1D,,E,,,,,,,,,,,,,,,Technical notes are available at the following link: https://www.ecb.europa.eu/stats/financial_markets_and_interest_rates/euro_area_yield_curves/shared/pdf/technical_notes.pdf,,6,,,AAA yield curve - 5-year spot rate,"Euro area (changing composition) - Government bond, nominal, all issuers whose rating is triple A - Svensson model - continuous compounding - yield error minimisation - Yield curve spot rate, 5-year maturity",PCPA,0
YC.B.U2.EUR.4F.G_N_A.SV_C_YM.SR_5Y,B,U2,EUR,4F,G_N_A,SV_C_YM,SR_5Y,2023-06-23,2.4712579523,A,F,,,P1D,,E,,,,,,,,,,,,,,,Technical notes are available at the following link: https://www.ecb.europa.eu/stats/financial_markets_and_interest_rates/euro_area_yield_curves/shared/pdf/technical_notes.pdf,,6,,,AAA yield curve - 5-year spot rate,"Euro area (changing composition) - Government bond, nominal, all issuers whose rating is triple A - Svensson model - continuous compounding - yield error minimisation - Yield curve spot rate, 5-year maturity",PCPA,0
YC.B.U2.EUR.4F.G_N_A.SV_C_YM.SR_5Y,B,U2,EUR,4F,G_N_A,SV_C_YM,SR_5Y,2023-06-26,2.4668884633,A,F,,,P1D,,E,,,,,,,,,,,,,,,Technical notes are available at the following link: https://www.ecb.europa.eu/stats/financial_markets_and_interest_rates/euro_area_yield_curves/shared/pdf/technical_notes.pdf,,6,,,AAA yield curve - 5-year spot rate,"Euro area (changing composition) - Government bond, nominal, all issuers whose rating is triple A - Svensson model - continuous compounding - yield error minimisation - Yield curve spot rate, 5-year maturity",PCPA,0
YC.B.U2.EUR.4F.G_N_A.SV_C_YM.SR_5Y,B,U2,EUR,4F,G_N_A,SV_C_YM,SR_5Y,2023-06-27,2.4465540014,A,F,,,P1D,,E,,,,,,,,,,,,,,,Technical notes are available at the following link: https://www.ecb.europa.eu/stats/financial_markets_and_interest_rates/euro_area_yield_curves/shared/pdf/technical_notes.pdf,,6,,,AAA yield curve - 5-year spot rate,"Euro area (changing composition) - Government bond, nominal, all issuers whose rating is triple A - Svensson model - continuous compounding - yield error minimisation - Yield curve spot rate, 5-year maturity",PCPA,0
YC.B.U2.EUR.4F.G_N_A.SV_C_YM.SR_5Y,B,U2,EUR,4F,G_N_A,SV_C_YM,SR_5Y,2023-06-28,2.4839382149,A,F,,,P1D,,E,,,,,,,,,,,,,,,Technical notes are available at the following link: https://www.ecb.europa.eu/stats/financial_markets_and_interest_rates/euro_area_yield_curves/shared/pdf/technical_notes.pdf,,6,,,AAA yield curve - 5-year spot rate,"Euro area (changing composition) - Government bond, nominal, all issuers whose rating is triple A - Svensson model - continuous compounding - yield error minimisation - Yield curve spot rate, 5-year maturity",PCPA,0
YC.B.U2.EUR.4F.G_N_A.SV_C_YM.SR_5Y,B,U2,EUR,4F,G_N_A,SV_C_YM,SR_5Y,2023-06-29,2.5270914785,A,F,,,P1D,,E,,,,,,,,,,,,,,,Technical notes are available at the following link: https://www.ecb.europa.eu/stats/financial_markets_and_interest_rates/euro_area_yield_curves/shared/pdf/technical_notes.pdf,,6,,,AAA yield curve - 5-year spot rate,"Euro area (changing composition) - Government bond, nominal, all issuers whose rating is triple A - Svensson model - continuous compounding - yield error minimisation - Yield curve spot rate, 5-year maturity",PCPA,0
YC.B.U2.EUR.4F.G_N_A.SV_C_YM.SR_5Y,B,U2,EUR,4F,G_N_A,SV_C_YM,SR_5Y,2023-06-30,2.5754168882,A,F,,,P1D,,E,,,,,,,,,,,,,,,Technical notes are available at the following link: https://www.ecb.europa.eu/stats/financial_markets_and_interest_rates/euro_area_yield_curves/shared/pdf/technical_notes.pdf,,6,,,AAA yield curve - 5-year spot rate,"Euro area (changing composition) - Government bond, nominal, all issuers whose rating is triple A - Svensson model - continuous compounding - yield error minimisation - Yield curve spot rate, 5-year maturity",PCPA,0
YC.B.U2.EUR.4F.G_N_A.SV_C_YM.SR_5Y,B,U2,EUR,4F,G_N_A,SV_C_YM,SR_5Y,2023-07-03,2.5731941818,A,F,,,P1D,,E,,,,,,,,,,,,,,,Technical notes are available at the following link: https://www.ecb.europa.eu/stats/financial_markets_and_interest_rates/euro_area_yield_curves/shared/pdf/technical_notes.pdf,,6,,,AAA yield curve - 5-year spot rate,"Euro area (changing composition) - Government bond, nominal, all issuers whose rating is triple A - Svensson model - continuous compounding - yield error minimisation - Yield curve spot rate, 5-year maturity",PCPA,0
YC.B.U2.EUR.4F.G_N_A.SV_C_YM.SR_5Y,B,U2,EUR,4F,G_N_A,SV_C_YM,SR_5Y,2023-07-04,2.5989166632,A,F,,,P1D,,E,,,,,,,,,,,,,,,Technical notes are available at the following link: https://www.ecb.europa.eu/stats/financial_markets_and_interest_rates/euro_area_yield_curves/shared/pdf/technical_notes.pdf,,6,,,AAA yield curve - 5-year spot rate,"Euro area (changing composition) - Government bond, nominal, all issuers whose rating is triple A - Svensson model - continuous compounding - yield error minimisation - Yield curve spot rate, 5-year maturity",PCPA,0
YC.B.U2.EUR.4F.G_N_A.SV_C_YM.SR_5Y,B,U2,EUR,4F,G_N_A,SV_C_YM,SR_5Y,2023-07-05,2.586687225,A,F,,,P1D,,E,,,,,,,,,,,,,,,Technical notes are available at the following link: https://www.ecb.europa.eu/stats/financial_markets_and_interest_rates/euro_area_yield_curves/shared/pdf/technical_notes.pdf,,6,,,AAA yield curve - 5-year spot rate,"Euro area (changing composition) - Government bond, nominal, all issuers whose rating is triple A - Svensson model - continuous compounding - yield error minimisation - Yield curve spot rate, 5-year maturity",PCPA,0
YC.B.U2.EUR.4F.G_N_A.SV_C_YM.SR_5Y,B,U2,EUR,4F,G_N_A,SV_C_YM,SR_5Y,2023-07-06,2.7187995004,A,F,,,P1D,,E,,,,,,,,,,,,,,,Technical notes are available at the following link: https://www.ecb.europa.eu/stats/financial_markets_and_interest_rates/euro_area_yield_curves/shared/pdf/technical_notes.pdf,,6,,,AAA yield curve - 5-year spot rate,"Euro area (changing composition) - Government bond, nominal, all issuers whose rating is triple A - Svensson model - continuous compounding - yield error minimisation - Yield curve spot rate, 5-year maturity",PCPA,0
YC.B.U2.EUR.4F.G_N_A.SV_C_YM.SR_5Y,B,U2,EUR,4F,G_N_A,SV_C_YM,SR_5Y,2023-07-07,2.7273449918,A,F,,,P1D,,E,,,,,,,,,,,,,,,Technical notes are available at the following link: https://www.ecb.europa.eu/stats/financial_markets_and_interest_rates/euro_area_yield_curves/shared/pdf/technical_notes.pdf,,6,,,AAA yield curve - 5-year spot rate,"Euro area (changing composition) - Government bond, nominal, all issuers whose rating is triple A - Svensson model - continuous compounding - yield error minimisation - Yield curve spot rate, 5-year maturity",PCPA,0
YC.B.U2.EUR.4F.G_N_A.SV_C_YM.SR_5Y,B,U2,EUR,4F,G_N_A,SV_C_YM,SR_5Y,2023-07-10,2.7432357004,A,F,,,P1D,,E,,,,,,,,,,,,,,,Technical notes are available at the following link: https://www.ecb.europa.eu/stats/financial_markets_and_interest_rates/euro_area_yield_curves/shared/pdf/technical_notes.pdf,,6,,,AAA yield curve - 5-year spot rate,"Euro area (changing composition) - Government bond, nominal, all issuers whose rating is triple A - Svensson model - continuous compounding - yield error minimisation - Yield curve spot rate, 5-year maturity",PCPA,0
YC.B.U2.EUR.4F.G_N_A.SV_C_YM.SR_5Y,B,U2,EUR,4F,G_N_A,SV_C_YM,SR_5Y,2023-07-11,2.7536985517,A,F,,,P1D,,E,,,,,,,,,,,,,,,Technical notes are available at the following link: https://www.ecb.europa.eu/stats/financial_markets_and_interest_rates/euro_area_yield_curves/shared/pdf/technical_notes.pdf,,6,,,AAA yield curve - 5-year spot rate,"Euro area (changing composition) - Government bond, nominal, all issuers whose rating is triple A - Svensson model - continuous compounding - yield error minimisation - Yield curve spot rate, 5-year maturity",PCPA,0
YC.B.U2.EUR.4F.G_N_A.SV_C_YM.SR_5Y,B,U2,EUR,4F,G_N_A,SV_C_YM,SR_5Y,2023-07-12,2.7340212151,A,F,,,P1D,,E,,,,,,,,,,,,,,,Technical notes are available at the following link: https://www.ecb.europa.eu/stats/financial_markets_and_interest_rates/euro_area_yield_curves/shared/pdf/technical_notes.pdf,,6,,,AAA yield curve - 5-year spot rate,"Euro area (changing composition) - Government bond, nominal, all issuers whose rating is triple A - Svensson model - continuous compounding - yield error minimisation - Yield curve spot rate, 5-year maturity",PCPA,0
YC.B.U2.EUR.4F.G_N_A.SV_C_YM.SR_5Y,B,U2,EUR,4F,G_N_A,SV_C_YM,SR_5Y,2023-07-13,2.628414276,A,F,,,P1D,,E,,,,,,,,,,,,,,,Technical notes are available at the following link: https://www.ecb.europa.eu/stats/financial_markets_and_interest_rates/euro_area_yield_curves/shared/pdf/technical_notes.pdf,,6,,,AAA yield curve - 5-year spot rate,"Euro area (changing composition) - Government bond, nominal, all issuers whose rating is triple A - Svensson model - continuous compounding - yield error minimisation - Yield curve spot rate, 5-year maturity",PCPA,0
YC.B.U2.EUR.4F.G_N_A.SV_C_YM.SR_5Y,B,U2,EUR,4F,G_N_A,SV_C_YM,SR_5Y,2023-07-14,2.5724447624,A,F,,,P1D,,E,,,,,,,,,,,,,,,Technical notes are available at the following link: https://www.ecb.europa.eu/stats/financial_markets_and_interest_rates/euro_area_yield_curves/shared/pdf/technical_notes.pdf,,6,,,AAA yield curve - 5-year spot rate,"Euro area (changing composition) - Government bond, nominal, all issuers whose rating is triple A - Svensson model - continuous compounding - yield error minimisation - Yield curve spot rate, 5-year maturity",PCPA,0
YC.B.U2.EUR.4F.G_N_A.SV_C_YM.SR_5Y,B,U2,EUR,4F,G_N_A,SV_C_YM,SR_5Y,2023-07-17,2.5870264157,A,F,,,P1D,,E,,,,,,,,,,,,,,,Technical notes are available at the following link: https://www.ecb.europa.eu/stats/financial_markets_and_interest_rates/euro_area_yield_curves/shared/pdf/technical_notes.pdf,,6,,,AAA yield curve - 5-year spot rate,"Euro area (changing composition) - Government bond, nominal, all issuers whose rating is triple A - Svensson model - continuous compounding - yield error minimisation - Yield curve spot rate, 5-year maturity",PCPA,0
YC.B.U2.EUR.4F.G_N_A.SV_C_YM.SR_5Y,B,U2,EUR,4F,G_N_A,SV_C_YM,SR_5Y,2023-07-18,2.4737191663,A,F,,,P1D,,E,,,,,,,,,,,,,,,Technical notes are available at the following link: https://www.ecb.europa.eu/stats/financial_markets_and_interest_rates/euro_area_yield_curves/shared/pdf/technical_notes.pdf,,6,,,AAA yield curve - 5-year spot rate,"Euro area (changing composition) - Government bond, nominal, all issuers whose rating is triple A - Svensson model - continuous compounding - yield error minimisation - Yield curve spot rate, 5-year maturity",PCPA,0
YC.B.U2.EUR.4F.G_N_A.SV_C_YM.SR_5Y,B,U2,EUR,4F,G_N_A,SV_C_YM,SR_5Y,2023-07-19,2.482943023,A,F,,,P1D,,E,,,,,,,,,,,,,,,Technical notes are available at the following link: https://www.ecb.europa.eu/stats/financial_markets_and_interest_rates/euro_area_yield_curves/shared/pdf/technical_notes.pdf,,6,,,AAA yield curve - 5-year spot rate,"Euro area (changing composition) - Government bond, nominal, all issuers whose rating is triple A - Svensson model - continuous compounding - yield error minimisation - Yield curve spot rate, 5-year maturity",PCPA,0
YC.B.U2.EUR.4F.G_N_A.SV_C_YM.SR_5Y,B,U2,EUR,4F,G_N_A,SV_C_YM,SR_5Y,2023-07-20,2.5818382767,A,F,,,P1D,,E,,,,,,,,,,,,,,,Technical notes are available at the following link: https://www.ecb.europa.eu/stats/financial_markets_and_interest_rates/euro_area_yield_curves/shared/pdf/technical_notes.pdf,,6,,,AAA yield curve - 5-year spot rate,"Euro area (changing composition) - Government bond, nominal, all issuers whose rating is triple A - Svensson model - continuous compounding - yield error minimisation - Yield curve spot rate, 5-year maturity",PCPA,0
YC.B.U2.EUR.4F.G_N_A.SV_C_YM.SR_5Y,B,U2,EUR,4F,G_N_A,SV_C_YM,SR_5Y,2023-07-21,2.5327463786,A,F,,,P1D,,E,,,,,,,,,,,,,,,Technical notes are available at the following link: https://www.ecb.europa.eu/stats/financial_markets_and_interest_rates/euro_area_yield_curves/shared/pdf/technical_notes.pdf,,6,,,AAA yield curve - 5-year spot rate,"Euro area (changing composition) - Government bond, nominal, all issuers whose rating is triple A - Svensson model - continuous compounding - yield error minimisation - Yield curve spot rate, 5-year maturity",PCPA,0
YC.B.U2.EUR.4F.G_N_A.SV_C_YM.SR_5Y,B,U2,EUR,4F,G_N_A,SV_C_YM,SR_5Y,2023-07-24,2.5227342318,A,F,,,P1D,,E,,,,,,,,,,,,,,,Technical notes are available at the following link: https://www.ecb.europa.eu/stats/financial_markets_and_interest_rates/euro_area_yield_curves/shared/pdf/technical_notes.pdf,,6,,,AAA yield curve - 5-year spot rate,"Euro area (changing composition) - Government bond, nominal, all issuers whose rating is triple A - Svensson model - continuous compounding - yield error minimisation - Yield curve spot rate, 5-year maturity",PCPA,0
YC.B.U2.EUR.4F.G_N_A.SV_C_YM.SR_5Y,B,U2,EUR,4F,G_N_A,SV_C_YM,SR_5Y,2023-07-25,2.5127658863,A,F,,,P1D,,E,,,,,,,,,,,,,,,Technical notes are available at the following link: https://www.ecb.europa.eu/stats/financial_markets_and_interest_rates/euro_area_yield_curves/shared/pdf/technical_notes.pdf,,6,,,AAA yield curve - 5-year spot rate,"Euro area (changing composition) - Government bond, nominal, all issuers whose rating is triple A - Svensson model - continuous compounding - yield error minimisation - Yield curve spot rate, 5-year maturity",PCPA,0
YC.B.U2.EUR.4F.G_N_A.SV_C_YM.SR_5Y,B,U2,EUR,4F,G_N_A,SV_C_YM,SR_5Y,2023-07-26,2.5770894314,A,F,,,P1D,,E,,,,,,,,,,,,,,,Technical notes are available at the following link: https://www.ecb.europa.eu/stats/financial_markets_and_interest_rates/euro_area_yield_curves/shared/pdf/technical_notes.pdf,,6,,,AAA yield curve - 5-year spot rate,"Euro area (changing composition) - Government bond, nominal, all issuers whose rating is triple A - Svensson model - continuous compounding - yield error minimisation - Yield curve spot rate, 5-year maturity",PCPA,0
YC.B.U2.EUR.4F.G_N_A.SV_C_YM.SR_5Y,B,U2,EUR,4F,G_N_A,SV_C_YM,SR_5Y,2023-07-27,2.5150125845,A,F,,,P1D,,E,,,,,,,,,,,,,,,Technical notes are available at the following link: https://www.ecb.europa.eu/stats/financial_markets_and_interest_rates/euro_area_yield_curves/shared/pdf/technical_notes.pdf,,6,,,AAA yield curve - 5-year spot rate,"Euro area (changing composition) - Government bond, nominal, all issuers whose rating is triple A - Svensson model - continuous compounding - yield error minimisation - Yield curve spot rate, 5-year maturity",PCPA,0
YC.B.U2.EUR.4F.G_N_A.SV_C_YM.SR_5Y,B,U2,EUR,4F,G_N_A,SV_C_YM,SR_5Y,2023-07-28,2.5371039021,A,F,,,P1D,,E,,,,,,,,,,,,,,,Technical notes are available at the following link: https://www.ecb.europa.eu/stats/financial_markets_and_interest_rates/euro_area_yield_curves/shared/pdf/technical_notes.pdf,,6,,,AAA yield curve - 5-year spot rate,"Euro area (changing composition) - Government bond, nominal, all issuers whose rating is triple A - Svensson model - continuous compounding - yield error minimisation - Yield curve spot rate, 5-year maturity",PCPA,0
YC.B.U2.EUR.4F.G_N_A.SV_C_YM.SR_5Y,B,U2,EUR,4F,G_N_A,SV_C_YM,SR_5Y,2023-07-31,2.5346553551,A,F,,,P1D,,E,,,,,,,,,,,,,,,Technical notes are available at the following link: https://www.ecb.europa.eu/stats/financial_markets_and_interest_rates/euro_area_yield_curves/shared/pdf/technical_notes.pdf,,6,,,AAA yield curve - 5-year spot rate,"Euro area (changing composition) - Government bond, nominal, all issuers whose rating is triple A - Svensson model - continuous compounding - yield error minimisation - Yield curve spot rate, 5-year maturity",PCPA,0
YC.B.U2.EUR.4F.G_N_A.SV_C_YM.SR_5Y,B,U2,EUR,4F,G_N_A,SV_C_YM,SR_5Y,2023-08-01,2.5404217309,A,F,,,P1D,,E,,,,,,,,,,,,,,,Technical notes are available at the following link: https://www.ecb.europa.eu/stats/financial_markets_and_interest_rates/euro_area_yield_curves/shared/pdf/technical_notes.pdf,,6,,,AAA yield curve - 5-year spot rate,"Euro area (changing composition) - Government bond, nominal, all issuers whose rating is triple A - Svensson model - continuous compounding - yield error minimisation - Yield curve spot rate, 5-year maturity",PCPA,0
YC.B.U2.EUR.4F.G_N_A.SV_C_YM.SR_5Y,B,U2,EUR,4F,G_N_A,SV_C_YM,SR_5Y,2023-08-02,2.5211132688,A,F,,,P1D,,E,,,,,,,,,,,,,,,Technical notes are available at the following link: https://www.ecb.europa.eu/stats/financial_markets_and_interest_rates/euro_area_yield_curves/shared/pdf/technical_notes.pdf,,6,,,AAA yield curve - 5-year spot rate,"Euro area (changing composition) - Government bond, nominal, all issuers whose rating is triple A - Svensson model - continuous compounding - yield error minimisation - Yield curve spot rate, 5-year maturity",PCPA,0
YC.B.U2.EUR.4F.G_N_A.SV_C_YM.SR_5Y,B,U2,EUR,4F,G_N_A,SV_C_YM,SR_5Y,2023-08-03,2.5637777124,A,F,,,P1D,,E,,,,,,,,,,,,,,,Technical notes are available at the following link: https://www.ecb.europa.eu/stats/financial_markets_and_interest_rates/euro_area_yield_curves/shared/pdf/technical_notes.pdf,,6,,,AAA yield curve - 5-year spot rate,"Euro area (changing composition) - Government bond, nominal, all issuers whose rating is triple A - Svensson model - continuous compounding - yield error minimisation - Yield curve spot rate, 5-year maturity",PCPA,0
YC.B.U2.EUR.4F.G_N_A.SV_C_YM.SR_5Y,B,U2,EUR,4F,G_N_A,SV_C_YM,SR_5Y,2023-08-04,2.6097613054,A,F,,,P1D,,E,,,,,,,,,,,,,,,Technical notes are available at the following link: https://www.ecb.europa.eu/stats/financial_markets_and_interest_rates/euro_area_yield_curves/shared/pdf/technical_notes.pdf,,6,,,AAA yield curve - 5-year spot rate,"Euro area (changing composition) - Government bond, nominal, all issuers whose rating is triple A - Svensson model - continuous compounding - yield error minimisation - Yield curve spot rate, 5-year maturity",PCPA,0
YC.B.U2.EUR.4F.G_N_A.SV_C_YM.SR_5Y,B,U2,EUR,4F,G_N_A,SV_C_YM,SR_5Y,2023-08-07,2.5704441125,A,F,,,P1D,,E,,,,,,,,,,,,,,,Technical notes are available at the following link: https://www.ecb.europa.eu/stats/financial_markets_and_interest_rates/euro_area_yield_curves/shared/pdf/technical_notes.pdf,,6,,,AAA yield curve - 5-year spot rate,"Euro area (changing composition) - Government bond, nominal, all issuers whose rating is triple A - Svensson model - continuous compounding - yield error minimisation - Yield curve spot rate, 5-year maturity",PCPA,0
YC.B.U2.EUR.4F.G_N_A.SV_C_YM.SR_5Y,B,U2,EUR,4F,G_N_A,SV_C_YM,SR_5Y,2023-08-08,2.4704250512,A,F,,,P1D,,E,,,,,,,,,,,,,,,Technical notes are available at the following link: https://www.ecb.europa.eu/stats/financial_markets_and_interest_rates/euro_area_yield_curves/shared/pdf/technical_notes.pdf,,6,,,AAA yield curve - 5-year spot rate,"Euro area (changing composition) - Government bond, nominal, all issuers whose rating is triple A - Svensson model - continuous compounding - yield error minimisation - Yield curve spot rate, 5-year maturity",PCPA,0
YC.B.U2.EUR.4F.G_N_A.SV_C_YM.SR_5Y,B,U2,EUR,4F,G_N_A,SV_C_YM,SR_5Y,2023-08-09,2.5104924104,A,F,,,P1D,,E,,,,,,,,,,,,,,,Technical notes are available at the following link: https://www.ecb.europa.eu/stats/financial_markets_and_interest_rates/euro_area_yield_curves/shared/pdf/technical_notes.pdf,,6,,,AAA yield curve - 5-year spot rate,"Euro area (changing composition) - Government bond, nominal, all issuers whose rating is triple A - Svensson model - continuous compounding - yield error minimisation - Yield curve spot rate, 5-year maturity",PCPA,0
YC.B.U2.EUR.4F.G_N_A.SV_C_YM.SR_5Y,B,U2,EUR,4F,G_N_A,SV_C_YM,SR_5Y,2023-08-10,2.52255536,A,F,,,P1D,,E,,,,,,,,,,,,,,,Technical notes are available at the following link: https://www.ecb.europa.eu/stats/financial_markets_and_interest_rates/euro_area_yield_curves/shared/pdf/technical_notes.pdf,,6,,,AAA yield curve - 5-year spot rate,"Euro area (changing composition) - Government bond, nominal, all issuers whose rating is triple A - Svensson model - continuous compounding - yield error minimisation - Yield curve spot rate, 5-year maturity",PCPA,0
YC.B.U2.EUR.4F.G_N_A.SV_C_YM.SR_5Y,B,U2,EUR,4F,G_N_A,SV_C_YM,SR_5Y,2023-08-11,2.5954019742,A,F,,,P1D,,E,,,,,,,,,,,,,,,Technical notes are available at the following link: https://www.ecb.europa.eu/stats/financial_markets_and_interest_rates/euro_area_yield_curves/shared/pdf/technical_notes.pdf,,6,,,AAA yield curve - 5-year spot rate,"Euro area (changing composition) - Government bond, nominal, all issuers whose rating is triple A - Svensson model - continuous compounding - yield error minimisation - Yield curve spot rate, 5-year maturity",PCPA,0
YC.B.U2.EUR.4F.G_N_A.SV_C_YM.SR_5Y,B,U2,EUR,4F,G_N_A,SV_C_YM,SR_5Y,2023-08-14,2.6116091379,A,F,,,P1D,,E,,,,,,,,,,,,,,,Technical notes are available at the following link: https://www.ecb.europa.eu/stats/financial_markets_and_interest_rates/euro_area_yield_curves/shared/pdf/technical_notes.pdf,,6,,,AAA yield curve - 5-year spot rate,"Euro area (changing composition) - Government bond, nominal, all issuers whose rating is triple A - Svensson model - continuous compounding - yield error minimisation - Yield curve spot rate, 5-year maturity",PCPA,0
YC.B.U2.EUR.4F.G_N_A.SV_C_YM.SR_5Y,B,U2,EUR,4F,G_N_A,SV_C_YM,SR_5Y,2023-08-15,2.673759994,A,F,,,P1D,,E,,,,,,,,,,,,,,,Technical notes are available at the following link: https://www.ecb.europa.eu/stats/financial_markets_and_interest_rates/euro_area_yield_curves/shared/pdf/technical_notes.pdf,,6,,,AAA yield curve - 5-year spot rate,"Euro area (changing composition) - Government bond, nominal, all issuers whose rating is triple A - Svensson model - continuous compounding - yield error minimisation - Yield curve spot rate, 5-year maturity",PCPA,0
YC.B.U2.EUR.4F.G_N_A.SV_C_YM.SR_5Y,B,U2,EUR,4F,G_N_A,SV_C_YM,SR_5Y,2023-08-16,2.6496553772,A,F,,,P1D,,E,,,,,,,,,,,,,,,Technical notes are available at the following link: https://www.ecb.europa.eu/stats/financial_markets_and_interest_rates/euro_area_yield_curves/shared/pdf/technical_notes.pdf,,6,,,AAA yield curve - 5-year spot rate,"Euro area (changing composition) - Government bond, nominal, all issuers whose rating is triple A - Svensson model - continuous compounding - yield error minimisation - Yield curve spot rate, 5-year maturity",PCPA,0
YC.B.U2.EUR.4F.G_N_A.SV_C_YM.SR_5Y,B,U2,EUR,4F,G_N_A,SV_C_YM,SR_5Y,2023-08-17,2.676504078,A,F,,,P1D,,E,,,,,,,,,,,,,,,Technical notes are available at the following link: https://www.ecb.europa.eu/stats/financial_markets_and_interest_rates/euro_area_yield_curves/shared/pdf/technical_notes.pdf,,6,,,AAA yield curve - 5-year spot rate,"Euro area (changing composition) - Government bond, nominal, all issuers whose rating is triple A - Svensson model - continuous compounding - yield error minimisation - Yield curve spot rate, 5-year maturity",PCPA,0
YC.B.U2.EUR.4F.G_N_A.SV_C_YM.SR_5Y,B,U2,EUR,4F,G_N_A,SV_C_YM,SR_5Y,2023-08-18,2.610450166,A,F,,,P1D,,E,,,,,,,,,,,,,,,Technical notes are available at the following link: https://www.ecb.europa.eu/stats/financial_markets_and_interest_rates/euro_area_yield_curves/shared/pdf/technical_notes.pdf,,6,,,AAA yield curve - 5-year spot rate,"Euro area (changing composition) - Government bond, nominal, all issuers whose rating is triple A - Svensson model - continuous compounding - yield error minimisation - Yield curve spot rate, 5-year maturity",PCPA,0
YC.B.U2.EUR.4F.G_N_A.SV_C_YM.SR_5Y,B,U2,EUR,4F,G_N_A,SV_C_YM,SR_5Y,2023-08-21,2.660707345,A,F,,,P1D,,E,,,,,,,,,,,,,,,Technical notes are available at the following link: https://www.ecb.europa.eu/stats/financial_markets_and_interest_rates/euro_area_yield_curves/shared/pdf/technical_notes.pdf,,6,,,AAA yield curve - 5-year spot rate,"Euro area (changing composition) - Government bond, nominal, all issuers whose rating is triple A - Svensson model - continuous compounding - yield error minimisation - Yield curve spot rate, 5-year maturity",PCPA,0
YC.B.U2.EUR.4F.G_N_A.SV_C_YM.SR_5Y,B,U2,EUR,4F,G_N_A,SV_C_YM,SR_5Y,2023-08-22,2.6507097827,A,F,,,P1D,,E,,,,,,,,,,,,,,,Technical notes are available at the following link: https://www.ecb.europa.eu/stats/financial_markets_and_interest_rates/euro_area_yield_curves/shared/pdf/technical_notes.pdf,,6,,,AAA yield curve - 5-year spot rate,"Euro area (changing composition) - Government bond, nominal, all issuers whose rating is triple A - Svensson model - continuous compounding - yield error minimisation - Yield curve spot rate, 5-year maturity",PCPA,0
YC.B.U2.EUR.4F.G_N_A.SV_C_YM.SR_5Y,B,U2,EUR,4F,G_N_A,SV_C_YM,SR_5Y,2023-08-23,2.511267706,A,F,,,P1D,,E,,,,,,,,,,,,,,,Technical notes are available at the following link: https://www.ecb.europa.eu/stats/financial_markets_and_interest_rates/euro_area_yield_curves/shared/pdf/technical_notes.pdf,,6,,,AAA yield curve - 5-year spot rate,"Euro area (changing composition) - Government bond, nominal, all issuers whose rating is triple A - Svensson model - continuous compounding - yield error minimisation - Yield curve spot rate, 5-year maturity",PCPA,0
YC.B.U2.EUR.4F.G_N_A.SV_C_YM.SR_5Y,B,U2,EUR,4F,G_N_A,SV_C_YM,SR_5Y,2023-08-24,2.5330692227,A,F,,,P1D,,E,,,,,,,,,,,,,,,Technical notes are available at the following link: https://www.ecb.europa.eu/stats/financial_markets_and_interest_rates/euro_area_yield_curves/shared/pdf/technical_notes.pdf,,6,,,AAA yield curve - 5-year spot rate,"Euro area (changing composition) - Government bond, nominal, all issuers whose rating is triple A - Svensson model - continuous compounding - yield error minimisation - Yield curve spot rate, 5-year maturity",PCPA,0
YC.B.U2.EUR.4F.G_N_A.SV_C_YM.SR_5Y,B,U2,EUR,4F,G_N_A,SV_C_YM,SR_5Y,2023-08-25,2.5605192108,A,F,,,P1D,,E,,,,,,,,,,,,,,,Technical notes are available at the following link: https://www.ecb.europa.eu/stats/financial_markets_and_interest_rates/euro_area_yield_curves/shared/pdf/technical_notes.pdf,,6,,,AAA yield curve - 5-year spot rate,"Euro area (changing composition) - Government bond, nominal, all issuers whose rating is triple A - Svensson model - continuous compounding - yield error minimisation - Yield curve spot rate, 5-year maturity",PCPA,0
YC.B.U2.EUR.4F.G_N_A.SV_C_YM.SR_5Y,B,U2,EUR,4F,G_N_A,SV_C_YM,SR_5Y,2023-08-28,2.5715008615,A,F,,,P1D,,E,,,,,,,,,,,,,,,Technical notes are available at the following link: https://www.ecb.europa.eu/stats/financial_markets_and_interest_rates/euro_area_yield_curves/shared/pdf/technical_notes.pdf,,6,,,AAA yield curve - 5-year spot rate,"Euro area (changing composition) - Government bond, nominal, all issuers whose rating is triple A - Svensson model - continuous compounding - yield error minimisation - Yield curve spot rate, 5-year maturity",PCPA,0
YC.B.U2.EUR.4F.G_N_A.SV_C_YM.SR_5Y,B,U2,EUR,4F,G_N_A,SV_C_YM,SR_5Y,2023-08-29,2.5943097202,A,F,,,P1D,,E,,,,,,,,,,,,,,,Technical notes are available at the following link: https://www.ecb.europa.eu/stats/financial_markets_and_interest_rates/euro_area_yield_curves/shared/pdf/technical_notes.pdf,,6,,,AAA yield curve - 5-year spot rate,"Euro area (changing composition) - Government bond, nominal, all issuers whose rating is triple A - Svensson model - continuous compounding - yield error minimisation - Yield curve spot rate, 5-year maturity",PCPA,0
YC.B.U2.EUR.4F.G_N_A.SV_C_YM.SR_5Y,B,U2,EUR,4F,G_N_A,SV_C_YM,SR_5Y,2023-08-30,2.5440322922,A,F,,,P1D,,E,,,,,,,,,,,,,,,Technical notes are available at the following link: https://www.ecb.europa.eu/stats/financial_markets_and_interest_rates/euro_area_yield_curves/shared/pdf/technical_notes.pdf,,6,,,AAA yield curve - 5-year spot rate,"Euro area (changing composition) - Government bond, nominal, all issuers whose rating is triple A - Svensson model - continuous compounding - yield error minimisation - Yield curve spot rate, 5-year maturity",PCPA,0
YC.B.U2.EUR.4F.G_N_A.SV_C_YM.SR_5Y,B,U2,EUR,4F,G_N_A,SV_C_YM,SR_5Y,2023-08-31,2.516473986,A,F,,,P1D,,E,,,,,,,,,,,,,,,Technical notes are available at the following link: https://www.ecb.europa.eu/stats/financial_markets_and_interest_rates/euro_area_yield_curves/shared/pdf/technical_notes.pdf,,6,,,AAA yield curve - 5-year spot rate,"Euro area (changing composition) - Government bond, nominal, all issuers whose rating is triple A - Svensson model - continuous compounding - yield error minimisation - Yield curve spot rate, 5-year maturity",PCPA,0
YC.B.U2.EUR.4F.G_N_A.SV_C_YM.SR_5Y,B,U2,EUR,4F,G_N_A,SV_C_YM,SR_5Y,2023-09-01,2.5398042037,A,F,,,P1D,,E,,,,,,,,,,,,,,,Technical notes are available at the following link: https://www.ecb.europa.eu/stats/financial_markets_and_interest_rates/euro_area_yield_curves/shared/pdf/technical_notes.pdf,,6,,,AAA yield curve - 5-year spot rate,"Euro area (changing composition) - Government bond, nominal, all issuers whose rating is triple A - Svensson model - continuous compounding - yield error minimisation - Yield curve spot rate, 5-year maturity",PCPA,0
YC.B.U2.EUR.4F.G_N_A.SV_C_YM.SR_5Y,B,U2,EUR,4F,G_N_A,SV_C_YM,SR_5Y,2023-09-04,2.5636497134,A,F,,,P1D,,E,,,,,,,,,,,,,,,Technical notes are available at the following link: https://www.ecb.europa.eu/stats/financial_markets_and_interest_rates/euro_area_yield_curves/shared/pdf/technical_notes.pdf,,6,,,AAA yield curve - 5-year spot rate,"Euro area (changing composition) - Government bond, nominal, all issuers whose rating is triple A - Svensson model - continuous compounding - yield error minimisation - Yield curve spot rate, 5-year maturity",PCPA,0
YC.B.U2.EUR.4F.G_N_A.SV_C_YM.SR_5Y,B,U2,EUR,4F,G_N_A,SV_C_YM,SR_5Y,2023-09-05,2.5792264054,A,F,,,P1D,,E,,,,,,,,,,,,,,,Technical notes are available at the following link: https://www.ecb.europa.eu/stats/financial_markets_and_interest_rates/euro_area_yield_curves/shared/pdf/technical_notes.pdf,,6,,,AAA yield curve - 5-year spot rate,"Euro area (changing composition) - Government bond, nominal, all issuers whose rating is triple A - Svensson model - continuous compounding - yield error minimisation - Yield curve spot rate, 5-year maturity",PCPA,0
YC.B.U2.EUR.4F.G_N_A.SV_C_YM.SR_5Y,B,U2,EUR,4F,G_N_A,SV_C_YM,SR_5Y,2023-09-06,2.6073679862,A,F,,,P1D,,E,,,,,,,,,,,,,,,Technical notes are available at the following link: https://www.ecb.europa.eu/stats/financial_markets_and_interest_rates/euro_area_yield_curves/shared/pdf/technical_notes.pdf,,6,,,AAA yield curve - 5-year spot rate,"Euro area (changing composition) - Government bond, nominal, all issuers whose rating is triple A - Svensson model - continuous compounding - yield error minimisation - Yield curve spot rate, 5-year maturity",PCPA,0
YC.B.U2.EUR.4F.G_N_A.SV_C_YM.SR_5Y,B,U2,EUR,4F,G_N_A,SV_C_YM,SR_5Y,2023-09-07,2.6618687336,A,F,,,P1D,,E,,,,,,,,,,,,,,,Technical notes are available at the following link: https://www.ecb.europa.eu/stats/financial_markets_and_interest_rates/euro_area_yield_curves/shared/pdf/technical_notes.pdf,,6,,,AAA yield curve - 5-year spot rate,"Euro area (changing composition) - Government bond, nominal, all issuers whose rating is triple A - Svensson model - continuous compounding - yield error minimisation - Yield curve spot rate, 5-year maturity",PCPA,0
YC.B.U2.EUR.4F.G_N_A.SV_C_YM.SR_5Y,B,U2,EUR,4F,G_N_A,SV_C_YM,SR_5Y,2023-09-08,2.6383519331,A,F,,,P1D,,E,,,,,,,,,,,,,,,Technical notes are available at the following link: https://www.ecb.europa.eu/stats/financial_markets_and_interest_rates/euro_area_yield_curves/shared/pdf/technical_notes.pdf,,6,,,AAA yield curve - 5-year spot rate,"Euro area (changing composition) - Government bond, nominal, all issuers whose rating is triple A - Svensson model - continuous compounding - yield error minimisation - Yield curve spot rate, 5-year maturity",PCPA,0
YC.B.U2.EUR.4F.G_N_A.SV_C_YM.SR_5Y,B,U2,EUR,4F,G_N_A,SV_C_YM,SR_5Y,2023-09-11,2.6198595603,A,F,,,P1D,,E,,,,,,,,,,,,,,,Technical notes are available at the following link: https://www.ecb.europa.eu/stats/financial_markets_and_interest_rates/euro_area_yield_curves/shared/pdf/technical_notes.pdf,,6,,,AAA yield curve - 5-year spot rate,"Euro area (changing composition) - Government bond, nominal, all issuers whose rating is triple A - Svensson model - continuous compounding - yield error minimisation - Yield curve spot rate, 5-year maturity",PCPA,0
YC.B.U2.EUR.4F.G_N_A.SV_C_YM.SR_5Y,B,U2,EUR,4F,G_N_A,SV_C_YM,SR_5Y,2023-09-12,2.633977755,A,F,,,P1D,,E,,,,,,,,,,,,,,,Technical notes are available at the following link: https://www.ecb.europa.eu/stats/financial_markets_and_interest_rates/euro_area_yield_curves/shared/pdf/technical_notes.pdf,,6,,,AAA yield curve - 5-year spot rate,"Euro area (changing composition) - Government bond, nominal, all issuers whose rating is triple A - Svensson model - continuous compounding - yield error minimisation - Yield curve spot rate, 5-year maturity",PCPA,0
YC.B.U2.EUR.4F.G_N_A.SV_C_YM.SR_5Y,B,U2,EUR,4F,G_N_A,SV_C_YM,SR_5Y,2023-09-13,2.6561688239,A,F,,,P1D,,E,,,,,,,,,,,,,,,Technical notes are available at the following link: https://www.ecb.europa.eu/stats/financial_markets_and_interest_rates/euro_area_yield_curves/shared/pdf/technical_notes.pdf,,6,,,AAA yield curve - 5-year spot rate,"Euro area (changing composition) - Government bond, nominal, all issuers whose rating is triple A - Svensson model - continuous compounding - yield error minimisation - Yield curve spot rate, 5-year maturity",PCPA,0
YC.B.U2.EUR.4F.G_N_A.SV_C_YM.SR_5Y,B,U2,EUR,4F,G_N_A,SV_C_YM,SR_5Y,2023-09-14,2.6346336884,A,F,,,P1D,,E,,,,,,,,,,,,,,,Technical notes are available at the following link: https://www.ecb.europa.eu/stats/financial_markets_and_interest_rates/euro_area_yield_curves/shared/pdf/technical_notes.pdf,,6,,,AAA yield curve - 5-year spot rate,"Euro area (changing composition) - Government bond, nominal, all issuers whose rating is triple A - Svensson model - continuous compounding - yield error minimisation - Yield curve spot rate, 5-year maturity",PCPA,0
YC.B.U2.EUR.4F.G_N_A.SV_C_YM.SR_5Y,B,U2,EUR,4F,G_N_A,SV_C_YM,SR_5Y,2023-09-15,2.6774069626,A,F,,,P1D,,E,,,,,,,,,,,,,,,Technical notes are available at the following link: https://www.ecb.europa.eu/stats/financial_markets_and_interest_rates/euro_area_yield_curves/shared/pdf/technical_notes.pdf,,6,,,AAA yield curve - 5-year spot rate,"Euro area (changing composition) - Government bond, nominal, all issuers whose rating is triple A - Svensson model - continuous compounding - yield error minimisation - Yield curve spot rate, 5-year maturity",PCPA,0
YC.B.U2.EUR.4F.G_N_A.SV_C_YM.SR_5Y,B,U2,EUR,4F,G_N_A,SV_C_YM,SR_5Y,2023-09-18,2.7441877278,A,F,,,P1D,,E,,,,,,,,,,,,,,,Technical notes are available at the following link: https://www.ecb.europa.eu/stats/financial_markets_and_interest_rates/euro_area_yield_curves/shared/pdf/technical_notes.pdf,,6,,,AAA yield curve - 5-year spot rate,"Euro area (changing composition) - Government bond, nominal, all issuers whose rating is triple A - Svensson model - continuous compounding - yield error minimisation - Yield curve spot rate, 5-year maturity",PCPA,0
YC.B.U2.EUR.4F.G_N_A.SV_C_YM.SR_5Y,B,U2,EUR,4F,G_N_A,SV_C_YM,SR_5Y,2023-09-19,2.7627678209,A,F,,,P1D,,E,,,,,,,,,,,,,,,Technical notes are available at the following link: https://www.ecb.europa.eu/stats/financial_markets_and_interest_rates/euro_area_yield_curves/shared/pdf/technical_notes.pdf,,6,,,AAA yield curve - 5-year spot rate,"Euro area (changing composition) - Government bond, nominal, all issuers whose rating is triple A - Svensson model - continuous compounding - yield error minimisation - Yield curve spot rate, 5-year maturity",PCPA,0
YC.B.U2.EUR.4F.G_N_A.SV_C_YM.SR_5Y,B,U2,EUR,4F,G_N_A,SV_C_YM,SR_5Y,2023-09-20,2.7361700836,A,F,,,P1D,,E,,,,,,,,,,,,,,,Technical notes are available at the following link: https://www.ecb.europa.eu/stats/financial_markets_and_interest_rates/euro_area_yield_curves/shared/pdf/technical_notes.pdf,,6,,,AAA yield curve - 5-year spot rate,"Euro area (changing composition) - Government bond, nominal, all issuers whose rating is triple A - Svensson model - continuous compounding - yield error minimisation - Yield curve spot rate, 5-year maturity",PCPA,0
YC.B.U2.EUR.4F.G_N_A.SV_C_YM.SR_5Y,B,U2,EUR,4F,G_N_A,SV_C_YM,SR_5Y,2023-09-21,2.7634822901,A,F,,,P1D,,E,,,,,,,,,,,,,,,Technical notes are available at the following link: https://www.ecb.europa.eu/stats/financial_markets_and_interest_rates/euro_area_yield_curves/shared/pdf/technical_notes.pdf,,6,,,AAA yield curve - 5-year spot rate,"Euro area (changing composition) - Government bond, nominal, all issuers whose rating is triple A - Svensson model - continuous compounding - yield error minimisation - Yield curve spot rate, 5-year maturity",PCPA,0
YC.B.U2.EUR.4F.G_N_A.SV_C_YM.SR_5Y,B,U2,EUR,4F,G_N_A,SV_C_YM,SR_5Y,2023-09-22,2.7397569482,A,F,,,P1D,,E,,,,,,,,,,,,,,,Technical notes are available at the following link: https://www.ecb.europa.eu/stats/financial_markets_and_interest_rates/euro_area_yield_curves/shared/pdf/technical_notes.pdf,,6,,,AAA yield curve - 5-year spot rate,"Euro area (changing composition) - Government bond, nominal, all issuers whose rating is triple A - Svensson model - continuous compounding - yield error minimisation - Yield curve spot rate, 5-year maturity",PCPA,0
YC.B.U2.EUR.4F.G_N_A.SV_C_YM.SR_5Y,B,U2,EUR,4F,G_N_A,SV_C_YM,SR_5Y,2023-09-25,2.7772086602,A,F,,,P1D,,E,,,,,,,,,,,,,,,Technical notes are available at the following link: https://www.ecb.europa.eu/stats/financial_markets_and_interest_rates/euro_area_yield_curves/shared/pdf/technical_notes.pdf,,6,,,AAA yield curve - 5-year spot rate,"Euro area (changing composition) - Government bond, nominal, all issuers whose rating is triple A - Svensson model - continuous compounding - yield error minimisation - Yield curve spot rate, 5-year maturity",PCPA,0
YC.B.U2.EUR.4F.G_N_A.SV_C_YM.SR_5Y,B,U2,EUR,4F,G_N_A,SV_C_YM,SR_5Y,2023-09-26,2.7764656206,A,F,,,P1D,,E,,,,,,,,,,,,,,,Technical notes are available at the following link: https://www.ecb.europa.eu/stats/financial_markets_and_interest_rates/euro_area_yield_curves/shared/pdf/technical_notes.pdf,,6,,,AAA yield curve - 5-year spot rate,"Euro area (changing composition) - Government bond, nominal, all issuers whose rating is triple A - Svensson model - continuous compounding - yield error minimisation - Yield curve spot rate, 5-year maturity",PCPA,0
YC.B.U2.EUR.4F.G_N_A.SV_C_YM.SR_5Y,B,U2,EUR,4F,G_N_A,SV_C_YM,SR_5Y,2023-09-27,2.7634821397,A,F,,,P1D,,E,,,,,,,,,,,,,,,Technical notes are available at the following link: https://www.ecb.europa.eu/stats/financial_markets_and_interest_rates/euro_area_yield_curves/shared/pdf/technical_notes.pdf,,6,,,AAA yield curve - 5-year spot rate,"Euro area (changing composition) - Government bond, nominal, all issuers whose rating is triple A - Svensson model - continuous compounding - yield error minimisation - Yield curve spot rate, 5-year maturity",PCPA,0
YC.B.U2.EUR.4F.G_N_A.SV_C_YM.SR_5Y,B,U2,EUR,4F,G_N_A,SV_C_YM,SR_5Y,2023-09-28,2.9118122637,A,F,,,P1D,,E,,,,,,,,,,,,,,,Technical notes are available at the following link: https://www.ecb.europa.eu/stats/financial_markets_and_interest_rates/euro_area_yield_curves/shared/pdf/technical_notes.pdf,,6,,,AAA yield curve - 5-year spot rate,"Euro area (changing composition) - Government bond, nominal, all issuers whose rating is triple A - Svensson model - continuous compounding - yield error minimisation - Yield curve spot rate, 5-year maturity",PCPA,0
YC.B.U2.EUR.4F.G_N_A.SV_C_YM.SR_5Y,B,U2,EUR,4F,G_N_A,SV_C_YM,SR_5Y,2023-09-29,2.7784801285,A,F,,,P1D,,E,,,,,,,,,,,,,,,Technical notes are available at the following link: https://www.ecb.europa.eu/stats/financial_markets_and_interest_rates/euro_area_yield_curves/shared/pdf/technical_notes.pdf,,6,,,AAA yield curve - 5-year spot rate,"Euro area (changing composition) - Government bond, nominal, all issuers whose rating is triple A - Svensson model - continuous compounding - yield error minimisation - Yield curve spot rate, 5-year maturity",PCPA,0
YC.B.U2.EUR.4F.G_N_A.SV_C_YM.SR_5Y,B,U2,EUR,4F,G_N_A,SV_C_YM,SR_5Y,2023-10-02,2.8145109351,A,F,,,P1D,,E,,,,,,,,,,,,,,,Technical notes are available at the following link: https://www.ecb.europa.eu/stats/financial_markets_and_interest_rates/euro_area_yield_curves/shared/pdf/technical_notes.pdf,,6,,,AAA yield curve - 5-year spot rate,"Euro area (changing composition) - Government bond, nominal, all issuers whose rating is triple A - Svensson model - continuous compounding - yield error minimisation - Yield curve spot rate, 5-year maturity",PCPA,0
YC.B.U2.EUR.4F.G_N_A.SV_C_YM.SR_5Y,B,U2,EUR,4F,G_N_A,SV_C_YM,SR_5Y,2023-10-03,2.8342952855,A,F,,,P1D,,E,,,,,,,,,,,,,,,Technical notes are available at the following link: https://www.ecb.europa.eu/stats/financial_markets_and_interest_rates/euro_area_yield_curves/shared/pdf/technical_notes.pdf,,6,,,AAA yield curve - 5-year spot rate,"Euro area (changing composition) - Government bond, nominal, all issuers whose rating is triple A - Svensson model - continuous compounding - yield error minimisation - Yield curve spot rate, 5-year maturity",PCPA,0
YC.B.U2.EUR.4F.G_N_A.SV_C_YM.SR_5Y,B,U2,EUR,4F,G_N_A,SV_C_YM,SR_5Y,2023-10-04,2.8640786084,A,F,,,P1D,,E,,,,,,,,,,,,,,,Technical notes are available at the following link: https://www.ecb.europa.eu/stats/financial_markets_and_interest_rates/euro_area_yield_curves/shared/pdf/technical_notes.pdf,,6,,,AAA yield curve - 5-year spot rate,"Euro area (changing composition) - Government bond, nominal, all issuers whose rating is triple A - Svensson model - continuous compounding - yield error minimisation - Yield curve spot rate, 5-year maturity",PCPA,0
YC.B.U2.EUR.4F.G_N_A.SV_C_YM.SR_5Y,B,U2,EUR,4F,G_N_A,SV_C_YM,SR_5Y,2023-10-05,2.8079875387,A,F,,,P1D,,E,,,,,,,,,,,,,,,Technical notes are available at the following link: https://www.ecb.europa.eu/stats/financial_markets_and_interest_rates/euro_area_yield_curves/shared/pdf/technical_notes.pdf,,6,,,AAA yield curve - 5-year spot rate,"Euro area (changing composition) - Government bond, nominal, all issuers whose rating is triple A - Svensson model - continuous compounding - yield error minimisation - Yield curve spot rate, 5-year maturity",PCPA,0
YC.B.U2.EUR.4F.G_N_A.SV_C_YM.SR_5Y,B,U2,EUR,4F,G_N_A,SV_C_YM,SR_5Y,2023-10-06,2.8168896976,A,F,,,P1D,,E,,,,,,,,,,,,,,,Technical notes are available at the following link: https://www.ecb.europa.eu/stats/financial_markets_and_interest_rates/euro_area_yield_curves/shared/pdf/technical_notes.pdf,,6,,,AAA yield curve - 5-year spot rate,"Euro area (changing composition) - Government bond, nominal, all issuers whose rating is triple A - Svensson model - continuous compounding - yield error minimisation - Yield curve spot rate, 5-year maturity",PCPA,0
YC.B.U2.EUR.4F.G_N_A.SV_C_YM.SR_5Y,B,U2,EUR,4F,G_N_A,SV_C_YM,SR_5Y,2023-10-09,2.7525118309,A,F,,,P1D,,E,,,,,,,,,,,,,,,Technical notes are available at the following link: https://www.ecb.europa.eu/stats/financial_markets_and_interest_rates/euro_area_yield_curves/shared/pdf/technical_notes.pdf,,6,,,AAA yield curve - 5-year spot rate,"Euro area (changing composition) - Government bond, nominal, all issuers whose rating is triple A - Svensson model - continuous compounding - yield error minimisation - Yield curve spot rate, 5-year maturity",PCPA,0
YC.B.U2.EUR.4F.G_N_A.SV_C_YM.SR_5Y,B,U2,EUR,4F,G_N_A,SV_C_YM,SR_5Y,2023-10-10,2.7444297643,A,F,,,P1D,,E,,,,,,,,,,,,,,,Technical notes are available at the following link: https://www.ecb.europa.eu/stats/financial_markets_and_interest_rates/euro_area_yield_curves/shared/pdf/technical_notes.pdf,,6,,,AAA yield curve - 5-year spot rate,"Euro area (changing composition) - Government bond, nominal, all issuers whose rating is triple A - Svensson model - continuous compounding - yield error minimisation - Yield curve spot rate, 5-year maturity",PCPA,0
YC.B.U2.EUR.4F.G_N_A.SV_C_YM.SR_5Y,B,U2,EUR,4F,G_N_A,SV_C_YM,SR_5Y,2023-10-11,2.6889462397,A,F,,,P1D,,E,,,,,,,,,,,,,,,Technical notes are available at the following link: https://www.ecb.europa.eu/stats/financial_markets_and_interest_rates/euro_area_yield_curves/shared/pdf/technical_notes.pdf,,6,,,AAA yield curve - 5-year spot rate,"Euro area (changing composition) - Government bond, nominal, all issuers whose rating is triple A - Svensson model - continuous compounding - yield error minimisation - Yield curve spot rate, 5-year maturity",PCPA,0
YC.B.U2.EUR.4F.G_N_A.SV_C_YM.SR_5Y,B,U2,EUR,4F,G_N_A,SV_C_YM,SR_5Y,2023-10-12,2.7116306054,A,F,,,P1D,,E,,,,,,,,,,,,,,,Technical notes are available at the following link: https://www.ecb.europa.eu/stats/financial_markets_and_interest_rates/euro_area_yield_curves/shared/pdf/technical_notes.pdf,,6,,,AAA yield curve - 5-year spot rate,"Euro area (changing composition) - Government bond, nominal, all issuers whose rating is triple A - Svensson model - continuous compounding - yield error minimisation - Yield curve spot rate, 5-year maturity",PCPA,0
YC.B.U2.EUR.4F.G_N_A.SV_C_YM.SR_5Y,B,U2,EUR,4F,G_N_A,SV_C_YM,SR_5Y,2023-10-13,2.7539921428,A,F,,,P1D,,E,,,,,,,,,,,,,,,Technical notes are available at the following link: https://www.ecb.europa.eu/stats/financial_markets_and_interest_rates/euro_area_yield_curves/shared/pdf/technical_notes.pdf,,6,,,AAA yield curve - 5-year spot rate,"Euro area (changing composition) - Government bond, nominal, all issuers whose rating is triple A - Svensson model - continuous compounding - yield error minimisation - Yield curve spot rate, 5-year maturity",PCPA,0
YC.B.U2.EUR.4F.G_N_A.SV_C_YM.SR_5Y,B,U2,EUR,4F,G_N_A,SV_C_YM,SR_5Y,2023-10-16,2.7346514982,A,F,,,P1D,,E,,,,,,,,,,,,,,,Technical notes are available at the following link: https://www.ecb.europa.eu/stats/financial_markets_and_interest_rates/euro_area_yield_curves/shared/pdf/technical_notes.pdf,,6,,,AAA yield curve - 5-year spot rate,"Euro area (changing composition) - Government bond, nominal, all issuers whose rating is triple A - Svensson model - continuous compounding - yield error minimisation - Yield curve spot rate, 5-year maturity",PCPA,0
YC.B.U2.EUR.4F.G_N_A.SV_C_YM.SR_5Y,B,U2,EUR,4F,G_N_A,SV_C_YM,SR_5Y,2023-10-17,2.7940708648,A,F,,,P1D,,E,,,,,,,,,,,,,,,Technical notes are available at the following link: https://www.ecb.europa.eu/stats/financial_markets_and_interest_rates/euro_area_yield_curves/shared/pdf/technical_notes.pdf,,6,,,AAA yield curve - 5-year spot rate,"Euro area (changing composition) - Government bond, nominal, all issuers whose rating is triple A - Svensson model - continuous compounding - yield error minimisation - Yield curve spot rate, 5-year maturity",PCPA,0
YC.B.U2.EUR.4F.G_N_A.SV_C_YM.SR_5Y,B,U2,EUR,4F,G_N_A,SV_C_YM,SR_5Y,2023-10-18,2.8052852926,A,F,,,P1D,,E,,,,,,,,,,,,,,,Technical notes are available at the following link: https://www.ecb.europa.eu/stats/financial_markets_and_interest_rates/euro_area_yield_curves/shared/pdf/technical_notes.pdf,,6,,,AAA yield curve - 5-year spot rate,"Euro area (changing composition) - Government bond, nominal, all issuers whose rating is triple A - Svensson model - continuous compounding - yield error minimisation - Yield curve spot rate, 5-year maturity",PCPA,0
YC.B.U2.EUR.4F.G_N_A.SV_C_YM.SR_5Y,B,U2,EUR,4F,G_N_A,SV_C_YM,SR_5Y,2023-10-19,2.8707208283,A,F,,,P1D,,E,,,,,,,,,,,,,,,Technical notes are available at the following link: https://www.ecb.europa.eu/stats/financial_markets_and_interest_rates/euro_area_yield_curves/shared/pdf/technical_notes.pdf,,6,,,AAA yield curve - 5-year spot rate,"Euro area (changing composition) - Government bond, nominal, all issuers whose rating is triple A - Svensson model - continuous compounding - yield error minimisation - Yield curve spot rate, 5-year maturity",PCPA,0
YC.B.U2.EUR.4F.G_N_A.SV_C_YM.SR_5Y,B,U2,EUR,4F,G_N_A,SV_C_YM,SR_5Y,2023-10-20,2.7997501198,A,F,,,P1D,,E,,,,,,,,,,,,,,,Technical notes are available at the following link: https://www.ecb.europa.eu/stats/financial_markets_and_interest_rates/euro_area_yield_curves/shared/pdf/technical_notes.pdf,,6,,,AAA yield curve - 5-year spot rate,"Euro area (changing composition) - Government bond, nominal, all issuers whose rating is triple A - Svensson model - continuous compounding - yield error minimisation - Yield curve spot rate, 5-year maturity",PCPA,0
YC.B.U2.EUR.4F.G_N_A.SV_C_YM.SR_5Y,B,U2,EUR,4F,G_N_A,SV_C_YM,SR_5Y,2023-10-23,2.8308108644,A,F,,,P1D,,E,,,,,,,,,,,,,,,Technical notes are available at the following link: https://www.ecb.europa.eu/stats/financial_markets_and_interest_rates/euro_area_yield_curves/shared/pdf/technical_notes.pdf,,6,,,AAA yield curve - 5-year spot rate,"Euro area (changing composition) - Government bond, nominal, all issuers whose rating is triple A - Svensson model - continuous compounding - yield error minimisation - Yield curve spot rate, 5-year maturity",PCPA,0
YC.B.U2.EUR.4F.G_N_A.SV_C_YM.SR_5Y,B,U2,EUR,4F,G_N_A,SV_C_YM,SR_5Y,2023-10-24,2.7644816875,A,F,,,P1D,,E,,,,,,,,,,,,,,,Technical notes are available at the following link: https://www.ecb.europa.eu/stats/financial_markets_and_interest_rates/euro_area_yield_curves/shared/pdf/technical_notes.pdf,,6,,,AAA yield curve - 5-year spot rate,"Euro area (changing composition) - Government bond, nominal, all issuers whose rating is triple A - Svensson model - continuous compounding - yield error minimisation - Yield curve spot rate, 5-year maturity",PCPA,0
YC.B.U2.EUR.4F.G_N_A.SV_C_YM.SR_5Y,B,U2,EUR,4F,G_N_A,SV_C_YM,SR_5Y,2023-10-25,2.7778029653,A,F,,,P1D,,E,,,,,,,,,,,,,,,Technical notes are available at the following link: https://www.ecb.europa.eu/stats/financial_markets_and_interest_rates/euro_area_yield_curves/shared/pdf/technical_notes.pdf,,6,,,AAA yield curve - 5-year spot rate,"Euro area (changing composition) - Government bond, nominal, all issuers whose rating is triple A - Svensson model - continuous compounding - yield error minimisation - Yield curve spot rate, 5-year maturity",PCPA,0
YC.B.U2.EUR.4F.G_N_A.SV_C_YM.SR_5Y,B,U2,EUR,4F,G_N_A,SV_C_YM,SR_5Y,2023-10-26,2.7482862269,A,F,,,P1D,,E,,,,,,,,,,,,,,,Technical notes are available at the following link: https://www.ecb.europa.eu/stats/financial_markets_and_interest_rates/euro_area_yield_curves/shared/pdf/technical_notes.pdf,,6,,,AAA yield curve - 5-year spot rate,"Euro area (changing composition) - Government bond, nominal, all issuers whose rating is triple A - Svensson model - continuous compounding - yield error minimisation - Yield curve spot rate, 5-year maturity",PCPA,0
YC.B.U2.EUR.4F.G_N_A.SV_C_YM.SR_5Y,B,U2,EUR,4F,G_N_A,SV_C_YM,SR_5Y,2023-10-27,2.7373039027,A,F,,,P1D,,E,,,,,,,,,,,,,,,Technical notes are available at the following link: https://www.ecb.europa.eu/stats/financial_markets_and_interest_rates/euro_area_yield_curves/shared/pdf/technical_notes.pdf,,6,,,AAA yield curve - 5-year spot rate,"Euro area (changing composition) - Government bond, nominal, all issuers whose rating is triple A - Svensson model - continuous compounding - yield error minimisation - Yield curve spot rate, 5-year maturity",PCPA,0
YC.B.U2.EUR.4F.G_N_A.SV_C_YM.SR_5Y,B,U2,EUR,4F,G_N_A,SV_C_YM,SR_5Y,2023-10-30,2.74116386,A,F,,,P1D,,E,,,,,,,,,,,,,,,Technical notes are available at the following link: https://www.ecb.europa.eu/stats/financial_markets_and_interest_rates/euro_area_yield_curves/shared/pdf/technical_notes.pdf,,6,,,AAA yield curve - 5-year spot rate,"Euro area (changing composition) - Government bond, nominal, all issuers whose rating is triple A - Svensson model - continuous compounding - yield error minimisation - Yield curve spot rate, 5-year maturity",PCPA,0
YC.B.U2.EUR.4F.G_N_A.SV_C_YM.SR_5Y,B,U2,EUR,4F,G_N_A,SV_C_YM,SR_5Y,2023-10-31,2.6810645347,A,F,,,P1D,,E,,,,,,,,,,,,,,,Technical notes are available at the following link: https://www.ecb.europa.eu/stats/financial_markets_and_interest_rates/euro_area_yield_curves/shared/pdf/technical_notes.pdf,,6,,,AAA yield curve - 5-year spot rate,"Euro area (changing composition) - Government bond, nominal, all issuers whose rating is triple A - Svensson model - continuous compounding - yield error minimisation - Yield curve spot rate, 5-year maturity",PCPA,0
YC.B.U2.EUR.4F.G_N_A.SV_C_YM.SR_5Y,B,U2,EUR,4F,G_N_A,SV_C_YM,SR_5Y,2023-11-01,2.6727281997,A,F,,,P1D,,E,,,,,,,,,,,,,,,Technical notes are available at the following link: https://www.ecb.europa.eu/stats/financial_markets_and_interest_rates/euro_area_yield_curves/shared/pdf/technical_notes.pdf,,6,,,AAA yield curve - 5-year spot rate,"Euro area (changing composition) - Government bond, nominal, all issuers whose rating is triple A - Svensson model - continuous compounding - yield error minimisation - Yield curve spot rate, 5-year maturity",PCPA,0
YC.B.U2.EUR.4F.G_N_A.SV_C_YM.SR_5Y,B,U2,EUR,4F,G_N_A,SV_C_YM,SR_5Y,2023-11-02,2.6215796916,A,F,,,P1D,,E,,,,,,,,,,,,,,,Technical notes are available at the following link: https://www.ecb.europa.eu/stats/financial_markets_and_interest_rates/euro_area_yield_curves/shared/pdf/technical_notes.pdf,,6,,,AAA yield curve - 5-year spot rate,"Euro area (changing composition) - Government bond, nominal, all issuers whose rating is triple A - Svensson model - continuous compounding - yield error minimisation - Yield curve spot rate, 5-year maturity",PCPA,0
YC.B.U2.EUR.4F.G_N_A.SV_C_YM.SR_5Y,B,U2,EUR,4F,G_N_A,SV_C_YM,SR_5Y,2023-11-03,2.5876610203,A,F,,,P1D,,E,,,,,,,,,,,,,,,Technical notes are available at the following link: https://www.ecb.europa.eu/stats/financial_markets_and_interest_rates/euro_area_yield_curves/shared/pdf/technical_notes.pdf,,6,,,AAA yield curve - 5-year spot rate,"Euro area (changing composition) - Government bond, nominal, all issuers whose rating is triple A - Svensson model - continuous compounding - yield error minimisation - Yield curve spot rate, 5-year maturity",PCPA,0
YC.B.U2.EUR.4F.G_N_A.SV_C_YM.SR_5Y,B,U2,EUR,4F,G_N_A,SV_C_YM,SR_5Y,2023-11-06,2.6416697486,A,F,,,P1D,,E,,,,,,,,,,,,,,,Technical notes are available at the following link: https://www.ecb.europa.eu/stats/financial_markets_and_interest_rates/euro_area_yield_curves/shared/pdf/technical_notes.pdf,,6,,,AAA yield curve - 5-year spot rate,"Euro area (changing composition) - Government bond, nominal, all issuers whose rating is triple A - Svensson model - continuous compounding - yield error minimisation - Yield curve spot rate, 5-year maturity",PCPA,0
YC.B.U2.EUR.4F.G_N_A.SV_C_YM.SR_5Y,B,U2,EUR,4F,G_N_A,SV_C_YM,SR_5Y,2023-11-07,2.6122255667,A,F,,,P1D,,E,,,,,,,,,,,,,,,Technical notes are available at the following link: https://www.ecb.europa.eu/stats/financial_markets_and_interest_rates/euro_area_yield_curves/shared/pdf/technical_notes.pdf,,6,,,AAA yield curve - 5-year spot rate,"Euro area (changing composition) - Government bond, nominal, all issuers whose rating is triple A - Svensson model - continuous compounding - yield error minimisation - Yield curve spot rate, 5-year maturity",PCPA,0
YC.B.U2.EUR.4F.G_N_A.SV_C_YM.SR_5Y,B,U2,EUR,4F,G_N_A,SV_C_YM,SR_5Y,2023-11-08,2.5823635434,A,F,,,P1D,,E,,,,,,,,,,,,,,,Technical notes are available at the following link: https://www.ecb.europa.eu/stats/financial_markets_and_interest_rates/euro_area_yield_curves/shared/pdf/technical_notes.pdf,,6,,,AAA yield curve - 5-year spot rate,"Euro area (changing composition) - Government bond, nominal, all issuers whose rating is triple A - Svensson model - continuous compounding - yield error minimisation - Yield curve spot rate, 5-year maturity",PCPA,0
YC.B.U2.EUR.4F.G_N_A.SV_C_YM.SR_5Y,B,U2,EUR,4F,G_N_A,SV_C_YM,SR_5Y,2023-11-09,2.5897566743,A,F,,,P1D,,E,,,,,,,,,,,,,,,Technical notes are available at the following link: https://www.ecb.europa.eu/stats/financial_markets_and_interest_rates/euro_area_yield_curves/shared/pdf/technical_notes.pdf,,6,,,AAA yield curve - 5-year spot rate,"Euro area (changing composition) - Government bond, nominal, all issuers whose rating is triple A - Svensson model - continuous compounding - yield error minimisation - Yield curve spot rate, 5-year maturity",PCPA,0
YC.B.U2.EUR.4F.G_N_A.SV_C_YM.SR_5Y,B,U2,EUR,4F,G_N_A,SV_C_YM,SR_5Y,2023-11-10,2.6233494747,A,F,,,P1D,,E,,,,,,,,,,,,,,,Technical notes are available at the following link: https://www.ecb.europa.eu/stats/financial_markets_and_interest_rates/euro_area_yield_curves/shared/pdf/technical_notes.pdf,,6,,,AAA yield curve - 5-year spot rate,"Euro area (changing composition) - Government bond, nominal, all issuers whose rating is triple A - Svensson model - continuous compounding - yield error minimisation - Yield curve spot rate, 5-year maturity",PCPA,0
YC.B.U2.EUR.4F.G_N_A.SV_C_YM.SR_5Y,B,U2,EUR,4F,G_N_A,SV_C_YM,SR_5Y,2023-11-13,2.6582018284,A,F,,,P1D,,E,,,,,,,,,,,,,,,Technical notes are available at the following link: https://www.ecb.europa.eu/stats/financial_markets_and_interest_rates/euro_area_yield_curves/shared/pdf/technical_notes.pdf,,6,,,AAA yield curve - 5-year spot rate,"Euro area (changing composition) - Government bond, nominal, all issuers whose rating is triple A - Svensson model - continuous compounding - yield error minimisation - Yield curve spot rate, 5-year maturity",PCPA,0
YC.B.U2.EUR.4F.G_N_A.SV_C_YM.SR_5Y,B,U2,EUR,4F,G_N_A,SV_C_YM,SR_5Y,2023-11-14,2.5817911423,A,F,,,P1D,,E,,,,,,,,,,,,,,,Technical notes are available at the following link: https://www.ecb.europa.eu/stats/financial_markets_and_interest_rates/euro_area_yield_curves/shared/pdf/technical_notes.pdf,,6,,,AAA yield curve - 5-year spot rate,"Euro area (changing composition) - Government bond, nominal, all issuers whose rating is triple A - Svensson model - continuous compounding - yield error minimisation - Yield curve spot rate, 5-year maturity",PCPA,0
YC.B.U2.EUR.4F.G_N_A.SV_C_YM.SR_5Y,B,U2,EUR,4F,G_N_A,SV_C_YM,SR_5Y,2023-11-15,2.5661032755,A,F,,,P1D,,E,,,,,,,,,,,,,,,Technical notes are available at the following link: https://www.ecb.europa.eu/stats/financial_markets_and_interest_rates/euro_area_yield_curves/shared/pdf/technical_notes.pdf,,6,,,AAA yield curve - 5-year spot rate,"Euro area (changing composition) - Government bond, nominal, all issuers whose rating is triple A - Svensson model - continuous compounding - yield error minimisation - Yield curve spot rate, 5-year maturity",PCPA,0
YC.B.U2.EUR.4F.G_N_A.SV_C_YM.SR_5Y,B,U2,EUR,4F,G_N_A,SV_C_YM,SR_5Y,2023-11-16,2.5248703556,A,F,,,P1D,,E,,,,,,,,,,,,,,,Technical notes are available at the following link: https://www.ecb.europa.eu/stats/financial_markets_and_interest_rates/euro_area_yield_curves/shared/pdf/technical_notes.pdf,,6,,,AAA yield curve - 5-year spot rate,"Euro area (changing composition) - Government bond, nominal, all issuers whose rating is triple A - Svensson model - continuous compounding - yield error minimisation - Yield curve spot rate, 5-year maturity",PCPA,0
YC.B.U2.EUR.4F.G_N_A.SV_C_YM.SR_5Y,B,U2,EUR,4F,G_N_A,SV_C_YM,SR_5Y,2023-11-17,2.5150490001,A,F,,,P1D,,E,,,,,,,,,,,,,,,Technical notes are available at the following link: https://www.ecb.europa.eu/stats/financial_markets_and_interest_rates/euro_area_yield_curves/shared/pdf/technical_notes.pdf,,6,,,AAA yield curve - 5-year spot rate,"Euro area (changing composition) - Government bond, nominal, all issuers whose rating is triple A - Svensson model - continuous compounding - yield error minimisation - Yield curve spot rate, 5-year maturity",PCPA,0
YC.B.U2.EUR.4F.G_N_A.SV_C_YM.SR_5Y,B,U2,EUR,4F,G_N_A,SV_C_YM,SR_5Y,2023-11-20,2.5494944362,A,F,,,P1D,,E,,,,,,,,,,,,,,,Technical notes are available at the following link: https://www.ecb.europa.eu/stats/financial_markets_and_interest_rates/euro_area_yield_curves/shared/pdf/technical_notes.pdf,,6,,,AAA yield curve - 5-year spot rate,"Euro area (changing composition) - Government bond, nominal, all issuers whose rating is triple A - Svensson model - continuous compounding - yield error minimisation - Yield curve spot rate, 5-year maturity",PCPA,0
YC.B.U2.EUR.4F.G_N_A.SV_C_YM.SR_5Y,B,U2,EUR,4F,G_N_A,SV_C_YM,SR_5Y,2023-11-21,2.5246216753,A,F,,,P1D,,E,,,,,,,,,,,,,,,Technical notes are available at the following link: https://www.ecb.europa.eu/stats/financial_markets_and_interest_rates/euro_area_yield_curves/shared/pdf/technical_notes.pdf,,6,,,AAA yield curve - 5-year spot rate,"Euro area (changing composition) - Government bond, nominal, all issuers whose rating is triple A - Svensson model - continuous compounding - yield error minimisation - Yield curve spot rate, 5-year maturity",PCPA,0
YC.B.U2.EUR.4F.G_N_A.SV_C_YM.SR_5Y,B,U2,EUR,4F,G_N_A,SV_C_YM,SR_5Y,2023-11-22,2.4983917505,A,F,,,P1D,,E,,,,,,,,,,,,,,,Technical notes are available at the following link: https://www.ecb.europa.eu/stats/financial_markets_and_interest_rates/euro_area_yield_curves/shared/pdf/technical_notes.pdf,,6,,,AAA yield curve - 5-year spot rate,"Euro area (changing composition) - Government bond, nominal, all issuers whose rating is triple A - Svensson model - continuous compounding - yield error minimisation - Yield curve spot rate, 5-year maturity",PCPA,0
YC.B.U2.EUR.4F.G_N_A.SV_C_YM.SR_5Y,B,U2,EUR,4F,G_N_A,SV_C_YM,SR_5Y,2023-11-23,2.5727555748,A,F,,,P1D,,E,,,,,,,,,,,,,,,Technical notes are available at the following link: https://www.ecb.europa.eu/stats/financial_markets_and_interest_rates/euro_area_yield_curves/shared/pdf/technical_notes.pdf,,6,,,AAA yield curve - 5-year spot rate,"Euro area (changing composition) - Government bond, nominal, all issuers whose rating is triple A - Svensson model - continuous compounding - yield error minimisation - Yield curve spot rate, 5-year maturity",PCPA,0
YC.B.U2.EUR.4F.G_N_A.SV_C_YM.SR_5Y,B,U2,EUR,4F,G_N_A,SV_C_YM,SR_5Y,2023-11-24,2.5929661454,A,F,,,P1D,,E,,,,,,,,,,,,,,,Technical notes are available at the following link: https://www.ecb.europa.eu/stats/financial_markets_and_interest_rates/euro_area_yield_curves/shared/pdf/technical_notes.pdf,,6,,,AAA yield curve - 5-year spot rate,"Euro area (changing composition) - Government bond, nominal, all issuers whose rating is triple A - Svensson model - continuous compounding - yield error minimisation - Yield curve spot rate, 5-year maturity",PCPA,0
YC.B.U2.EUR.4F.G_N_A.SV_C_YM.SR_5Y,B,U2,EUR,4F,G_N_A,SV_C_YM,SR_5Y,2023-11-27,2.5421365787,A,F,,,P1D,,E,,,,,,,,,,,,,,,Technical notes are available at the following link: https://www.ecb.europa.eu/stats/financial_markets_and_interest_rates/euro_area_yield_curves/shared/pdf/technical_notes.pdf,,6,,,AAA yield curve - 5-year spot rate,"Euro area (changing composition) - Government bond, nominal, all issuers whose rating is triple A - Svensson model - continuous compounding - yield error minimisation - Yield curve spot rate, 5-year maturity",PCPA,0
YC.B.U2.EUR.4F.G_N_A.SV_C_YM.SR_5Y,B,U2,EUR,4F,G_N_A,SV_C_YM,SR_5Y,2023-11-28,2.497846908,A,F,,,P1D,,E,,,,,,,,,,,,,,,Technical notes are available at the following link: https://www.ecb.europa.eu/stats/financial_markets_and_interest_rates/euro_area_yield_curves/shared/pdf/technical_notes.pdf,,6,,,AAA yield curve - 5-year spot rate,"Euro area (changing composition) - Government bond, nominal, all issuers whose rating is triple A - Svensson model - continuous compounding - yield error minimisation - Yield curve spot rate, 5-year maturity",PCPA,0
YC.B.U2.EUR.4F.G_N_A.SV_C_YM.SR_5Y,B,U2,EUR,4F,G_N_A,SV_C_YM,SR_5Y,2023-11-29,2.3862247086,A,F,,,P1D,,E,,,,,,,,,,,,,,,Technical notes are available at the following link: https://www.ecb.europa.eu/stats/financial_markets_and_interest_rates/euro_area_yield_curves/shared/pdf/technical_notes.pdf,,6,,,AAA yield curve - 5-year spot rate,"Euro area (changing composition) - Government bond, nominal, all issuers whose rating is triple A - Svensson model - continuous compounding - yield error minimisation - Yield curve spot rate, 5-year maturity",PCPA,0
YC.B.U2.EUR.4F.G_N_A.SV_C_YM.SR_5Y,B,U2,EUR,4F,G_N_A,SV_C_YM,SR_5Y,2023-11-30,2.4122201424,A,F,,,P1D,,E,,,,,,,,,,,,,,,Technical notes are available at the following link: https://www.ecb.europa.eu/stats/financial_markets_and_interest_rates/euro_area_yield_curves/shared/pdf/technical_notes.pdf,,6,,,AAA yield curve - 5-year spot rate,"Euro area (changing composition) - Government bond, nominal, all issuers whose rating is triple A - Svensson model - continuous compounding - yield error minimisation - Yield curve spot rate, 5-year maturity",PCPA,0
YC.B.U2.EUR.4F.G_N_A.SV_C_YM.SR_5Y,B,U2,EUR,4F,G_N_A,SV_C_YM,SR_5Y,2023-12-01,2.3399063257,A,F,,,P1D,,E,,,,,,,,,,,,,,,Technical notes are available at the following link: https://www.ecb.europa.eu/stats/financial_markets_and_interest_rates/euro_area_yield_curves/shared/pdf/technical_notes.pdf,,6,,,AAA yield curve - 5-year spot rate,"Euro area (changing composition) - Government bond, nominal, all issuers whose rating is triple A - Svensson model - continuous compounding - yield error minimisation - Yield curve spot rate, 5-year maturity",PCPA,0
YC.B.U2.EUR.4F.G_N_A.SV_C_YM.SR_5Y,B,U2,EUR,4F,G_N_A,SV_C_YM,SR_5Y,2023-12-04,2.2456917719,A,F,,,P1D,,E,,,,,,,,,,,,,,,Technical notes are available at the following link: https://www.ecb.europa.eu/stats/financial_markets_and_interest_rates/euro_area_yield_curves/shared/pdf/technical_notes.pdf,,6,,,AAA yield curve - 5-year spot rate,"Euro area (changing composition) - Government bond, nominal, all issuers whose rating is triple A - Svensson model - continuous compounding - yield error minimisation - Yield curve spot rate, 5-year maturity",PCPA,0
YC.B.U2.EUR.4F.G_N_A.SV_C_YM.SR_5Y,B,U2,EUR,4F,G_N_A,SV_C_YM,SR_5Y,2023-12-05,2.2147956834,A,F,,,P1D,,E,,,,,,,,,,,,,,,Technical notes are available at the following link: https://www.ecb.europa.eu/stats/financial_markets_and_interest_rates/euro_area_yield_curves/shared/pdf/technical_notes.pdf,,6,,,AAA yield curve - 5-year spot rate,"Euro area (changing composition) - Government bond, nominal, all issuers whose rating is triple A - Svensson model - continuous compounding - yield error minimisation - Yield curve spot rate, 5-year maturity",PCPA,0
YC.B.U2.EUR.4F.G_N_A.SV_C_YM.SR_5Y,B,U2,EUR,4F,G_N_A,SV_C_YM,SR_5Y,2023-12-06,2.2048109588,A,F,,,P1D,,E,,,,,,,,,,,,,,,Technical notes are available at the following link: https://www.ecb.europa.eu/stats/financial_markets_and_interest_rates/euro_area_yield_curves/shared/pdf/technical_notes.pdf,,6,,,AAA yield curve - 5-year spot rate,"Euro area (changing composition) - Government bond, nominal, all issuers whose rating is triple A - Svensson model - continuous compounding - yield error minimisation - Yield curve spot rate, 5-year maturity",PCPA,0
YC.B.U2.EUR.4F.G_N_A.SV_C_YM.SR_5Y,B,U2,EUR,4F,G_N_A,SV_C_YM,SR_5Y,2023-12-07,2.1373961789,A,F,,,P1D,,E,,,,,,,,,,,,,,,Technical notes are available at the following link: https://www.ecb.europa.eu/stats/financial_markets_and_interest_rates/euro_area_yield_curves/shared/pdf/technical_notes.pdf,,6,,,AAA yield curve - 5-year spot rate,"Euro area (changing composition) - Government bond, nominal, all issuers whose rating is triple A - Svensson model - continuous compounding - yield error minimisation - Yield curve spot rate, 5-year maturity",PCPA,0
YC.B.U2.EUR.4F.G_N_A.SV_C_YM.SR_5Y,B,U2,EUR,4F,G_N_A,SV_C_YM,SR_5Y,2023-12-08,2.2511398336,A,F,,,P1D,,E,,,,,,,,,,,,,,,Technical notes are available at the following link: https://www.ecb.europa.eu/stats/financial_markets_and_interest_rates/euro_area_yield_curves/shared/pdf/technical_notes.pdf,,6,,,AAA yield curve - 5-year spot rate,"Euro area (changing composition) - Government bond, nominal, all issuers whose rating is triple A - Svensson model - continuous compounding - yield error minimisation - Yield curve spot rate, 5-year maturity",PCPA,0
YC.B.U2.EUR.4F.G_N_A.SV_C_YM.SR_5Y,B,U2,EUR,4F,G_N_A,SV_C_YM,SR_5Y,2023-12-11,2.2116268557,A,F,,,P1D,,E,,,,,,,,,,,,,,,Technical notes are available at the following link: https://www.ecb.europa.eu/stats/financial_markets_and_interest_rates/euro_area_yield_curves/shared/pdf/technical_notes.pdf,,6,,,AAA yield curve - 5-year spot rate,"Euro area (changing composition) - Government bond, nominal, all issuers whose rating is triple A - Svensson model - continuous compounding - yield error minimisation - Yield curve spot rate, 5-year maturity",PCPA,0
YC.B.U2.EUR.4F.G_N_A.SV_C_YM.SR_5Y,B,U2,EUR,4F,G_N_A,SV_C_YM,SR_5Y,2023-12-12,2.1976596558,A,F,,,P1D,,E,,,,,,,,,,,,,,,Technical notes are available at the following link: https://www.ecb.europa.eu/stats/financial_markets_and_interest_rates/euro_area_yield_curves/shared/pdf/technical_notes.pdf,,6,,,AAA yield curve - 5-year spot rate,"Euro area (changing composition) - Government bond, nominal, all issuers whose rating is triple A - Svensson model - continuous compounding - yield error minimisation - Yield curve spot rate, 5-year maturity",PCPA,0
YC.B.U2.EUR.4F.G_N_A.SV_C_YM.SR_5Y,B,U2,EUR,4F,G_N_A,SV_C_YM,SR_5Y,2023-12-13,2.1490407036,A,F,,,P1D,,E,,,,,,,,,,,,,,,Technical notes are available at the following link: https://www.ecb.europa.eu/stats/financial_markets_and_interest_rates/euro_area_yield_curves/shared/pdf/technical_notes.pdf,,6,,,AAA yield curve - 5-year spot rate,"Euro area (changing composition) - Government bond, nominal, all issuers whose rating is triple A - Svensson model - continuous compounding - yield error minimisation - Yield curve spot rate, 5-year maturity",PCPA,0
YC.B.U2.EUR.4F.G_N_A.SV_C_YM.SR_5Y,B,U2,EUR,4F,G_N_A,SV_C_YM,SR_5Y,2023-12-14,2.0656181927,A,F,,,P1D,,E,,,,,,,,,,,,,,,Technical notes are available at the following link: https://www.ecb.europa.eu/stats/financial_markets_and_interest_rates/euro_area_yield_curves/shared/pdf/technical_notes.pdf,,6,,,AAA yield curve - 5-year spot rate,"Euro area (changing composition) - Government bond, nominal, all issuers whose rating is triple A - Svensson model - continuous compounding - yield error minimisation - Yield curve spot rate, 5-year maturity",PCPA,0
YC.B.U2.EUR.4F.G_N_A.SV_C_YM.SR_5Y,B,U2,EUR,4F,G_N_A,SV_C_YM,SR_5Y,2023-12-15,2.0125099315,A,F,,,P1D,,E,,,,,,,,,,,,,,,Technical notes are available at the following link: https://www.ecb.europa.eu/stats/financial_markets_and_interest_rates/euro_area_yield_curves/shared/pdf/technical_notes.pdf,,6,,,AAA yield curve - 5-year spot rate,"Euro area (changing composition) - Government bond, nominal, all issuers whose rating is triple A - Svensson model - continuous compounding - yield error minimisation - Yield curve spot rate, 5-year maturity",PCPA,0
YC.B.U2.EUR.4F.G_N_A.SV_C_YM.SR_5Y,B,U2,EUR,4F,G_N_A,SV_C_YM,SR_5Y,2023-12-18,2.0293451157,A,F,,,P1D,,E,,,,,,,,,,,,,,,Technical notes are available at the following link: https://www.ecb.europa.eu/stats/financial_markets_and_interest_rates/euro_area_yield_curves/shared/pdf/technical_notes.pdf,,6,,,AAA yield curve - 5-year spot rate,"Euro area (changing composition) - Government bond, nominal, all issuers whose rating is triple A - Svensson model - continuous compounding - yield error minimisation - Yield curve spot rate, 5-year maturity",PCPA,0
YC.B.U2.EUR.4F.G_N_A.SV_C_YM.SR_5Y,B,U2,EUR,4F,G_N_A,SV_C_YM,SR_5Y,2023-12-19,1.9823388121,A,F,,,P1D,,E,,,,,,,,,,,,,,,Technical notes are available at the following link: https://www.ecb.europa.eu/stats/financial_markets_and_interest_rates/euro_area_yield_curves/shared/pdf/technical_notes.pdf,,6,,,AAA yield curve - 5-year spot rate,"Euro area (changing composition) - Government bond, nominal, all issuers whose rating is triple A - Svensson model - continuous compounding - yield error minimisation - Yield curve spot rate, 5-year maturity",PCPA,0
YC.B.U2.EUR.4F.G_N_A.SV_C_YM.SR_5Y,B,U2,EUR,4F,G_N_A,SV_C_YM,SR_5Y,2023-12-20,1.9443723126,A,F,,,P1D,,E,,,,,,,,,,,,,,,Technical notes are available at the following link: https://www.ecb.europa.eu/stats/financial_markets_and_interest_rates/euro_area_yield_curves/shared/pdf/technical_notes.pdf,,6,,,AAA yield curve - 5-year spot rate,"Euro area (changing composition) - Government bond, nominal, all issuers whose rating is triple A - Svensson model - continuous compounding - yield error minimisation - Yield curve spot rate, 5-year maturity",PCPA,0
YC.B.U2.EUR.4F.G_N_A.SV_C_YM.SR_5Y,B,U2,EUR,4F,G_N_A,SV_C_YM,SR_5Y,2023-12-21,1.9230086749,A,F,,,P1D,,E,,,,,,,,,,,,,,,Technical notes are available at the following link: https://www.ecb.europa.eu/stats/financial_markets_and_interest_rates/euro_area_yield_curves/shared/pdf/technical_notes.pdf,,6,,,AAA yield curve - 5-year spot rate,"Euro area (changing composition) - Government bond, nominal, all issuers whose rating is triple A - Svensson model - continuous compounding - yield error minimisation - Yield curve spot rate, 5-year maturity",PCPA,0
YC.B.U2.EUR.4F.G_N_A.SV_C_YM.SR_5Y,B,U2,EUR,4F,G_N_A,SV_C_YM,SR_5Y,2023-12-22,1.8603124628,A,F,,,P1D,,E,,,,,,,,,,,,,,,Technical notes are available at the following link: https://www.ecb.europa.eu/stats/financial_markets_and_interest_rates/euro_area_yield_curves/shared/pdf/technical_notes.pdf,,6,,,AAA yield curve - 5-year spot rate,"Euro area (changing composition) - Government bond, nominal, all issuers whose rating is triple A - Svensson model - continuous compounding - yield error minimisation - Yield curve spot rate, 5-year maturity",PCPA,0
YC.B.U2.EUR.4F.G_N_A.SV_C_YM.SR_5Y,B,U2,EUR,4F,G_N_A,SV_C_YM,SR_5Y,2023-12-27,1.8458067846,A,F,,,P1D,,E,,,,,,,,,,,,,,,Technical notes are available at the following link: https://www.ecb.europa.eu/stats/financial_markets_and_interest_rates/euro_area_yield_curves/shared/pdf/technical_notes.pdf,,6,,,AAA yield curve - 5-year spot rate,"Euro area (changing composition) - Government bond, nominal, all issuers whose rating is triple A - Svensson model - continuous compounding - yield error minimisation - Yield curve spot rate, 5-year maturity",PCPA,0
YC.B.U2.EUR.4F.G_N_A.SV_C_YM.SR_5Y,B,U2,EUR,4F,G_N_A,SV_C_YM,SR_5Y,2023-12-28,1.8372406279,A,F,,,P1D,,E,,,,,,,,,,,,,,,Technical notes are available at the following link: https://www.ecb.europa.eu/stats/financial_markets_and_interest_rates/euro_area_yield_curves/shared/pdf/technical_notes.pdf,,6,,,AAA yield curve - 5-year spot rate,"Euro area (changing composition) - Government bond, nominal, all issuers whose rating is triple A - Svensson model - continuous compounding - yield error minimisation - Yield curve spot rate, 5-year maturity",PCPA,0
YC.B.U2.EUR.4F.G_N_A.SV_C_YM.SR_5Y,B,U2,EUR,4F,G_N_A,SV_C_YM,SR_5Y,2023-12-29,1.883776479,A,F,,,P1D,,E,,,,,,,,,,,,,,,Technical notes are available at the following link: https://www.ecb.europa.eu/stats/financial_markets_and_interest_rates/euro_area_yield_curves/shared/pdf/technical_notes.pdf,,6,,,AAA yield curve - 5-year spot rate,"Euro area (changing composition) - Government bond, nominal, all issuers whose rating is triple A - Svensson model - continuous compounding - yield error minimisation - Yield curve spot rate, 5-year maturity",PCPA,0
YC.B.U2.EUR.4F.G_N_A.SV_C_YM.SR_5Y,B,U2,EUR,4F,G_N_A,SV_C_YM,SR_5Y,2024-01-02,1.9220114223,A,F,,,P1D,,E,,,,,,,,,,,,,,,Technical notes are available at the following link: https://www.ecb.europa.eu/stats/financial_markets_and_interest_rates/euro_area_yield_curves/shared/pdf/technical_notes.pdf,,6,,,AAA yield curve - 5-year spot rate,"Euro area (changing composition) - Government bond, nominal, all issuers whose rating is triple A - Svensson model - continuous compounding - yield error minimisation - Yield curve spot rate, 5-year maturity",PCPA,0
YC.B.U2.EUR.4F.G_N_A.SV_C_YM.SR_5Y,B,U2,EUR,4F,G_N_A,SV_C_YM,SR_5Y,2024-01-03,1.9263521535,A,F,,,P1D,,E,,,,,,,,,,,,,,,Technical notes are available at the following link: https://www.ecb.europa.eu/stats/financial_markets_and_interest_rates/euro_area_yield_curves/shared/pdf/technical_notes.pdf,,6,,,AAA yield curve - 5-year spot rate,"Euro area (changing composition) - Government bond, nominal, all issuers whose rating is triple A - Svensson model - continuous compounding - yield error minimisation - Yield curve spot rate, 5-year maturity",PCPA,0
YC.B.U2.EUR.4F.G_N_A.SV_C_YM.SR_5Y,B,U2,EUR,4F,G_N_A,SV_C_YM,SR_5Y,2024-01-04,2.0108799543,A,F,,,P1D,,E,,,,,,,,,,,,,,,Technical notes are available at the following link: https://www.ecb.europa.eu/stats/financial_markets_and_interest_rates/euro_area_yield_curves/shared/pdf/technical_notes.pdf,,6,,,AAA yield curve - 5-year spot rate,"Euro area (changing composition) - Government bond, nominal, all issuers whose rating is triple A - Svensson model - continuous compounding - yield error minimisation - Yield curve spot rate, 5-year maturity",PCPA,0
YC.B.U2.EUR.4F.G_N_A.SV_C_YM.SR_5Y,B,U2,EUR,4F,G_N_A,SV_C_YM,SR_5Y,2024-01-05,2.0807856996,A,F,,,P1D,,E,,,,,,,,,,,,,,,Technical notes are available at the following link: https://www.ecb.europa.eu/stats/financial_markets_and_interest_rates/euro_area_yield_curves/shared/pdf/technical_notes.pdf,,6,,,AAA yield curve - 5-year spot rate,"Euro area (changing composition) - Government bond, nominal, all issuers whose rating is triple A - Svensson model - continuous compounding - yield error minimisation - Yield curve spot rate, 5-year maturity",PCPA,0
YC.B.U2.EUR.4F.G_N_A.SV_C_YM.SR_5Y,B,U2,EUR,4F,G_N_A,SV_C_YM,SR_5Y,2024-01-08,2.0563632831,A,F,,,P1D,,E,,,,,,,,,,,,,,,Technical notes are available at the following link: https://www.ecb.europa.eu/stats/financial_markets_and_interest_rates/euro_area_yield_curves/shared/pdf/technical_notes.pdf,,6,,,AAA yield curve - 5-year spot rate,"Euro area (changing composition) - Government bond, nominal, all issuers whose rating is triple A - Svensson model - continuous compounding - yield error minimisation - Yield curve spot rate, 5-year maturity",PCPA,0
YC.B.U2.EUR.4F.G_N_A.SV_C_YM.SR_5Y,B,U2,EUR,4F,G_N_A,SV_C_YM,SR_5Y,2024-01-09,2.0799930031,A,F,,,P1D,,E,,,,,,,,,,,,,,,Technical notes are available at the following link: https://www.ecb.europa.eu/stats/financial_markets_and_interest_rates/euro_area_yield_curves/shared/pdf/technical_notes.pdf,,6,,,AAA yield curve - 5-year spot rate,"Euro area (changing composition) - Government bond, nominal, all issuers whose rating is triple A - Svensson model - continuous compounding - yield error minimisation - Yield curve spot rate, 5-year maturity",PCPA,0
YC.B.U2.EUR.4F.G_N_A.SV_C_YM.SR_5Y,B,U2,EUR,4F,G_N_A,SV_C_YM,SR_5Y,2024-01-10,2.1069513741,A,F,,,P1D,,E,,,,,,,,,,,,,,,Technical notes are available at the following link: https://www.ecb.europa.eu/stats/financial_markets_and_interest_rates/euro_area_yield_curves/shared/pdf/technical_notes.pdf,,6,,,AAA yield curve - 5-year spot rate,"Euro area (changing composition) - Government bond, nominal, all issuers whose rating is triple A - Svensson model - continuous compounding - yield error minimisation - Yield curve spot rate, 5-year maturity",PCPA,0
YC.B.U2.EUR.4F.G_N_A.SV_C_YM.SR_5Y,B,U2,EUR,4F,G_N_A,SV_C_YM,SR_5Y,2024-01-11,2.0935331763,A,F,,,P1D,,E,,,,,,,,,,,,,,,Technical notes are available at the following link: https://www.ecb.europa.eu/stats/financial_markets_and_interest_rates/euro_area_yield_curves/shared/pdf/technical_notes.pdf,,6,,,AAA yield curve - 5-year spot rate,"Euro area (changing composition) - Government bond, nominal, all issuers whose rating is triple A - Svensson model - continuous compounding - yield error minimisation - Yield curve spot rate, 5-year maturity",PCPA,0
YC.B.U2.EUR.4F.G_N_A.SV_C_YM.SR_5Y,B,U2,EUR,4F,G_N_A,SV_C_YM,SR_5Y,2024-01-12,2.0383287109,A,F,,,P1D,,E,,,,,,,,,,,,,,,Technical notes are available at the following link: https://www.ecb.europa.eu/stats/financial_markets_and_interest_rates/euro_area_yield_curves/shared/pdf/technical_notes.pdf,,6,,,AAA yield curve - 5-year spot rate,"Euro area (changing composition) - Government bond, nominal, all issuers whose rating is triple A - Svensson model - continuous compounding - yield error minimisation - Yield curve spot rate, 5-year maturity",PCPA,0
YC.B.U2.EUR.4F.G_N_A.SV_C_YM.SR_5Y,B,U2,EUR,4F,G_N_A,SV_C_YM,SR_5Y,2024-01-15,2.0847573933,A,F,,,P1D,,E,,,,,,,,,,,,,,,Technical notes are available at the following link: https://www.ecb.europa.eu/stats/financial_markets_and_interest_rates/euro_area_yield_curves/shared/pdf/technical_notes.pdf,,6,,,AAA yield curve - 5-year spot rate,"Euro area (changing composition) - Government bond, nominal, all issuers whose rating is triple A - Svensson model - continuous compounding - yield error minimisation - Yield curve spot rate, 5-year maturity",PCPA,0
YC.B.U2.EUR.4F.G_N_A.SV_C_YM.SR_5Y,B,U2,EUR,4F,G_N_A,SV_C_YM,SR_5Y,2024-01-16,2.0682941043,A,F,,,P1D,,E,,,,,,,,,,,,,,,Technical notes are available at the following link: https://www.ecb.europa.eu/stats/financial_markets_and_interest_rates/euro_area_yield_curves/shared/pdf/technical_notes.pdf,,6,,,AAA yield curve - 5-year spot rate,"Euro area (changing composition) - Government bond, nominal, all issuers whose rating is triple A - Svensson model - continuous compounding - yield error minimisation - Yield curve spot rate, 5-year maturity",PCPA,0
YC.B.U2.EUR.4F.G_N_A.SV_C_YM.SR_5Y,B,U2,EUR,4F,G_N_A,SV_C_YM,SR_5Y,2024-01-17,2.1744169635,A,F,,,P1D,,E,,,,,,,,,,,,,,,Technical notes are available at the following link: https://www.ecb.europa.eu/stats/financial_markets_and_interest_rates/euro_area_yield_curves/shared/pdf/technical_notes.pdf,,6,,,AAA yield curve - 5-year spot rate,"Euro area (changing composition) - Government bond, nominal, all issuers whose rating is triple A - Svensson model - continuous compounding - yield error minimisation - Yield curve spot rate, 5-year maturity",PCPA,0
YC.B.U2.EUR.4F.G_N_A.SV_C_YM.SR_5Y,B,U2,EUR,4F,G_N_A,SV_C_YM,SR_5Y,2024-01-18,2.1955793034,A,F,,,P1D,,E,,,,,,,,,,,,,,,Technical notes are available at the following link: https://www.ecb.europa.eu/stats/financial_markets_and_interest_rates/euro_area_yield_curves/shared/pdf/technical_notes.pdf,,6,,,AAA yield curve - 5-year spot rate,"Euro area (changing composition) - Government bond, nominal, all issuers whose rating is triple A - Svensson model - continuous compounding - yield error minimisation - Yield curve spot rate, 5-year maturity",PCPA,0
YC.B.U2.EUR.4F.G_N_A.SV_C_YM.SR_5Y,B,U2,EUR,4F,G_N_A,SV_C_YM,SR_5Y,2024-01-19,2.2132471364,A,F,,,P1D,,E,,,,,,,,,,,,,,,Technical notes are available at the following link: https://www.ecb.europa.eu/stats/financial_markets_and_interest_rates/euro_area_yield_curves/shared/pdf/technical_notes.pdf,,6,,,AAA yield curve - 5-year spot rate,"Euro area (changing composition) - Government bond, nominal, all issuers whose rating is triple A - Svensson model - continuous compounding - yield error minimisation - Yield curve spot rate, 5-year maturity",PCPA,0
YC.B.U2.EUR.4F.G_N_A.SV_C_YM.SR_5Y,B,U2,EUR,4F,G_N_A,SV_C_YM,SR_5Y,2024-01-22,2.1728819542,A,F,,,P1D,,E,,,,,,,,,,,,,,,Technical notes are available at the following link: https://www.ecb.europa.eu/stats/financial_markets_and_interest_rates/euro_area_yield_curves/shared/pdf/technical_notes.pdf,,6,,,AAA yield curve - 5-year spot rate,"Euro area (changing composition) - Government bond, nominal, all issuers whose rating is triple A - Svensson model - continuous compounding - yield error minimisation - Yield curve spot rate, 5-year maturity",PCPA,0
YC.B.U2.EUR.4F.G_N_A.SV_C_YM.SR_5Y,B,U2,EUR,4F,G_N_A,SV_C_YM,SR_5Y,2024-01-23,2.2144655792,A,F,,,P1D,,E,,,,,,,,,,,,,,,Technical notes are available at the following link: https://www.ecb.europa.eu/stats/financial_markets_and_interest_rates/euro_area_yield_curves/shared/pdf/technical_notes.pdf,,6,,,AAA yield curve - 5-year spot rate,"Euro area (changing composition) - Government bond, nominal, all issuers whose rating is triple A - Svensson model - continuous compounding - yield error minimisation - Yield curve spot rate, 5-year maturity",PCPA,0
YC.B.U2.EUR.4F.G_N_A.SV_C_YM.SR_5Y,B,U2,EUR,4F,G_N_A,SV_C_YM,SR_5Y,2024-01-24,2.207389304,A,F,,,P1D,,E,,,,,,,,,,,,,,,Technical notes are available at the following link: https://www.ecb.europa.eu/stats/financial_markets_and_interest_rates/euro_area_yield_curves/shared/pdf/technical_notes.pdf,,6,,,AAA yield curve - 5-year spot rate,"Euro area (changing composition) - Government bond, nominal, all issuers whose rating is triple A - Svensson model - continuous compounding - yield error minimisation - Yield curve spot rate, 5-year maturity",PCPA,0
YC.B.U2.EUR.4F.G_N_A.SV_C_YM.SR_5Y,B,U2,EUR,4F,G_N_A,SV_C_YM,SR_5Y,2024-01-25,2.170110325,A,F,,,P1D,,E,,,,,,,,,,,,,,,Technical notes are available at the following link: https://www.ecb.europa.eu/stats/financial_markets_and_interest_rates/euro_area_yield_curves/shared/pdf/technical_notes.pdf,,6,,,AAA yield curve - 5-year spot rate,"Euro area (changing composition) - Government bond, nominal, all issuers whose rating is triple A - Svensson model - continuous compounding - yield error minimisation - Yield curve spot rate, 5-year maturity",PCPA,0
YC.B.U2.EUR.4F.G_N_A.SV_C_YM.SR_5Y,B,U2,EUR,4F,G_N_A,SV_C_YM,SR_5Y,2024-01-26,2.1765066896,A,F,,,P1D,,E,,,,,,,,,,,,,,,Technical notes are available at the following link: https://www.ecb.europa.eu/stats/financial_markets_and_interest_rates/euro_area_yield_curves/shared/pdf/technical_notes.pdf,,6,,,AAA yield curve - 5-year spot rate,"Euro area (changing composition) - Government bond, nominal, all issuers whose rating is triple A - Svensson model - continuous compounding - yield error minimisation - Yield curve spot rate, 5-year maturity",PCPA,0
YC.B.U2.EUR.4F.G_N_A.SV_C_YM.SR_5Y,B,U2,EUR,4F,G_N_A,SV_C_YM,SR_5Y,2024-01-29,2.1040743133,A,F,,,P1D,,E,,,,,,,,,,,,,,,Technical notes are available at the following link: https://www.ecb.europa.eu/stats/financial_markets_and_interest_rates/euro_area_yield_curves/shared/pdf/technical_notes.pdf,,6,,,AAA yield curve - 5-year spot rate,"Euro area (changing composition) - Government bond, nominal, all issuers whose rating is triple A - Svensson model - continuous compounding - yield error minimisation - Yield curve spot rate, 5-year maturity",PCPA,0
YC.B.U2.EUR.4F.G_N_A.SV_C_YM.SR_5Y,B,U2,EUR,4F,G_N_A,SV_C_YM,SR_5Y,2024-01-30,2.1122401045,A,F,,,P1D,,E,,,,,,,,,,,,,,,Technical notes are available at the following link: https://www.ecb.europa.eu/stats/financial_markets_and_interest_rates/euro_area_yield_curves/shared/pdf/technical_notes.pdf,,6,,,AAA yield curve - 5-year spot rate,"Euro area (changing composition) - Government bond, nominal, all issuers whose rating is triple A - Svensson model - continuous compounding - yield error minimisation - Yield curve spot rate, 5-year maturity",PCPA,0
YC.B.U2.EUR.4F.G_N_A.SV_C_YM.SR_5Y,B,U2,EUR,4F,G_N_A,SV_C_YM,SR_5Y,2024-01-31,2.0473606561,A,F,,,P1D,,E,,,,,,,,,,,,,,,Technical notes are available at the following link: https://www.ecb.europa.eu/stats/financial_markets_and_interest_rates/euro_area_yield_curves/shared/pdf/technical_notes.pdf,,6,,,AAA yield curve - 5-year spot rate,"Euro area (changing composition) - Government bond, nominal, all issuers whose rating is triple A - Svensson model - continuous compounding - yield error minimisation - Yield curve spot rate, 5-year maturity",PCPA,0
YC.B.U2.EUR.4F.G_N_A.SV_C_YM.SR_5Y,B,U2,EUR,4F,G_N_A,SV_C_YM,SR_5Y,2024-02-01,2.0456301141,A,F,,,P1D,,E,,,,,,,,,,,,,,,Technical notes are available at the following link: https://www.ecb.europa.eu/stats/financial_markets_and_interest_rates/euro_area_yield_curves/shared/pdf/technical_notes.pdf,,6,,,AAA yield curve - 5-year spot rate,"Euro area (changing composition) - Government bond, nominal, all issuers whose rating is triple A - Svensson model - continuous compounding - yield error minimisation - Yield curve spot rate, 5-year maturity",PCPA,0
YC.B.U2.EUR.4F.G_N_A.SV_C_YM.SR_5Y,B,U2,EUR,4F,G_N_A,SV_C_YM,SR_5Y,2024-02-02,2.101604999,A,F,,,P1D,,E,,,,,,,,,,,,,,,Technical notes are available at the following link: https://www.ecb.europa.eu/stats/financial_markets_and_interest_rates/euro_area_yield_curves/shared/pdf/technical_notes.pdf,,6,,,AAA yield curve - 5-year spot rate,"Euro area (changing composition) - Government bond, nominal, all issuers whose rating is triple A - Svensson model - continuous compounding - yield error minimisation - Yield curve spot rate, 5-year maturity",PCPA,0
YC.B.U2.EUR.4F.G_N_A.SV_C_YM.SR_5Y,B,U2,EUR,4F,G_N_A,SV_C_YM,SR_5Y,2024-02-05,2.198663458,A,F,,,P1D,,E,,,,,,,,,,,,,,,Technical notes are available at the following link: https://www.ecb.europa.eu/stats/financial_markets_and_interest_rates/euro_area_yield_curves/shared/pdf/technical_notes.pdf,,6,,,AAA yield curve - 5-year spot rate,"Euro area (changing composition) - Government bond, nominal, all issuers whose rating is triple A - Svensson model - continuous compounding - yield error minimisation - Yield curve spot rate, 5-year maturity",PCPA,0
YC.B.U2.EUR.4F.G_N_A.SV_C_YM.SR_5Y,B,U2,EUR,4F,G_N_A,SV_C_YM,SR_5Y,2024-02-06,2.2037677708,A,F,,,P1D,,E,,,,,,,,,,,,,,,Technical notes are available at the following link: https://www.ecb.europa.eu/stats/financial_markets_and_interest_rates/euro_area_yield_curves/shared/pdf/technical_notes.pdf,,6,,,AAA yield curve - 5-year spot rate,"Euro area (changing composition) - Government bond, nominal, all issuers whose rating is triple A - Svensson model - continuous compounding - yield error minimisation - Yield curve spot rate, 5-year maturity",PCPA,0
YC.B.U2.EUR.4F.G_N_A.SV_C_YM.SR_5Y,B,U2,EUR,4F,G_N_A,SV_C_YM,SR_5Y,2024-02-07,2.1881832131,A,F,,,P1D,,E,,,,,,,,,,,,,,,Technical notes are available at the following link: https://www.ecb.europa.eu/stats/financial_markets_and_interest_rates/euro_area_yield_curves/shared/pdf/technical_notes.pdf,,6,,,AAA yield curve - 5-year spot rate,"Euro area (changing composition) - Government bond, nominal, all issuers whose rating is triple A - Svensson model - continuous compounding - yield error minimisation - Yield curve spot rate, 5-year maturity",PCPA,0
YC.B.U2.EUR.4F.G_N_A.SV_C_YM.SR_5Y,B,U2,EUR,4F,G_N_A,SV_C_YM,SR_5Y,2024-02-08,2.2518302136,A,F,,,P1D,,E,,,,,,,,,,,,,,,Technical notes are available at the following link: https://www.ecb.europa.eu/stats/financial_markets_and_interest_rates/euro_area_yield_curves/shared/pdf/technical_notes.pdf,,6,,,AAA yield curve - 5-year spot rate,"Euro area (changing composition) - Government bond, nominal, all issuers whose rating is triple A - Svensson model - continuous compounding - yield error minimisation - Yield curve spot rate, 5-year maturity",PCPA,0
YC.B.U2.EUR.4F.G_N_A.SV_C_YM.SR_5Y,B,U2,EUR,4F,G_N_A,SV_C_YM,SR_5Y,2024-02-09,2.3028776573,A,F,,,P1D,,E,,,,,,,,,,,,,,,Technical notes are available at the following link: https://www.ecb.europa.eu/stats/financial_markets_and_interest_rates/euro_area_yield_curves/shared/pdf/technical_notes.pdf,,6,,,AAA yield curve - 5-year spot rate,"Euro area (changing composition) - Government bond, nominal, all issuers whose rating is triple A - Svensson model - continuous compounding - yield error minimisation - Yield curve spot rate, 5-year maturity",PCPA,0
YC.B.U2.EUR.4F.G_N_A.SV_C_YM.SR_5Y,B,U2,EUR,4F,G_N_A,SV_C_YM,SR_5Y,2024-02-12,2.2924160828,A,F,,,P1D,,E,,,,,,,,,,,,,,,Technical notes are available at the following link: https://www.ecb.europa.eu/stats/financial_markets_and_interest_rates/euro_area_yield_curves/shared/pdf/technical_notes.pdf,,6,,,AAA yield curve - 5-year spot rate,"Euro area (changing composition) - Government bond, nominal, all issuers whose rating is triple A - Svensson model - continuous compounding - yield error minimisation - Yield curve spot rate, 5-year maturity",PCPA,0
YC.B.U2.EUR.4F.G_N_A.SV_C_YM.SR_5Y,B,U2,EUR,4F,G_N_A,SV_C_YM,SR_5Y,2024-02-13,2.323552856,A,F,,,P1D,,E,,,,,,,,,,,,,,,Technical notes are available at the following link: https://www.ecb.europa.eu/stats/financial_markets_and_interest_rates/euro_area_yield_curves/shared/pdf/technical_notes.pdf,,6,,,AAA yield curve - 5-year spot rate,"Euro area (changing composition) - Government bond, nominal, all issuers whose rating is triple A - Svensson model - continuous compounding - yield error minimisation - Yield curve spot rate, 5-year maturity",PCPA,0
YC.B.U2.EUR.4F.G_N_A.SV_C_YM.SR_5Y,B,U2,EUR,4F,G_N_A,SV_C_YM,SR_5Y,2024-02-14,2.3204638686,A,F,,,P1D,,E,,,,,,,,,,,,,,,Technical notes are available at the following link: https://www.ecb.europa.eu/stats/financial_markets_and_interest_rates/euro_area_yield_curves/shared/pdf/technical_notes.pdf,,6,,,AAA yield curve - 5-year spot rate,"Euro area (changing composition) - Government bond, nominal, all issuers whose rating is triple A - Svensson model - continuous compounding - yield error minimisation - Yield curve spot rate, 5-year maturity",PCPA,0
YC.B.U2.EUR.4F.G_N_A.SV_C_YM.SR_5Y,B,U2,EUR,4F,G_N_A,SV_C_YM,SR_5Y,2024-02-15,2.277001002,A,F,,,P1D,,E,,,,,,,,,,,,,,,Technical notes are available at the following link: https://www.ecb.europa.eu/stats/financial_markets_and_interest_rates/euro_area_yield_curves/shared/pdf/technical_notes.pdf,,6,,,AAA yield curve - 5-year spot rate,"Euro area (changing composition) - Government bond, nominal, all issuers whose rating is triple A - Svensson model - continuous compounding - yield error minimisation - Yield curve spot rate, 5-year maturity",PCPA,0
YC.B.U2.EUR.4F.G_N_A.SV_C_YM.SR_5Y,B,U2,EUR,4F,G_N_A,SV_C_YM,SR_5Y,2024-02-16,2.3747267205,A,F,,,P1D,,E,,,,,,,,,,,,,,,Technical notes are available at the following link: https://www.ecb.europa.eu/stats/financial_markets_and_interest_rates/euro_area_yield_curves/shared/pdf/technical_notes.pdf,,6,,,AAA yield curve - 5-year spot rate,"Euro area (changing composition) - Government bond, nominal, all issuers whose rating is triple A - Svensson model - continuous compounding - yield error minimisation - Yield curve spot rate, 5-year maturity",PCPA,0
YC.B.U2.EUR.4F.G_N_A.SV_C_YM.SR_5Y,B,U2,EUR,4F,G_N_A,SV_C_YM,SR_5Y,2024-02-19,2.3719858553,A,F,,,P1D,,E,,,,,,,,,,,,,,,Technical notes are available at the following link: https://www.ecb.europa.eu/stats/financial_markets_and_interest_rates/euro_area_yield_curves/shared/pdf/technical_notes.pdf,,6,,,AAA yield curve - 5-year spot rate,"Euro area (changing composition) - Government bond, nominal, all issuers whose rating is triple A - Svensson model - continuous compounding - yield error minimisation - Yield curve spot rate, 5-year maturity",PCPA,0
YC.B.U2.EUR.4F.G_N_A.SV_C_YM.SR_5Y,B,U2,EUR,4F,G_N_A,SV_C_YM,SR_5Y,2024-02-20,2.3345791846,A,F,,,P1D,,E,,,,,,,,,,,,,,,Technical notes are available at the following link: https://www.ecb.europa.eu/stats/financial_markets_and_interest_rates/euro_area_yield_curves/shared/pdf/technical_notes.pdf,,6,,,AAA yield curve - 5-year spot rate,"Euro area (changing composition) - Government bond, nominal, all issuers whose rating is triple A - Svensson model - continuous compounding - yield error minimisation - Yield curve spot rate, 5-year maturity",PCPA,0
YC.B.U2.EUR.4F.G_N_A.SV_C_YM.SR_5Y,B,U2,EUR,4F,G_N_A,SV_C_YM,SR_5Y,2024-02-21,2.3722206656,A,F,,,P1D,,E,,,,,,,,,,,,,,,Technical notes are available at the following link: https://www.ecb.europa.eu/stats/financial_markets_and_interest_rates/euro_area_yield_curves/shared/pdf/technical_notes.pdf,,6,,,AAA yield curve - 5-year spot rate,"Euro area (changing composition) - Government bond, nominal, all issuers whose rating is triple A - Svensson model - continuous compounding - yield error minimisation - Yield curve spot rate, 5-year maturity",PCPA,0
YC.B.U2.EUR.4F.G_N_A.SV_C_YM.SR_5Y,B,U2,EUR,4F,G_N_A,SV_C_YM,SR_5Y,2024-02-22,2.4111254844,A,F,,,P1D,,E,,,,,,,,,,,,,,,Technical notes are available at the following link: https://www.ecb.europa.eu/stats/financial_markets_and_interest_rates/euro_area_yield_curves/shared/pdf/technical_notes.pdf,,6,,,AAA yield curve - 5-year spot rate,"Euro area (changing composition) - Government bond, nominal, all issuers whose rating is triple A - Svensson model - continuous compounding - yield error minimisation - Yield curve spot rate, 5-year maturity",PCPA,0
YC.B.U2.EUR.4F.G_N_A.SV_C_YM.SR_5Y,B,U2,EUR,4F,G_N_A,SV_C_YM,SR_5Y,2024-02-23,2.376714514,A,F,,,P1D,,E,,,,,,,,,,,,,,,Technical notes are available at the following link: https://www.ecb.europa.eu/stats/financial_markets_and_interest_rates/euro_area_yield_curves/shared/pdf/technical_notes.pdf,,6,,,AAA yield curve - 5-year spot rate,"Euro area (changing composition) - Government bond, nominal, all issuers whose rating is triple A - Svensson model - continuous compounding - yield error minimisation - Yield curve spot rate, 5-year maturity",PCPA,0
YC.B.U2.EUR.4F.G_N_A.SV_C_YM.SR_5Y,B,U2,EUR,4F,G_N_A,SV_C_YM,SR_5Y,2024-02-26,2.4163643949,A,F,,,P1D,,E,,,,,,,,,,,,,,,Technical notes are available at the following link: https://www.ecb.europa.eu/stats/financial_markets_and_interest_rates/euro_area_yield_curves/shared/pdf/technical_notes.pdf,,6,,,AAA yield curve - 5-year spot rate,"Euro area (changing composition) - Government bond, nominal, all issuers whose rating is triple A - Svensson model - continuous compounding - yield error minimisation - Yield curve spot rate, 5-year maturity",PCPA,0
YC.B.U2.EUR.4F.G_N_A.SV_C_YM.SR_5Y,B,U2,EUR,4F,G_N_A,SV_C_YM,SR_5Y,2024-02-27,2.4300291163,A,F,,,P1D,,E,,,,,,,,,,,,,,,Technical notes are available at the following link: https://www.ecb.europa.eu/stats/financial_markets_and_interest_rates/euro_area_yield_curves/shared/pdf/technical_notes.pdf,,6,,,AAA yield curve - 5-year spot rate,"Euro area (changing composition) - Government bond, nominal, all issuers whose rating is triple A - Svensson model - continuous compounding - yield error minimisation - Yield curve spot rate, 5-year maturity",PCPA,0
YC.B.U2.EUR.4F.G_N_A.SV_C_YM.SR_5Y,B,U2,EUR,4F,G_N_A,SV_C_YM,SR_5Y,2024-02-28,2.4487930532,A,F,,,P1D,,E,,,,,,,,,,,,,,,Technical notes are available at the following link: https://www.ecb.europa.eu/stats/financial_markets_and_interest_rates/euro_area_yield_curves/shared/pdf/technical_notes.pdf,,6,,,AAA yield curve - 5-year spot rate,"Euro area (changing composition) - Government bond, nominal, all issuers whose rating is triple A - Svensson model - continuous compounding - yield error minimisation - Yield curve spot rate, 5-year maturity",PCPA,0
YC.B.U2.EUR.4F.G_N_A.SV_C_YM.SR_5Y,B,U2,EUR,4F,G_N_A,SV_C_YM,SR_5Y,2024-02-29,2.4266519305,A,F,,,P1D,,E,,,,,,,,,,,,,,,Technical notes are available at the following link: https://www.ecb.europa.eu/stats/financial_markets_and_interest_rates/euro_area_yield_curves/shared/pdf/technical_notes.pdf,,6,,,AAA yield curve - 5-year spot rate,"Euro area (changing composition) - Government bond, nominal, all issuers whose rating is triple A - Svensson model - continuous compounding - yield error minimisation - Yield curve spot rate, 5-year maturity",PCPA,0
YC.B.U2.EUR.4F.G_N_A.SV_C_YM.SR_5Y,B,U2,EUR,4F,G_N_A,SV_C_YM,SR_5Y,2024-03-01,2.4311069172,A,F,,,P1D,,E,,,,,,,,,,,,,,,Technical notes are available at the following link: https://www.ecb.europa.eu/stats/financial_markets_and_interest_rates/euro_area_yield_curves/shared/pdf/technical_notes.pdf,,6,,,AAA yield curve - 5-year spot rate,"Euro area (changing composition) - Government bond, nominal, all issuers whose rating is triple A - Svensson model - continuous compounding - yield error minimisation - Yield curve spot rate, 5-year maturity",PCPA,0
YC.B.U2.EUR.4F.G_N_A.SV_C_YM.SR_5Y,B,U2,EUR,4F,G_N_A,SV_C_YM,SR_5Y,2024-03-04,2.3796276425,A,F,,,P1D,,E,,,,,,,,,,,,,,,Technical notes are available at the following link: https://www.ecb.europa.eu/stats/financial_markets_and_interest_rates/euro_area_yield_curves/shared/pdf/technical_notes.pdf,,6,,,AAA yield curve - 5-year spot rate,"Euro area (changing composition) - Government bond, nominal, all issuers whose rating is triple A - Svensson model - continuous compounding - yield error minimisation - Yield curve spot rate, 5-year maturity",PCPA,0
YC.B.U2.EUR.4F.G_N_A.SV_C_YM.SR_5Y,B,U2,EUR,4F,G_N_A,SV_C_YM,SR_5Y,2024-03-05,2.3314818411,A,F,,,P1D,,E,,,,,,,,,,,,,,,Technical notes are available at the following link: https://www.ecb.europa.eu/stats/financial_markets_and_interest_rates/euro_area_yield_curves/shared/pdf/technical_notes.pdf,,6,,,AAA yield curve - 5-year spot rate,"Euro area (changing composition) - Government bond, nominal, all issuers whose rating is triple A - Svensson model - continuous compounding - yield error minimisation - Yield curve spot rate, 5-year maturity",PCPA,0
YC.B.U2.EUR.4F.G_N_A.SV_C_YM.SR_5Y,B,U2,EUR,4F,G_N_A,SV_C_YM,SR_5Y,2024-03-06,2.3241392509,A,F,,,P1D,,E,,,,,,,,,,,,,,,Technical notes are available at the following link: https://www.ecb.europa.eu/stats/financial_markets_and_interest_rates/euro_area_yield_curves/shared/pdf/technical_notes.pdf,,6,,,AAA yield curve - 5-year spot rate,"Euro area (changing composition) - Government bond, nominal, all issuers whose rating is triple A - Svensson model - continuous compounding - yield error minimisation - Yield curve spot rate, 5-year maturity",PCPA,0
YC.B.U2.EUR.4F.G_N_A.SV_C_YM.SR_5Y,B,U2,EUR,4F,G_N_A,SV_C_YM,SR_5Y,2024-03-07,2.3165152279,A,F,,,P1D,,E,,,,,,,,,,,,,,,Technical notes are available at the following link: https://www.ecb.europa.eu/stats/financial_markets_and_interest_rates/euro_area_yield_curves/shared/pdf/technical_notes.pdf,,6,,,AAA yield curve - 5-year spot rate,"Euro area (changing composition) - Government bond, nominal, all issuers whose rating is triple A - Svensson model - continuous compounding - yield error minimisation - Yield curve spot rate, 5-year maturity",PCPA,0
YC.B.U2.EUR.4F.G_N_A.SV_C_YM.SR_5Y,B,U2,EUR,4F,G_N_A,SV_C_YM,SR_5Y,2024-03-08,2.2435004,A,F,,,P1D,,E,,,,,,,,,,,,,,,Technical notes are available at the following link: https://www.ecb.europa.eu/stats/financial_markets_and_interest_rates/euro_area_yield_curves/shared/pdf/technical_notes.pdf,,6,,,AAA yield curve - 5-year spot rate,"Euro area (changing composition) - Government bond, nominal, all issuers whose rating is triple A - Svensson model - continuous compounding - yield error minimisation - Yield curve spot rate, 5-year maturity",PCPA,0
YC.B.U2.EUR.4F.G_N_A.SV_C_YM.SR_5Y,B,U2,EUR,4F,G_N_A,SV_C_YM,SR_5Y,2024-03-11,2.2952784263,A,F,,,P1D,,E,,,,,,,,,,,,,,,Technical notes are available at the following link: https://www.ecb.europa.eu/stats/financial_markets_and_interest_rates/euro_area_yield_curves/shared/pdf/technical_notes.pdf,,6,,,AAA yield curve - 5-year spot rate,"Euro area (changing composition) - Government bond, nominal, all issuers whose rating is triple A - Svensson model - continuous compounding - yield error minimisation - Yield curve spot rate, 5-year maturity",PCPA,0
YC.B.U2.EUR.4F.G_N_A.SV_C_YM.SR_5Y,B,U2,EUR,4F,G_N_A,SV_C_YM,SR_5Y,2024-03-12,2.3284908946,A,F,,,P1D,,E,,,,,,,,,,,,,,,Technical notes are available at the following link: https://www.ecb.europa.eu/stats/financial_markets_and_interest_rates/euro_area_yield_curves/shared/pdf/technical_notes.pdf,,6,,,AAA yield curve - 5-year spot rate,"Euro area (changing composition) - Government bond, nominal, all issuers whose rating is triple A - Svensson model - continuous compounding - yield error minimisation - Yield curve spot rate, 5-year maturity",PCPA,0
YC.B.U2.EUR.4F.G_N_A.SV_C_YM.SR_5Y,B,U2,EUR,4F,G_N_A,SV_C_YM,SR_5Y,2024-03-13,2.3451429643,A,F,,,P1D,,E,,,,,,,,,,,,,,,Technical notes are available at the following link: https://www.ecb.europa.eu/stats/financial_markets_and_interest_rates/euro_area_yield_curves/shared/pdf/technical_notes.pdf,,6,,,AAA yield curve - 5-year spot rate,"Euro area (changing composition) - Government bond, nominal, all issuers whose rating is triple A - Svensson model - continuous compounding - yield error minimisation - Yield curve spot rate, 5-year maturity",PCPA,0
YC.B.U2.EUR.4F.G_N_A.SV_C_YM.SR_5Y,B,U2,EUR,4F,G_N_A,SV_C_YM,SR_5Y,2024-03-14,2.4104645977,A,F,,,P1D,,E,,,,,,,,,,,,,,,Technical notes are available at the following link: https://www.ecb.europa.eu/stats/financial_markets_and_interest_rates/euro_area_yield_curves/shared/pdf/technical_notes.pdf,,6,,,AAA yield curve - 5-year spot rate,"Euro area (changing composition) - Government bond, nominal, all issuers whose rating is triple A - Svensson model - continuous compounding - yield error minimisation - Yield curve spot rate, 5-year maturity",PCPA,0
YC.B.U2.EUR.4F.G_N_A.SV_C_YM.SR_5Y,B,U2,EUR,4F,G_N_A,SV_C_YM,SR_5Y,2024-03-15,2.4348296364,A,F,,,P1D,,E,,,,,,,,,,,,,,,Technical notes are available at the following link: https://www.ecb.europa.eu/stats/financial_markets_and_interest_rates/euro_area_yield_curves/shared/pdf/technical_notes.pdf,,6,,,AAA yield curve - 5-year spot rate,"Euro area (changing composition) - Government bond, nominal, all issuers whose rating is triple A - Svensson model - continuous compounding - yield error minimisation - Yield curve spot rate, 5-year maturity",PCPA,0
YC.B.U2.EUR.4F.G_N_A.SV_C_YM.SR_5Y,B,U2,EUR,4F,G_N_A,SV_C_YM,SR_5Y,2024-03-18,2.4424531321,A,F,,,P1D,,E,,,,,,,,,,,,,,,Technical notes are available at the following link: https://www.ecb.europa.eu/stats/financial_markets_and_interest_rates/euro_area_yield_curves/shared/pdf/technical_notes.pdf,,6,,,AAA yield curve - 5-year spot rate,"Euro area (changing composition) - Government bond, nominal, all issuers whose rating is triple A - Svensson model - continuous compounding - yield error minimisation - Yield curve spot rate, 5-year maturity",PCPA,0
YC.B.U2.EUR.4F.G_N_A.SV_C_YM.SR_5Y,B,U2,EUR,4F,G_N_A,SV_C_YM,SR_5Y,2024-03-19,2.4070863397,A,F,,,P1D,,E,,,,,,,,,,,,,,,Technical notes are available at the following link: https://www.ecb.europa.eu/stats/financial_markets_and_interest_rates/euro_area_yield_curves/shared/pdf/technical_notes.pdf,,6,,,AAA yield curve - 5-year spot rate,"Euro area (changing composition) - Government bond, nominal, all issuers whose rating is triple A - Svensson model - continuous compounding - yield error minimisation - Yield curve spot rate, 5-year maturity",PCPA,0
YC.B.U2.EUR.4F.G_N_A.SV_C_YM.SR_5Y,B,U2,EUR,4F,G_N_A,SV_C_YM,SR_5Y,2024-03-20,2.4199464637,A,F,,,P1D,,E,,,,,,,,,,,,,,,Technical notes are available at the following link: https://www.ecb.europa.eu/stats/financial_markets_and_interest_rates/euro_area_yield_curves/shared/pdf/technical_notes.pdf,,6,,,AAA yield curve - 5-year spot rate,"Euro area (changing composition) - Government bond, nominal, all issuers whose rating is triple A - Svensson model - continuous compounding - yield error minimisation - Yield curve spot rate, 5-year maturity",PCPA,0
YC.B.U2.EUR.4F.G_N_A.SV_C_YM.SR_5Y,B,U2,EUR,4F,G_N_A,SV_C_YM,SR_5Y,2024-03-21,2.3853671741,A,F,,,P1D,,E,,,,,,,,,,,,,,,Technical notes are available at the following link: https://www.ecb.europa.eu/stats/financial_markets_and_interest_rates/euro_area_yield_curves/shared/pdf/technical_notes.pdf,,6,,,AAA yield curve - 5-year spot rate,"Euro area (changing composition) - Government bond, nominal, all issuers whose rating is triple A - Svensson model - continuous compounding - yield error minimisation - Yield curve spot rate, 5-year maturity",PCPA,0
YC.B.U2.EUR.4F.G_N_A.SV_C_YM.SR_5Y,B,U2,EUR,4F,G_N_A,SV_C_YM,SR_5Y,2024-03-22,2.3092358175,A,F,,,P1D,,E,,,,,,,,,,,,,,,Technical notes are available at the following link: https://www.ecb.europa.eu/stats/financial_markets_and_interest_rates/euro_area_yield_curves/shared/pdf/technical_notes.pdf,,6,,,AAA yield curve - 5-year spot rate,"Euro area (changing composition) - Government bond, nominal, all issuers whose rating is triple A - Svensson model - continuous compounding - yield error minimisation - Yield curve spot rate, 5-year maturity",PCPA,0
YC.B.U2.EUR.4F.G_N_A.SV_C_YM.SR_5Y,B,U2,EUR,4F,G_N_A,SV_C_YM,SR_5Y,2024-03-25,2.3640377319,A,F,,,P1D,,E,,,,,,,,,,,,,,,Technical notes are available at the following link: https://www.ecb.europa.eu/stats/financial_markets_and_interest_rates/euro_area_yield_curves/shared/pdf/technical_notes.pdf,,6,,,AAA yield curve - 5-year spot rate,"Euro area (changing composition) - Government bond, nominal, all issuers whose rating is triple A - Svensson model - continuous compounding - yield error minimisation - Yield curve spot rate, 5-year maturity",PCPA,0
YC.B.U2.EUR.4F.G_N_A.SV_C_YM.SR_5Y,B,U2,EUR,4F,G_N_A,SV_C_YM,SR_5Y,2024-03-26,2.349448082,A,F,,,P1D,,E,,,,,,,,,,,,,,,Technical notes are available at the following link: https://www.ecb.europa.eu/stats/financial_markets_and_interest_rates/euro_area_yield_curves/shared/pdf/technical_notes.pdf,,6,,,AAA yield curve - 5-year spot rate,"Euro area (changing composition) - Government bond, nominal, all issuers whose rating is triple A - Svensson model - continuous compounding - yield error minimisation - Yield curve spot rate, 5-year maturity",PCPA,0
YC.B.U2.EUR.4F.G_N_A.SV_C_YM.SR_5Y,B,U2,EUR,4F,G_N_A,SV_C_YM,SR_5Y,2024-03-27,2.2887461691,A,F,,,P1D,,E,,,,,,,,,,,,,,,Technical notes are available at the following link: https://www.ecb.europa.eu/stats/financial_markets_and_interest_rates/euro_area_yield_curves/shared/pdf/technical_notes.pdf,,6,,,AAA yield curve - 5-year spot rate,"Euro area (changing composition) - Government bond, nominal, all issuers whose rating is triple A - Svensson model - continuous compounding - yield error minimisation - Yield curve spot rate, 5-year maturity",PCPA,0
YC.B.U2.EUR.4F.G_N_A.SV_C_YM.SR_5Y,B,U2,EUR,4F,G_N_A,SV_C_YM,SR_5Y,2024-03-28,2.2989224204,A,F,,,P1D,,E,,,,,,,,,,,,,,,Technical notes are available at the following link: https://www.ecb.europa.eu/stats/financial_markets_and_interest_rates/euro_area_yield_curves/shared/pdf/technical_notes.pdf,,6,,,AAA yield curve - 5-year spot rate,"Euro area (changing composition) - Government bond, nominal, all issuers whose rating is triple A - Svensson model - continuous compounding - yield error minimisation - Yield curve spot rate, 5-year maturity",PCPA,0
YC.B.U2.EUR.4F.G_N_A.SV_C_YM.SR_5Y,B,U2,EUR,4F,G_N_A,SV_C_YM,SR_5Y,2024-04-02,2.3753355737,A,F,,,P1D,,E,,,,,,,,,,,,,,,Technical notes are available at the following link: https://www.ecb.europa.eu/stats/financial_markets_and_interest_rates/euro_area_yield_curves/shared/pdf/technical_notes.pdf,,6,,,AAA yield curve - 5-year spot rate,"Euro area (changing composition) - Government bond, nominal, all issuers whose rating is triple A - Svensson model - continuous compounding - yield error minimisation - Yield curve spot rate, 5-year maturity",PCPA,0
YC.B.U2.EUR.4F.G_N_A.SV_C_YM.SR_5Y,B,U2,EUR,4F,G_N_A,SV_C_YM,SR_5Y,2024-04-03,2.380509645,A,F,,,P1D,,E,,,,,,,,,,,,,,,Technical notes are available at the following link: https://www.ecb.europa.eu/stats/financial_markets_and_interest_rates/euro_area_yield_curves/shared/pdf/technical_notes.pdf,,6,,,AAA yield curve - 5-year spot rate,"Euro area (changing composition) - Government bond, nominal, all issuers whose rating is triple A - Svensson model - continuous compounding - yield error minimisation - Yield curve spot rate, 5-year maturity",PCPA,0
YC.B.U2.EUR.4F.G_N_A.SV_C_YM.SR_5Y,B,U2,EUR,4F,G_N_A,SV_C_YM,SR_5Y,2024-04-04,2.3210163636,A,F,,,P1D,,E,,,,,,,,,,,,,,,Technical notes are available at the following link: https://www.ecb.europa.eu/stats/financial_markets_and_interest_rates/euro_area_yield_curves/shared/pdf/technical_notes.pdf,,6,,,AAA yield curve - 5-year spot rate,"Euro area (changing composition) - Government bond, nominal, all issuers whose rating is triple A - Svensson model - continuous compounding - yield error minimisation - Yield curve spot rate, 5-year maturity",PCPA,0
YC.B.U2.EUR.4F.G_N_A.SV_C_YM.SR_5Y,B,U2,EUR,4F,G_N_A,SV_C_YM,SR_5Y,2024-04-05,2.3487480722,A,F,,,P1D,,E,,,,,,,,,,,,,,,Technical notes are available at the following link: https://www.ecb.europa.eu/stats/financial_markets_and_interest_rates/euro_area_yield_curves/shared/pdf/technical_notes.pdf,,6,,,AAA yield curve - 5-year spot rate,"Euro area (changing composition) - Government bond, nominal, all issuers whose rating is triple A - Svensson model - continuous compounding - yield error minimisation - Yield curve spot rate, 5-year maturity",PCPA,0
YC.B.U2.EUR.4F.G_N_A.SV_C_YM.SR_5Y,B,U2,EUR,4F,G_N_A,SV_C_YM,SR_5Y,2024-04-08,2.4029024569,A,F,,,P1D,,E,,,,,,,,,,,,,,,Technical notes are available at the following link: https://www.ecb.europa.eu/stats/financial_markets_and_interest_rates/euro_area_yield_curves/shared/pdf/technical_notes.pdf,,6,,,AAA yield curve - 5-year spot rate,"Euro area (changing composition) - Government bond, nominal, all issuers whose rating is triple A - Svensson model - continuous compounding - yield error minimisation - Yield curve spot rate, 5-year maturity",PCPA,0
YC.B.U2.EUR.4F.G_N_A.SV_C_YM.SR_5Y,B,U2,EUR,4F,G_N_A,SV_C_YM,SR_5Y,2024-04-09,2.3646418388,A,F,,,P1D,,E,,,,,,,,,,,,,,,Technical notes are available at the following link: https://www.ecb.europa.eu/stats/financial_markets_and_interest_rates/euro_area_yield_curves/shared/pdf/technical_notes.pdf,,6,,,AAA yield curve - 5-year spot rate,"Euro area (changing composition) - Government bond, nominal, all issuers whose rating is triple A - Svensson model - continuous compounding - yield error minimisation - Yield curve spot rate, 5-year maturity",PCPA,0
YC.B.U2.EUR.4F.G_N_A.SV_C_YM.SR_5Y,B,U2,EUR,4F,G_N_A,SV_C_YM,SR_5Y,2024-04-10,2.407660614,A,F,,,P1D,,E,,,,,,,,,,,,,,,Technical notes are available at the following link: https://www.ecb.europa.eu/stats/financial_markets_and_interest_rates/euro_area_yield_curves/shared/pdf/technical_notes.pdf,,6,,,AAA yield curve - 5-year spot rate,"Euro area (changing composition) - Government bond, nominal, all issuers whose rating is triple A - Svensson model - continuous compounding - yield error minimisation - Yield curve spot rate, 5-year maturity",PCPA,0
YC.B.U2.EUR.4F.G_N_A.SV_C_YM.SR_5Y,B,U2,EUR,4F,G_N_A,SV_C_YM,SR_5Y,2024-04-11,2.4322183861,A,F,,,P1D,,E,,,,,,,,,,,,,,,Technical notes are available at the following link: https://www.ecb.europa.eu/stats/financial_markets_and_interest_rates/euro_area_yield_curves/shared/pdf/technical_notes.pdf,,6,,,AAA yield curve - 5-year spot rate,"Euro area (changing composition) - Government bond, nominal, all issuers whose rating is triple A - Svensson model - continuous compounding - yield error minimisation - Yield curve spot rate, 5-year maturity",PCPA,0
YC.B.U2.EUR.4F.G_N_A.SV_C_YM.SR_5Y,B,U2,EUR,4F,G_N_A,SV_C_YM,SR_5Y,2024-04-12,2.3133110711,A,F,,,P1D,,E,,,,,,,,,,,,,,,Technical notes are available at the following link: https://www.ecb.europa.eu/stats/financial_markets_and_interest_rates/euro_area_yield_curves/shared/pdf/technical_notes.pdf,,6,,,AAA yield curve - 5-year spot rate,"Euro area (changing composition) - Government bond, nominal, all issuers whose rating is triple A - Svensson model - continuous compounding - yield error minimisation - Yield curve spot rate, 5-year maturity",PCPA,0
YC.B.U2.EUR.4F.G_N_A.SV_C_YM.SR_5Y,B,U2,EUR,4F,G_N_A,SV_C_YM,SR_5Y,2024-04-15,2.3935662016,A,F,,,P1D,,E,,,,,,,,,,,,,,,Technical notes are available at the following link: https://www.ecb.europa.eu/stats/financial_markets_and_interest_rates/euro_area_yield_curves/shared/pdf/technical_notes.pdf,,6,,,AAA yield curve - 5-year spot rate,"Euro area (changing composition) - Government bond, nominal, all issuers whose rating is triple A - Svensson model - continuous compounding - yield error minimisation - Yield curve spot rate, 5-year maturity",PCPA,0
YC.B.U2.EUR.4F.G_N_A.SV_C_YM.SR_5Y,B,U2,EUR,4F,G_N_A,SV_C_YM,SR_5Y,2024-04-16,2.440825202,A,F,,,P1D,,E,,,,,,,,,,,,,,,Technical notes are available at the following link: https://www.ecb.europa.eu/stats/financial_markets_and_interest_rates/euro_area_yield_curves/shared/pdf/technical_notes.pdf,,6,,,AAA yield curve - 5-year spot rate,"Euro area (changing composition) - Government bond, nominal, all issuers whose rating is triple A - Svensson model - continuous compounding - yield error minimisation - Yield curve spot rate, 5-year maturity",PCPA,0
YC.B.U2.EUR.4F.G_N_A.SV_C_YM.SR_5Y,B,U2,EUR,4F,G_N_A,SV_C_YM,SR_5Y,2024-04-17,2.4363090988,A,F,,,P1D,,E,,,,,,,,,,,,,,,Technical notes are available at the following link: https://www.ecb.europa.eu/stats/financial_markets_and_interest_rates/euro_area_yield_curves/shared/pdf/technical_notes.pdf,,6,,,AAA yield curve - 5-year spot rate,"Euro area (changing composition) - Government bond, nominal, all issuers whose rating is triple A - Svensson model - continuous compounding - yield error minimisation - Yield curve spot rate, 5-year maturity",PCPA,0
YC.B.U2.EUR.4F.G_N_A.SV_C_YM.SR_5Y,B,U2,EUR,4F,G_N_A,SV_C_YM,SR_5Y,2024-04-18,2.4592118448,A,F,,,P1D,,E,,,,,,,,,,,,,,,Technical notes are available at the following link: https://www.ecb.europa.eu/stats/financial_markets_and_interest_rates/euro_area_yield_curves/shared/pdf/technical_notes.pdf,,6,,,AAA yield curve - 5-year spot rate,"Euro area (changing composition) - Government bond, nominal, all issuers whose rating is triple A - Svensson model - continuous compounding - yield error minimisation - Yield curve spot rate, 5-year maturity",PCPA,0
YC.B.U2.EUR.4F.G_N_A.SV_C_YM.SR_5Y,B,U2,EUR,4F,G_N_A,SV_C_YM,SR_5Y,2024-04-19,2.4998048572,A,F,,,P1D,,E,,,,,,,,,,,,,,,Technical notes are available at the following link: https://www.ecb.europa.eu/stats/financial_markets_and_interest_rates/euro_area_yield_curves/shared/pdf/technical_notes.pdf,,6,,,AAA yield curve - 5-year spot rate,"Euro area (changing composition) - Government bond, nominal, all issuers whose rating is triple A - Svensson model - continuous compounding - yield error minimisation - Yield curve spot rate, 5-year maturity",PCPA,0
YC.B.U2.EUR.4F.G_N_A.SV_C_YM.SR_5Y,B,U2,EUR,4F,G_N_A,SV_C_YM,SR_5Y,2024-04-22,2.4680343787,A,F,,,P1D,,E,,,,,,,,,,,,,,,Technical notes are available at the following link: https://www.ecb.europa.eu/stats/financial_markets_and_interest_rates/euro_area_yield_curves/shared/pdf/technical_notes.pdf,,6,,,AAA yield curve - 5-year spot rate,"Euro area (changing composition) - Government bond, nominal, all issuers whose rating is triple A - Svensson model - continuous compounding - yield error minimisation - Yield curve spot rate, 5-year maturity",PCPA,0
YC.B.U2.EUR.4F.G_N_A.SV_C_YM.SR_5Y,B,U2,EUR,4F,G_N_A,SV_C_YM,SR_5Y,2024-04-23,2.4678213504,A,F,,,P1D,,E,,,,,,,,,,,,,,,Technical notes are available at the following link: https://www.ecb.europa.eu/stats/financial_markets_and_interest_rates/euro_area_yield_curves/shared/pdf/technical_notes.pdf,,6,,,AAA yield curve - 5-year spot rate,"Euro area (changing composition) - Government bond, nominal, all issuers whose rating is triple A - Svensson model - continuous compounding - yield error minimisation - Yield curve spot rate, 5-year maturity",PCPA,0
YC.B.U2.EUR.4F.G_N_A.SV_C_YM.SR_5Y,B,U2,EUR,4F,G_N_A,SV_C_YM,SR_5Y,2024-04-24,2.5429895543,A,F,,,P1D,,E,,,,,,,,,,,,,,,Technical notes are available at the following link: https://www.ecb.europa.eu/stats/financial_markets_and_interest_rates/euro_area_yield_curves/shared/pdf/technical_notes.pdf,,6,,,AAA yield curve - 5-year spot rate,"Euro area (changing composition) - Government bond, nominal, all issuers whose rating is triple A - Svensson model - continuous compounding - yield error minimisation - Yield curve spot rate, 5-year maturity",PCPA,0
YC.B.U2.EUR.4F.G_N_A.SV_C_YM.SR_5Y,B,U2,EUR,4F,G_N_A,SV_C_YM,SR_5Y,2024-04-25,2.6031485928,A,F,,,P1D,,E,,,,,,,,,,,,,,,Technical notes are available at the following link: https://www.ecb.europa.eu/stats/financial_markets_and_interest_rates/euro_area_yield_curves/shared/pdf/technical_notes.pdf,,6,,,AAA yield curve - 5-year spot rate,"Euro area (changing composition) - Government bond, nominal, all issuers whose rating is triple A - Svensson model - continuous compounding - yield error minimisation - Yield curve spot rate, 5-year maturity",PCPA,0
YC.B.U2.EUR.4F.G_N_A.SV_C_YM.SR_5Y,B,U2,EUR,4F,G_N_A,SV_C_YM,SR_5Y,2024-04-26,2.5461222105,A,F,,,P1D,,E,,,,,,,,,,,,,,,Technical notes are available at the following link: https://www.ecb.europa.eu/stats/financial_markets_and_interest_rates/euro_area_yield_curves/shared/pdf/technical_notes.pdf,,6,,,AAA yield curve - 5-year spot rate,"Euro area (changing composition) - Government bond, nominal, all issuers whose rating is triple A - Svensson model - continuous compounding - yield error minimisation - Yield curve spot rate, 5-year maturity",PCPA,0
YC.B.U2.EUR.4F.G_N_A.SV_C_YM.SR_5Y,B,U2,EUR,4F,G_N_A,SV_C_YM,SR_5Y,2024-04-29,2.5115450258,A,F,,,P1D,,E,,,,,,,,,,,,,,,Technical notes are available at the following link: https://www.ecb.europa.eu/stats/financial_markets_and_interest_rates/euro_area_yield_curves/shared/pdf/technical_notes.pdf,,6,,,AAA yield curve - 5-year spot rate,"Euro area (changing composition) - Government bond, nominal, all issuers whose rating is triple A - Svensson model - continuous compounding - yield error minimisation - Yield curve spot rate, 5-year maturity",PCPA,0
YC.B.U2.EUR.4F.G_N_A.SV_C_YM.SR_5Y,B,U2,EUR,4F,G_N_A,SV_C_YM,SR_5Y,2024-04-30,2.5804911441,A,F,,,P1D,,E,,,,,,,,,,,,,,,Technical notes are available at the following link: https://www.ecb.europa.eu/stats/financial_markets_and_interest_rates/euro_area_yield_curves/shared/pdf/technical_notes.pdf,,6,,,AAA yield curve - 5-year spot rate,"Euro area (changing composition) - Government bond, nominal, all issuers whose rating is triple A - Svensson model - continuous compounding - yield error minimisation - Yield curve spot rate, 5-year maturity",PCPA,0
YC.B.U2.EUR.4F.G_N_A.SV_C_YM.SR_5Y,B,U2,EUR,4F,G_N_A,SV_C_YM,SR_5Y,2024-05-02,2.5556573736,A,F,,,P1D,,E,,,,,,,,,,,,,,,Technical notes are available at the following link: https://www.ecb.europa.eu/stats/financial_markets_and_interest_rates/euro_area_yield_curves/shared/pdf/technical_notes.pdf,,6,,,AAA yield curve - 5-year spot rate,"Euro area (changing composition) - Government bond, nominal, all issuers whose rating is triple A - Svensson model - continuous compounding - yield error minimisation - Yield curve spot rate, 5-year maturity",PCPA,0
YC.B.U2.EUR.4F.G_N_A.SV_C_YM.SR_5Y,B,U2,EUR,4F,G_N_A,SV_C_YM,SR_5Y,2024-05-03,2.4813898961,A,F,,,P1D,,E,,,,,,,,,,,,,,,Technical notes are available at the following link: https://www.ecb.europa.eu/stats/financial_markets_and_interest_rates/euro_area_yield_curves/shared/pdf/technical_notes.pdf,,6,,,AAA yield curve - 5-year spot rate,"Euro area (changing composition) - Government bond, nominal, all issuers whose rating is triple A - Svensson model - continuous compounding - yield error minimisation - Yield curve spot rate, 5-year maturity",PCPA,0
YC.B.U2.EUR.4F.G_N_A.SV_C_YM.SR_5Y,B,U2,EUR,4F,G_N_A,SV_C_YM,SR_5Y,2024-05-06,2.4584031302,A,F,,,P1D,,E,,,,,,,,,,,,,,,Technical notes are available at the following link: https://www.ecb.europa.eu/stats/financial_markets_and_interest_rates/euro_area_yield_curves/shared/pdf/technical_notes.pdf,,6,,,AAA yield curve - 5-year spot rate,"Euro area (changing composition) - Government bond, nominal, all issuers whose rating is triple A - Svensson model - continuous compounding - yield error minimisation - Yield curve spot rate, 5-year maturity",PCPA,0
YC.B.U2.EUR.4F.G_N_A.SV_C_YM.SR_5Y,B,U2,EUR,4F,G_N_A,SV_C_YM,SR_5Y,2024-05-07,2.4341174126,A,F,,,P1D,,E,,,,,,,,,,,,,,,Technical notes are available at the following link: https://www.ecb.europa.eu/stats/financial_markets_and_interest_rates/euro_area_yield_curves/shared/pdf/technical_notes.pdf,,6,,,AAA yield curve - 5-year spot rate,"Euro area (changing composition) - Government bond, nominal, all issuers whose rating is triple A - Svensson model - continuous compounding - yield error minimisation - Yield curve spot rate, 5-year maturity",PCPA,0
YC.B.U2.EUR.4F.G_N_A.SV_C_YM.SR_5Y,B,U2,EUR,4F,G_N_A,SV_C_YM,SR_5Y,2024-05-08,2.4681074386,A,F,,,P1D,,E,,,,,,,,,,,,,,,Technical notes are available at the following link: https://www.ecb.europa.eu/stats/financial_markets_and_interest_rates/euro_area_yield_curves/shared/pdf/technical_notes.pdf,,6,,,AAA yield curve - 5-year spot rate,"Euro area (changing composition) - Government bond, nominal, all issuers whose rating is triple A - Svensson model - continuous compounding - yield error minimisation - Yield curve spot rate, 5-year maturity",PCPA,0
YC.B.U2.EUR.4F.G_N_A.SV_C_YM.SR_5Y,B,U2,EUR,4F,G_N_A,SV_C_YM,SR_5Y,2024-05-09,2.4887169277,A,F,,,P1D,,E,,,,,,,,,,,,,,,Technical notes are available at the following link: https://www.ecb.europa.eu/stats/financial_markets_and_interest_rates/euro_area_yield_curves/shared/pdf/technical_notes.pdf,,6,,,AAA yield curve - 5-year spot rate,"Euro area (changing composition) - Government bond, nominal, all issuers whose rating is triple A - Svensson model - continuous compounding - yield error minimisation - Yield curve spot rate, 5-year maturity",PCPA,0
YC.B.U2.EUR.4F.G_N_A.SV_C_YM.SR_5Y,B,U2,EUR,4F,G_N_A,SV_C_YM,SR_5Y,2024-05-10,2.5093013562,A,F,,,P1D,,E,,,,,,,,,,,,,,,Technical notes are available at the following link: https://www.ecb.europa.eu/stats/financial_markets_and_interest_rates/euro_area_yield_curves/shared/pdf/technical_notes.pdf,,6,,,AAA yield curve - 5-year spot rate,"Euro area (changing composition) - Government bond, nominal, all issuers whose rating is triple A - Svensson model - continuous compounding - yield error minimisation - Yield curve spot rate, 5-year maturity",PCPA,0
YC.B.U2.EUR.4F.G_N_A.SV_C_YM.SR_5Y,B,U2,EUR,4F,G_N_A,SV_C_YM,SR_5Y,2024-05-13,2.4967441621,A,F,,,P1D,,E,,,,,,,,,,,,,,,Technical notes are available at the following link: https://www.ecb.europa.eu/stats/financial_markets_and_interest_rates/euro_area_yield_curves/shared/pdf/technical_notes.pdf,,6,,,AAA yield curve - 5-year spot rate,"Euro area (changing composition) - Government bond, nominal, all issuers whose rating is triple A - Svensson model - continuous compounding - yield error minimisation - Yield curve spot rate, 5-year maturity",PCPA,0
YC.B.U2.EUR.4F.G_N_A.SV_C_YM.SR_5Y,B,U2,EUR,4F,G_N_A,SV_C_YM,SR_5Y,2024-05-14,2.5216384261,A,F,,,P1D,,E,,,,,,,,,,,,,,,Technical notes are available at the following link: https://www.ecb.europa.eu/stats/financial_markets_and_interest_rates/euro_area_yield_curves/shared/pdf/technical_notes.pdf,,6,,,AAA yield curve - 5-year spot rate,"Euro area (changing composition) - Government bond, nominal, all issuers whose rating is triple A - Svensson model - continuous compounding - yield error minimisation - Yield curve spot rate, 5-year maturity",PCPA,0
YC.B.U2.EUR.4F.G_N_A.SV_C_YM.SR_5Y,B,U2,EUR,4F,G_N_A,SV_C_YM,SR_5Y,2024-05-15,2.4414608295,A,F,,,P1D,,E,,,,,,,,,,,,,,,Technical notes are available at the following link: https://www.ecb.europa.eu/stats/financial_markets_and_interest_rates/euro_area_yield_curves/shared/pdf/technical_notes.pdf,,6,,,AAA yield curve - 5-year spot rate,"Euro area (changing composition) - Government bond, nominal, all issuers whose rating is triple A - Svensson model - continuous compounding - yield error minimisation - Yield curve spot rate, 5-year maturity",PCPA,0
YC.B.U2.EUR.4F.G_N_A.SV_C_YM.SR_5Y,B,U2,EUR,4F,G_N_A,SV_C_YM,SR_5Y,2024-05-16,2.4515666795,A,F,,,P1D,,E,,,,,,,,,,,,,,,Technical notes are available at the following link: https://www.ecb.europa.eu/stats/financial_markets_and_interest_rates/euro_area_yield_curves/shared/pdf/technical_notes.pdf,,6,,,AAA yield curve - 5-year spot rate,"Euro area (changing composition) - Government bond, nominal, all issuers whose rating is triple A - Svensson model - continuous compounding - yield error minimisation - Yield curve spot rate, 5-year maturity",PCPA,0
YC.B.U2.EUR.4F.G_N_A.SV_C_YM.SR_5Y,B,U2,EUR,4F,G_N_A,SV_C_YM,SR_5Y,2024-05-17,2.5157963677,A,F,,,P1D,,E,,,,,,,,,,,,,,,Technical notes are available at the following link: https://www.ecb.europa.eu/stats/financial_markets_and_interest_rates/euro_area_yield_curves/shared/pdf/technical_notes.pdf,,6,,,AAA yield curve - 5-year spot rate,"Euro area (changing composition) - Government bond, nominal, all issuers whose rating is triple A - Svensson model - continuous compounding - yield error minimisation - Yield curve spot rate, 5-year maturity",PCPA,0
YC.B.U2.EUR.4F.G_N_A.SV_C_YM.SR_5Y,B,U2,EUR,4F,G_N_A,SV_C_YM,SR_5Y,2024-05-20,2.5277642568,A,F,,,P1D,,E,,,,,,,,,,,,,,,Technical notes are available at the following link: https://www.ecb.europa.eu/stats/financial_markets_and_interest_rates/euro_area_yield_curves/shared/pdf/technical_notes.pdf,,6,,,AAA yield curve - 5-year spot rate,"Euro area (changing composition) - Government bond, nominal, all issuers whose rating is triple A - Svensson model - continuous compounding - yield error minimisation - Yield curve spot rate, 5-year maturity",PCPA,0
YC.B.U2.EUR.4F.G_N_A.SV_C_YM.SR_5Y,B,U2,EUR,4F,G_N_A,SV_C_YM,SR_5Y,2024-05-21,2.504214884,A,F,,,P1D,,E,,,,,,,,,,,,,,,Technical notes are available at the following link: https://www.ecb.europa.eu/stats/financial_markets_and_interest_rates/euro_area_yield_curves/shared/pdf/technical_notes.pdf,,6,,,AAA yield curve - 5-year spot rate,"Euro area (changing composition) - Government bond, nominal, all issuers whose rating is triple A - Svensson model - continuous compounding - yield error minimisation - Yield curve spot rate, 5-year maturity",PCPA,0
YC.B.U2.EUR.4F.G_N_A.SV_C_YM.SR_5Y,B,U2,EUR,4F,G_N_A,SV_C_YM,SR_5Y,2024-05-22,2.5381724865,A,F,,,P1D,,E,,,,,,,,,,,,,,,Technical notes are available at the following link: https://www.ecb.europa.eu/stats/financial_markets_and_interest_rates/euro_area_yield_curves/shared/pdf/technical_notes.pdf,,6,,,AAA yield curve - 5-year spot rate,"Euro area (changing composition) - Government bond, nominal, all issuers whose rating is triple A - Svensson model - continuous compounding - yield error minimisation - Yield curve spot rate, 5-year maturity",PCPA,0
YC.B.U2.EUR.4F.G_N_A.SV_C_YM.SR_5Y,B,U2,EUR,4F,G_N_A,SV_C_YM,SR_5Y,2024-05-23,2.6115584968,A,F,,,P1D,,E,,,,,,,,,,,,,,,Technical notes are available at the following link: https://www.ecb.europa.eu/stats/financial_markets_and_interest_rates/euro_area_yield_curves/shared/pdf/technical_notes.pdf,,6,,,AAA yield curve - 5-year spot rate,"Euro area (changing composition) - Government bond, nominal, all issuers whose rating is triple A - Svensson model - continuous compounding - yield error minimisation - Yield curve spot rate, 5-year maturity",PCPA,0
YC.B.U2.EUR.4F.G_N_A.SV_C_YM.SR_5Y,B,U2,EUR,4F,G_N_A,SV_C_YM,SR_5Y,2024-05-24,2.6300005442,A,F,,,P1D,,E,,,,,,,,,,,,,,,Technical notes are available at the following link: https://www.ecb.europa.eu/stats/financial_markets_and_interest_rates/euro_area_yield_curves/shared/pdf/technical_notes.pdf,,6,,,AAA yield curve - 5-year spot rate,"Euro area (changing composition) - Government bond, nominal, all issuers whose rating is triple A - Svensson model - continuous compounding - yield error minimisation - Yield curve spot rate, 5-year maturity",PCPA,0
YC.B.U2.EUR.4F.G_N_A.SV_C_YM.SR_5Y,B,U2,EUR,4F,G_N_A,SV_C_YM,SR_5Y,2024-05-27,2.5672953389,A,F,,,P1D,,E,,,,,,,,,,,,,,,Technical notes are available at the following link: https://www.ecb.europa.eu/stats/financial_markets_and_interest_rates/euro_area_yield_curves/shared/pdf/technical_notes.pdf,,6,,,AAA yield curve - 5-year spot rate,"Euro area (changing composition) - Government bond, nominal, all issuers whose rating is triple A - Svensson model - continuous compounding - yield error minimisation - Yield curve spot rate, 5-year maturity",PCPA,0
YC.B.U2.EUR.4F.G_N_A.SV_C_YM.SR_5Y,B,U2,EUR,4F,G_N_A,SV_C_YM,SR_5Y,2024-05-28,2.5823722358,A,F,,,P1D,,E,,,,,,,,,,,,,,,Technical notes are available at the following link: https://www.ecb.europa.eu/stats/financial_markets_and_interest_rates/euro_area_yield_curves/shared/pdf/technical_notes.pdf,,6,,,AAA yield curve - 5-year spot rate,"Euro area (changing composition) - Government bond, nominal, all issuers whose rating is triple A - Svensson model - continuous compounding - yield error minimisation - Yield curve spot rate, 5-year maturity",PCPA,0
YC.B.U2.EUR.4F.G_N_A.SV_C_YM.SR_5Y,B,U2,EUR,4F,G_N_A,SV_C_YM,SR_5Y,2024-05-29,2.6574760276,A,F,,,P1D,,E,,,,,,,,,,,,,,,Technical notes are available at the following link: https://www.ecb.europa.eu/stats/financial_markets_and_interest_rates/euro_area_yield_curves/shared/pdf/technical_notes.pdf,,6,,,AAA yield curve - 5-year spot rate,"Euro area (changing composition) - Government bond, nominal, all issuers whose rating is triple A - Svensson model - continuous compounding - yield error minimisation - Yield curve spot rate, 5-year maturity",PCPA,0
YC.B.U2.EUR.4F.G_N_A.SV_C_YM.SR_5Y,B,U2,EUR,4F,G_N_A,SV_C_YM,SR_5Y,2024-05-30,2.6616439488,A,F,,,P1D,,E,,,,,,,,,,,,,,,Technical notes are available at the following link: https://www.ecb.europa.eu/stats/financial_markets_and_interest_rates/euro_area_yield_curves/shared/pdf/technical_notes.pdf,,6,,,AAA yield curve - 5-year spot rate,"Euro area (changing composition) - Government bond, nominal, all issuers whose rating is triple A - Svensson model - continuous compounding - yield error minimisation - Yield curve spot rate, 5-year maturity",PCPA,0
YC.B.U2.EUR.4F.G_N_A.SV_C_YM.SR_5Y,B,U2,EUR,4F,G_N_A,SV_C_YM,SR_5Y,2024-05-31,2.6425,A,F,,,P1D,,E,,,,,,,,,,,,,,,Technical notes are available at the following link: https://www.ecb.europa.eu/stats/financial_markets_and_interest_rates/euro_area_yield_curves/shared/pdf/technical_notes.pdf,,6,,,AAA yield curve - 5-year spot rate,"Euro area (changing composition) - Government bond, nominal, all issuers whose rating is triple A - Svensson model - continuous compounding - yield error minimisation - Yield curve spot rate, 5-year maturity",PCPA,0
YC.B.U2.EUR.4F.G_N_A.SV_C_YM.SR_5Y,B,U2,EUR,4F,G_N_A,SV_C_YM,SR_5Y,2024-06-03,2.5993371395,A,F,,,P1D,,E,,,,,,,,,,,,,,,Technical notes are available at the following link: https://www.ecb.europa.eu/stats/financial_markets_and_interest_rates/euro_area_yield_curves/shared/pdf/technical_notes.pdf,,6,,,AAA yield curve - 5-year spot rate,"Euro area (changing composition) - Government bond, nominal, all issuers whose rating is triple A - Svensson model - continuous compounding - yield error minimisation - Yield curve spot rate, 5-year maturity",PCPA,0
YC.B.U2.EUR.4F.G_N_A.SV_C_YM.SR_5Y,B,U2,EUR,4F,G_N_A,SV_C_YM,SR_5Y,2024-06-04,2.5418873256,A,F,,,P1D,,E,,,,,,,,,,,,,,,Technical notes are available at the following link: https://www.ecb.europa.eu/stats/financial_markets_and_interest_rates/euro_area_yield_curves/shared/pdf/technical_notes.pdf,,6,,,AAA yield curve - 5-year spot rate,"Euro area (changing composition) - Government bond, nominal, all issuers whose rating is triple A - Svensson model - continuous compounding - yield error minimisation - Yield curve spot rate, 5-year maturity",PCPA,0
YC.B.U2.EUR.4F.G_N_A.SV_C_YM.SR_5Y,B,U2,EUR,4F,G_N_A,SV_C_YM,SR_5Y,2024-06-05,2.5232831032,A,F,,,P1D,,E,,,,,,,,,,,,,,,Technical notes are available at the following link: https://www.ecb.europa.eu/stats/financial_markets_and_interest_rates/euro_area_yield_curves/shared/pdf/technical_notes.pdf,,6,,,AAA yield curve - 5-year spot rate,"Euro area (changing composition) - Government bond, nominal, all issuers whose rating is triple A - Svensson model - continuous compounding - yield error minimisation - Yield curve spot rate, 5-year maturity",PCPA,0
YC.B.U2.EUR.4F.G_N_A.SV_C_YM.SR_5Y,B,U2,EUR,4F,G_N_A,SV_C_YM,SR_5Y,2024-06-06,2.5819989948,A,F,,,P1D,,E,,,,,,,,,,,,,,,Technical notes are available at the following link: https://www.ecb.europa.eu/stats/financial_markets_and_interest_rates/euro_area_yield_curves/shared/pdf/technical_notes.pdf,,6,,,AAA yield curve - 5-year spot rate,"Euro area (changing composition) - Government bond, nominal, all issuers whose rating is triple A - Svensson model - continuous compounding - yield error minimisation - Yield curve spot rate, 5-year maturity",PCPA,0
YC.B.U2.EUR.4F.G_N_A.SV_C_YM.SR_5Y,B,U2,EUR,4F,G_N_A,SV_C_YM,SR_5Y,2024-06-07,2.6520880405,A,F,,,P1D,,E,,,,,,,,,,,,,,,Technical notes are available at the following link: https://www.ecb.europa.eu/stats/financial_markets_and_interest_rates/euro_area_yield_curves/shared/pdf/technical_notes.pdf,,6,,,AAA yield curve - 5-year spot rate,"Euro area (changing composition) - Government bond, nominal, all issuers whose rating is triple A - Svensson model - continuous compounding - yield error minimisation - Yield curve spot rate, 5-year maturity",PCPA,0
YC.B.U2.EUR.4F.G_N_A.SV_C_YM.SR_5Y,B,U2,EUR,4F,G_N_A,SV_C_YM,SR_5Y,2024-06-10,2.6721338922,A,F,,,P1D,,E,,,,,,,,,,,,,,,Technical notes are available at the following link: https://www.ecb.europa.eu/stats/financial_markets_and_interest_rates/euro_area_yield_curves/shared/pdf/technical_notes.pdf,,6,,,AAA yield curve - 5-year spot rate,"Euro area (changing composition) - Government bond, nominal, all issuers whose rating is triple A - Svensson model - continuous compounding - yield error minimisation - Yield curve spot rate, 5-year maturity",PCPA,0
YC.B.U2.EUR.4F.G_N_A.SV_C_YM.SR_5Y,B,U2,EUR,4F,G_N_A,SV_C_YM,SR_5Y,2024-06-11,2.6174459509,A,F,,,P1D,,E,,,,,,,,,,,,,,,Technical notes are available at the following link: https://www.ecb.europa.eu/stats/financial_markets_and_interest_rates/euro_area_yield_curves/shared/pdf/technical_notes.pdf,,6,,,AAA yield curve - 5-year spot rate,"Euro area (changing composition) - Government bond, nominal, all issuers whose rating is triple A - Svensson model - continuous compounding - yield error minimisation - Yield curve spot rate, 5-year maturity",PCPA,0
YC.B.U2.EUR.4F.G_N_A.SV_C_YM.SR_5Y,B,U2,EUR,4F,G_N_A,SV_C_YM,SR_5Y,2024-06-12,2.5352356289,A,F,,,P1D,,E,,,,,,,,,,,,,,,Technical notes are available at the following link: https://www.ecb.europa.eu/stats/financial_markets_and_interest_rates/euro_area_yield_curves/shared/pdf/technical_notes.pdf,,6,,,AAA yield curve - 5-year spot rate,"Euro area (changing composition) - Government bond, nominal, all issuers whose rating is triple A - Svensson model - continuous compounding - yield error minimisation - Yield curve spot rate, 5-year maturity",PCPA,0
YC.B.U2.EUR.4F.G_N_A.SV_C_YM.SR_5Y,B,U2,EUR,4F,G_N_A,SV_C_YM,SR_5Y,2024-06-13,2.5170072468,A,F,,,P1D,,E,,,,,,,,,,,,,,,Technical notes are available at the following link: https://www.ecb.europa.eu/stats/financial_markets_and_interest_rates/euro_area_yield_curves/shared/pdf/technical_notes.pdf,,6,,,AAA yield curve - 5-year spot rate,"Euro area (changing composition) - Government bond, nominal, all issuers whose rating is triple A - Svensson model - continuous compounding - yield error minimisation - Yield curve spot rate, 5-year maturity",PCPA,0
YC.B.U2.EUR.4F.G_N_A.SV_C_YM.SR_5Y,B,U2,EUR,4F,G_N_A,SV_C_YM,SR_5Y,2024-06-14,2.3385063584,A,F,,,P1D,,E,,,,,,,,,,,,,,,Technical notes are available at the following link: https://www.ecb.europa.eu/stats/financial_markets_and_interest_rates/euro_area_yield_curves/shared/pdf/technical_notes.pdf,,6,,,AAA yield curve - 5-year spot rate,"Euro area (changing composition) - Government bond, nominal, all issuers whose rating is triple A - Svensson model - continuous compounding - yield error minimisation - Yield curve spot rate, 5-year maturity",PCPA,0
YC.B.U2.EUR.4F.G_N_A.SV_C_YM.SR_5Y,B,U2,EUR,4F,G_N_A,SV_C_YM,SR_5Y,2024-06-17,2.4049070635,A,F,,,P1D,,E,,,,,,,,,,,,,,,Technical notes are available at the following link: https://www.ecb.europa.eu/stats/financial_markets_and_interest_rates/euro_area_yield_curves/shared/pdf/technical_notes.pdf,,6,,,AAA yield curve - 5-year spot rate,"Euro area (changing composition) - Government bond, nominal, all issuers whose rating is triple A - Svensson model - continuous compounding - yield error minimisation - Yield curve spot rate, 5-year maturity",PCPA,0
YC.B.U2.EUR.4F.G_N_A.SV_C_YM.SR_5Y,B,U2,EUR,4F,G_N_A,SV_C_YM,SR_5Y,2024-06-18,2.4006176251,A,F,,,P1D,,E,,,,,,,,,,,,,,,Technical notes are available at the following link: https://www.ecb.europa.eu/stats/financial_markets_and_interest_rates/euro_area_yield_curves/shared/pdf/technical_notes.pdf,,6,,,AAA yield curve - 5-year spot rate,"Euro area (changing composition) - Government bond, nominal, all issuers whose rating is triple A - Svensson model - continuous compounding - yield error minimisation - Yield curve spot rate, 5-year maturity",PCPA,0
YC.B.U2.EUR.4F.G_N_A.SV_C_YM.SR_5Y,B,U2,EUR,4F,G_N_A,SV_C_YM,SR_5Y,2024-06-19,2.4080358882,A,F,,,P1D,,E,,,,,,,,,,,,,,,Technical notes are available at the following link: https://www.ecb.europa.eu/stats/financial_markets_and_interest_rates/euro_area_yield_curves/shared/pdf/technical_notes.pdf,,6,,,AAA yield curve - 5-year spot rate,"Euro area (changing composition) - Government bond, nominal, all issuers whose rating is triple A - Svensson model - continuous compounding - yield error minimisation - Yield curve spot rate, 5-year maturity",PCPA,0
YC.B.U2.EUR.4F.G_N_A.SV_C_YM.SR_5Y,B,U2,EUR,4F,G_N_A,SV_C_YM,SR_5Y,2024-06-20,2.4394009635,A,F,,,P1D,,E,,,,,,,,,,,,,,,Technical notes are available at the following link: https://www.ecb.europa.eu/stats/financial_markets_and_interest_rates/euro_area_yield_curves/shared/pdf/technical_notes.pdf,,6,,,AAA yield curve - 5-year spot rate,"Euro area (changing composition) - Government bond, nominal, all issuers whose rating is triple A - Svensson model - continuous compounding - yield error minimisation - Yield curve spot rate, 5-year maturity",PCPA,0
YC.B.U2.EUR.4F.G_N_A.SV_C_YM.SR_5Y,B,U2,EUR,4F,G_N_A,SV_C_YM,SR_5Y,2024-06-21,2.3759206934,A,F,,,P1D,,E,,,,,,,,,,,,,,,Technical notes are available at the following link: https://www.ecb.europa.eu/stats/financial_markets_and_interest_rates/euro_area_yield_curves/shared/pdf/technical_notes.pdf,,6,,,AAA yield curve - 5-year spot rate,"Euro area (changing composition) - Government bond, nominal, all issuers whose rating is triple A - Svensson model - continuous compounding - yield error minimisation - Yield curve spot rate, 5-year maturity",PCPA,0
YC.B.U2.EUR.4F.G_N_A.SV_C_YM.SR_5Y,B,U2,EUR,4F,G_N_A,SV_C_YM,SR_5Y,2024-06-24,2.4105655503,A,F,,,P1D,,E,,,,,,,,,,,,,,,Technical notes are available at the following link: https://www.ecb.europa.eu/stats/financial_markets_and_interest_rates/euro_area_yield_curves/shared/pdf/technical_notes.pdf,,6,,,AAA yield curve - 5-year spot rate,"Euro area (changing composition) - Government bond, nominal, all issuers whose rating is triple A - Svensson model - continuous compounding - yield error minimisation - Yield curve spot rate, 5-year maturity",PCPA,0
YC.B.U2.EUR.4F.G_N_A.SV_C_YM.SR_5Y,B,U2,EUR,4F,G_N_A,SV_C_YM,SR_5Y,2024-06-25,2.3874827711,A,F,,,P1D,,E,,,,,,,,,,,,,,,Technical notes are available at the following link: https://www.ecb.europa.eu/stats/financial_markets_and_interest_rates/euro_area_yield_curves/shared/pdf/technical_notes.pdf,,6,,,AAA yield curve - 5-year spot rate,"Euro area (changing composition) - Government bond, nominal, all issuers whose rating is triple A - Svensson model - continuous compounding - yield error minimisation - Yield curve spot rate, 5-year maturity",PCPA,0
YC.B.U2.EUR.4F.G_N_A.SV_C_YM.SR_5Y,B,U2,EUR,4F,G_N_A,SV_C_YM,SR_5Y,2024-06-26,2.4206417506,A,F,,,P1D,,E,,,,,,,,,,,,,,,Technical notes are available at the following link: https://www.ecb.europa.eu/stats/financial_markets_and_interest_rates/euro_area_yield_curves/shared/pdf/technical_notes.pdf,,6,,,AAA yield curve - 5-year spot rate,"Euro area (changing composition) - Government bond, nominal, all issuers whose rating is triple A - Svensson model - continuous compounding - yield error minimisation - Yield curve spot rate, 5-year maturity",PCPA,0
YC.B.U2.EUR.4F.G_N_A.SV_C_YM.SR_5Y,B,U2,EUR,4F,G_N_A,SV_C_YM,SR_5Y,2024-06-27,2.4250807091,A,F,,,P1D,,E,,,,,,,,,,,,,,,Technical notes are available at the following link: https://www.ecb.europa.eu/stats/financial_markets_and_interest_rates/euro_area_yield_curves/shared/pdf/technical_notes.pdf,,6,,,AAA yield curve - 5-year spot rate,"Euro area (changing composition) - Government bond, nominal, all issuers whose rating is triple A - Svensson model - continuous compounding - yield error minimisation - Yield curve spot rate, 5-year maturity",PCPA,0
YC.B.U2.EUR.4F.G_N_A.SV_C_YM.SR_5Y,B,U2,EUR,4F,G_N_A,SV_C_YM,SR_5Y,2024-06-28,2.4234186492,A,F,,,P1D,,E,,,,,,,,,,,,,,,Technical notes are available at the following link: https://www.ecb.europa.eu/stats/financial_markets_and_interest_rates/euro_area_yield_curves/shared/pdf/technical_notes.pdf,,6,,,AAA yield curve - 5-year spot rate,"Euro area (changing composition) - Government bond, nominal, all issuers whose rating is triple A - Svensson model - continuous compounding - yield error minimisation - Yield curve spot rate, 5-year maturity",PCPA,0
YC.B.U2.EUR.4F.G_N_A.SV_C_YM.SR_5Y,B,U2,EUR,4F,G_N_A,SV_C_YM,SR_5Y,2024-07-01,2.542066794,A,F,,,P1D,,E,,,,,,,,,,,,,,,Technical notes are available at the following link: https://www.ecb.europa.eu/stats/financial_markets_and_interest_rates/euro_area_yield_curves/shared/pdf/technical_notes.pdf,,6,,,AAA yield curve - 5-year spot rate,"Euro area (changing composition) - Government bond, nominal, all issuers whose rating is triple A - Svensson model - continuous compounding - yield error minimisation - Yield curve spot rate, 5-year maturity",PCPA,0
YC.B.U2.EUR.4F.G_N_A.SV_C_YM.SR_5Y,B,U2,EUR,4F,G_N_A,SV_C_YM,SR_5Y,2024-07-02,2.5420282327,A,F,,,P1D,,E,,,,,,,,,,,,,,,Technical notes are available at the following link: https://www.ecb.europa.eu/stats/financial_markets_and_interest_rates/euro_area_yield_curves/shared/pdf/technical_notes.pdf,,6,,,AAA yield curve - 5-year spot rate,"Euro area (changing composition) - Government bond, nominal, all issuers whose rating is triple A - Svensson model - continuous compounding - yield error minimisation - Yield curve spot rate, 5-year maturity",PCPA,0
YC.B.U2.EUR.4F.G_N_A.SV_C_YM.SR_5Y,B,U2,EUR,4F,G_N_A,SV_C_YM,SR_5Y,2024-07-03,2.5495227005,A,F,,,P1D,,E,,,,,,,,,,,,,,,Technical notes are available at the following link: https://www.ecb.europa.eu/stats/financial_markets_and_interest_rates/euro_area_yield_curves/shared/pdf/technical_notes.pdf,,6,,,AAA yield curve - 5-year spot rate,"Euro area (changing composition) - Government bond, nominal, all issuers whose rating is triple A - Svensson model - continuous compounding - yield error minimisation - Yield curve spot rate, 5-year maturity",PCPA,0
YC.B.U2.EUR.4F.G_N_A.SV_C_YM.SR_5Y,B,U2,EUR,4F,G_N_A,SV_C_YM,SR_5Y,2024-07-04,2.5505906489,A,F,,,P1D,,E,,,,,,,,,,,,,,,Technical notes are available at the following link: https://www.ecb.europa.eu/stats/financial_markets_and_interest_rates/euro_area_yield_curves/shared/pdf/technical_notes.pdf,,6,,,AAA yield curve - 5-year spot rate,"Euro area (changing composition) - Government bond, nominal, all issuers whose rating is triple A - Svensson model - continuous compounding - yield error minimisation - Yield curve spot rate, 5-year maturity",PCPA,0
YC.B.U2.EUR.4F.G_N_A.SV_C_YM.SR_5Y,B,U2,EUR,4F,G_N_A,SV_C_YM,SR_5Y,2024-07-05,2.5254465578,A,F,,,P1D,,E,,,,,,,,,,,,,,,Technical notes are available at the following link: https://www.ecb.europa.eu/stats/financial_markets_and_interest_rates/euro_area_yield_curves/shared/pdf/technical_notes.pdf,,6,,,AAA yield curve - 5-year spot rate,"Euro area (changing composition) - Government bond, nominal, all issuers whose rating is triple A - Svensson model - continuous compounding - yield error minimisation - Yield curve spot rate, 5-year maturity",PCPA,0
YC.B.U2.EUR.4F.G_N_A.SV_C_YM.SR_5Y,B,U2,EUR,4F,G_N_A,SV_C_YM,SR_5Y,2024-07-08,2.4907274584,A,F,,,P1D,,E,,,,,,,,,,,,,,,Technical notes are available at the following link: https://www.ecb.europa.eu/stats/financial_markets_and_interest_rates/euro_area_yield_curves/shared/pdf/technical_notes.pdf,,6,,,AAA yield curve - 5-year spot rate,"Euro area (changing composition) - Government bond, nominal, all issuers whose rating is triple A - Svensson model - continuous compounding - yield error minimisation - Yield curve spot rate, 5-year maturity",PCPA,0
YC.B.U2.EUR.4F.G_N_A.SV_C_YM.SR_5Y,B,U2,EUR,4F,G_N_A,SV_C_YM,SR_5Y,2024-07-09,2.5140133873,A,F,,,P1D,,E,,,,,,,,,,,,,,,Technical notes are available at the following link: https://www.ecb.europa.eu/stats/financial_markets_and_interest_rates/euro_area_yield_curves/shared/pdf/technical_notes.pdf,,6,,,AAA yield curve - 5-year spot rate,"Euro area (changing composition) - Government bond, nominal, all issuers whose rating is triple A - Svensson model - continuous compounding - yield error minimisation - Yield curve spot rate, 5-year maturity",PCPA,0
YC.B.U2.EUR.4F.G_N_A.SV_C_YM.SR_5Y,B,U2,EUR,4F,G_N_A,SV_C_YM,SR_5Y,2024-07-10,2.4878428026,A,F,,,P1D,,E,,,,,,,,,,,,,,,Technical notes are available at the following link: https://www.ecb.europa.eu/stats/financial_markets_and_interest_rates/euro_area_yield_curves/shared/pdf/technical_notes.pdf,,6,,,AAA yield curve - 5-year spot rate,"Euro area (changing composition) - Government bond, nominal, all issuers whose rating is triple A - Svensson model - continuous compounding - yield error minimisation - Yield curve spot rate, 5-year maturity",PCPA,0
YC.B.U2.EUR.4F.G_N_A.SV_C_YM.SR_5Y,B,U2,EUR,4F,G_N_A,SV_C_YM,SR_5Y,2024-07-11,2.4143403861,A,F,,,P1D,,E,,,,,,,,,,,,,,,Technical notes are available at the following link: https://www.ecb.europa.eu/stats/financial_markets_and_interest_rates/euro_area_yield_curves/shared/pdf/technical_notes.pdf,,6,,,AAA yield curve - 5-year spot rate,"Euro area (changing composition) - Government bond, nominal, all issuers whose rating is triple A - Svensson model - continuous compounding - yield error minimisation - Yield curve spot rate, 5-year maturity",PCPA,0
YC.B.U2.EUR.4F.G_N_A.SV_C_YM.SR_5Y,B,U2,EUR,4F,G_N_A,SV_C_YM,SR_5Y,2024-07-12,2.4414948608,A,F,,,P1D,,E,,,,,,,,,,,,,,,Technical notes are available at the following link: https://www.ecb.europa.eu/stats/financial_markets_and_interest_rates/euro_area_yield_curves/shared/pdf/technical_notes.pdf,,6,,,AAA yield curve - 5-year spot rate,"Euro area (changing composition) - Government bond, nominal, all issuers whose rating is triple A - Svensson model - continuous compounding - yield error minimisation - Yield curve spot rate, 5-year maturity",PCPA,0
YC.B.U2.EUR.4F.G_N_A.SV_C_YM.SR_5Y,B,U2,EUR,4F,G_N_A,SV_C_YM,SR_5Y,2024-07-15,2.4104853142,A,F,,,P1D,,E,,,,,,,,,,,,,,,Technical notes are available at the following link: https://www.ecb.europa.eu/stats/financial_markets_and_interest_rates/euro_area_yield_curves/shared/pdf/technical_notes.pdf,,6,,,AAA yield curve - 5-year spot rate,"Euro area (changing composition) - Government bond, nominal, all issuers whose rating is triple A - Svensson model - continuous compounding - yield error minimisation - Yield curve spot rate, 5-year maturity",PCPA,0
YC.B.U2.EUR.4F.G_N_A.SV_C_YM.SR_5Y,B,U2,EUR,4F,G_N_A,SV_C_YM,SR_5Y,2024-07-16,2.3734084568,A,F,,,P1D,,E,,,,,,,,,,,,,,,Technical notes are available at the following link: https://www.ecb.europa.eu/stats/financial_markets_and_interest_rates/euro_area_yield_curves/shared/pdf/technical_notes.pdf,,6,,,AAA yield curve - 5-year spot rate,"Euro area (changing composition) - Government bond, nominal, all issuers whose rating is triple A - Svensson model - continuous compounding - yield error minimisation - Yield curve spot rate, 5-year maturity",PCPA,0
YC.B.U2.EUR.4F.G_N_A.SV_C_YM.SR_5Y,B,U2,EUR,4F,G_N_A,SV_C_YM,SR_5Y,2024-07-17,2.3700578799,A,F,,,P1D,,E,,,,,,,,,,,,,,,Technical notes are available at the following link: https://www.ecb.europa.eu/stats/financial_markets_and_interest_rates/euro_area_yield_curves/shared/pdf/technical_notes.pdf,,6,,,AAA yield curve - 5-year spot rate,"Euro area (changing composition) - Government bond, nominal, all issuers whose rating is triple A - Svensson model - continuous compounding - yield error minimisation - Yield curve spot rate, 5-year maturity",PCPA,0
YC.B.U2.EUR.4F.G_N_A.SV_C_YM.SR_5Y,B,U2,EUR,4F,G_N_A,SV_C_YM,SR_5Y,2024-07-18,2.3436235462,A,F,,,P1D,,E,,,,,,,,,,,,,,,Technical notes are available at the following link: https://www.ecb.europa.eu/stats/financial_markets_and_interest_rates/euro_area_yield_curves/shared/pdf/technical_notes.pdf,,6,,,AAA yield curve - 5-year spot rate,"Euro area (changing composition) - Government bond, nominal, all issuers whose rating is triple A - Svensson model - continuous compounding - yield error minimisation - Yield curve spot rate, 5-year maturity",PCPA,0
YC.B.U2.EUR.4F.G_N_A.SV_C_YM.SR_5Y,B,U2,EUR,4F,G_N_A,SV_C_YM,SR_5Y,2024-07-19,2.3882280423,A,F,,,P1D,,E,,,,,,,,,,,,,,,Technical notes are available at the following link: https://www.ecb.europa.eu/stats/financial_markets_and_interest_rates/euro_area_yield_curves/shared/pdf/technical_notes.pdf,,6,,,AAA yield curve - 5-year spot rate,"Euro area (changing composition) - Government bond, nominal, all issuers whose rating is triple A - Svensson model - continuous compounding - yield error minimisation - Yield curve spot rate, 5-year maturity",PCPA,0
YC.B.U2.EUR.4F.G_N_A.SV_C_YM.SR_5Y,B,U2,EUR,4F,G_N_A,SV_C_YM,SR_5Y,2024-07-22,2.3990595738,A,F,,,P1D,,E,,,,,,,,,,,,,,,Technical notes are available at the following link: https://www.ecb.europa.eu/stats/financial_markets_and_interest_rates/euro_area_yield_curves/shared/pdf/technical_notes.pdf,,6,,,AAA yield curve - 5-year spot rate,"Euro area (changing composition) - Government bond, nominal, all issuers whose rating is triple A - Svensson model - continuous compounding - yield error minimisation - Yield curve spot rate, 5-year maturity",PCPA,0
YC.B.U2.EUR.4F.G_N_A.SV_C_YM.SR_5Y,B,U2,EUR,4F,G_N_A,SV_C_YM,SR_5Y,2024-07-23,2.3630648021,A,F,,,P1D,,E,,,,,,,,,,,,,,,Technical notes are available at the following link: https://www.ecb.europa.eu/stats/financial_markets_and_interest_rates/euro_area_yield_curves/shared/pdf/technical_notes.pdf,,6,,,AAA yield curve - 5-year spot rate,"Euro area (changing composition) - Government bond, nominal, all issuers whose rating is triple A - Svensson model - continuous compounding - yield error minimisation - Yield curve spot rate, 5-year maturity",PCPA,0
YC.B.U2.EUR.4F.G_N_A.SV_C_YM.SR_5Y,B,U2,EUR,4F,G_N_A,SV_C_YM,SR_5Y,2024-07-24,2.3327621104,A,F,,,P1D,,E,,,,,,,,,,,,,,,Technical notes are available at the following link: https://www.ecb.europa.eu/stats/financial_markets_and_interest_rates/euro_area_yield_curves/shared/pdf/technical_notes.pdf,,6,,,AAA yield curve - 5-year spot rate,"Euro area (changing composition) - Government bond, nominal, all issuers whose rating is triple A - Svensson model - continuous compounding - yield error minimisation - Yield curve spot rate, 5-year maturity",PCPA,0
YC.B.U2.EUR.4F.G_N_A.SV_C_YM.SR_5Y,B,U2,EUR,4F,G_N_A,SV_C_YM,SR_5Y,2024-07-25,2.296105079,A,F,,,P1D,,E,,,,,,,,,,,,,,,Technical notes are available at the following link: https://www.ecb.europa.eu/stats/financial_markets_and_interest_rates/euro_area_yield_curves/shared/pdf/technical_notes.pdf,,6,,,AAA yield curve - 5-year spot rate,"Euro area (changing composition) - Government bond, nominal, all issuers whose rating is triple A - Svensson model - continuous compounding - yield error minimisation - Yield curve spot rate, 5-year maturity",PCPA,0
YC.B.U2.EUR.4F.G_N_A.SV_C_YM.SR_5Y,B,U2,EUR,4F,G_N_A,SV_C_YM,SR_5Y,2024-07-26,2.2945165243,A,F,,,P1D,,E,,,,,,,,,,,,,,,Technical notes are available at the following link: https://www.ecb.europa.eu/stats/financial_markets_and_interest_rates/euro_area_yield_curves/shared/pdf/technical_notes.pdf,,6,,,AAA yield curve - 5-year spot rate,"Euro area (changing composition) - Government bond, nominal, all issuers whose rating is triple A - Svensson model - continuous compounding - yield error minimisation - Yield curve spot rate, 5-year maturity",PCPA,0
YC.B.U2.EUR.4F.G_N_A.SV_C_YM.SR_5Y,B,U2,EUR,4F,G_N_A,SV_C_YM,SR_5Y,2024-07-29,2.2805908243,A,F,,,P1D,,E,,,,,,,,,,,,,,,Technical notes are available at the following link: https://www.ecb.europa.eu/stats/financial_markets_and_interest_rates/euro_area_yield_curves/shared/pdf/technical_notes.pdf,,6,,,AAA yield curve - 5-year spot rate,"Euro area (changing composition) - Government bond, nominal, all issuers whose rating is triple A - Svensson model - continuous compounding - yield error minimisation - Yield curve spot rate, 5-year maturity",PCPA,0
YC.B.U2.EUR.4F.G_N_A.SV_C_YM.SR_5Y,B,U2,EUR,4F,G_N_A,SV_C_YM,SR_5Y,2024-07-30,2.2177051767,A,F,,,P1D,,E,,,,,,,,,,,,,,,Technical notes are available at the following link: https://www.ecb.europa.eu/stats/financial_markets_and_interest_rates/euro_area_yield_curves/shared/pdf/technical_notes.pdf,,6,,,AAA yield curve - 5-year spot rate,"Euro area (changing composition) - Government bond, nominal, all issuers whose rating is triple A - Svensson model - continuous compounding - yield error minimisation - Yield curve spot rate, 5-year maturity",PCPA,0
YC.B.U2.EUR.4F.G_N_A.SV_C_YM.SR_5Y,B,U2,EUR,4F,G_N_A,SV_C_YM,SR_5Y,2024-07-31,2.1876895938,A,F,,,P1D,,E,,,,,,,,,,,,,,,Technical notes are available at the following link: https://www.ecb.europa.eu/stats/financial_markets_and_interest_rates/euro_area_yield_curves/shared/pdf/technical_notes.pdf,,6,,,AAA yield curve - 5-year spot rate,"Euro area (changing composition) - Government bond, nominal, all issuers whose rating is triple A - Svensson model - continuous compounding - yield error minimisation - Yield curve spot rate, 5-year maturity",PCPA,0
YC.B.U2.EUR.4F.G_N_A.SV_C_YM.SR_5Y,B,U2,EUR,4F,G_N_A,SV_C_YM,SR_5Y,2024-08-01,2.1419216255,A,F,,,P1D,,E,,,,,,,,,,,,,,,Technical notes are available at the following link: https://www.ecb.europa.eu/stats/financial_markets_and_interest_rates/euro_area_yield_curves/shared/pdf/technical_notes.pdf,,6,,,AAA yield curve - 5-year spot rate,"Euro area (changing composition) - Government bond, nominal, all issuers whose rating is triple A - Svensson model - continuous compounding - yield error minimisation - Yield curve spot rate, 5-year maturity",PCPA,0
YC.B.U2.EUR.4F.G_N_A.SV_C_YM.SR_5Y,B,U2,EUR,4F,G_N_A,SV_C_YM,SR_5Y,2024-08-02,2.0504088143,A,F,,,P1D,,E,,,,,,,,,,,,,,,Technical notes are available at the following link: https://www.ecb.europa.eu/stats/financial_markets_and_interest_rates/euro_area_yield_curves/shared/pdf/technical_notes.pdf,,6,,,AAA yield curve - 5-year spot rate,"Euro area (changing composition) - Government bond, nominal, all issuers whose rating is triple A - Svensson model - continuous compounding - yield error minimisation - Yield curve spot rate, 5-year maturity",PCPA,0
YC.B.U2.EUR.4F.G_N_A.SV_C_YM.SR_5Y,B,U2,EUR,4F,G_N_A,SV_C_YM,SR_5Y,2024-08-05,1.9989695315,A,F,,,P1D,,E,,,,,,,,,,,,,,,Technical notes are available at the following link: https://www.ecb.europa.eu/stats/financial_markets_and_interest_rates/euro_area_yield_curves/shared/pdf/technical_notes.pdf,,6,,,AAA yield curve - 5-year spot rate,"Euro area (changing composition) - Government bond, nominal, all issuers whose rating is triple A - Svensson model - continuous compounding - yield error minimisation - Yield curve spot rate, 5-year maturity",PCPA,0
YC.B.U2.EUR.4F.G_N_A.SV_C_YM.SR_5Y,B,U2,EUR,4F,G_N_A,SV_C_YM,SR_5Y,2024-08-06,2.0387262543,A,F,,,P1D,,E,,,,,,,,,,,,,,,Technical notes are available at the following link: https://www.ecb.europa.eu/stats/financial_markets_and_interest_rates/euro_area_yield_curves/shared/pdf/technical_notes.pdf,,6,,,AAA yield curve - 5-year spot rate,"Euro area (changing composition) - Government bond, nominal, all issuers whose rating is triple A - Svensson model - continuous compounding - yield error minimisation - Yield curve spot rate, 5-year maturity",PCPA,0
YC.B.U2.EUR.4F.G_N_A.SV_C_YM.SR_5Y,B,U2,EUR,4F,G_N_A,SV_C_YM,SR_5Y,2024-08-07,2.137291874,A,F,,,P1D,,E,,,,,,,,,,,,,,,Technical notes are available at the following link: https://www.ecb.europa.eu/stats/financial_markets_and_interest_rates/euro_area_yield_curves/shared/pdf/technical_notes.pdf,,6,,,AAA yield curve - 5-year spot rate,"Euro area (changing composition) - Government bond, nominal, all issuers whose rating is triple A - Svensson model - continuous compounding - yield error minimisation - Yield curve spot rate, 5-year maturity",PCPA,0
YC.B.U2.EUR.4F.G_N_A.SV_C_YM.SR_5Y,B,U2,EUR,4F,G_N_A,SV_C_YM,SR_5Y,2024-08-08,2.1245404623,A,F,,,P1D,,E,,,,,,,,,,,,,,,Technical notes are available at the following link: https://www.ecb.europa.eu/stats/financial_markets_and_interest_rates/euro_area_yield_curves/shared/pdf/technical_notes.pdf,,6,,,AAA yield curve - 5-year spot rate,"Euro area (changing composition) - Government bond, nominal, all issuers whose rating is triple A - Svensson model - continuous compounding - yield error minimisation - Yield curve spot rate, 5-year maturity",PCPA,0
YC.B.U2.EUR.4F.G_N_A.SV_C_YM.SR_5Y,B,U2,EUR,4F,G_N_A,SV_C_YM,SR_5Y,2024-08-09,2.0868031989,A,F,,,P1D,,E,,,,,,,,,,,,,,,Technical notes are available at the following link: https://www.ecb.europa.eu/stats/financial_markets_and_interest_rates/euro_area_yield_curves/shared/pdf/technical_notes.pdf,,6,,,AAA yield curve - 5-year spot rate,"Euro area (changing composition) - Government bond, nominal, all issuers whose rating is triple A - Svensson model - continuous compounding - yield error minimisation - Yield curve spot rate, 5-year maturity",PCPA,0
YC.B.U2.EUR.4F.G_N_A.SV_C_YM.SR_5Y,B,U2,EUR,4F,G_N_A,SV_C_YM,SR_5Y,2024-08-12,2.092379281,A,F,,,P1D,,E,,,,,,,,,,,,,,,Technical notes are available at the following link: https://www.ecb.europa.eu/stats/financial_markets_and_interest_rates/euro_area_yield_curves/shared/pdf/technical_notes.pdf,,6,,,AAA yield curve - 5-year spot rate,"Euro area (changing composition) - Government bond, nominal, all issuers whose rating is triple A - Svensson model - continuous compounding - yield error minimisation - Yield curve spot rate, 5-year maturity",PCPA,0
YC.B.U2.EUR.4F.G_N_A.SV_C_YM.SR_5Y,B,U2,EUR,4F,G_N_A,SV_C_YM,SR_5Y,2024-08-13,2.0551867046,A,F,,,P1D,,E,,,,,,,,,,,,,,,Technical notes are available at the following link: https://www.ecb.europa.eu/stats/financial_markets_and_interest_rates/euro_area_yield_curves/shared/pdf/technical_notes.pdf,,6,,,AAA yield curve - 5-year spot rate,"Euro area (changing composition) - Government bond, nominal, all issuers whose rating is triple A - Svensson model - continuous compounding - yield error minimisation - Yield curve spot rate, 5-year maturity",PCPA,0
YC.B.U2.EUR.4F.G_N_A.SV_C_YM.SR_5Y,B,U2,EUR,4F,G_N_A,SV_C_YM,SR_5Y,2024-08-14,2.0528959338,A,F,,,P1D,,E,,,,,,,,,,,,,,,Technical notes are available at the following link: https://www.ecb.europa.eu/stats/financial_markets_and_interest_rates/euro_area_yield_curves/shared/pdf/technical_notes.pdf,,6,,,AAA yield curve - 5-year spot rate,"Euro area (changing composition) - Government bond, nominal, all issuers whose rating is triple A - Svensson model - continuous compounding - yield error minimisation - Yield curve spot rate, 5-year maturity",PCPA,0
YC.B.U2.EUR.4F.G_N_A.SV_C_YM.SR_5Y,B,U2,EUR,4F,G_N_A,SV_C_YM,SR_5Y,2024-08-15,2.1342211151,A,F,,,P1D,,E,,,,,,,,,,,,,,,Technical notes are available at the following link: https://www.ecb.europa.eu/stats/financial_markets_and_interest_rates/euro_area_yield_curves/shared/pdf/technical_notes.pdf,,6,,,AAA yield curve - 5-year spot rate,"Euro area (changing composition) - Government bond, nominal, all issuers whose rating is triple A - Svensson model - continuous compounding - yield error minimisation - Yield curve spot rate, 5-year maturity",PCPA,0
YC.B.U2.EUR.4F.G_N_A.SV_C_YM.SR_5Y,B,U2,EUR,4F,G_N_A,SV_C_YM,SR_5Y,2024-08-16,2.1339565239,A,F,,,P1D,,E,,,,,,,,,,,,,,,Technical notes are available at the following link: https://www.ecb.europa.eu/stats/financial_markets_and_interest_rates/euro_area_yield_curves/shared/pdf/technical_notes.pdf,,6,,,AAA yield curve - 5-year spot rate,"Euro area (changing composition) - Government bond, nominal, all issuers whose rating is triple A - Svensson model - continuous compounding - yield error minimisation - Yield curve spot rate, 5-year maturity",PCPA,0
YC.B.U2.EUR.4F.G_N_A.SV_C_YM.SR_5Y,B,U2,EUR,4F,G_N_A,SV_C_YM,SR_5Y,2024-08-19,2.1437053244,A,F,,,P1D,,E,,,,,,,,,,,,,,,Technical notes are available at the following link: https://www.ecb.europa.eu/stats/financial_markets_and_interest_rates/euro_area_yield_curves/shared/pdf/technical_notes.pdf,,6,,,AAA yield curve - 5-year spot rate,"Euro area (changing composition) - Government bond, nominal, all issuers whose rating is triple A - Svensson model - continuous compounding - yield error minimisation - Yield curve spot rate, 5-year maturity",PCPA,0
YC.B.U2.EUR.4F.G_N_A.SV_C_YM.SR_5Y,B,U2,EUR,4F,G_N_A,SV_C_YM,SR_5Y,2024-08-20,2.1174979471,A,F,,,P1D,,E,,,,,,,,,,,,,,,Technical notes are available at the following link: https://www.ecb.europa.eu/stats/financial_markets_and_interest_rates/euro_area_yield_curves/shared/pdf/technical_notes.pdf,,6,,,AAA yield curve - 5-year spot rate,"Euro area (changing composition) - Government bond, nominal, all issuers whose rating is triple A - Svensson model - continuous compounding - yield error minimisation - Yield curve spot rate, 5-year maturity",PCPA,0
YC.B.U2.EUR.4F.G_N_A.SV_C_YM.SR_5Y,B,U2,EUR,4F,G_N_A,SV_C_YM,SR_5Y,2024-08-21,2.0975323699,A,F,,,P1D,,E,,,,,,,,,,,,,,,Technical notes are available at the following link: https://www.ecb.europa.eu/stats/financial_markets_and_interest_rates/euro_area_yield_curves/shared/pdf/technical_notes.pdf,,6,,,AAA yield curve - 5-year spot rate,"Euro area (changing composition) - Government bond, nominal, all issuers whose rating is triple A - Svensson model - continuous compounding - yield error minimisation - Yield curve spot rate, 5-year maturity",PCPA,0
YC.B.U2.EUR.4F.G_N_A.SV_C_YM.SR_5Y,B,U2,EUR,4F,G_N_A,SV_C_YM,SR_5Y,2024-08-22,2.1138374145,A,F,,,P1D,,E,,,,,,,,,,,,,,,Technical notes are available at the following link: https://www.ecb.europa.eu/stats/financial_markets_and_interest_rates/euro_area_yield_curves/shared/pdf/technical_notes.pdf,,6,,,AAA yield curve - 5-year spot rate,"Euro area (changing composition) - Government bond, nominal, all issuers whose rating is triple A - Svensson model - continuous compounding - yield error minimisation - Yield curve spot rate, 5-year maturity",PCPA,0
YC.B.U2.EUR.4F.G_N_A.SV_C_YM.SR_5Y,B,U2,EUR,4F,G_N_A,SV_C_YM,SR_5Y,2024-08-23,2.1230561225,A,F,,,P1D,,E,,,,,,,,,,,,,,,Technical notes are available at the following link: https://www.ecb.europa.eu/stats/financial_markets_and_interest_rates/euro_area_yield_curves/shared/pdf/technical_notes.pdf,,6,,,AAA yield curve - 5-year spot rate,"Euro area (changing composition) - Government bond, nominal, all issuers whose rating is triple A - Svensson model - continuous compounding - yield error minimisation - Yield curve spot rate, 5-year maturity",PCPA,0
YC.B.U2.EUR.4F.G_N_A.SV_C_YM.SR_5Y,B,U2,EUR,4F,G_N_A,SV_C_YM,SR_5Y,2024-08-26,2.1229336103,A,F,,,P1D,,E,,,,,,,,,,,,,,,Technical notes are available at the following link: https://www.ecb.europa.eu/stats/financial_markets_and_interest_rates/euro_area_yield_curves/shared/pdf/technical_notes.pdf,,6,,,AAA yield curve - 5-year spot rate,"Euro area (changing composition) - Government bond, nominal, all issuers whose rating is triple A - Svensson model - continuous compounding - yield error minimisation - Yield curve spot rate, 5-year maturity",PCPA,0
YC.B.U2.EUR.4F.G_N_A.SV_C_YM.SR_5Y,B,U2,EUR,4F,G_N_A,SV_C_YM,SR_5Y,2024-08-27,2.1478983224,A,F,,,P1D,,E,,,,,,,,,,,,,,,Technical notes are available at the following link: https://www.ecb.europa.eu/stats/financial_markets_and_interest_rates/euro_area_yield_curves/shared/pdf/technical_notes.pdf,,6,,,AAA yield curve - 5-year spot rate,"Euro area (changing composition) - Government bond, nominal, all issuers whose rating is triple A - Svensson model - continuous compounding - yield error minimisation - Yield curve spot rate, 5-year maturity",PCPA,0
YC.B.U2.EUR.4F.G_N_A.SV_C_YM.SR_5Y,B,U2,EUR,4F,G_N_A,SV_C_YM,SR_5Y,2024-08-28,2.1289841464,A,F,,,P1D,,E,,,,,,,,,,,,,,,Technical notes are available at the following link: https://www.ecb.europa.eu/stats/financial_markets_and_interest_rates/euro_area_yield_curves/shared/pdf/technical_notes.pdf,,6,,,AAA yield curve - 5-year spot rate,"Euro area (changing composition) - Government bond, nominal, all issuers whose rating is triple A - Svensson model - continuous compounding - yield error minimisation - Yield curve spot rate, 5-year maturity",PCPA,0
YC.B.U2.EUR.4F.G_N_A.SV_C_YM.SR_5Y,B,U2,EUR,4F,G_N_A,SV_C_YM,SR_5Y,2024-08-29,2.1275074155,A,F,,,P1D,,E,,,,,,,,,,,,,,,Technical notes are available at the following link: https://www.ecb.europa.eu/stats/financial_markets_and_interest_rates/euro_area_yield_curves/shared/pdf/technical_notes.pdf,,6,,,AAA yield curve - 5-year spot rate,"Euro area (changing composition) - Government bond, nominal, all issuers whose rating is triple A - Svensson model - continuous compounding - yield error minimisation - Yield curve spot rate, 5-year maturity",PCPA,0
YC.B.U2.EUR.4F.G_N_A.SV_C_YM.SR_5Y,B,U2,EUR,4F,G_N_A,SV_C_YM,SR_5Y,2024-08-30,2.1401159754,A,F,,,P1D,,E,,,,,,,,,,,,,,,Technical notes are available at the following link: https://www.ecb.europa.eu/stats/financial_markets_and_interest_rates/euro_area_yield_curves/shared/pdf/technical_notes.pdf,,6,,,AAA yield curve - 5-year spot rate,"Euro area (changing composition) - Government bond, nominal, all issuers whose rating is triple A - Svensson model - continuous compounding - yield error minimisation - Yield curve spot rate, 5-year maturity",PCPA,0
YC.B.U2.EUR.4F.G_N_A.SV_C_YM.SR_5Y,B,U2,EUR,4F,G_N_A,SV_C_YM,SR_5Y,2024-09-02,2.1933531652,A,F,,,P1D,,E,,,,,,,,,,,,,,,Technical notes are available at the following link: https://www.ecb.europa.eu/stats/financial_markets_and_interest_rates/euro_area_yield_curves/shared/pdf/technical_notes.pdf,,6,,,AAA yield curve - 5-year spot rate,"Euro area (changing composition) - Government bond, nominal, all issuers whose rating is triple A - Svensson model - continuous compounding - yield error minimisation - Yield curve spot rate, 5-year maturity",PCPA,0
YC.B.U2.EUR.4F.G_N_A.SV_C_YM.SR_5Y,B,U2,EUR,4F,G_N_A,SV_C_YM,SR_5Y,2024-09-03,2.1395551693,A,F,,,P1D,,E,,,,,,,,,,,,,,,Technical notes are available at the following link: https://www.ecb.europa.eu/stats/financial_markets_and_interest_rates/euro_area_yield_curves/shared/pdf/technical_notes.pdf,,6,,,AAA yield curve - 5-year spot rate,"Euro area (changing composition) - Government bond, nominal, all issuers whose rating is triple A - Svensson model - continuous compounding - yield error minimisation - Yield curve spot rate, 5-year maturity",PCPA,0
YC.B.U2.EUR.4F.G_N_A.SV_C_YM.SR_5Y,B,U2,EUR,4F,G_N_A,SV_C_YM,SR_5Y,2024-09-04,2.0776722911,A,F,,,P1D,,E,,,,,,,,,,,,,,,Technical notes are available at the following link: https://www.ecb.europa.eu/stats/financial_markets_and_interest_rates/euro_area_yield_curves/shared/pdf/technical_notes.pdf,,6,,,AAA yield curve - 5-year spot rate,"Euro area (changing composition) - Government bond, nominal, all issuers whose rating is triple A - Svensson model - continuous compounding - yield error minimisation - Yield curve spot rate, 5-year maturity",PCPA,0
YC.B.U2.EUR.4F.G_N_A.SV_C_YM.SR_5Y,B,U2,EUR,4F,G_N_A,SV_C_YM,SR_5Y,2024-09-05,2.0595404099,A,F,,,P1D,,E,,,,,,,,,,,,,,,Technical notes are available at the following link: https://www.ecb.europa.eu/stats/financial_markets_and_interest_rates/euro_area_yield_curves/shared/pdf/technical_notes.pdf,,6,,,AAA yield curve - 5-year spot rate,"Euro area (changing composition) - Government bond, nominal, all issuers whose rating is triple A - Svensson model - continuous compounding - yield error minimisation - Yield curve spot rate, 5-year maturity",PCPA,0
YC.B.U2.EUR.4F.G_N_A.SV_C_YM.SR_5Y,B,U2,EUR,4F,G_N_A,SV_C_YM,SR_5Y,2024-09-06,2.040525768,A,F,,,P1D,,E,,,,,,,,,,,,,,,Technical notes are available at the following link: https://www.ecb.europa.eu/stats/financial_markets_and_interest_rates/euro_area_yield_curves/shared/pdf/technical_notes.pdf,,6,,,AAA yield curve - 5-year spot rate,"Euro area (changing composition) - Government bond, nominal, all issuers whose rating is triple A - Svensson model - continuous compounding - yield error minimisation - Yield curve spot rate, 5-year maturity",PCPA,0
YC.B.U2.EUR.4F.G_N_A.SV_C_YM.SR_5Y,B,U2,EUR,4F,G_N_A,SV_C_YM,SR_5Y,2024-09-09,2.0176150512,A,F,,,P1D,,E,,,,,,,,,,,,,,,Technical notes are available at the following link: https://www.ecb.europa.eu/stats/financial_markets_and_interest_rates/euro_area_yield_curves/shared/pdf/technical_notes.pdf,,6,,,AAA yield curve - 5-year spot rate,"Euro area (changing composition) - Government bond, nominal, all issuers whose rating is triple A - Svensson model - continuous compounding - yield error minimisation - Yield curve spot rate, 5-year maturity",PCPA,0
YC.B.U2.EUR.4F.G_N_A.SV_C_YM.SR_5Y,B,U2,EUR,4F,G_N_A,SV_C_YM,SR_5Y,2024-09-10,2.0098304455,A,F,,,P1D,,E,,,,,,,,,,,,,,,Technical notes are available at the following link: https://www.ecb.europa.eu/stats/financial_markets_and_interest_rates/euro_area_yield_curves/shared/pdf/technical_notes.pdf,,6,,,AAA yield curve - 5-year spot rate,"Euro area (changing composition) - Government bond, nominal, all issuers whose rating is triple A - Svensson model - continuous compounding - yield error minimisation - Yield curve spot rate, 5-year maturity",PCPA,0
YC.B.U2.EUR.4F.G_N_A.SV_C_YM.SR_5Y,B,U2,EUR,4F,G_N_A,SV_C_YM,SR_5Y,2024-09-11,1.9414004531,A,F,,,P1D,,E,,,,,,,,,,,,,,,Technical notes are available at the following link: https://www.ecb.europa.eu/stats/financial_markets_and_interest_rates/euro_area_yield_curves/shared/pdf/technical_notes.pdf,,6,,,AAA yield curve - 5-year spot rate,"Euro area (changing composition) - Government bond, nominal, all issuers whose rating is triple A - Svensson model - continuous compounding - yield error minimisation - Yield curve spot rate, 5-year maturity",PCPA,0
YC.B.U2.EUR.4F.G_N_A.SV_C_YM.SR_5Y,B,U2,EUR,4F,G_N_A,SV_C_YM,SR_5Y,2024-09-12,1.9679030803,A,F,,,P1D,,E,,,,,,,,,,,,,,,Technical notes are available at the following link: https://www.ecb.europa.eu/stats/financial_markets_and_interest_rates/euro_area_yield_curves/shared/pdf/technical_notes.pdf,,6,,,AAA yield curve - 5-year spot rate,"Euro area (changing composition) - Government bond, nominal, all issuers whose rating is triple A - Svensson model - continuous compounding - yield error minimisation - Yield curve spot rate, 5-year maturity",PCPA,0
YC.B.U2.EUR.4F.G_N_A.SV_C_YM.SR_5Y,B,U2,EUR,4F,G_N_A,SV_C_YM,SR_5Y,2024-09-13,1.9930524862,A,F,,,P1D,,E,,,,,,,,,,,,,,,Technical notes are available at the following link: https://www.ecb.europa.eu/stats/financial_markets_and_interest_rates/euro_area_yield_curves/shared/pdf/technical_notes.pdf,,6,,,AAA yield curve - 5-year spot rate,"Euro area (changing composition) - Government bond, nominal, all issuers whose rating is triple A - Svensson model - continuous compounding - yield error minimisation - Yield curve spot rate, 5-year maturity",PCPA,0
YC.B.U2.EUR.4F.G_N_A.SV_C_YM.SR_5Y,B,U2,EUR,4F,G_N_A,SV_C_YM,SR_5Y,2024-09-16,1.9875838894,A,F,,,P1D,,E,,,,,,,,,,,,,,,Technical notes are available at the following link: https://www.ecb.europa.eu/stats/financial_markets_and_interest_rates/euro_area_yield_curves/shared/pdf/technical_notes.pdf,,6,,,AAA yield curve - 5-year spot rate,"Euro area (changing composition) - Government bond, nominal, all issuers whose rating is triple A - Svensson model - continuous compounding - yield error minimisation - Yield curve spot rate, 5-year maturity",PCPA,0
YC.B.U2.EUR.4F.G_N_A.SV_C_YM.SR_5Y,B,U2,EUR,4F,G_N_A,SV_C_YM,SR_5Y,2024-09-17,2.0005889268,A,F,,,P1D,,E,,,,,,,,,,,,,,,Technical notes are available at the following link: https://www.ecb.europa.eu/stats/financial_markets_and_interest_rates/euro_area_yield_curves/shared/pdf/technical_notes.pdf,,6,,,AAA yield curve - 5-year spot rate,"Euro area (changing composition) - Government bond, nominal, all issuers whose rating is triple A - Svensson model - continuous compounding - yield error minimisation - Yield curve spot rate, 5-year maturity",PCPA,0
YC.B.U2.EUR.4F.G_N_A.SV_C_YM.SR_5Y,B,U2,EUR,4F,G_N_A,SV_C_YM,SR_5Y,2024-09-18,2.0439414366,A,F,,,P1D,,E,,,,,,,,,,,,,,,Technical notes are available at the following link: https://www.ecb.europa.eu/stats/financial_markets_and_interest_rates/euro_area_yield_curves/shared/pdf/technical_notes.pdf,,6,,,AAA yield curve - 5-year spot rate,"Euro area (changing composition) - Government bond, nominal, all issuers whose rating is triple A - Svensson model - continuous compounding - yield error minimisation - Yield curve spot rate, 5-year maturity",PCPA,0
YC.B.U2.EUR.4F.G_N_A.SV_C_YM.SR_5Y,B,U2,EUR,4F,G_N_A,SV_C_YM,SR_5Y,2024-09-19,2.035632782,A,F,,,P1D,,E,,,,,,,,,,,,,,,Technical notes are available at the following link: https://www.ecb.europa.eu/stats/financial_markets_and_interest_rates/euro_area_yield_curves/shared/pdf/technical_notes.pdf,,6,,,AAA yield curve - 5-year spot rate,"Euro area (changing composition) - Government bond, nominal, all issuers whose rating is triple A - Svensson model - continuous compounding - yield error minimisation - Yield curve spot rate, 5-year maturity",PCPA,0
YC.B.U2.EUR.4F.G_N_A.SV_C_YM.SR_5Y,B,U2,EUR,4F,G_N_A,SV_C_YM,SR_5Y,2024-09-20,2.0491840777,A,F,,,P1D,,E,,,,,,,,,,,,,,,Technical notes are available at the following link: https://www.ecb.europa.eu/stats/financial_markets_and_interest_rates/euro_area_yield_curves/shared/pdf/technical_notes.pdf,,6,,,AAA yield curve - 5-year spot rate,"Euro area (changing composition) - Government bond, nominal, all issuers whose rating is triple A - Svensson model - continuous compounding - yield error minimisation - Yield curve spot rate, 5-year maturity",PCPA,0
YC.B.U2.EUR.4F.G_N_A.SV_C_YM.SR_5Y,B,U2,EUR,4F,G_N_A,SV_C_YM,SR_5Y,2024-09-23,2.0061366365,A,F,,,P1D,,E,,,,,,,,,,,,,,,Technical notes are available at the following link: https://www.ecb.europa.eu/stats/financial_markets_and_interest_rates/euro_area_yield_curves/shared/pdf/technical_notes.pdf,,6,,,AAA yield curve - 5-year spot rate,"Euro area (changing composition) - Government bond, nominal, all issuers whose rating is triple A - Svensson model - continuous compounding - yield error minimisation - Yield curve spot rate, 5-year maturity",PCPA,0
YC.B.U2.EUR.4F.G_N_A.SV_C_YM.SR_5Y,B,U2,EUR,4F,G_N_A,SV_C_YM,SR_5Y,2024-09-24,1.9619565858,A,F,,,P1D,,E,,,,,,,,,,,,,,,Technical notes are available at the following link: https://www.ecb.europa.eu/stats/financial_markets_and_interest_rates/euro_area_yield_curves/shared/pdf/technical_notes.pdf,,6,,,AAA yield curve - 5-year spot rate,"Euro area (changing composition) - Government bond, nominal, all issuers whose rating is triple A - Svensson model - continuous compounding - yield error minimisation - Yield curve spot rate, 5-year maturity",PCPA,0
YC.B.U2.EUR.4F.G_N_A.SV_C_YM.SR_5Y,B,U2,EUR,4F,G_N_A,SV_C_YM,SR_5Y,2024-09-25,1.9833033406,A,F,,,P1D,,E,,,,,,,,,,,,,,,Technical notes are available at the following link: https://www.ecb.europa.eu/stats/financial_markets_and_interest_rates/euro_area_yield_curves/shared/pdf/technical_notes.pdf,,6,,,AAA yield curve - 5-year spot rate,"Euro area (changing composition) - Government bond, nominal, all issuers whose rating is triple A - Svensson model - continuous compounding - yield error minimisation - Yield curve spot rate, 5-year maturity",PCPA,0
YC.B.U2.EUR.4F.G_N_A.SV_C_YM.SR_5Y,B,U2,EUR,4F,G_N_A,SV_C_YM,SR_5Y,2024-09-26,1.9402265183,A,F,,,P1D,,E,,,,,,,,,,,,,,,Technical notes are available at the following link: https://www.ecb.europa.eu/stats/financial_markets_and_interest_rates/euro_area_yield_curves/shared/pdf/technical_notes.pdf,,6,,,AAA yield curve - 5-year spot rate,"Euro area (changing composition) - Government bond, nominal, all issuers whose rating is triple A - Svensson model - continuous compounding - yield error minimisation - Yield curve spot rate, 5-year maturity",PCPA,0
YC.B.U2.EUR.4F.G_N_A.SV_C_YM.SR_5Y,B,U2,EUR,4F,G_N_A,SV_C_YM,SR_5Y,2024-09-27,1.938349222,A,F,,,P1D,,E,,,,,,,,,,,,,,,Technical notes are available at the following link: https://www.ecb.europa.eu/stats/financial_markets_and_interest_rates/euro_area_yield_curves/shared/pdf/technical_notes.pdf,,6,,,AAA yield curve - 5-year spot rate,"Euro area (changing composition) - Government bond, nominal, all issuers whose rating is triple A - Svensson model - continuous compounding - yield error minimisation - Yield curve spot rate, 5-year maturity",PCPA,0
YC.B.U2.EUR.4F.G_N_A.SV_C_YM.SR_5Y,B,U2,EUR,4F,G_N_A,SV_C_YM,SR_5Y,2024-09-30,1.929022998,A,F,,,P1D,,E,,,,,,,,,,,,,,,Technical notes are available at the following link: https://www.ecb.europa.eu/stats/financial_markets_and_interest_rates/euro_area_yield_curves/shared/pdf/technical_notes.pdf,,6,,,AAA yield curve - 5-year spot rate,"Euro area (changing composition) - Government bond, nominal, all issuers whose rating is triple A - Svensson model - continuous compounding - yield error minimisation - Yield curve spot rate, 5-year maturity",PCPA,0
YC.B.U2.EUR.4F.G_N_A.SV_C_YM.SR_5Y,B,U2,EUR,4F,G_N_A,SV_C_YM,SR_5Y,2024-10-01,1.8427477742,A,F,,,P1D,,E,,,,,,,,,,,,,,,Technical notes are available at the following link: https://www.ecb.europa.eu/stats/financial_markets_and_interest_rates/euro_area_yield_curves/shared/pdf/technical_notes.pdf,,6,,,AAA yield curve - 5-year spot rate,"Euro area (changing composition) - Government bond, nominal, all issuers whose rating is triple A - Svensson model - continuous compounding - yield error minimisation - Yield curve spot rate, 5-year maturity",PCPA,0
YC.B.U2.EUR.4F.G_N_A.SV_C_YM.SR_5Y,B,U2,EUR,4F,G_N_A,SV_C_YM,SR_5Y,2024-10-02,1.9104735744,A,F,,,P1D,,E,,,,,,,,,,,,,,,Technical notes are available at the following link: https://www.ecb.europa.eu/stats/financial_markets_and_interest_rates/euro_area_yield_curves/shared/pdf/technical_notes.pdf,,6,,,AAA yield curve - 5-year spot rate,"Euro area (changing composition) - Government bond, nominal, all issuers whose rating is triple A - Svensson model - continuous compounding - yield error minimisation - Yield curve spot rate, 5-year maturity",PCPA,0
YC.B.U2.EUR.4F.G_N_A.SV_C_YM.SR_5Y,B,U2,EUR,4F,G_N_A,SV_C_YM,SR_5Y,2024-10-03,1.9639483303,A,F,,,P1D,,E,,,,,,,,,,,,,,,Technical notes are available at the following link: https://www.ecb.europa.eu/stats/financial_markets_and_interest_rates/euro_area_yield_curves/shared/pdf/technical_notes.pdf,,6,,,AAA yield curve - 5-year spot rate,"Euro area (changing composition) - Government bond, nominal, all issuers whose rating is triple A - Svensson model - continuous compounding - yield error minimisation - Yield curve spot rate, 5-year maturity",PCPA,0
YC.B.U2.EUR.4F.G_N_A.SV_C_YM.SR_5Y,B,U2,EUR,4F,G_N_A,SV_C_YM,SR_5Y,2024-10-04,2.016164118,A,F,,,P1D,,E,,,,,,,,,,,,,,,Technical notes are available at the following link: https://www.ecb.europa.eu/stats/financial_markets_and_interest_rates/euro_area_yield_curves/shared/pdf/technical_notes.pdf,,6,,,AAA yield curve - 5-year spot rate,"Euro area (changing composition) - Government bond, nominal, all issuers whose rating is triple A - Svensson model - continuous compounding - yield error minimisation - Yield curve spot rate, 5-year maturity",PCPA,0
YC.B.U2.EUR.4F.G_N_A.SV_C_YM.SR_5Y,B,U2,EUR,4F,G_N_A,SV_C_YM,SR_5Y,2024-10-07,2.0712763286,A,F,,,P1D,,E,,,,,,,,,,,,,,,Technical notes are available at the following link: https://www.ecb.europa.eu/stats/financial_markets_and_interest_rates/euro_area_yield_curves/shared/pdf/technical_notes.pdf,,6,,,AAA yield curve - 5-year spot rate,"Euro area (changing composition) - Government bond, nominal, all issuers whose rating is triple A - Svensson model - continuous compounding - yield error minimisation - Yield curve spot rate, 5-year maturity",PCPA,0
YC.B.U2.EUR.4F.G_N_A.SV_C_YM.SR_5Y,B,U2,EUR,4F,G_N_A,SV_C_YM,SR_5Y,2024-10-08,2.083655321,A,F,,,P1D,,E,,,,,,,,,,,,,,,Technical notes are available at the following link: https://www.ecb.europa.eu/stats/financial_markets_and_interest_rates/euro_area_yield_curves/shared/pdf/technical_notes.pdf,,6,,,AAA yield curve - 5-year spot rate,"Euro area (changing composition) - Government bond, nominal, all issuers whose rating is triple A - Svensson model - continuous compounding - yield error minimisation - Yield curve spot rate, 5-year maturity",PCPA,0
YC.B.U2.EUR.4F.G_N_A.SV_C_YM.SR_5Y,B,U2,EUR,4F,G_N_A,SV_C_YM,SR_5Y,2024-10-09,2.0766417309,A,F,,,P1D,,E,,,,,,,,,,,,,,,Technical notes are available at the following link: https://www.ecb.europa.eu/stats/financial_markets_and_interest_rates/euro_area_yield_curves/shared/pdf/technical_notes.pdf,,6,,,AAA yield curve - 5-year spot rate,"Euro area (changing composition) - Government bond, nominal, all issuers whose rating is triple A - Svensson model - continuous compounding - yield error minimisation - Yield curve spot rate, 5-year maturity",PCPA,0
YC.B.U2.EUR.4F.G_N_A.SV_C_YM.SR_5Y,B,U2,EUR,4F,G_N_A,SV_C_YM,SR_5Y,2024-10-10,2.0918307263,A,F,,,P1D,,E,,,,,,,,,,,,,,,Technical notes are available at the following link: https://www.ecb.europa.eu/stats/financial_markets_and_interest_rates/euro_area_yield_curves/shared/pdf/technical_notes.pdf,,6,,,AAA yield curve - 5-year spot rate,"Euro area (changing composition) - Government bond, nominal, all issuers whose rating is triple A - Svensson model - continuous compounding - yield error minimisation - Yield curve spot rate, 5-year maturity",PCPA,0
YC.B.U2.EUR.4F.G_N_A.SV_C_YM.SR_5Y,B,U2,EUR,4F,G_N_A,SV_C_YM,SR_5Y,2024-10-11,2.1100309683,A,F,,,P1D,,E,,,,,,,,,,,,,,,Technical notes are available at the following link: https://www.ecb.europa.eu/stats/financial_markets_and_interest_rates/euro_area_yield_curves/shared/pdf/technical_notes.pdf,,6,,,AAA yield curve - 5-year spot rate,"Euro area (changing composition) - Government bond, nominal, all issuers whose rating is triple A - Svensson model - continuous compounding - yield error minimisation - Yield curve spot rate, 5-year maturity",PCPA,0
YC.B.U2.EUR.4F.G_N_A.SV_C_YM.SR_5Y,B,U2,EUR,4F,G_N_A,SV_C_YM,SR_5Y,2024-10-14,2.1043712461,A,F,,,P1D,,E,,,,,,,,,,,,,,,Technical notes are available at the following link: https://www.ecb.europa.eu/stats/financial_markets_and_interest_rates/euro_area_yield_curves/shared/pdf/technical_notes.pdf,,6,,,AAA yield curve - 5-year spot rate,"Euro area (changing composition) - Government bond, nominal, all issuers whose rating is triple A - Svensson model - continuous compounding - yield error minimisation - Yield curve spot rate, 5-year maturity",PCPA,0
YC.B.U2.EUR.4F.G_N_A.SV_C_YM.SR_5Y,B,U2,EUR,4F,G_N_A,SV_C_YM,SR_5Y,2024-10-15,2.0572668465,A,F,,,P1D,,E,,,,,,,,,,,,,,,Technical notes are available at the following link: https://www.ecb.europa.eu/stats/financial_markets_and_interest_rates/euro_area_yield_curves/shared/pdf/technical_notes.pdf,,6,,,AAA yield curve - 5-year spot rate,"Euro area (changing composition) - Government bond, nominal, all issuers whose rating is triple A - Svensson model - continuous compounding - yield error minimisation - Yield curve spot rate, 5-year maturity",PCPA,0
YC.B.U2.EUR.4F.G_N_A.SV_C_YM.SR_5Y,B,U2,EUR,4F,G_N_A,SV_C_YM,SR_5Y,2024-10-16,2.0092053082,A,F,,,P1D,,E,,,,,,,,,,,,,,,Technical notes are available at the following link: https://www.ecb.europa.eu/stats/financial_markets_and_interest_rates/euro_area_yield_curves/shared/pdf/technical_notes.pdf,,6,,,AAA yield curve - 5-year spot rate,"Euro area (changing composition) - Government bond, nominal, all issuers whose rating is triple A - Svensson model - continuous compounding - yield error minimisation - Yield curve spot rate, 5-year maturity",PCPA,0
YC.B.U2.EUR.4F.G_N_A.SV_C_YM.SR_5Y,B,U2,EUR,4F,G_N_A,SV_C_YM,SR_5Y,2024-10-17,2.0183156063,A,F,,,P1D,,E,,,,,,,,,,,,,,,Technical notes are available at the following link: https://www.ecb.europa.eu/stats/financial_markets_and_interest_rates/euro_area_yield_curves/shared/pdf/technical_notes.pdf,,6,,,AAA yield curve - 5-year spot rate,"Euro area (changing composition) - Government bond, nominal, all issuers whose rating is triple A - Svensson model - continuous compounding - yield error minimisation - Yield curve spot rate, 5-year maturity",PCPA,0
YC.B.U2.EUR.4F.G_N_A.SV_C_YM.SR_5Y,B,U2,EUR,4F,G_N_A,SV_C_YM,SR_5Y,2024-10-18,1.9828892128,A,F,,,P1D,,E,,,,,,,,,,,,,,,Technical notes are available at the following link: https://www.ecb.europa.eu/stats/financial_markets_and_interest_rates/euro_area_yield_curves/shared/pdf/technical_notes.pdf,,6,,,AAA yield curve - 5-year spot rate,"Euro area (changing composition) - Government bond, nominal, all issuers whose rating is triple A - Svensson model - continuous compounding - yield error minimisation - Yield curve spot rate, 5-year maturity",PCPA,0
YC.B.U2.EUR.4F.G_N_A.SV_C_YM.SR_5Y,B,U2,EUR,4F,G_N_A,SV_C_YM,SR_5Y,2024-10-21,2.0700373654,A,F,,,P1D,,E,,,,,,,,,,,,,,,Technical notes are available at the following link: https://www.ecb.europa.eu/stats/financial_markets_and_interest_rates/euro_area_yield_curves/shared/pdf/technical_notes.pdf,,6,,,AAA yield curve - 5-year spot rate,"Euro area (changing composition) - Government bond, nominal, all issuers whose rating is triple A - Svensson model - continuous compounding - yield error minimisation - Yield curve spot rate, 5-year maturity",PCPA,0
YC.B.U2.EUR.4F.G_N_A.SV_C_YM.SR_5Y,B,U2,EUR,4F,G_N_A,SV_C_YM,SR_5Y,2024-10-22,2.0785731477,A,F,,,P1D,,E,,,,,,,,,,,,,,,Technical notes are available at the following link: https://www.ecb.europa.eu/stats/financial_markets_and_interest_rates/euro_area_yield_curves/shared/pdf/technical_notes.pdf,,6,,,AAA yield curve - 5-year spot rate,"Euro area (changing composition) - Government bond, nominal, all issuers whose rating is triple A - Svensson model - continuous compounding - yield error minimisation - Yield curve spot rate, 5-year maturity",PCPA,0
YC.B.U2.EUR.4F.G_N_A.SV_C_YM.SR_5Y,B,U2,EUR,4F,G_N_A,SV_C_YM,SR_5Y,2024-10-23,2.0838484328,A,F,,,P1D,,E,,,,,,,,,,,,,,,Technical notes are available at the following link: https://www.ecb.europa.eu/stats/financial_markets_and_interest_rates/euro_area_yield_curves/shared/pdf/technical_notes.pdf,,6,,,AAA yield curve - 5-year spot rate,"Euro area (changing composition) - Government bond, nominal, all issuers whose rating is triple A - Svensson model - continuous compounding - yield error minimisation - Yield curve spot rate, 5-year maturity",PCPA,0
YC.B.U2.EUR.4F.G_N_A.SV_C_YM.SR_5Y,B,U2,EUR,4F,G_N_A,SV_C_YM,SR_5Y,2024-10-24,2.042236961,A,F,,,P1D,,E,,,,,,,,,,,,,,,Technical notes are available at the following link: https://www.ecb.europa.eu/stats/financial_markets_and_interest_rates/euro_area_yield_curves/shared/pdf/technical_notes.pdf,,6,,,AAA yield curve - 5-year spot rate,"Euro area (changing composition) - Government bond, nominal, all issuers whose rating is triple A - Svensson model - continuous compounding - yield error minimisation - Yield curve spot rate, 5-year maturity",PCPA,0
YC.B.U2.EUR.4F.G_N_A.SV_C_YM.SR_5Y,B,U2,EUR,4F,G_N_A,SV_C_YM,SR_5Y,2024-10-25,2.0759267609,A,F,,,P1D,,E,,,,,,,,,,,,,,,Technical notes are available at the following link: https://www.ecb.europa.eu/stats/financial_markets_and_interest_rates/euro_area_yield_curves/shared/pdf/technical_notes.pdf,,6,,,AAA yield curve - 5-year spot rate,"Euro area (changing composition) - Government bond, nominal, all issuers whose rating is triple A - Svensson model - continuous compounding - yield error minimisation - Yield curve spot rate, 5-year maturity",PCPA,0
YC.B.U2.EUR.4F.G_N_A.SV_C_YM.SR_5Y,B,U2,EUR,4F,G_N_A,SV_C_YM,SR_5Y,2024-10-28,2.0562621368,A,F,,,P1D,,E,,,,,,,,,,,,,,,Technical notes are available at the following link: https://www.ecb.europa.eu/stats/financial_markets_and_interest_rates/euro_area_yield_curves/shared/pdf/technical_notes.pdf,,6,,,AAA yield curve - 5-year spot rate,"Euro area (changing composition) - Government bond, nominal, all issuers whose rating is triple A - Svensson model - continuous compounding - yield error minimisation - Yield curve spot rate, 5-year maturity",PCPA,0
YC.B.U2.EUR.4F.G_N_A.SV_C_YM.SR_5Y,B,U2,EUR,4F,G_N_A,SV_C_YM,SR_5Y,2024-10-29,2.1105414295,A,F,,,P1D,,E,,,,,,,,,,,,,,,Technical notes are available at the following link: https://www.ecb.europa.eu/stats/financial_markets_and_interest_rates/euro_area_yield_curves/shared/pdf/technical_notes.pdf,,6,,,AAA yield curve - 5-year spot rate,"Euro area (changing composition) - Government bond, nominal, all issuers whose rating is triple A - Svensson model - continuous compounding - yield error minimisation - Yield curve spot rate, 5-year maturity",PCPA,0
YC.B.U2.EUR.4F.G_N_A.SV_C_YM.SR_5Y,B,U2,EUR,4F,G_N_A,SV_C_YM,SR_5Y,2024-10-30,2.1799651881,A,F,,,P1D,,E,,,,,,,,,,,,,,,Technical notes are available at the following link: https://www.ecb.europa.eu/stats/financial_markets_and_interest_rates/euro_area_yield_curves/shared/pdf/technical_notes.pdf,,6,,,AAA yield curve - 5-year spot rate,"Euro area (changing composition) - Government bond, nominal, all issuers whose rating is triple A - Svensson model - continuous compounding - yield error minimisation - Yield curve spot rate, 5-year maturity",PCPA,0
YC.B.U2.EUR.4F.G_N_A.SV_C_YM.SR_5Y,B,U2,EUR,4F,G_N_A,SV_C_YM,SR_5Y,2024-10-31,2.2457566545,A,F,,,P1D,,E,,,,,,,,,,,,,,,Technical notes are available at the following link: https://www.ecb.europa.eu/stats/financial_markets_and_interest_rates/euro_area_yield_curves/shared/pdf/technical_notes.pdf,,6,,,AAA yield curve - 5-year spot rate,"Euro area (changing composition) - Government bond, nominal, all issuers whose rating is triple A - Svensson model - continuous compounding - yield error minimisation - Yield curve spot rate, 5-year maturity",PCPA,0
YC.B.U2.EUR.4F.G_N_A.SV_C_YM.SR_5Y,B,U2,EUR,4F,G_N_A,SV_C_YM,SR_5Y,2024-11-01,2.2025577557,A,F,,,P1D,,E,,,,,,,,,,,,,,,Technical notes are available at the following link: https://www.ecb.europa.eu/stats/financial_markets_and_interest_rates/euro_area_yield_curves/shared/pdf/technical_notes.pdf,,6,,,AAA yield curve - 5-year spot rate,"Euro area (changing composition) - Government bond, nominal, all issuers whose rating is triple A - Svensson model - continuous compounding - yield error minimisation - Yield curve spot rate, 5-year maturity",PCPA,0
YC.B.U2.EUR.4F.G_N_A.SV_C_YM.SR_5Y,B,U2,EUR,4F,G_N_A,SV_C_YM,SR_5Y,2024-11-04,2.2175327669,A,F,,,P1D,,E,,,,,,,,,,,,,,,Technical notes are available at the following link: https://www.ecb.europa.eu/stats/financial_markets_and_interest_rates/euro_area_yield_curves/shared/pdf/technical_notes.pdf,,6,,,AAA yield curve - 5-year spot rate,"Euro area (changing composition) - Government bond, nominal, all issuers whose rating is triple A - Svensson model - continuous compounding - yield error minimisation - Yield curve spot rate, 5-year maturity",PCPA,0
YC.B.U2.EUR.4F.G_N_A.SV_C_YM.SR_5Y,B,U2,EUR,4F,G_N_A,SV_C_YM,SR_5Y,2024-11-05,2.2249356495,A,F,,,P1D,,E,,,,,,,,,,,,,,,Technical notes are available at the following link: https://www.ecb.europa.eu/stats/financial_markets_and_interest_rates/euro_area_yield_curves/shared/pdf/technical_notes.pdf,,6,,,AAA yield curve - 5-year spot rate,"Euro area (changing composition) - Government bond, nominal, all issuers whose rating is triple A - Svensson model - continuous compounding - yield error minimisation - Yield curve spot rate, 5-year maturity",PCPA,0
YC.B.U2.EUR.4F.G_N_A.SV_C_YM.SR_5Y,B,U2,EUR,4F,G_N_A,SV_C_YM,SR_5Y,2024-11-06,2.1956667351,A,F,,,P1D,,E,,,,,,,,,,,,,,,Technical notes are available at the following link: https://www.ecb.europa.eu/stats/financial_markets_and_interest_rates/euro_area_yield_curves/shared/pdf/technical_notes.pdf,,6,,,AAA yield curve - 5-year spot rate,"Euro area (changing composition) - Government bond, nominal, all issuers whose rating is triple A - Svensson model - continuous compounding - yield error minimisation - Yield curve spot rate, 5-year maturity",PCPA,0
YC.B.U2.EUR.4F.G_N_A.SV_C_YM.SR_5Y,B,U2,EUR,4F,G_N_A,SV_C_YM,SR_5Y,2024-11-07,2.2037233891,A,F,,,P1D,,E,,,,,,,,,,,,,,,Technical notes are available at the following link: https://www.ecb.europa.eu/stats/financial_markets_and_interest_rates/euro_area_yield_curves/shared/pdf/technical_notes.pdf,,6,,,AAA yield curve - 5-year spot rate,"Euro area (changing composition) - Government bond, nominal, all issuers whose rating is triple A - Svensson model - continuous compounding - yield error minimisation - Yield curve spot rate, 5-year maturity",PCPA,0
YC.B.U2.EUR.4F.G_N_A.SV_C_YM.SR_5Y,B,U2,EUR,4F,G_N_A,SV_C_YM,SR_5Y,2024-11-08,2.1716401116,A,F,,,P1D,,E,,,,,,,,,,,,,,,Technical notes are available at the following link: https://www.ecb.europa.eu/stats/financial_markets_and_interest_rates/euro_area_yield_curves/shared/pdf/technical_notes.pdf,,6,,,AAA yield curve - 5-year spot rate,"Euro area (changing composition) - Government bond, nominal, all issuers whose rating is triple A - Svensson model - continuous compounding - yield error minimisation - Yield curve spot rate, 5-year maturity",PCPA,0
YC.B.U2.EUR.4F.G_N_A.SV_C_YM.SR_5Y,B,U2,EUR,4F,G_N_A,SV_C_YM,SR_5Y,2024-11-11,2.1321232997,A,F,,,P1D,,E,,,,,,,,,,,,,,,Technical notes are available at the following link: https://www.ecb.europa.eu/stats/financial_markets_and_interest_rates/euro_area_yield_curves/shared/pdf/technical_notes.pdf,,6,,,AAA yield curve - 5-year spot rate,"Euro area (changing composition) - Government bond, nominal, all issuers whose rating is triple A - Svensson model - continuous compounding - yield error minimisation - Yield curve spot rate, 5-year maturity",PCPA,0
YC.B.U2.EUR.4F.G_N_A.SV_C_YM.SR_5Y,B,U2,EUR,4F,G_N_A,SV_C_YM,SR_5Y,2024-11-12,2.1190743455,A,F,,,P1D,,E,,,,,,,,,,,,,,,Technical notes are available at the following link: https://www.ecb.europa.eu/stats/financial_markets_and_interest_rates/euro_area_yield_curves/shared/pdf/technical_notes.pdf,,6,,,AAA yield curve - 5-year spot rate,"Euro area (changing composition) - Government bond, nominal, all issuers whose rating is triple A - Svensson model - continuous compounding - yield error minimisation - Yield curve spot rate, 5-year maturity",PCPA,0
YC.B.U2.EUR.4F.G_N_A.SV_C_YM.SR_5Y,B,U2,EUR,4F,G_N_A,SV_C_YM,SR_5Y,2024-11-13,2.1649273401,A,F,,,P1D,,E,,,,,,,,,,,,,,,Technical notes are available at the following link: https://www.ecb.europa.eu/stats/financial_markets_and_interest_rates/euro_area_yield_curves/shared/pdf/technical_notes.pdf,,6,,,AAA yield curve - 5-year spot rate,"Euro area (changing composition) - Government bond, nominal, all issuers whose rating is triple A - Svensson model - continuous compounding - yield error minimisation - Yield curve spot rate, 5-year maturity",PCPA,0
YC.B.U2.EUR.4F.G_N_A.SV_C_YM.SR_5Y,B,U2,EUR,4F,G_N_A,SV_C_YM,SR_5Y,2024-11-14,2.1388491312,A,F,,,P1D,,E,,,,,,,,,,,,,,,Technical notes are available at the following link: https://www.ecb.europa.eu/stats/financial_markets_and_interest_rates/euro_area_yield_curves/shared/pdf/technical_notes.pdf,,6,,,AAA yield curve - 5-year spot rate,"Euro area (changing composition) - Government bond, nominal, all issuers whose rating is triple A - Svensson model - continuous compounding - yield error minimisation - Yield curve spot rate, 5-year maturity",PCPA,0
YC.B.U2.EUR.4F.G_N_A.SV_C_YM.SR_5Y,B,U2,EUR,4F,G_N_A,SV_C_YM,SR_5Y,2024-11-15,2.1553012445,A,F,,,P1D,,E,,,,,,,,,,,,,,,Technical notes are available at the following link: https://www.ecb.europa.eu/stats/financial_markets_and_interest_rates/euro_area_yield_curves/shared/pdf/technical_notes.pdf,,6,,,AAA yield curve - 5-year spot rate,"Euro area (changing composition) - Government bond, nominal, all issuers whose rating is triple A - Svensson model - continuous compounding - yield error minimisation - Yield curve spot rate, 5-year maturity",PCPA,0
YC.B.U2.EUR.4F.G_N_A.SV_C_YM.SR_5Y,B,U2,EUR,4F,G_N_A,SV_C_YM,SR_5Y,2024-11-18,2.1827290896,A,F,,,P1D,,E,,,,,,,,,,,,,,,Technical notes are available at the following link: https://www.ecb.europa.eu/stats/financial_markets_and_interest_rates/euro_area_yield_curves/shared/pdf/technical_notes.pdf,,6,,,AAA yield curve - 5-year spot rate,"Euro area (changing composition) - Government bond, nominal, all issuers whose rating is triple A - Svensson model - continuous compounding - yield error minimisation - Yield curve spot rate, 5-year maturity",PCPA,0
YC.B.U2.EUR.4F.G_N_A.SV_C_YM.SR_5Y,B,U2,EUR,4F,G_N_A,SV_C_YM,SR_5Y,2024-11-19,2.1357617693,A,F,,,P1D,,E,,,,,,,,,,,,,,,Technical notes are available at the following link: https://www.ecb.europa.eu/stats/financial_markets_and_interest_rates/euro_area_yield_curves/shared/pdf/technical_notes.pdf,,6,,,AAA yield curve - 5-year spot rate,"Euro area (changing composition) - Government bond, nominal, all issuers whose rating is triple A - Svensson model - continuous compounding - yield error minimisation - Yield curve spot rate, 5-year maturity",PCPA,0
YC.B.U2.EUR.4F.G_N_A.SV_C_YM.SR_5Y,B,U2,EUR,4F,G_N_A,SV_C_YM,SR_5Y,2024-11-20,2.1501626372,A,F,,,P1D,,E,,,,,,,,,,,,,,,Technical notes are available at the following link: https://www.ecb.europa.eu/stats/financial_markets_and_interest_rates/euro_area_yield_curves/shared/pdf/technical_notes.pdf,,6,,,AAA yield curve - 5-year spot rate,"Euro area (changing composition) - Government bond, nominal, all issuers whose rating is triple A - Svensson model - continuous compounding - yield error minimisation - Yield curve spot rate, 5-year maturity",PCPA,0
YC.B.U2.EUR.4F.G_N_A.SV_C_YM.SR_5Y,B,U2,EUR,4F,G_N_A,SV_C_YM,SR_5Y,2024-11-21,2.0979411403,A,F,,,P1D,,E,,,,,,,,,,,,,,,Technical notes are available at the following link: https://www.ecb.europa.eu/stats/financial_markets_and_interest_rates/euro_area_yield_curves/shared/pdf/technical_notes.pdf,,6,,,AAA yield curve - 5-year spot rate,"Euro area (changing composition) - Government bond, nominal, all issuers whose rating is triple A - Svensson model - continuous compounding - yield error minimisation - Yield curve spot rate, 5-year maturity",PCPA,0
YC.B.U2.EUR.4F.G_N_A.SV_C_YM.SR_5Y,B,U2,EUR,4F,G_N_A,SV_C_YM,SR_5Y,2024-11-22,2.0557239331,A,F,,,P1D,,E,,,,,,,,,,,,,,,Technical notes are available at the following link: https://www.ecb.europa.eu/stats/financial_markets_and_interest_rates/euro_area_yield_curves/shared/pdf/technical_notes.pdf,,6,,,AAA yield curve - 5-year spot rate,"Euro area (changing composition) - Government bond, nominal, all issuers whose rating is triple A - Svensson model - continuous compounding - yield error minimisation - Yield curve spot rate, 5-year maturity",PCPA,0
YC.B.U2.EUR.4F.G_N_A.SV_C_YM.SR_5Y,B,U2,EUR,4F,G_N_A,SV_C_YM,SR_5Y,2024-11-25,2.0147678512,A,F,,,P1D,,E,,,,,,,,,,,,,,,Technical notes are available at the following link: https://www.ecb.europa.eu/stats/financial_markets_and_interest_rates/euro_area_yield_curves/shared/pdf/technical_notes.pdf,,6,,,AAA yield curve - 5-year spot rate,"Euro area (changing composition) - Government bond, nominal, all issuers whose rating is triple A - Svensson model - continuous compounding - yield error minimisation - Yield curve spot rate, 5-year maturity",PCPA,0
YC.B.U2.EUR.4F.G_N_A.SV_C_YM.SR_5Y,B,U2,EUR,4F,G_N_A,SV_C_YM,SR_5Y,2024-11-26,2.0300841799,A,F,,,P1D,,E,,,,,,,,,,,,,,,Technical notes are available at the following link: https://www.ecb.europa.eu/stats/financial_markets_and_interest_rates/euro_area_yield_curves/shared/pdf/technical_notes.pdf,,6,,,AAA yield curve - 5-year spot rate,"Euro area (changing composition) - Government bond, nominal, all issuers whose rating is triple A - Svensson model - continuous compounding - yield error minimisation - Yield curve spot rate, 5-year maturity",PCPA,0
YC.B.U2.EUR.4F.G_N_A.SV_C_YM.SR_5Y,B,U2,EUR,4F,G_N_A,SV_C_YM,SR_5Y,2024-11-27,1.9996581427,A,F,,,P1D,,E,,,,,,,,,,,,,,,Technical notes are available at the following link: https://www.ecb.europa.eu/stats/financial_markets_and_interest_rates/euro_area_yield_curves/shared/pdf/technical_notes.pdf,,6,,,AAA yield curve - 5-year spot rate,"Euro area (changing composition) - Government bond, nominal, all issuers whose rating is triple A - Svensson model - continuous compounding - yield error minimisation - Yield curve spot rate, 5-year maturity",PCPA,0
YC.B.U2.EUR.4F.G_N_A.SV_C_YM.SR_5Y,B,U2,EUR,4F,G_N_A,SV_C_YM,SR_5Y,2024-11-28,1.9711952106,A,F,,,P1D,,E,,,,,,,,,,,,,,,Technical notes are available at the following link: https://www.ecb.europa.eu/stats/financial_markets_and_interest_rates/euro_area_yield_curves/shared/pdf/technical_notes.pdf,,6,,,AAA yield curve - 5-year spot rate,"Euro area (changing composition) - Government bond, nominal, all issuers whose rating is triple A - Svensson model - continuous compounding - yield error minimisation - Yield curve spot rate, 5-year maturity",PCPA,0
YC.B.U2.EUR.4F.G_N_A.SV_C_YM.SR_5Y,B,U2,EUR,4F,G_N_A,SV_C_YM,SR_5Y,2024-11-29,1.9226826996,A,F,,,P1D,,E,,,,,,,,,,,,,,,Technical notes are available at the following link: https://www.ecb.europa.eu/stats/financial_markets_and_interest_rates/euro_area_yield_curves/shared/pdf/technical_notes.pdf,,6,,,AAA yield curve - 5-year spot rate,"Euro area (changing composition) - Government bond, nominal, all issuers whose rating is triple A - Svensson model - continuous compounding - yield error minimisation - Yield curve spot rate, 5-year maturity",PCPA,0
YC.B.U2.EUR.4F.G_N_A.SV_C_YM.SR_5Y,B,U2,EUR,4F,G_N_A,SV_C_YM,SR_5Y,2024-12-02,1.8546590648,A,F,,,P1D,,E,,,,,,,,,,,,,,,Technical notes are available at the following link: https://www.ecb.europa.eu/stats/financial_markets_and_interest_rates/euro_area_yield_curves/shared/pdf/technical_notes.pdf,,6,,,AAA yield curve - 5-year spot rate,"Euro area (changing composition) - Government bond, nominal, all issuers whose rating is triple A - Svensson model - continuous compounding - yield error minimisation - Yield curve spot rate, 5-year maturity",PCPA,0
YC.B.U2.EUR.4F.G_N_A.SV_C_YM.SR_5Y,B,U2,EUR,4F,G_N_A,SV_C_YM,SR_5Y,2024-12-03,1.8786455186,A,F,,,P1D,,E,,,,,,,,,,,,,,,Technical notes are available at the following link: https://www.ecb.europa.eu/stats/financial_markets_and_interest_rates/euro_area_yield_curves/shared/pdf/technical_notes.pdf,,6,,,AAA yield curve - 5-year spot rate,"Euro area (changing composition) - Government bond, nominal, all issuers whose rating is triple A - Svensson model - continuous compounding - yield error minimisation - Yield curve spot rate, 5-year maturity",PCPA,0
YC.B.U2.EUR.4F.G_N_A.SV_C_YM.SR_5Y,B,U2,EUR,4F,G_N_A,SV_C_YM,SR_5Y,2024-12-04,1.9151780613,A,F,,,P1D,,E,,,,,,,,,,,,,,,Technical notes are available at the following link: https://www.ecb.europa.eu/stats/financial_markets_and_interest_rates/euro_area_yield_curves/shared/pdf/technical_notes.pdf,,6,,,AAA yield curve - 5-year spot rate,"Euro area (changing composition) - Government bond, nominal, all issuers whose rating is triple A - Svensson model - continuous compounding - yield error minimisation - Yield curve spot rate, 5-year maturity",PCPA,0
YC.B.U2.EUR.4F.G_N_A.SV_C_YM.SR_5Y,B,U2,EUR,4F,G_N_A,SV_C_YM,SR_5Y,2024-12-05,1.9573509174,A,F,,,P1D,,E,,,,,,,,,,,,,,,Technical notes are available at the following link: https://www.ecb.europa.eu/stats/financial_markets_and_interest_rates/euro_area_yield_curves/shared/pdf/technical_notes.pdf,,6,,,AAA yield curve - 5-year spot rate,"Euro area (changing composition) - Government bond, nominal, all issuers whose rating is triple A - Svensson model - continuous compounding - yield error minimisation - Yield curve spot rate, 5-year maturity",PCPA,0
YC.B.U2.EUR.4F.G_N_A.SV_C_YM.SR_5Y,B,U2,EUR,4F,G_N_A,SV_C_YM,SR_5Y,2024-12-06,1.9343376171,A,F,,,P1D,,E,,,,,,,,,,,,,,,Technical notes are available at the following link: https://www.ecb.europa.eu/stats/financial_markets_and_interest_rates/euro_area_yield_curves/shared/pdf/technical_notes.pdf,,6,,,AAA yield curve - 5-year spot rate,"Euro area (changing composition) - Government bond, nominal, all issuers whose rating is triple A - Svensson model - continuous compounding - yield error minimisation - Yield curve spot rate, 5-year maturity",PCPA,0
YC.B.U2.EUR.4F.G_N_A.SV_C_YM.SR_5Y,B,U2,EUR,4F,G_N_A,SV_C_YM,SR_5Y,2024-12-09,1.9326712745,A,F,,,P1D,,E,,,,,,,,,,,,,,,Technical notes are available at the following link: https://www.ecb.europa.eu/stats/financial_markets_and_interest_rates/euro_area_yield_curves/shared/pdf/technical_notes.pdf,,6,,,AAA yield curve - 5-year spot rate,"Euro area (changing composition) - Government bond, nominal, all issuers whose rating is triple A - Svensson model - continuous compounding - yield error minimisation - Yield curve spot rate, 5-year maturity",PCPA,0
YC.B.U2.EUR.4F.G_N_A.SV_C_YM.SR_5Y,B,U2,EUR,4F,G_N_A,SV_C_YM,SR_5Y,2024-12-10,1.9039306784,A,F,,,P1D,,E,,,,,,,,,,,,,,,Technical notes are available at the following link: https://www.ecb.europa.eu/stats/financial_markets_and_interest_rates/euro_area_yield_curves/shared/pdf/technical_notes.pdf,,6,,,AAA yield curve - 5-year spot rate,"Euro area (changing composition) - Government bond, nominal, all issuers whose rating is triple A - Svensson model - continuous compounding - yield error minimisation - Yield curve spot rate, 5-year maturity",PCPA,0
YC.B.U2.EUR.4F.G_N_A.SV_C_YM.SR_5Y,B,U2,EUR,4F,G_N_A,SV_C_YM,SR_5Y,2024-12-11,1.9020337791,A,F,,,P1D,,E,,,,,,,,,,,,,,,Technical notes are available at the following link: https://www.ecb.europa.eu/stats/financial_markets_and_interest_rates/euro_area_yield_curves/shared/pdf/technical_notes.pdf,,6,,,AAA yield curve - 5-year spot rate,"Euro area (changing composition) - Government bond, nominal, all issuers whose rating is triple A - Svensson model - continuous compounding - yield error minimisation - Yield curve spot rate, 5-year maturity",PCPA,0
YC.B.U2.EUR.4F.G_N_A.SV_C_YM.SR_5Y,B,U2,EUR,4F,G_N_A,SV_C_YM,SR_5Y,2024-12-12,1.9831296945,A,F,,,P1D,,E,,,,,,,,,,,,,,,Technical notes are available at the following link: https://www.ecb.europa.eu/stats/financial_markets_and_interest_rates/euro_area_yield_curves/shared/pdf/technical_notes.pdf,,6,,,AAA yield curve - 5-year spot rate,"Euro area (changing composition) - Government bond, nominal, all issuers whose rating is triple A - Svensson model - continuous compounding - yield error minimisation - Yield curve spot rate, 5-year maturity",PCPA,0
YC.B.U2.EUR.4F.G_N_A.SV_C_YM.SR_5Y,B,U2,EUR,4F,G_N_A,SV_C_YM,SR_5Y,2024-12-13,2.0156641765,A,F,,,P1D,,E,,,,,,,,,,,,,,,Technical notes are available at the following link: https://www.ecb.europa.eu/stats/financial_markets_and_interest_rates/euro_area_yield_curves/shared/pdf/technical_notes.pdf,,6,,,AAA yield curve - 5-year spot rate,"Euro area (changing composition) - Government bond, nominal, all issuers whose rating is triple A - Svensson model - continuous compounding - yield error minimisation - Yield curve spot rate, 5-year maturity",PCPA,0
YC.B.U2.EUR.4F.G_N_A.SV_C_YM.SR_5Y,B,U2,EUR,4F,G_N_A,SV_C_YM,SR_5Y,2024-12-16,2.0116271728,A,F,,,P1D,,E,,,,,,,,,,,,,,,Technical notes are available at the following link: https://www.ecb.europa.eu/stats/financial_markets_and_interest_rates/euro_area_yield_curves/shared/pdf/technical_notes.pdf,,6,,,AAA yield curve - 5-year spot rate,"Euro area (changing composition) - Government bond, nominal, all issuers whose rating is triple A - Svensson model - continuous compounding - yield error minimisation - Yield curve spot rate, 5-year maturity",PCPA,0
YC.B.U2.EUR.4F.G_N_A.SV_C_YM.SR_5Y,B,U2,EUR,4F,G_N_A,SV_C_YM,SR_5Y,2024-12-17,2.0128606303,A,F,,,P1D,,E,,,,,,,,,,,,,,,Technical notes are available at the following link: https://www.ecb.europa.eu/stats/financial_markets_and_interest_rates/euro_area_yield_curves/shared/pdf/technical_notes.pdf,,6,,,AAA yield curve - 5-year spot rate,"Euro area (changing composition) - Government bond, nominal, all issuers whose rating is triple A - Svensson model - continuous compounding - yield error minimisation - Yield curve spot rate, 5-year maturity",PCPA,0
YC.B.U2.EUR.4F.G_N_A.SV_C_YM.SR_5Y,B,U2,EUR,4F,G_N_A,SV_C_YM,SR_5Y,2024-12-18,2.0326004372,A,F,,,P1D,,E,,,,,,,,,,,,,,,Technical notes are available at the following link: https://www.ecb.europa.eu/stats/financial_markets_and_interest_rates/euro_area_yield_curves/shared/pdf/technical_notes.pdf,,6,,,AAA yield curve - 5-year spot rate,"Euro area (changing composition) - Government bond, nominal, all issuers whose rating is triple A - Svensson model - continuous compounding - yield error minimisation - Yield curve spot rate, 5-year maturity",PCPA,0
YC.B.U2.EUR.4F.G_N_A.SV_C_YM.SR_5Y,B,U2,EUR,4F,G_N_A,SV_C_YM,SR_5Y,2024-12-19,2.0929633654,A,F,,,P1D,,E,,,,,,,,,,,,,,,Technical notes are available at the following link: https://www.ecb.europa.eu/stats/financial_markets_and_interest_rates/euro_area_yield_curves/shared/pdf/technical_notes.pdf,,6,,,AAA yield curve - 5-year spot rate,"Euro area (changing composition) - Government bond, nominal, all issuers whose rating is triple A - Svensson model - continuous compounding - yield error minimisation - Yield curve spot rate, 5-year maturity",PCPA,0
YC.B.U2.EUR.4F.G_N_A.SV_C_YM.SR_5Y,B,U2,EUR,4F,G_N_A,SV_C_YM,SR_5Y,2024-12-20,2.0496145823,A,F,,,P1D,,E,,,,,,,,,,,,,,,Technical notes are available at the following link: https://www.ecb.europa.eu/stats/financial_markets_and_interest_rates/euro_area_yield_curves/shared/pdf/technical_notes.pdf,,6,,,AAA yield curve - 5-year spot rate,"Euro area (changing composition) - Government bond, nominal, all issuers whose rating is triple A - Svensson model - continuous compounding - yield error minimisation - Yield curve spot rate, 5-year maturity",PCPA,0
YC.B.U2.EUR.4F.G_N_A.SV_C_YM.SR_5Y,B,U2,EUR,4F,G_N_A,SV_C_YM,SR_5Y,2024-12-23,2.0848216585,A,F,,,P1D,,E,,,,,,,,,,,,,,,Technical notes are available at the following link: https://www.ecb.europa.eu/stats/financial_markets_and_interest_rates/euro_area_yield_curves/shared/pdf/technical_notes.pdf,,6,,,AAA yield curve - 5-year spot rate,"Euro area (changing composition) - Government bond, nominal, all issuers whose rating is triple A - Svensson model - continuous compounding - yield error minimisation - Yield curve spot rate, 5-year maturity",PCPA,0
YC.B.U2.EUR.4F.G_N_A.SV_C_YM.SR_5Y,B,U2,EUR,4F,G_N_A,SV_C_YM,SR_5Y,2024-12-24,2.0901548247,A,F,,,P1D,,E,,,,,,,,,,,,,,,Technical notes are available at the following link: https://www.ecb.europa.eu/stats/financial_markets_and_interest_rates/euro_area_yield_curves/shared/pdf/technical_notes.pdf,,6,,,AAA yield curve - 5-year spot rate,"Euro area (changing composition) - Government bond, nominal, all issuers whose rating is triple A - Svensson model - continuous compounding - yield error minimisation - Yield curve spot rate, 5-year maturity",PCPA,0
YC.B.U2.EUR.4F.G_N_A.SV_C_YM.SR_5Y,B,U2,EUR,4F,G_N_A,SV_C_YM,SR_5Y,2024-12-27,2.1263099979,A,F,,,P1D,,E,,,,,,,,,,,,,,,Technical notes are available at the following link: https://www.ecb.europa.eu/stats/financial_markets_and_interest_rates/euro_area_yield_curves/shared/pdf/technical_notes.pdf,,6,,,AAA yield curve - 5-year spot rate,"Euro area (changing composition) - Government bond, nominal, all issuers whose rating is triple A - Svensson model - continuous compounding - yield error minimisation - Yield curve spot rate, 5-year maturity",PCPA,0
YC.B.U2.EUR.4F.G_N_A.SV_C_YM.SR_5Y,B,U2,EUR,4F,G_N_A,SV_C_YM,SR_5Y,2024-12-30,2.1300184085,A,F,,,P1D,,E,,,,,,,,,,,,,,,Technical notes are available at the following link: https://www.ecb.europa.eu/stats/financial_markets_and_interest_rates/euro_area_yield_curves/shared/pdf/technical_notes.pdf,,6,,,AAA yield curve - 5-year spot rate,"Euro area (changing composition) - Government bond, nominal, all issuers whose rating is triple A - Svensson model - continuous compounding - yield error minimisation - Yield curve spot rate, 5-year maturity",PCPA,0
YC.B.U2.EUR.4F.G_N_A.SV_C_YM.SR_5Y,B,U2,EUR,4F,G_N_A,SV_C_YM,SR_5Y,2025-01-02,2.113736379,A,F,,,P1D,,E,,,,,,,,,,,,,,,Technical notes are available at the following link: https://www.ecb.europa.eu/stats/financial_markets_and_interest_rates/euro_area_yield_curves/shared/pdf/technical_notes.pdf,,6,,,AAA yield curve - 5-year spot rate,"Euro area (changing composition) - Government bond, nominal, all issuers whose rating is triple A - Svensson model - continuous compounding - yield error minimisation - Yield curve spot rate, 5-year maturity",PCPA,0
YC.B.U2.EUR.4F.G_N_A.SV_C_YM.SR_5Y,B,U2,EUR,4F,G_N_A,SV_C_YM,SR_5Y,2025-01-03,2.1728633736,A,F,,,P1D,,E,,,,,,,,,,,,,,,Technical notes are available at the following link: https://www.ecb.europa.eu/stats/financial_markets_and_interest_rates/euro_area_yield_curves/shared/pdf/technical_notes.pdf,,6,,,AAA yield curve - 5-year spot rate,"Euro area (changing composition) - Government bond, nominal, all issuers whose rating is triple A - Svensson model - continuous compounding - yield error minimisation - Yield curve spot rate, 5-year maturity",PCPA,0
YC.B.U2.EUR.4F.G_N_A.SV_C_YM.SR_5Y,B,U2,EUR,4F,G_N_A,SV_C_YM,SR_5Y,2025-01-06,2.2327779872,A,F,,,P1D,,E,,,,,,,,,,,,,,,Technical notes are available at the following link: https://www.ecb.europa.eu/stats/financial_markets_and_interest_rates/euro_area_yield_curves/shared/pdf/technical_notes.pdf,,6,,,AAA yield curve - 5-year spot rate,"Euro area (changing composition) - Government bond, nominal, all issuers whose rating is triple A - Svensson model - continuous compounding - yield error minimisation - Yield curve spot rate, 5-year maturity",PCPA,0
YC.B.U2.EUR.4F.G_N_A.SV_C_YM.SR_5Y,B,U2,EUR,4F,G_N_A,SV_C_YM,SR_5Y,2025-01-07,2.220565485,A,F,,,P1D,,E,,,,,,,,,,,,,,,Technical notes are available at the following link: https://www.ecb.europa.eu/stats/financial_markets_and_interest_rates/euro_area_yield_curves/shared/pdf/technical_notes.pdf,,6,,,AAA yield curve - 5-year spot rate,"Euro area (changing composition) - Government bond, nominal, all issuers whose rating is triple A - Svensson model - continuous compounding - yield error minimisation - Yield curve spot rate, 5-year maturity",PCPA,0
YC.B.U2.EUR.4F.G_N_A.SV_C_YM.SR_5Y,B,U2,EUR,4F,G_N_A,SV_C_YM,SR_5Y,2025-01-08,2.2593857273,A,F,,,P1D,,E,,,,,,,,,,,,,,,Technical notes are available at the following link: https://www.ecb.europa.eu/stats/financial_markets_and_interest_rates/euro_area_yield_curves/shared/pdf/technical_notes.pdf,,6,,,AAA yield curve - 5-year spot rate,"Euro area (changing composition) - Government bond, nominal, all issuers whose rating is triple A - Svensson model - continuous compounding - yield error minimisation - Yield curve spot rate, 5-year maturity",PCPA,0
YC.B.U2.EUR.4F.G_N_A.SV_C_YM.SR_5Y,B,U2,EUR,4F,G_N_A,SV_C_YM,SR_5Y,2025-01-09,2.2723721567,A,F,,,P1D,,E,,,,,,,,,,,,,,,Technical notes are available at the following link: https://www.ecb.europa.eu/stats/financial_markets_and_interest_rates/euro_area_yield_curves/shared/pdf/technical_notes.pdf,,6,,,AAA yield curve - 5-year spot rate,"Euro area (changing composition) - Government bond, nominal, all issuers whose rating is triple A - Svensson model - continuous compounding - yield error minimisation - Yield curve spot rate, 5-year maturity",PCPA,0
YC.B.U2.EUR.4F.G_N_A.SV_C_YM.SR_5Y,B,U2,EUR,4F,G_N_A,SV_C_YM,SR_5Y,2025-01-10,2.3264240384,A,F,,,P1D,,E,,,,,,,,,,,,,,,Technical notes are available at the following link: https://www.ecb.europa.eu/stats/financial_markets_and_interest_rates/euro_area_yield_curves/shared/pdf/technical_notes.pdf,,6,,,AAA yield curve - 5-year spot rate,"Euro area (changing composition) - Government bond, nominal, all issuers whose rating is triple A - Svensson model - continuous compounding - yield error minimisation - Yield curve spot rate, 5-year maturity",PCPA,0
YC.B.U2.EUR.4F.G_N_A.SV_C_YM.SR_5Y,B,U2,EUR,4F,G_N_A,SV_C_YM,SR_5Y,2025-01-13,2.355644933,A,F,,,P1D,,E,,,,,,,,,,,,,,,Technical notes are available at the following link: https://www.ecb.europa.eu/stats/financial_markets_and_interest_rates/euro_area_yield_curves/shared/pdf/technical_notes.pdf,,6,,,AAA yield curve - 5-year spot rate,"Euro area (changing composition) - Government bond, nominal, all issuers whose rating is triple A - Svensson model - continuous compounding - yield error minimisation - Yield curve spot rate, 5-year maturity",PCPA,0
YC.B.U2.EUR.4F.G_N_A.SV_C_YM.SR_5Y,B,U2,EUR,4F,G_N_A,SV_C_YM,SR_5Y,2025-01-14,2.395364997,A,F,,,P1D,,E,,,,,,,,,,,,,,,Technical notes are available at the following link: https://www.ecb.europa.eu/stats/financial_markets_and_interest_rates/euro_area_yield_curves/shared/pdf/technical_notes.pdf,,6,,,AAA yield curve - 5-year spot rate,"Euro area (changing composition) - Government bond, nominal, all issuers whose rating is triple A - Svensson model - continuous compounding - yield error minimisation - Yield curve spot rate, 5-year maturity",PCPA,0
YC.B.U2.EUR.4F.G_N_A.SV_C_YM.SR_5Y,B,U2,EUR,4F,G_N_A,SV_C_YM,SR_5Y,2025-01-15,2.303404777,A,F,,,P1D,,E,,,,,,,,,,,,,,,Technical notes are available at the following link: https://www.ecb.europa.eu/stats/financial_markets_and_interest_rates/euro_area_yield_curves/shared/pdf/technical_notes.pdf,,6,,,AAA yield curve - 5-year spot rate,"Euro area (changing composition) - Government bond, nominal, all issuers whose rating is triple A - Svensson model - continuous compounding - yield error minimisation - Yield curve spot rate, 5-year maturity",PCPA,0
YC.B.U2.EUR.4F.G_N_A.SV_C_YM.SR_5Y,B,U2,EUR,4F,G_N_A,SV_C_YM,SR_5Y,2025-01-16,2.3175799914,A,F,,,P1D,,E,,,,,,,,,,,,,,,Technical notes are available at the following link: https://www.ecb.europa.eu/stats/financial_markets_and_interest_rates/euro_area_yield_curves/shared/pdf/technical_notes.pdf,,6,,,AAA yield curve - 5-year spot rate,"Euro area (changing composition) - Government bond, nominal, all issuers whose rating is triple A - Svensson model - continuous compounding - yield error minimisation - Yield curve spot rate, 5-year maturity",PCPA,0
YC.B.U2.EUR.4F.G_N_A.SV_C_YM.SR_5Y,B,U2,EUR,4F,G_N_A,SV_C_YM,SR_5Y,2025-01-17,2.2638527133,A,F,,,P1D,,E,,,,,,,,,,,,,,,Technical notes are available at the following link: https://www.ecb.europa.eu/stats/financial_markets_and_interest_rates/euro_area_yield_curves/shared/pdf/technical_notes.pdf,,6,,,AAA yield curve - 5-year spot rate,"Euro area (changing composition) - Government bond, nominal, all issuers whose rating is triple A - Svensson model - continuous compounding - yield error minimisation - Yield curve spot rate, 5-year maturity",PCPA,0
YC.B.U2.EUR.4F.G_N_A.SV_C_YM.SR_5Y,B,U2,EUR,4F,G_N_A,SV_C_YM,SR_5Y,2025-01-20,2.2730356231,A,F,,,P1D,,E,,,,,,,,,,,,,,,Technical notes are available at the following link: https://www.ecb.europa.eu/stats/financial_markets_and_interest_rates/euro_area_yield_curves/shared/pdf/technical_notes.pdf,,6,,,AAA yield curve - 5-year spot rate,"Euro area (changing composition) - Government bond, nominal, all issuers whose rating is triple A - Svensson model - continuous compounding - yield error minimisation - Yield curve spot rate, 5-year maturity",PCPA,0
YC.B.U2.EUR.4F.G_N_A.SV_C_YM.SR_5Y,B,U2,EUR,4F,G_N_A,SV_C_YM,SR_5Y,2025-01-21,2.2642627126,A,F,,,P1D,,E,,,,,,,,,,,,,,,Technical notes are available at the following link: https://www.ecb.europa.eu/stats/financial_markets_and_interest_rates/euro_area_yield_curves/shared/pdf/technical_notes.pdf,,6,,,AAA yield curve - 5-year spot rate,"Euro area (changing composition) - Government bond, nominal, all issuers whose rating is triple A - Svensson model - continuous compounding - yield error minimisation - Yield curve spot rate, 5-year maturity",PCPA,0
YC.B.U2.EUR.4F.G_N_A.SV_C_YM.SR_5Y,B,U2,EUR,4F,G_N_A,SV_C_YM,SR_5Y,2025-01-22,2.2642627126,A,F,,,P1D,,E,,,,,,,,,,,,,,,Technical notes are available at the following link: https://www.ecb.europa.eu/stats/financial_markets_and_interest_rates/euro_area_yield_curves/shared/pdf/technical_notes.pdf,,6,,,AAA yield curve - 5-year spot rate,"Euro area (changing composition) - Government bond, nominal, all issuers whose rating is triple A - Svensson model - continuous compounding - yield error minimisation - Yield curve spot rate, 5-year maturity",PCPA,0
YC.B.U2.EUR.4F.G_N_A.SV_C_YM.SR_5Y,B,U2,EUR,4F,G_N_A,SV_C_YM,SR_5Y,2025-01-23,2.3062049889,A,F,,,P1D,,E,,,,,,,,,,,,,,,Technical notes are available at the following link: https://www.ecb.europa.eu/stats/financial_markets_and_interest_rates/euro_area_yield_curves/shared/pdf/technical_notes.pdf,,6,,,AAA yield curve - 5-year spot rate,"Euro area (changing composition) - Government bond, nominal, all issuers whose rating is triple A - Svensson model - continuous compounding - yield error minimisation - Yield curve spot rate, 5-year maturity",PCPA,0
YC.B.U2.EUR.4F.G_N_A.SV_C_YM.SR_5Y,B,U2,EUR,4F,G_N_A,SV_C_YM,SR_5Y,2025-01-24,2.3494482373,A,F,,,P1D,,E,,,,,,,,,,,,,,,Technical notes are available at the following link: https://www.ecb.europa.eu/stats/financial_markets_and_interest_rates/euro_area_yield_curves/shared/pdf/technical_notes.pdf,,6,,,AAA yield curve - 5-year spot rate,"Euro area (changing composition) - Government bond, nominal, all issuers whose rating is triple A - Svensson model - continuous compounding - yield error minimisation - Yield curve spot rate, 5-year maturity",PCPA,0
YC.B.U2.EUR.4F.G_N_A.SV_C_YM.SR_5Y,B,U2,EUR,4F,G_N_A,SV_C_YM,SR_5Y,2025-01-27,2.2993873795,A,F,,,P1D,,E,,,,,,,,,,,,,,,Technical notes are available at the following link: https://www.ecb.europa.eu/stats/financial_markets_and_interest_rates/euro_area_yield_curves/shared/pdf/technical_notes.pdf,,6,,,AAA yield curve - 5-year spot rate,"Euro area (changing composition) - Government bond, nominal, all issuers whose rating is triple A - Svensson model - continuous compounding - yield error minimisation - Yield curve spot rate, 5-year maturity",PCPA,0
YC.B.U2.EUR.4F.G_N_A.SV_C_YM.SR_5Y,B,U2,EUR,4F,G_N_A,SV_C_YM,SR_5Y,2025-01-28,2.3083065385,A,F,,,P1D,,E,,,,,,,,,,,,,,,Technical notes are available at the following link: https://www.ecb.europa.eu/stats/financial_markets_and_interest_rates/euro_area_yield_curves/shared/pdf/technical_notes.pdf,,6,,,AAA yield curve - 5-year spot rate,"Euro area (changing composition) - Government bond, nominal, all issuers whose rating is triple A - Svensson model - continuous compounding - yield error minimisation - Yield curve spot rate, 5-year maturity",PCPA,0
YC.B.U2.EUR.4F.G_N_A.SV_C_YM.SR_5Y,B,U2,EUR,4F,G_N_A,SV_C_YM,SR_5Y,2025-01-29,2.3016701663,A,F,,,P1D,,E,,,,,,,,,,,,,,,Technical notes are available at the following link: https://www.ecb.europa.eu/stats/financial_markets_and_interest_rates/euro_area_yield_curves/shared/pdf/technical_notes.pdf,,6,,,AAA yield curve - 5-year spot rate,"Euro area (changing composition) - Government bond, nominal, all issuers whose rating is triple A - Svensson model - continuous compounding - yield error minimisation - Yield curve spot rate, 5-year maturity",PCPA,0
YC.B.U2.EUR.4F.G_N_A.SV_C_YM.SR_5Y,B,U2,EUR,4F,G_N_A,SV_C_YM,SR_5Y,2025-01-30,2.2525196175,A,F,,,P1D,,E,,,,,,,,,,,,,,,Technical notes are available at the following link: https://www.ecb.europa.eu/stats/financial_markets_and_interest_rates/euro_area_yield_curves/shared/pdf/technical_notes.pdf,,6,,,AAA yield curve - 5-year spot rate,"Euro area (changing composition) - Government bond, nominal, all issuers whose rating is triple A - Svensson model - continuous compounding - yield error minimisation - Yield curve spot rate, 5-year maturity",PCPA,0
YC.B.U2.EUR.4F.G_N_A.SV_C_YM.SR_5Y,B,U2,EUR,4F,G_N_A,SV_C_YM,SR_5Y,2025-01-31,2.2051641681,A,F,,,P1D,,E,,,,,,,,,,,,,,,Technical notes are available at the following link: https://www.ecb.europa.eu/stats/financial_markets_and_interest_rates/euro_area_yield_curves/shared/pdf/technical_notes.pdf,,6,,,AAA yield curve - 5-year spot rate,"Euro area (changing composition) - Government bond, nominal, all issuers whose rating is triple A - Svensson model - continuous compounding - yield error minimisation - Yield curve spot rate, 5-year maturity",PCPA,0
YC.B.U2.EUR.4F.G_N_A.SV_C_YM.SR_5Y,B,U2,EUR,4F,G_N_A,SV_C_YM,SR_5Y,2025-02-03,2.1296444379,A,F,,,P1D,,E,,,,,,,,,,,,,,,Technical notes are available at the following link: https://www.ecb.europa.eu/stats/financial_markets_and_interest_rates/euro_area_yield_curves/shared/pdf/technical_notes.pdf,,6,,,AAA yield curve - 5-year spot rate,"Euro area (changing composition) - Government bond, nominal, all issuers whose rating is triple A - Svensson model - continuous compounding - yield error minimisation - Yield curve spot rate, 5-year maturity",PCPA,0
YC.B.U2.EUR.4F.G_N_A.SV_C_YM.SR_5Y,B,U2,EUR,4F,G_N_A,SV_C_YM,SR_5Y,2025-02-04,2.1634625105,A,F,,,P1D,,E,,,,,,,,,,,,,,,Technical notes are available at the following link: https://www.ecb.europa.eu/stats/financial_markets_and_interest_rates/euro_area_yield_curves/shared/pdf/technical_notes.pdf,,6,,,AAA yield curve - 5-year spot rate,"Euro area (changing composition) - Government bond, nominal, all issuers whose rating is triple A - Svensson model - continuous compounding - yield error minimisation - Yield curve spot rate, 5-year maturity",PCPA,0
YC.B.U2.EUR.4F.G_N_A.SV_C_YM.SR_5Y,B,U2,EUR,4F,G_N_A,SV_C_YM,SR_5Y,2025-02-05,2.1307694205,A,F,,,P1D,,E,,,,,,,,,,,,,,,Technical notes are available at the following link: https://www.ecb.europa.eu/stats/financial_markets_and_interest_rates/euro_area_yield_curves/shared/pdf/technical_notes.pdf,,6,,,AAA yield curve - 5-year spot rate,"Euro area (changing composition) - Government bond, nominal, all issuers whose rating is triple A - Svensson model - continuous compounding - yield error minimisation - Yield curve spot rate, 5-year maturity",PCPA,0
YC.B.U2.EUR.4F.G_N_A.SV_C_YM.SR_5Y,B,U2,EUR,4F,G_N_A,SV_C_YM,SR_5Y,2025-02-06,2.1345002527,A,F,,,P1D,,E,,,,,,,,,,,,,,,Technical notes are available at the following link: https://www.ecb.europa.eu/stats/financial_markets_and_interest_rates/euro_area_yield_curves/shared/pdf/technical_notes.pdf,,6,,,AAA yield curve - 5-year spot rate,"Euro area (changing composition) - Government bond, nominal, all issuers whose rating is triple A - Svensson model - continuous compounding - yield error minimisation - Yield curve spot rate, 5-year maturity",PCPA,0
YC.B.U2.EUR.4F.G_N_A.SV_C_YM.SR_5Y,B,U2,EUR,4F,G_N_A,SV_C_YM,SR_5Y,2025-02-07,2.153762119,A,F,,,P1D,,E,,,,,,,,,,,,,,,Technical notes are available at the following link: https://www.ecb.europa.eu/stats/financial_markets_and_interest_rates/euro_area_yield_curves/shared/pdf/technical_notes.pdf,,6,,,AAA yield curve - 5-year spot rate,"Euro area (changing composition) - Government bond, nominal, all issuers whose rating is triple A - Svensson model - continuous compounding - yield error minimisation - Yield curve spot rate, 5-year maturity",PCPA,0
YC.B.U2.EUR.4F.G_N_A.SV_C_YM.SR_5Y,B,U2,EUR,4F,G_N_A,SV_C_YM,SR_5Y,2025-02-10,2.0996693767,A,F,,,P1D,,E,,,,,,,,,,,,,,,Technical notes are available at the following link: https://www.ecb.europa.eu/stats/financial_markets_and_interest_rates/euro_area_yield_curves/shared/pdf/technical_notes.pdf,,6,,,AAA yield curve - 5-year spot rate,"Euro area (changing composition) - Government bond, nominal, all issuers whose rating is triple A - Svensson model - continuous compounding - yield error minimisation - Yield curve spot rate, 5-year maturity",PCPA,0
YC.B.U2.EUR.4F.G_N_A.SV_C_YM.SR_5Y,B,U2,EUR,4F,G_N_A,SV_C_YM,SR_5Y,2025-02-11,2.1692076198,A,F,,,P1D,,E,,,,,,,,,,,,,,,Technical notes are available at the following link: https://www.ecb.europa.eu/stats/financial_markets_and_interest_rates/euro_area_yield_curves/shared/pdf/technical_notes.pdf,,6,,,AAA yield curve - 5-year spot rate,"Euro area (changing composition) - Government bond, nominal, all issuers whose rating is triple A - Svensson model - continuous compounding - yield error minimisation - Yield curve spot rate, 5-year maturity",PCPA,0
YC.B.U2.EUR.4F.G_N_A.SV_C_YM.SR_5Y,B,U2,EUR,4F,G_N_A,SV_C_YM,SR_5Y,2025-02-12,2.2277255498,A,F,,,P1D,,E,,,,,,,,,,,,,,,Technical notes are available at the following link: https://www.ecb.europa.eu/stats/financial_markets_and_interest_rates/euro_area_yield_curves/shared/pdf/technical_notes.pdf,,6,,,AAA yield curve - 5-year spot rate,"Euro area (changing composition) - Government bond, nominal, all issuers whose rating is triple A - Svensson model - continuous compounding - yield error minimisation - Yield curve spot rate, 5-year maturity",PCPA,0
YC.B.U2.EUR.4F.G_N_A.SV_C_YM.SR_5Y,B,U2,EUR,4F,G_N_A,SV_C_YM,SR_5Y,2025-02-13,2.1685338572,A,F,,,P1D,,E,,,,,,,,,,,,,,,Technical notes are available at the following link: https://www.ecb.europa.eu/stats/financial_markets_and_interest_rates/euro_area_yield_curves/shared/pdf/technical_notes.pdf,,6,,,AAA yield curve - 5-year spot rate,"Euro area (changing composition) - Government bond, nominal, all issuers whose rating is triple A - Svensson model - continuous compounding - yield error minimisation - Yield curve spot rate, 5-year maturity",PCPA,0
YC.B.U2.EUR.4F.G_N_A.SV_C_YM.SR_5Y,B,U2,EUR,4F,G_N_A,SV_C_YM,SR_5Y,2025-02-14,2.1730527916,A,F,,,P1D,,E,,,,,,,,,,,,,,,Technical notes are available at the following link: https://www.ecb.europa.eu/stats/financial_markets_and_interest_rates/euro_area_yield_curves/shared/pdf/technical_notes.pdf,,6,,,AAA yield curve - 5-year spot rate,"Euro area (changing composition) - Government bond, nominal, all issuers whose rating is triple A - Svensson model - continuous compounding - yield error minimisation - Yield curve spot rate, 5-year maturity",PCPA,0
YC.B.U2.EUR.4F.G_N_A.SV_C_YM.SR_5Y,B,U2,EUR,4F,G_N_A,SV_C_YM,SR_5Y,2025-02-17,2.2190038907,A,F,,,P1D,,E,,,,,,,,,,,,,,,Technical notes are available at the following link: https://www.ecb.europa.eu/stats/financial_markets_and_interest_rates/euro_area_yield_curves/shared/pdf/technical_notes.pdf,,6,,,AAA yield curve - 5-year spot rate,"Euro area (changing composition) - Government bond, nominal, all issuers whose rating is triple A - Svensson model - continuous compounding - yield error minimisation - Yield curve spot rate, 5-year maturity",PCPA,0
YC.B.U2.EUR.4F.G_N_A.SV_C_YM.SR_5Y,B,U2,EUR,4F,G_N_A,SV_C_YM,SR_5Y,2025-02-18,2.2290095064,A,F,,,P1D,,E,,,,,,,,,,,,,,,Technical notes are available at the following link: https://www.ecb.europa.eu/stats/financial_markets_and_interest_rates/euro_area_yield_curves/shared/pdf/technical_notes.pdf,,6,,,AAA yield curve - 5-year spot rate,"Euro area (changing composition) - Government bond, nominal, all issuers whose rating is triple A - Svensson model - continuous compounding - yield error minimisation - Yield curve spot rate, 5-year maturity",PCPA,0
YC.B.U2.EUR.4F.G_N_A.SV_C_YM.SR_5Y,B,U2,EUR,4F,G_N_A,SV_C_YM,SR_5Y,2025-02-19,2.2819855057,A,F,,,P1D,,E,,,,,,,,,,,,,,,Technical notes are available at the following link: https://www.ecb.europa.eu/stats/financial_markets_and_interest_rates/euro_area_yield_curves/shared/pdf/technical_notes.pdf,,6,,,AAA yield curve - 5-year spot rate,"Euro area (changing composition) - Government bond, nominal, all issuers whose rating is triple A - Svensson model - continuous compounding - yield error minimisation - Yield curve spot rate, 5-year maturity",PCPA,0
YC.B.U2.EUR.4F.G_N_A.SV_C_YM.SR_5Y,B,U2,EUR,4F,G_N_A,SV_C_YM,SR_5Y,2025-02-20,2.268428962,A,F,,,P1D,,E,,,,,,,,,,,,,,,Technical notes are available at the following link: https://www.ecb.europa.eu/stats/financial_markets_and_interest_rates/euro_area_yield_curves/shared/pdf/technical_notes.pdf,,6,,,AAA yield curve - 5-year spot rate,"Euro area (changing composition) - Government bond, nominal, all issuers whose rating is triple A - Svensson model - continuous compounding - yield error minimisation - Yield curve spot rate, 5-year maturity",PCPA,0
YC.B.U2.EUR.4F.G_N_A.SV_C_YM.SR_5Y,B,U2,EUR,4F,G_N_A,SV_C_YM,SR_5Y,2025-02-21,2.2032132758,A,F,,,P1D,,E,,,,,,,,,,,,,,,Technical notes are available at the following link: https://www.ecb.europa.eu/stats/financial_markets_and_interest_rates/euro_area_yield_curves/shared/pdf/technical_notes.pdf,,6,,,AAA yield curve - 5-year spot rate,"Euro area (changing composition) - Government bond, nominal, all issuers whose rating is triple A - Svensson model - continuous compounding - yield error minimisation - Yield curve spot rate, 5-year maturity",PCPA,0
YC.B.U2.EUR.4F.G_N_A.SV_C_YM.SR_5Y,B,U2,EUR,4F,G_N_A,SV_C_YM,SR_5Y,2025-02-24,2.1898943794,A,F,,,P1D,,E,,,,,,,,,,,,,,,Technical notes are available at the following link: https://www.ecb.europa.eu/stats/financial_markets_and_interest_rates/euro_area_yield_curves/shared/pdf/technical_notes.pdf,,6,,,AAA yield curve - 5-year spot rate,"Euro area (changing composition) - Government bond, nominal, all issuers whose rating is triple A - Svensson model - continuous compounding - yield error minimisation - Yield curve spot rate, 5-year maturity",PCPA,0
YC.B.U2.EUR.4F.G_N_A.SV_C_YM.SR_5Y,B,U2,EUR,4F,G_N_A,SV_C_YM,SR_5Y,2025-02-25,2.1811680594,A,F,,,P1D,,E,,,,,,,,,,,,,,,Technical notes are available at the following link: https://www.ecb.europa.eu/stats/financial_markets_and_interest_rates/euro_area_yield_curves/shared/pdf/technical_notes.pdf,,6,,,AAA yield curve - 5-year spot rate,"Euro area (changing composition) - Government bond, nominal, all issuers whose rating is triple A - Svensson model - continuous compounding - yield error minimisation - Yield curve spot rate, 5-year maturity",PCPA,0
YC.B.U2.EUR.4F.G_N_A.SV_C_YM.SR_5Y,B,U2,EUR,4F,G_N_A,SV_C_YM,SR_5Y,2025-02-26,2.1681460105,A,F,,,P1D,,E,,,,,,,,,,,,,,,Technical notes are available at the following link: https://www.ecb.europa.eu/stats/financial_markets_and_interest_rates/euro_area_yield_curves/shared/pdf/technical_notes.pdf,,6,,,AAA yield curve - 5-year spot rate,"Euro area (changing composition) - Government bond, nominal, all issuers whose rating is triple A - Svensson model - continuous compounding - yield error minimisation - Yield curve spot rate, 5-year maturity",PCPA,0
YC.B.U2.EUR.4F.G_N_A.SV_C_YM.SR_5Y,B,U2,EUR,4F,G_N_A,SV_C_YM,SR_5Y,2025-02-27,2.1254823997,A,F,,,P1D,,E,,,,,,,,,,,,,,,Technical notes are available at the following link: https://www.ecb.europa.eu/stats/financial_markets_and_interest_rates/euro_area_yield_curves/shared/pdf/technical_notes.pdf,,6,,,AAA yield curve - 5-year spot rate,"Euro area (changing composition) - Government bond, nominal, all issuers whose rating is triple A - Svensson model - continuous compounding - yield error minimisation - Yield curve spot rate, 5-year maturity",PCPA,0
YC.B.U2.EUR.4F.G_N_A.SV_C_YM.SR_5Y,B,U2,EUR,4F,G_N_A,SV_C_YM,SR_5Y,2025-02-28,2.1074088761,A,F,,,P1D,,E,,,,,,,,,,,,,,,Technical notes are available at the following link: https://www.ecb.europa.eu/stats/financial_markets_and_interest_rates/euro_area_yield_curves/shared/pdf/technical_notes.pdf,,6,,,AAA yield curve - 5-year spot rate,"Euro area (changing composition) - Government bond, nominal, all issuers whose rating is triple A - Svensson model - continuous compounding - yield error minimisation - Yield curve spot rate, 5-year maturity",PCPA,0
YC.B.U2.EUR.4F.G_N_A.SV_C_YM.SR_5Y,B,U2,EUR,4F,G_N_A,SV_C_YM,SR_5Y,2025-03-03,2.1910834225,A,F,,,P1D,,E,,,,,,,,,,,,,,,Technical notes are available at the following link: https://www.ecb.europa.eu/stats/financial_markets_and_interest_rates/euro_area_yield_curves/shared/pdf/technical_notes.pdf,,6,,,AAA yield curve - 5-year spot rate,"Euro area (changing composition) - Government bond, nominal, all issuers whose rating is triple A - Svensson model - continuous compounding - yield error minimisation - Yield curve spot rate, 5-year maturity",PCPA,0
YC.B.U2.EUR.4F.G_N_A.SV_C_YM.SR_5Y,B,U2,EUR,4F,G_N_A,SV_C_YM,SR_5Y,2025-03-04,2.1297164608,A,F,,,P1D,,E,,,,,,,,,,,,,,,Technical notes are available at the following link: https://www.ecb.europa.eu/stats/financial_markets_and_interest_rates/euro_area_yield_curves/shared/pdf/technical_notes.pdf,,6,,,AAA yield curve - 5-year spot rate,"Euro area (changing composition) - Government bond, nominal, all issuers whose rating is triple A - Svensson model - continuous compounding - yield error minimisation - Yield curve spot rate, 5-year maturity",PCPA,0
YC.B.U2.EUR.4F.G_N_A.SV_C_YM.SR_5Y,B,U2,EUR,4F,G_N_A,SV_C_YM,SR_5Y,2025-03-05,2.3903814535,A,F,,,P1D,,E,,,,,,,,,,,,,,,Technical notes are available at the following link: https://www.ecb.europa.eu/stats/financial_markets_and_interest_rates/euro_area_yield_curves/shared/pdf/technical_notes.pdf,,6,,,AAA yield curve - 5-year spot rate,"Euro area (changing composition) - Government bond, nominal, all issuers whose rating is triple A - Svensson model - continuous compounding - yield error minimisation - Yield curve spot rate, 5-year maturity",PCPA,0
YC.B.U2.EUR.4F.G_N_A.SV_C_YM.SR_5Y,B,U2,EUR,4F,G_N_A,SV_C_YM,SR_5Y,2025-03-06,2.5253300964,A,F,,,P1D,,E,,,,,,,,,,,,,,,Technical notes are available at the following link: https://www.ecb.europa.eu/stats/financial_markets_and_interest_rates/euro_area_yield_curves/shared/pdf/technical_notes.pdf,,6,,,AAA yield curve - 5-year spot rate,"Euro area (changing composition) - Government bond, nominal, all issuers whose rating is triple A - Svensson model - continuous compounding - yield error minimisation - Yield curve spot rate, 5-year maturity",PCPA,0
YC.B.U2.EUR.4F.G_N_A.SV_C_YM.SR_5Y,B,U2,EUR,4F,G_N_A,SV_C_YM,SR_5Y,2025-03-07,2.4588220374,A,F,,,P1D,,E,,,,,,,,,,,,,,,Technical notes are available at the following link: https://www.ecb.europa.eu/stats/financial_markets_and_interest_rates/euro_area_yield_curves/shared/pdf/technical_notes.pdf,,6,,,AAA yield curve - 5-year spot rate,"Euro area (changing composition) - Government bond, nominal, all issuers whose rating is triple A - Svensson model - continuous compounding - yield error minimisation - Yield curve spot rate, 5-year maturity",PCPA,0
YC.B.U2.EUR.4F.G_N_A.SV_C_YM.SR_5Y,B,U2,EUR,4F,G_N_A,SV_C_YM,SR_5Y,2025-03-10,2.4342726168,A,F,,,P1D,,E,,,,,,,,,,,,,,,Technical notes are available at the following link: https://www.ecb.europa.eu/stats/financial_markets_and_interest_rates/euro_area_yield_curves/shared/pdf/technical_notes.pdf,,6,,,AAA yield curve - 5-year spot rate,"Euro area (changing composition) - Government bond, nominal, all issuers whose rating is triple A - Svensson model - continuous compounding - yield error minimisation - Yield curve spot rate, 5-year maturity",PCPA,0
YC.B.U2.EUR.4F.G_N_A.SV_C_YM.SR_5Y,B,U2,EUR,4F,G_N_A,SV_C_YM,SR_5Y,2025-03-11,2.4755097047,A,F,,,P1D,,E,,,,,,,,,,,,,,,Technical notes are available at the following link: https://www.ecb.europa.eu/stats/financial_markets_and_interest_rates/euro_area_yield_curves/shared/pdf/technical_notes.pdf,,6,,,AAA yield curve - 5-year spot rate,"Euro area (changing composition) - Government bond, nominal, all issuers whose rating is triple A - Svensson model - continuous compounding - yield error minimisation - Yield curve spot rate, 5-year maturity",PCPA,0
YC.B.U2.EUR.4F.G_N_A.SV_C_YM.SR_5Y,B,U2,EUR,4F,G_N_A,SV_C_YM,SR_5Y,2025-03-12,2.4906224258,A,F,,,P1D,,E,,,,,,,,,,,,,,,Technical notes are available at the following link: https://www.ecb.europa.eu/stats/financial_markets_and_interest_rates/euro_area_yield_curves/shared/pdf/technical_notes.pdf,,6,,,AAA yield curve - 5-year spot rate,"Euro area (changing composition) - Government bond, nominal, all issuers whose rating is triple A - Svensson model - continuous compounding - yield error minimisation - Yield curve spot rate, 5-year maturity",PCPA,0
YC.B.U2.EUR.4F.G_N_A.SV_C_YM.SR_5Y,B,U2,EUR,4F,G_N_A,SV_C_YM,SR_5Y,2025-03-13,2.4616081403,A,F,,,P1D,,E,,,,,,,,,,,,,,,Technical notes are available at the following link: https://www.ecb.europa.eu/stats/financial_markets_and_interest_rates/euro_area_yield_curves/shared/pdf/technical_notes.pdf,,6,,,AAA yield curve - 5-year spot rate,"Euro area (changing composition) - Government bond, nominal, all issuers whose rating is triple A - Svensson model - continuous compounding - yield error minimisation - Yield curve spot rate, 5-year maturity",PCPA,0
YC.B.U2.EUR.4F.G_N_A.SV_C_YM.SR_5Y,B,U2,EUR,4F,G_N_A,SV_C_YM,SR_5Y,2025-03-14,2.4631045194,A,F,,,P1D,,E,,,,,,,,,,,,,,,Technical notes are available at the following link: https://www.ecb.europa.eu/stats/financial_markets_and_interest_rates/euro_area_yield_curves/shared/pdf/technical_notes.pdf,,6,,,AAA yield curve - 5-year spot rate,"Euro area (changing composition) - Government bond, nominal, all issuers whose rating is triple A - Svensson model - continuous compounding - yield error minimisation - Yield curve spot rate, 5-year maturity",PCPA,0
YC.B.U2.EUR.4F.G_N_A.SV_C_YM.SR_5Y,B,U2,EUR,4F,G_N_A,SV_C_YM,SR_5Y,2025-03-17,2.4341263873,A,F,,,P1D,,E,,,,,,,,,,,,,,,Technical notes are available at the following link: https://www.ecb.europa.eu/stats/financial_markets_and_interest_rates/euro_area_yield_curves/shared/pdf/technical_notes.pdf,,6,,,AAA yield curve - 5-year spot rate,"Euro area (changing composition) - Government bond, nominal, all issuers whose rating is triple A - Svensson model - continuous compounding - yield error minimisation - Yield curve spot rate, 5-year maturity",PCPA,0
YC.B.U2.EUR.4F.G_N_A.SV_C_YM.SR_5Y,B,U2,EUR,4F,G_N_A,SV_C_YM,SR_5Y,2025-03-18,2.4607261301,A,F,,,P1D,,E,,,,,,,,,,,,,,,Technical notes are available at the following link: https://www.ecb.europa.eu/stats/financial_markets_and_interest_rates/euro_area_yield_curves/shared/pdf/technical_notes.pdf,,6,,,AAA yield curve - 5-year spot rate,"Euro area (changing composition) - Government bond, nominal, all issuers whose rating is triple A - Svensson model - continuous compounding - yield error minimisation - Yield curve spot rate, 5-year maturity",PCPA,0
YC.B.U2.EUR.4F.G_N_A.SV_C_YM.SR_5Y,B,U2,EUR,4F,G_N_A,SV_C_YM,SR_5Y,2025-03-19,2.4296343515,A,F,,,P1D,,E,,,,,,,,,,,,,,,Technical notes are available at the following link: https://www.ecb.europa.eu/stats/financial_markets_and_interest_rates/euro_area_yield_curves/shared/pdf/technical_notes.pdf,,6,,,AAA yield curve - 5-year spot rate,"Euro area (changing composition) - Government bond, nominal, all issuers whose rating is triple A - Svensson model - continuous compounding - yield error minimisation - Yield curve spot rate, 5-year maturity",PCPA,0
YC.B.U2.EUR.4F.G_N_A.SV_C_YM.SR_5Y,B,U2,EUR,4F,G_N_A,SV_C_YM,SR_5Y,2025-03-20,2.4028130033,A,F,,,P1D,,E,,,,,,,,,,,,,,,Technical notes are available at the following link: https://www.ecb.europa.eu/stats/financial_markets_and_interest_rates/euro_area_yield_curves/shared/pdf/technical_notes.pdf,,6,,,AAA yield curve - 5-year spot rate,"Euro area (changing composition) - Government bond, nominal, all issuers whose rating is triple A - Svensson model - continuous compounding - yield error minimisation - Yield curve spot rate, 5-year maturity",PCPA,0
YC.B.U2.EUR.4F.G_N_A.SV_C_YM.SR_5Y,B,U2,EUR,4F,G_N_A,SV_C_YM,SR_5Y,2025-03-21,2.369598753,A,F,,,P1D,,E,,,,,,,,,,,,,,,Technical notes are available at the following link: https://www.ecb.europa.eu/stats/financial_markets_and_interest_rates/euro_area_yield_curves/shared/pdf/technical_notes.pdf,,6,,,AAA yield curve - 5-year spot rate,"Euro area (changing composition) - Government bond, nominal, all issuers whose rating is triple A - Svensson model - continuous compounding - yield error minimisation - Yield curve spot rate, 5-year maturity",PCPA,0
YC.B.U2.EUR.4F.G_N_A.SV_C_YM.SR_5Y,B,U2,EUR,4F,G_N_A,SV_C_YM,SR_5Y,2025-03-24,2.3776750295,A,F,,,P1D,,E,,,,,,,,,,,,,,,Technical notes are available at the following link: https://www.ecb.europa.eu/stats/financial_markets_and_interest_rates/euro_area_yield_curves/shared/pdf/technical_notes.pdf,,6,,,AAA yield curve - 5-year spot rate,"Euro area (changing composition) - Government bond, nominal, all issuers whose rating is triple A - Svensson model - continuous compounding - yield error minimisation - Yield curve spot rate, 5-year maturity",PCPA,0
YC.B.U2.EUR.4F.G_N_A.SV_C_YM.SR_5Y,B,U2,EUR,4F,G_N_A,SV_C_YM,SR_5Y,2025-03-25,2.3924469334,A,F,,,P1D,,E,,,,,,,,,,,,,,,Technical notes are available at the following link: https://www.ecb.europa.eu/stats/financial_markets_and_interest_rates/euro_area_yield_curves/shared/pdf/technical_notes.pdf,,6,,,AAA yield curve - 5-year spot rate,"Euro area (changing composition) - Government bond, nominal, all issuers whose rating is triple A - Svensson model - continuous compounding - yield error minimisation - Yield curve spot rate, 5-year maturity",PCPA,0
YC.B.U2.EUR.4F.G_N_A.SV_C_YM.SR_5Y,B,U2,EUR,4F,G_N_A,SV_C_YM,SR_5Y,2025-03-26,2.3893971439,A,F,,,P1D,,E,,,,,,,,,,,,,,,Technical notes are available at the following link: https://www.ecb.europa.eu/stats/financial_markets_and_interest_rates/euro_area_yield_curves/shared/pdf/technical_notes.pdf,,6,,,AAA yield curve - 5-year spot rate,"Euro area (changing composition) - Government bond, nominal, all issuers whose rating is triple A - Svensson model - continuous compounding - yield error minimisation - Yield curve spot rate, 5-year maturity",PCPA,0
YC.B.U2.EUR.4F.G_N_A.SV_C_YM.SR_5Y,B,U2,EUR,4F,G_N_A,SV_C_YM,SR_5Y,2025-03-27,2.3575664806,A,F,,,P1D,,E,,,,,,,,,,,,,,,Technical notes are available at the following link: https://www.ecb.europa.eu/stats/financial_markets_and_interest_rates/euro_area_yield_curves/shared/pdf/technical_notes.pdf,,6,,,AAA yield curve - 5-year spot rate,"Euro area (changing composition) - Government bond, nominal, all issuers whose rating is triple A - Svensson model - continuous compounding - yield error minimisation - Yield curve spot rate, 5-year maturity",PCPA,0
YC.B.U2.EUR.4F.G_N_A.SV_C_YM.SR_5Y,B,U2,EUR,4F,G_N_A,SV_C_YM,SR_5Y,2025-03-28,2.3034867958,A,F,,,P1D,,E,,,,,,,,,,,,,,,Technical notes are available at the following link: https://www.ecb.europa.eu/stats/financial_markets_and_interest_rates/euro_area_yield_curves/shared/pdf/technical_notes.pdf,,6,,,AAA yield curve - 5-year spot rate,"Euro area (changing composition) - Government bond, nominal, all issuers whose rating is triple A - Svensson model - continuous compounding - yield error minimisation - Yield curve spot rate, 5-year maturity",PCPA,0
YC.B.U2.EUR.4F.G_N_A.SV_C_YM.SR_5Y,B,U2,EUR,4F,G_N_A,SV_C_YM,SR_5Y,2025-03-31,2.2719349361,A,F,,,P1D,,E,,,,,,,,,,,,,,,Technical notes are available at the following link: https://www.ecb.europa.eu/stats/financial_markets_and_interest_rates/euro_area_yield_curves/shared/pdf/technical_notes.pdf,,6,,,AAA yield curve - 5-year spot rate,"Euro area (changing composition) - Government bond, nominal, all issuers whose rating is triple A - Svensson model - continuous compounding - yield error minimisation - Yield curve spot rate, 5-year maturity",PCPA,0
YC.B.U2.EUR.4F.G_N_A.SV_C_YM.SR_5Y,B,U2,EUR,4F,G_N_A,SV_C_YM,SR_5Y,2025-04-01,2.2587017592,A,F,,,P1D,,E,,,,,,,,,,,,,,,Technical notes are available at the following link: https://www.ecb.europa.eu/stats/financial_markets_and_interest_rates/euro_area_yield_curves/shared/pdf/technical_notes.pdf,,6,,,AAA yield curve - 5-year spot rate,"Euro area (changing composition) - Government bond, nominal, all issuers whose rating is triple A - Svensson model - continuous compounding - yield error minimisation - Yield curve spot rate, 5-year maturity",PCPA,0
YC.B.U2.EUR.4F.G_N_A.SV_C_YM.SR_5Y,B,U2,EUR,4F,G_N_A,SV_C_YM,SR_5Y,2025-04-02,2.2655770713,A,F,,,P1D,,E,,,,,,,,,,,,,,,Technical notes are available at the following link: https://www.ecb.europa.eu/stats/financial_markets_and_interest_rates/euro_area_yield_curves/shared/pdf/technical_notes.pdf,,6,,,AAA yield curve - 5-year spot rate,"Euro area (changing composition) - Government bond, nominal, all issuers whose rating is triple A - Svensson model - continuous compounding - yield error minimisation - Yield curve spot rate, 5-year maturity",PCPA,0
YC.B.U2.EUR.4F.G_N_A.SV_C_YM.SR_5Y,B,U2,EUR,4F,G_N_A,SV_C_YM,SR_5Y,2025-04-03,2.2005258244,A,F,,,P1D,,E,,,,,,,,,,,,,,,Technical notes are available at the following link: https://www.ecb.europa.eu/stats/financial_markets_and_interest_rates/euro_area_yield_curves/shared/pdf/technical_notes.pdf,,6,,,AAA yield curve - 5-year spot rate,"Euro area (changing composition) - Government bond, nominal, all issuers whose rating is triple A - Svensson model - continuous compounding - yield error minimisation - Yield curve spot rate, 5-year maturity",PCPA,0
YC.B.U2.EUR.4F.G_N_A.SV_C_YM.SR_5Y,B,U2,EUR,4F,G_N_A,SV_C_YM,SR_5Y,2025-04-04,2.0808397293,A,F,,,P1D,,E,,,,,,,,,,,,,,,Technical notes are available at the following link: https://www.ecb.europa.eu/stats/financial_markets_and_interest_rates/euro_area_yield_curves/shared/pdf/technical_notes.pdf,,6,,,AAA yield curve - 5-year spot rate,"Euro area (changing composition) - Government bond, nominal, all issuers whose rating is triple A - Svensson model - continuous compounding - yield error minimisation - Yield curve spot rate, 5-year maturity",PCPA,0
YC.B.U2.EUR.4F.G_N_A.SV_C_YM.SR_5Y,B,U2,EUR,4F,G_N_A,SV_C_YM,SR_5Y,2025-04-07,2.0852858098,A,F,,,P1D,,E,,,,,,,,,,,,,,,Technical notes are available at the following link: https://www.ecb.europa.eu/stats/financial_markets_and_interest_rates/euro_area_yield_curves/shared/pdf/technical_notes.pdf,,6,,,AAA yield curve - 5-year spot rate,"Euro area (changing composition) - Government bond, nominal, all issuers whose rating is triple A - Svensson model - continuous compounding - yield error minimisation - Yield curve spot rate, 5-year maturity",PCPA,0
YC.B.U2.EUR.4F.G_N_A.SV_C_YM.SR_5Y,B,U2,EUR,4F,G_N_A,SV_C_YM,SR_5Y,2025-04-08,2.1764185919,A,F,,,P1D,,E,,,,,,,,,,,,,,,Technical notes are available at the following link: https://www.ecb.europa.eu/stats/financial_markets_and_interest_rates/euro_area_yield_curves/shared/pdf/technical_notes.pdf,,6,,,AAA yield curve - 5-year spot rate,"Euro area (changing composition) - Government bond, nominal, all issuers whose rating is triple A - Svensson model - continuous compounding - yield error minimisation - Yield curve spot rate, 5-year maturity",PCPA,0
YC.B.U2.EUR.4F.G_N_A.SV_C_YM.SR_5Y,B,U2,EUR,4F,G_N_A,SV_C_YM,SR_5Y,2025-04-09,2.0829592924,A,F,,,P1D,,E,,,,,,,,,,,,,,,Technical notes are available at the following link: https://www.ecb.europa.eu/stats/financial_markets_and_interest_rates/euro_area_yield_curves/shared/pdf/technical_notes.pdf,,6,,,AAA yield curve - 5-year spot rate,"Euro area (changing composition) - Government bond, nominal, all issuers whose rating is triple A - Svensson model - continuous compounding - yield error minimisation - Yield curve spot rate, 5-year maturity",PCPA,0
YC.B.U2.EUR.4F.G_N_A.SV_C_YM.SR_5Y,B,U2,EUR,4F,G_N_A,SV_C_YM,SR_5Y,2025-04-10,2.1218766376,A,F,,,P1D,,E,,,,,,,,,,,,,,,Technical notes are available at the following link: https://www.ecb.europa.eu/stats/financial_markets_and_interest_rates/euro_area_yield_curves/shared/pdf/technical_notes.pdf,,6,,,AAA yield curve - 5-year spot rate,"Euro area (changing composition) - Government bond, nominal, all issuers whose rating is triple A - Svensson model - continuous compounding - yield error minimisation - Yield curve spot rate, 5-year maturity",PCPA,0
YC.B.U2.EUR.4F.G_N_A.SV_C_YM.SR_5Y,B,U2,EUR,4F,G_N_A,SV_C_YM,SR_5Y,2025-04-11,2.0677783657,A,F,,,P1D,,E,,,,,,,,,,,,,,,Technical notes are available at the following link: https://www.ecb.europa.eu/stats/financial_markets_and_interest_rates/euro_area_yield_curves/shared/pdf/technical_notes.pdf,,6,,,AAA yield curve - 5-year spot rate,"Euro area (changing composition) - Government bond, nominal, all issuers whose rating is triple A - Svensson model - continuous compounding - yield error minimisation - Yield curve spot rate, 5-year maturity",PCPA,0
YC.B.U2.EUR.4F.G_N_A.SV_C_YM.SR_5Y,B,U2,EUR,4F,G_N_A,SV_C_YM,SR_5Y,2025-04-14,2.0932156749,A,F,,,P1D,,E,,,,,,,,,,,,,,,Technical notes are available at the following link: https://www.ecb.europa.eu/stats/financial_markets_and_interest_rates/euro_area_yield_curves/shared/pdf/technical_notes.pdf,,6,,,AAA yield curve - 5-year spot rate,"Euro area (changing composition) - Government bond, nominal, all issuers whose rating is triple A - Svensson model - continuous compounding - yield error minimisation - Yield curve spot rate, 5-year maturity",PCPA,0
YC.B.U2.EUR.4F.G_N_A.SV_C_YM.SR_5Y,B,U2,EUR,4F,G_N_A,SV_C_YM,SR_5Y,2025-04-15,2.0891055626,A,F,,,P1D,,E,,,,,,,,,,,,,,,Technical notes are available at the following link: https://www.ecb.europa.eu/stats/financial_markets_and_interest_rates/euro_area_yield_curves/shared/pdf/technical_notes.pdf,,6,,,AAA yield curve - 5-year spot rate,"Euro area (changing composition) - Government bond, nominal, all issuers whose rating is triple A - Svensson model - continuous compounding - yield error minimisation - Yield curve spot rate, 5-year maturity",PCPA,0
YC.B.U2.EUR.4F.G_N_A.SV_C_YM.SR_5Y,B,U2,EUR,4F,G_N_A,SV_C_YM,SR_5Y,2025-04-16,2.0541165936,A,F,,,P1D,,E,,,,,,,,,,,,,,,Technical notes are available at the following link: https://www.ecb.europa.eu/stats/financial_markets_and_interest_rates/euro_area_yield_curves/shared/pdf/technical_notes.pdf,,6,,,AAA yield curve - 5-year spot rate,"Euro area (changing composition) - Government bond, nominal, all issuers whose rating is triple A - Svensson model - continuous compounding - yield error minimisation - Yield curve spot rate, 5-year maturity",PCPA,0
YC.B.U2.EUR.4F.G_N_A.SV_C_YM.SR_5Y,B,U2,EUR,4F,G_N_A,SV_C_YM,SR_5Y,2025-04-17,2.0244440375,A,F,,,P1D,,E,,,,,,,,,,,,,,,Technical notes are available at the following link: https://www.ecb.europa.eu/stats/financial_markets_and_interest_rates/euro_area_yield_curves/shared/pdf/technical_notes.pdf,,6,,,AAA yield curve - 5-year spot rate,"Euro area (changing composition) - Government bond, nominal, all issuers whose rating is triple A - Svensson model - continuous compounding - yield error minimisation - Yield curve spot rate, 5-year maturity",PCPA,0
YC.B.U2.EUR.4F.G_N_A.SV_C_YM.SR_5Y,B,U2,EUR,4F,G_N_A,SV_C_YM,SR_5Y,2025-04-22,2.0084109414,A,F,,,P1D,,E,,,,,,,,,,,,,,,Technical notes are available at the following link: https://www.ecb.europa.eu/stats/financial_markets_and_interest_rates/euro_area_yield_curves/shared/pdf/technical_notes.pdf,,6,,,AAA yield curve - 5-year spot rate,"Euro area (changing composition) - Government bond, nominal, all issuers whose rating is triple A - Svensson model - continuous compounding - yield error minimisation - Yield curve spot rate, 5-year maturity",PCPA,0
YC.B.U2.EUR.4F.G_N_A.SV_C_YM.SR_5Y,B,U2,EUR,4F,G_N_A,SV_C_YM,SR_5Y,2025-04-23,2.0646100071,A,F,,,P1D,,E,,,,,,,,,,,,,,,Technical notes are available at the following link: https://www.ecb.europa.eu/stats/financial_markets_and_interest_rates/euro_area_yield_curves/shared/pdf/technical_notes.pdf,,6,,,AAA yield curve - 5-year spot rate,"Euro area (changing composition) - Government bond, nominal, all issuers whose rating is triple A - Svensson model - continuous compounding - yield error minimisation - Yield curve spot rate, 5-year maturity",PCPA,0
YC.B.U2.EUR.4F.G_N_A.SV_C_YM.SR_5Y,B,U2,EUR,4F,G_N_A,SV_C_YM,SR_5Y,2025-04-24,2.0008692977,A,F,,,P1D,,E,,,,,,,,,,,,,,,Technical notes are available at the following link: https://www.ecb.europa.eu/stats/financial_markets_and_interest_rates/euro_area_yield_curves/shared/pdf/technical_notes.pdf,,6,,,AAA yield curve - 5-year spot rate,"Euro area (changing composition) - Government bond, nominal, all issuers whose rating is triple A - Svensson model - continuous compounding - yield error minimisation - Yield curve spot rate, 5-year maturity",PCPA,0
YC.B.U2.EUR.4F.G_N_A.SV_C_YM.SR_5Y,B,U2,EUR,4F,G_N_A,SV_C_YM,SR_5Y,2025-04-25,2.0199722793,A,F,,,P1D,,E,,,,,,,,,,,,,,,Technical notes are available at the following link: https://www.ecb.europa.eu/stats/financial_markets_and_interest_rates/euro_area_yield_curves/shared/pdf/technical_notes.pdf,,6,,,AAA yield curve - 5-year spot rate,"Euro area (changing composition) - Government bond, nominal, all issuers whose rating is triple A - Svensson model - continuous compounding - yield error minimisation - Yield curve spot rate, 5-year maturity",PCPA,0
YC.B.U2.EUR.4F.G_N_A.SV_C_YM.SR_5Y,B,U2,EUR,4F,G_N_A,SV_C_YM,SR_5Y,2025-04-28,2.0451539648,A,F,,,P1D,,E,,,,,,,,,,,,,,,Technical notes are available at the following link: https://www.ecb.europa.eu/stats/financial_markets_and_interest_rates/euro_area_yield_curves/shared/pdf/technical_notes.pdf,,6,,,AAA yield curve - 5-year spot rate,"Euro area (changing composition) - Government bond, nominal, all issuers whose rating is triple A - Svensson model - continuous compounding - yield error minimisation - Yield curve spot rate, 5-year maturity",PCPA,0
YC.B.U2.EUR.4F.G_N_A.SV_C_YM.SR_5Y,B,U2,EUR,4F,G_N_A,SV_C_YM,SR_5Y,2025-04-29,2.0286478449,A,F,,,P1D,,E,,,,,,,,,,,,,,,Technical notes are available at the following link: https://www.ecb.europa.eu/stats/financial_markets_and_interest_rates/euro_area_yield_curves/shared/pdf/technical_notes.pdf,,6,,,AAA yield curve - 5-year spot rate,"Euro area (changing composition) - Government bond, nominal, all issuers whose rating is triple A - Svensson model - continuous compounding - yield error minimisation - Yield curve spot rate, 5-year maturity",PCPA,0
YC.B.U2.EUR.4F.G_N_A.SV_C_YM.SR_5Y,B,U2,EUR,4F,G_N_A,SV_C_YM,SR_5Y,2025-04-30,1.9935450969,A,F,,,P1D,,E,,,,,,,,,,,,,,,Technical notes are available at the following link: https://www.ecb.europa.eu/stats/financial_markets_and_interest_rates/euro_area_yield_curves/shared/pdf/technical_notes.pdf,,6,,,AAA yield curve - 5-year spot rate,"Euro area (changing composition) - Government bond, nominal, all issuers whose rating is triple A - Svensson model - continuous compounding - yield error minimisation - Yield curve spot rate, 5-year maturity",PCPA,0
YC.B.U2.EUR.4F.G_N_A.SV_C_YM.SR_5Y,B,U2,EUR,4F,G_N_A,SV_C_YM,SR_5Y,2025-05-02,2.0387226186,A,F,,,P1D,,E,,,,,,,,,,,,,,,Technical notes are available at the following link: https://www.ecb.europa.eu/stats/financial_markets_and_interest_rates/euro_area_yield_curves/shared/pdf/technical_notes.pdf,,6,,,AAA yield curve - 5-year spot rate,"Euro area (changing composition) - Government bond, nominal, all issuers whose rating is triple A - Svensson model - continuous compounding - yield error minimisation - Yield curve spot rate, 5-year maturity",PCPA,0
YC.B.U2.EUR.4F.G_N_A.SV_C_YM.SR_5Y,B,U2,EUR,4F,G_N_A,SV_C_YM,SR_5Y,2025-05-05,2.048590284,A,F,,,P1D,,E,,,,,,,,,,,,,,,Technical notes are available at the following link: https://www.ecb.europa.eu/stats/financial_markets_and_interest_rates/euro_area_yield_curves/shared/pdf/technical_notes.pdf,,6,,,AAA yield curve - 5-year spot rate,"Euro area (changing composition) - Government bond, nominal, all issuers whose rating is triple A - Svensson model - continuous compounding - yield error minimisation - Yield curve spot rate, 5-year maturity",PCPA,0
YC.B.U2.EUR.4F.G_N_A.SV_C_YM.SR_5Y,B,U2,EUR,4F,G_N_A,SV_C_YM,SR_5Y,2025-05-06,2.0705974143,A,F,,,P1D,,E,,,,,,,,,,,,,,,Technical notes are available at the following link: https://www.ecb.europa.eu/stats/financial_markets_and_interest_rates/euro_area_yield_curves/shared/pdf/technical_notes.pdf,,6,,,AAA yield curve - 5-year spot rate,"Euro area (changing composition) - Government bond, nominal, all issuers whose rating is triple A - Svensson model - continuous compounding - yield error minimisation - Yield curve spot rate, 5-year maturity",PCPA,0
YC.B.U2.EUR.4F.G_N_A.SV_C_YM.SR_5Y,B,U2,EUR,4F,G_N_A,SV_C_YM,SR_5Y,2025-05-07,2.0199190994,A,F,,,P1D,,E,,,,,,,,,,,,,,,Technical notes are available at the following link: https://www.ecb.europa.eu/stats/financial_markets_and_interest_rates/euro_area_yield_curves/shared/pdf/technical_notes.pdf,,6,,,AAA yield curve - 5-year spot rate,"Euro area (changing composition) - Government bond, nominal, all issuers whose rating is triple A - Svensson model - continuous compounding - yield error minimisation - Yield curve spot rate, 5-year maturity",PCPA,0
YC.B.U2.EUR.4F.G_N_A.SV_C_YM.SR_5Y,B,U2,EUR,4F,G_N_A,SV_C_YM,SR_5Y,2025-05-08,2.0404047183,A,F,,,P1D,,E,,,,,,,,,,,,,,,Technical notes are available at the following link: https://www.ecb.europa.eu/stats/financial_markets_and_interest_rates/euro_area_yield_curves/shared/pdf/technical_notes.pdf,,6,,,AAA yield curve - 5-year spot rate,"Euro area (changing composition) - Government bond, nominal, all issuers whose rating is triple A - Svensson model - continuous compounding - yield error minimisation - Yield curve spot rate, 5-year maturity",PCPA,0
YC.B.U2.EUR.4F.G_N_A.SV_C_YM.SR_5Y,B,U2,EUR,4F,G_N_A,SV_C_YM,SR_5Y,2025-05-09,2.0911442443,A,F,,,P1D,,E,,,,,,,,,,,,,,,Technical notes are available at the following link: https://www.ecb.europa.eu/stats/financial_markets_and_interest_rates/euro_area_yield_curves/shared/pdf/technical_notes.pdf,,6,,,AAA yield curve - 5-year spot rate,"Euro area (changing composition) - Government bond, nominal, all issuers whose rating is triple A - Svensson model - continuous compounding - yield error minimisation - Yield curve spot rate, 5-year maturity",PCPA,0
YC.B.U2.EUR.4F.G_N_A.SV_C_YM.SR_5Y,B,U2,EUR,4F,G_N_A,SV_C_YM,SR_5Y,2025-05-12,2.2260620935,A,F,,,P1D,,E,,,,,,,,,,,,,,,Technical notes are available at the following link: https://www.ecb.europa.eu/stats/financial_markets_and_interest_rates/euro_area_yield_curves/shared/pdf/technical_notes.pdf,,6,,,AAA yield curve - 5-year spot rate,"Euro area (changing composition) - Government bond, nominal, all issuers whose rating is triple A - Svensson model - continuous compounding - yield error minimisation - Yield curve spot rate, 5-year maturity",PCPA,0
YC.B.U2.EUR.4F.G_N_A.SV_C_YM.SR_5Y,B,U2,EUR,4F,G_N_A,SV_C_YM,SR_5Y,2025-05-13,2.233577333,A,F,,,P1D,,E,,,,,,,,,,,,,,,Technical notes are available at the following link: https://www.ecb.europa.eu/stats/financial_markets_and_interest_rates/euro_area_yield_curves/shared/pdf/technical_notes.pdf,,6,,,AAA yield curve - 5-year spot rate,"Euro area (changing composition) - Government bond, nominal, all issuers whose rating is triple A - Svensson model - continuous compounding - yield error minimisation - Yield curve spot rate, 5-year maturity",PCPA,0
YC.B.U2.EUR.4F.G_N_A.SV_C_YM.SR_5Y,B,U2,EUR,4F,G_N_A,SV_C_YM,SR_5Y,2025-05-14,2.2335070685,A,F,,,P1D,,E,,,,,,,,,,,,,,,Technical notes are available at the following link: https://www.ecb.europa.eu/stats/financial_markets_and_interest_rates/euro_area_yield_curves/shared/pdf/technical_notes.pdf,,6,,,AAA yield curve - 5-year spot rate,"Euro area (changing composition) - Government bond, nominal, all issuers whose rating is triple A - Svensson model - continuous compounding - yield error minimisation - Yield curve spot rate, 5-year maturity",PCPA,0
YC.B.U2.EUR.4F.G_N_A.SV_C_YM.SR_5Y,B,U2,EUR,4F,G_N_A,SV_C_YM,SR_5Y,2025-05-15,2.1940719169,A,F,,,P1D,,E,,,,,,,,,,,,,,,Technical notes are available at the following link: https://www.ecb.europa.eu/stats/financial_markets_and_interest_rates/euro_area_yield_curves/shared/pdf/technical_notes.pdf,,6,,,AAA yield curve - 5-year spot rate,"Euro area (changing composition) - Government bond, nominal, all issuers whose rating is triple A - Svensson model - continuous compounding - yield error minimisation - Yield curve spot rate, 5-year maturity",PCPA,0
YC.B.U2.EUR.4F.G_N_A.SV_C_YM.SR_5Y,B,U2,EUR,4F,G_N_A,SV_C_YM,SR_5Y,2025-05-16,2.1467611725,A,F,,,P1D,,E,,,,,,,,,,,,,,,Technical notes are available at the following link: https://www.ecb.europa.eu/stats/financial_markets_and_interest_rates/euro_area_yield_curves/shared/pdf/technical_notes.pdf,,6,,,AAA yield curve - 5-year spot rate,"Euro area (changing composition) - Government bond, nominal, all issuers whose rating is triple A - Svensson model - continuous compounding - yield error minimisation - Yield curve spot rate, 5-year maturity",PCPA,0
YC.B.U2.EUR.4F.G_N_A.SV_C_YM.SR_5Y,B,U2,EUR,4F,G_N_A,SV_C_YM,SR_5Y,2025-05-19,2.1492137003,A,F,,,P1D,,E,,,,,,,,,,,,,,,Technical notes are available at the following link: https://www.ecb.europa.eu/stats/financial_markets_and_interest_rates/euro_area_yield_curves/shared/pdf/technical_notes.pdf,,6,,,AAA yield curve - 5-year spot rate,"Euro area (changing composition) - Government bond, nominal, all issuers whose rating is triple A - Svensson model - continuous compounding - yield error minimisation - Yield curve spot rate, 5-year maturity",PCPA,0
YC.B.U2.EUR.4F.G_N_A.SV_C_YM.SR_5Y,B,U2,EUR,4F,G_N_A,SV_C_YM,SR_5Y,2025-05-20,2.1577738284,A,F,,,P1D,,E,,,,,,,,,,,,,,,Technical notes are available at the following link: https://www.ecb.europa.eu/stats/financial_markets_and_interest_rates/euro_area_yield_curves/shared/pdf/technical_notes.pdf,,6,,,AAA yield curve - 5-year spot rate,"Euro area (changing composition) - Government bond, nominal, all issuers whose rating is triple A - Svensson model - continuous compounding - yield error minimisation - Yield curve spot rate, 5-year maturity",PCPA,0
YC.B.U2.EUR.4F.G_N_A.SV_C_YM.SR_5Y,B,U2,EUR,4F,G_N_A,SV_C_YM,SR_5Y,2025-05-21,2.1816686995,A,F,,,P1D,,E,,,,,,,,,,,,,,,Technical notes are available at the following link: https://www.ecb.europa.eu/stats/financial_markets_and_interest_rates/euro_area_yield_curves/shared/pdf/technical_notes.pdf,,6,,,AAA yield curve - 5-year spot rate,"Euro area (changing composition) - Government bond, nominal, all issuers whose rating is triple A - Svensson model - continuous compounding - yield error minimisation - Yield curve spot rate, 5-year maturity",PCPA,0
YC.B.U2.EUR.4F.G_N_A.SV_C_YM.SR_5Y,B,U2,EUR,4F,G_N_A,SV_C_YM,SR_5Y,2025-05-22,2.1756127473,A,F,,,P1D,,E,,,,,,,,,,,,,,,Technical notes are available at the following link: https://www.ecb.europa.eu/stats/financial_markets_and_interest_rates/euro_area_yield_curves/shared/pdf/technical_notes.pdf,,6,,,AAA yield curve - 5-year spot rate,"Euro area (changing composition) - Government bond, nominal, all issuers whose rating is triple A - Svensson model - continuous compounding - yield error minimisation - Yield curve spot rate, 5-year maturity",PCPA,0
YC.B.U2.EUR.4F.G_N_A.SV_C_YM.SR_5Y,B,U2,EUR,4F,G_N_A,SV_C_YM,SR_5Y,2025-05-23,2.0948101229,A,F,,,P1D,,E,,,,,,,,,,,,,,,Technical notes are available at the following link: https://www.ecb.europa.eu/stats/financial_markets_and_interest_rates/euro_area_yield_curves/shared/pdf/technical_notes.pdf,,6,,,AAA yield curve - 5-year spot rate,"Euro area (changing composition) - Government bond, nominal, all issuers whose rating is triple A - Svensson model - continuous compounding - yield error minimisation - Yield curve spot rate, 5-year maturity",PCPA,0
YC.B.U2.EUR.4F.G_N_A.SV_C_YM.SR_5Y,B,U2,EUR,4F,G_N_A,SV_C_YM,SR_5Y,2025-05-26,2.1071999183,A,F,,,P1D,,E,,,,,,,,,,,,,,,Technical notes are available at the following link: https://www.ecb.europa.eu/stats/financial_markets_and_interest_rates/euro_area_yield_curves/shared/pdf/technical_notes.pdf,,6,,,AAA yield curve - 5-year spot rate,"Euro area (changing composition) - Government bond, nominal, all issuers whose rating is triple A - Svensson model - continuous compounding - yield error minimisation - Yield curve spot rate, 5-year maturity",PCPA,0
YC.B.U2.EUR.4F.G_N_A.SV_C_YM.SR_5Y,B,U2,EUR,4F,G_N_A,SV_C_YM,SR_5Y,2025-05-27,2.0974743952,A,F,,,P1D,,E,,,,,,,,,,,,,,,Technical notes are available at the following link: https://www.ecb.europa.eu/stats/financial_markets_and_interest_rates/euro_area_yield_curves/shared/pdf/technical_notes.pdf,,6,,,AAA yield curve - 5-year spot rate,"Euro area (changing composition) - Government bond, nominal, all issuers whose rating is triple A - Svensson model - continuous compounding - yield error minimisation - Yield curve spot rate, 5-year maturity",PCPA,0
YC.B.U2.EUR.4F.G_N_A.SV_C_YM.SR_5Y,B,U2,EUR,4F,G_N_A,SV_C_YM,SR_5Y,2025-05-28,2.1098358207,A,F,,,P1D,,E,,,,,,,,,,,,,,,Technical notes are available at the following link: https://www.ecb.europa.eu/stats/financial_markets_and_interest_rates/euro_area_yield_curves/shared/pdf/technical_notes.pdf,,6,,,AAA yield curve - 5-year spot rate,"Euro area (changing composition) - Government bond, nominal, all issuers whose rating is triple A - Svensson model - continuous compounding - yield error minimisation - Yield curve spot rate, 5-year maturity",PCPA,0
YC.B.U2.EUR.4F.G_N_A.SV_C_YM.SR_5Y,B,U2,EUR,4F,G_N_A,SV_C_YM,SR_5Y,2025-05-29,2.0769243757,A,F,,,P1D,,E,,,,,,,,,,,,,,,Technical notes are available at the following link: https://www.ecb.europa.eu/stats/financial_markets_and_interest_rates/euro_area_yield_curves/shared/pdf/technical_notes.pdf,,6,,,AAA yield curve - 5-year spot rate,"Euro area (changing composition) - Government bond, nominal, all issuers whose rating is triple A - Svensson model - continuous compounding - yield error minimisation - Yield curve spot rate, 5-year maturity",PCPA,0
YC.B.U2.EUR.4F.G_N_A.SV_C_YM.SR_5Y,B,U2,EUR,4F,G_N_A,SV_C_YM,SR_5Y,2025-05-30,2.0818777465,A,F,,,P1D,,E,,,,,,,,,,,,,,,Technical notes are available at the following link: https://www.ecb.europa.eu/stats/financial_markets_and_interest_rates/euro_area_yield_curves/shared/pdf/technical_notes.pdf,,6,,,AAA yield curve - 5-year spot rate,"Euro area (changing composition) - Government bond, nominal, all issuers whose rating is triple A - Svensson model - continuous compounding - yield error minimisation - Yield curve spot rate, 5-year maturity",PCPA,0
YC.B.U2.EUR.4F.G_N_A.SV_C_YM.SR_5Y,B,U2,EUR,4F,G_N_A,SV_C_YM,SR_5Y,2025-06-02,2.0874177227,A,F,,,P1D,,E,,,,,,,,,,,,,,,Technical notes are available at the following link: https://www.ecb.europa.eu/stats/financial_markets_and_interest_rates/euro_area_yield_curves/shared/pdf/technical_notes.pdf,,6,,,AAA yield curve - 5-year spot rate,"Euro area (changing composition) - Government bond, nominal, all issuers whose rating is triple A - Svensson model - continuous compounding - yield error minimisation - Yield curve spot rate, 5-year maturity",PCPA,0
YC.B.U2.EUR.4F.G_N_A.SV_C_YM.SR_5Y,B,U2,EUR,4F,G_N_A,SV_C_YM,SR_5Y,2025-06-03,2.053576799,A,F,,,P1D,,E,,,,,,,,,,,,,,,Technical notes are available at the following link: https://www.ecb.europa.eu/stats/financial_markets_and_interest_rates/euro_area_yield_curves/shared/pdf/technical_notes.pdf,,6,,,AAA yield curve - 5-year spot rate,"Euro area (changing composition) - Government bond, nominal, all issuers whose rating is triple A - Svensson model - continuous compounding - yield error minimisation - Yield curve spot rate, 5-year maturity",PCPA,0
YC.B.U2.EUR.4F.G_N_A.SV_C_YM.SR_5Y,B,U2,EUR,4F,G_N_A,SV_C_YM,SR_5Y,2025-06-04,2.0982835273,A,F,,,P1D,,E,,,,,,,,,,,,,,,Technical notes are available at the following link: https://www.ecb.europa.eu/stats/financial_markets_and_interest_rates/euro_area_yield_curves/shared/pdf/technical_notes.pdf,,6,,,AAA yield curve - 5-year spot rate,"Euro area (changing composition) - Government bond, nominal, all issuers whose rating is triple A - Svensson model - continuous compounding - yield error minimisation - Yield curve spot rate, 5-year maturity",PCPA,0
YC.B.U2.EUR.4F.G_N_A.SV_C_YM.SR_5Y,B,U2,EUR,4F,G_N_A,SV_C_YM,SR_5Y,2025-06-05,2.1618460029,A,F,,,P1D,,E,,,,,,,,,,,,,,,Technical notes are available at the following link: https://www.ecb.europa.eu/stats/financial_markets_and_interest_rates/euro_area_yield_curves/shared/pdf/technical_notes.pdf,,6,,,AAA yield curve - 5-year spot rate,"Euro area (changing composition) - Government bond, nominal, all issuers whose rating is triple A - Svensson model - continuous compounding - yield error minimisation - Yield curve spot rate, 5-year maturity",PCPA,0
YC.B.U2.EUR.4F.G_N_A.SV_C_YM.SR_5Y,B,U2,EUR,4F,G_N_A,SV_C_YM,SR_5Y,2025-06-06,2.1651925315,A,F,,,P1D,,E,,,,,,,,,,,,,,,Technical notes are available at the following link: https://www.ecb.europa.eu/stats/financial_markets_and_interest_rates/euro_area_yield_curves/shared/pdf/technical_notes.pdf,,6,,,AAA yield curve - 5-year spot rate,"Euro area (changing composition) - Government bond, nominal, all issuers whose rating is triple A - Svensson model - continuous compounding - yield error minimisation - Yield curve spot rate, 5-year maturity",PCPA,0
YC.B.U2.EUR.4F.G_N_A.SV_C_YM.SR_5Y,B,U2,EUR,4F,G_N_A,SV_C_YM,SR_5Y,2025-06-09,2.1607118398,A,F,,,P1D,,E,,,,,,,,,,,,,,,Technical notes are available at the following link: https://www.ecb.europa.eu/stats/financial_markets_and_interest_rates/euro_area_yield_curves/shared/pdf/technical_notes.pdf,,6,,,AAA yield curve - 5-year spot rate,"Euro area (changing composition) - Government bond, nominal, all issuers whose rating is triple A - Svensson model - continuous compounding - yield error minimisation - Yield curve spot rate, 5-year maturity",PCPA,0
YC.B.U2.EUR.4F.G_N_A.SV_C_YM.SR_5Y,B,U2,EUR,4F,G_N_A,SV_C_YM,SR_5Y,2025-06-10,2.1175300374,A,F,,,P1D,,E,,,,,,,,,,,,,,,Technical notes are available at the following link: https://www.ecb.europa.eu/stats/financial_markets_and_interest_rates/euro_area_yield_curves/shared/pdf/technical_notes.pdf,,6,,,AAA yield curve - 5-year spot rate,"Euro area (changing composition) - Government bond, nominal, all issuers whose rating is triple A - Svensson model - continuous compounding - yield error minimisation - Yield curve spot rate, 5-year maturity",PCPA,0
YC.B.U2.EUR.4F.G_N_A.SV_C_YM.SR_5Y,B,U2,EUR,4F,G_N_A,SV_C_YM,SR_5Y,2025-06-11,2.124097037,A,F,,,P1D,,E,,,,,,,,,,,,,,,Technical notes are available at the following link: https://www.ecb.europa.eu/stats/financial_markets_and_interest_rates/euro_area_yield_curves/shared/pdf/technical_notes.pdf,,6,,,AAA yield curve - 5-year spot rate,"Euro area (changing composition) - Government bond, nominal, all issuers whose rating is triple A - Svensson model - continuous compounding - yield error minimisation - Yield curve spot rate, 5-year maturity",PCPA,0
YC.B.U2.EUR.4F.G_N_A.SV_C_YM.SR_5Y,B,U2,EUR,4F,G_N_A,SV_C_YM,SR_5Y,2025-06-12,2.0861268132,A,F,,,P1D,,E,,,,,,,,,,,,,,,Technical notes are available at the following link: https://www.ecb.europa.eu/stats/financial_markets_and_interest_rates/euro_area_yield_curves/shared/pdf/technical_notes.pdf,,6,,,AAA yield curve - 5-year spot rate,"Euro area (changing composition) - Government bond, nominal, all issuers whose rating is triple A - Svensson model - continuous compounding - yield error minimisation - Yield curve spot rate, 5-year maturity",PCPA,0
YC.B.U2.EUR.4F.G_N_A.SV_C_YM.SR_5Y,B,U2,EUR,4F,G_N_A,SV_C_YM,SR_5Y,2025-06-13,2.1081174236,A,F,,,P1D,,E,,,,,,,,,,,,,,,Technical notes are available at the following link: https://www.ecb.europa.eu/stats/financial_markets_and_interest_rates/euro_area_yield_curves/shared/pdf/technical_notes.pdf,,6,,,AAA yield curve - 5-year spot rate,"Euro area (changing composition) - Government bond, nominal, all issuers whose rating is triple A - Svensson model - continuous compounding - yield error minimisation - Yield curve spot rate, 5-year maturity",PCPA,0
YC.B.U2.EUR.4F.G_N_A.SV_C_YM.SR_5Y,B,U2,EUR,4F,G_N_A,SV_C_YM,SR_5Y,2025-06-16,2.1135627332,A,F,,,P1D,,E,,,,,,,,,,,,,,,Technical notes are available at the following link: https://www.ecb.europa.eu/stats/financial_markets_and_interest_rates/euro_area_yield_curves/shared/pdf/technical_notes.pdf,,6,,,AAA yield curve - 5-year spot rate,"Euro area (changing composition) - Government bond, nominal, all issuers whose rating is triple A - Svensson model - continuous compounding - yield error minimisation - Yield curve spot rate, 5-year maturity",PCPA,0
YC.B.U2.EUR.4F.G_N_A.SV_C_YM.SR_5Y,B,U2,EUR,4F,G_N_A,SV_C_YM,SR_5Y,2025-06-17,2.1335390897,A,F,,,P1D,,E,,,,,,,,,,,,,,,Technical notes are available at the following link: https://www.ecb.europa.eu/stats/financial_markets_and_interest_rates/euro_area_yield_curves/shared/pdf/technical_notes.pdf,,6,,,AAA yield curve - 5-year spot rate,"Euro area (changing composition) - Government bond, nominal, all issuers whose rating is triple A - Svensson model - continuous compounding - yield error minimisation - Yield curve spot rate, 5-year maturity",PCPA,0
YC.B.U2.EUR.4F.G_N_A.SV_C_YM.SR_5Y,B,U2,EUR,4F,G_N_A,SV_C_YM,SR_5Y,2025-06-18,2.1139818176,A,F,,,P1D,,E,,,,,,,,,,,,,,,Technical notes are available at the following link: https://www.ecb.europa.eu/stats/financial_markets_and_interest_rates/euro_area_yield_curves/shared/pdf/technical_notes.pdf,,6,,,AAA yield curve - 5-year spot rate,"Euro area (changing composition) - Government bond, nominal, all issuers whose rating is triple A - Svensson model - continuous compounding - yield error minimisation - Yield curve spot rate, 5-year maturity",PCPA,0
YC.B.U2.EUR.4F.G_N_A.SV_C_YM.SR_5Y,B,U2,EUR,4F,G_N_A,SV_C_YM,SR_5Y,2025-06-19,2.1101684667,A,F,,,P1D,,E,,,,,,,,,,,,,,,Technical notes are available at the following link: https://www.ecb.europa.eu/stats/financial_markets_and_interest_rates/euro_area_yield_curves/shared/pdf/technical_notes.pdf,,6,,,AAA yield curve - 5-year spot rate,"Euro area (changing composition) - Government bond, nominal, all issuers whose rating is triple A - Svensson model - continuous compounding - yield error minimisation - Yield curve spot rate, 5-year maturity",PCPA,0
YC.B.U2.EUR.4F.G_N_A.SV_C_YM.SR_5Y,B,U2,EUR,4F,G_N_A,SV_C_YM,SR_5Y,2025-06-20,2.1172520907,A,F,,,P1D,,E,,,,,,,,,,,,,,,Technical notes are available at the following link: https://www.ecb.europa.eu/stats/financial_markets_and_interest_rates/euro_area_yield_curves/shared/pdf/technical_notes.pdf,,6,,,AAA yield curve - 5-year spot rate,"Euro area (changing composition) - Government bond, nominal, all issuers whose rating is triple A - Svensson model - continuous compounding - yield error minimisation - Yield curve spot rate, 5-year maturity",PCPA,0
YC.B.U2.EUR.4F.G_N_A.SV_C_YM.SR_5Y,B,U2,EUR,4F,G_N_A,SV_C_YM,SR_5Y,2025-06-23,2.1123091162,A,F,,,P1D,,E,,,,,,,,,,,,,,,Technical notes are available at the following link: https://www.ecb.europa.eu/stats/financial_markets_and_interest_rates/euro_area_yield_curves/shared/pdf/technical_notes.pdf,,6,,,AAA yield curve - 5-year spot rate,"Euro area (changing composition) - Government bond, nominal, all issuers whose rating is triple A - Svensson model - continuous compounding - yield error minimisation - Yield curve spot rate, 5-year maturity",PCPA,0
YC.B.U2.EUR.4F.G_N_A.SV_C_YM.SR_5Y,B,U2,EUR,4F,G_N_A,SV_C_YM,SR_5Y,2025-06-24,2.1359459802,A,F,,,P1D,,E,,,,,,,,,,,,,,,Technical notes are available at the following link: https://www.ecb.europa.eu/stats/financial_markets_and_interest_rates/euro_area_yield_curves/shared/pdf/technical_notes.pdf,,6,,,AAA yield curve - 5-year spot rate,"Euro area (changing composition) - Government bond, nominal, all issuers whose rating is triple A - Svensson model - continuous compounding - yield error minimisation - Yield curve spot rate, 5-year maturity",PCPA,0
YC.B.U2.EUR.4F.G_N_A.SV_C_YM.SR_5Y,B,U2,EUR,4F,G_N_A,SV_C_YM,SR_5Y,2025-06-25,2.1493799651,A,F,,,P1D,,E,,,,,,,,,,,,,,,Technical notes are available at the following link: https://www.ecb.europa.eu/stats/financial_markets_and_interest_rates/euro_area_yield_curves/shared/pdf/technical_notes.pdf,,6,,,AAA yield curve - 5-year spot rate,"Euro area (changing composition) - Government bond, nominal, all issuers whose rating is triple A - Svensson model - continuous compounding - yield error minimisation - Yield curve spot rate, 5-year maturity",PCPA,0
YC.B.U2.EUR.4F.G_N_A.SV_C_YM.SR_5Y,B,U2,EUR,4F,G_N_A,SV_C_YM,SR_5Y,2025-06-26,2.1210392034,A,F,,,P1D,,E,,,,,,,,,,,,,,,Technical notes are available at the following link: https://www.ecb.europa.eu/stats/financial_markets_and_interest_rates/euro_area_yield_curves/shared/pdf/technical_notes.pdf,,6,,,AAA yield curve - 5-year spot rate,"Euro area (changing composition) - Government bond, nominal, all issuers whose rating is triple A - Svensson model - continuous compounding - yield error minimisation - Yield curve spot rate, 5-year maturity",PCPA,0
YC.B.U2.EUR.4F.G_N_A.SV_C_YM.SR_5Y,B,U2,EUR,4F,G_N_A,SV_C_YM,SR_5Y,2025-06-27,2.1564187815,A,F,,,P1D,,E,,,,,,,,,,,,,,,Technical notes are available at the following link: https://www.ecb.europa.eu/stats/financial_markets_and_interest_rates/euro_area_yield_curves/shared/pdf/technical_notes.pdf,,6,,,AAA yield curve - 5-year spot rate,"Euro area (changing composition) - Government bond, nominal, all issuers whose rating is triple A - Svensson model - continuous compounding - yield error minimisation - Yield curve spot rate, 5-year maturity",PCPA,0
YC.B.U2.EUR.4F.G_N_A.SV_C_YM.SR_5Y,B,U2,EUR,4F,G_N_A,SV_C_YM,SR_5Y,2025-06-30,2.1559601045,A,F,,,P1D,,E,,,,,,,,,,,,,,,Technical notes are available at the following link: https://www.ecb.europa.eu/stats/financial_markets_and_interest_rates/euro_area_yield_curves/shared/pdf/technical_notes.pdf,,6,,,AAA yield curve - 5-year spot rate,"Euro area (changing composition) - Government bond, nominal, all issuers whose rating is triple A - Svensson model - continuous compounding - yield error minimisation - Yield curve spot rate, 5-year maturity",PCPA,0
