commune,name,dep,zone,n_sales,sales_per_year,price_m2,price_m2_direct,price_sd_log,shrink,rent_m2,rent_lo,rent_hi,rent_level,vacancy_months,long_vacancy,qpv_share,dpe_count,share_E,share_F,share_G,lon,lat,irr_p05,irr_p25,irr_median,irr_p75,irr_p95,irr_mean,prob_loss,prob_below_hurdle,npv_mean,npv_es05,effort_month,equity0,price,gross_yield,net_yield,irr_base,regime,rank_p05,rank_median,rank_p95,irr_base_sd,rank
91215,Épinay-sous-Sénart,91,grande_couronne,168,56,2299.21,2294.33,0.017334,0.00474152,20.9744,18.2476,24.1086,commune,1.13283,0.0115315,0.452381,2521,0.138254,0.0302126,0.00724349,2.52234,48.6972,0.0246636,0.0609948,0.0824325,0.104022,0.132053,0.0814721,0.013,0.105,19800.3,-9088.25,56.2289,21206.5,85070.9,0.10164,0.0600653,0.0816382,lmnp,1,1,1,0.00141378,1
91286,Grigny,91,grande_couronne,195,65,1860.82,1857.11,0.0160945,0.00408768,18.7664,15.6141,22.5552,commune,1.95229,0.031031,0.810256,6260,0.143988,0.0281514,0.0108868,2.39237,48.6552,-0.000344803,0.0466861,0.0757525,0.0992908,0.132059,0.0712,0.0505,0.2055,13074.7,-13986.7,82.4291,13184.6,68850.4,0.111347,0.0647514,0.0750231,reel,2,2,5,0.00150476,2
93078,Villepinte,93,petite_couronne,402,134,2986.6,2984.58,0.0128492,0.00260527,22.9163,18.9336,27.7368,commune,1.22303,0.0139639,0.420398,5688,0.0459953,0.016343,0.00852802,2.54131,48.9581,0.000726862,0.0488364,0.0748813,0.100175,0.132075,0.0721006,0.0475,0.183,22668.4,-22157.4,100.887,26010.3,110504,0.0860496,0.0521559,0.0724939,lmnp,2,3,6,0.00109364,3
92078,Villeneuve-la-Garenne,92,petite_couronne,253,84.3333,3695.06,3689.3,0.0147213,0.00341969,26.9261,21.0629,34.4215,commune,1.49246,0.0199138,0.26087,6579,0.0757528,0.0103186,0.00473109,2.32958,48.9358,0.00214928,0.0469792,0.0746651,0.101437,0.136641,0.0708605,0.0465,0.196,27648.2,-27536.1,142.36,30941.5,136717,0.0825733,0.0514772,0.0732822,lmnp,2,4,6,0.00121883,4
78029,Aubergenville,78,grande_couronne,175,58.3333,2297.98,2293.03,0.0178648,0.00503633,20.3509,16.4433,25.1872,commune,1.22332,0.0139641,0,2479,0.391834,0.0365109,0.0134486,1.85621,48.9611,0.00725971,0.0490128,0.0735285,0.0967166,0.129761,0.0718229,0.034,0.1875,16142,-17295.8,75.5673,21329.9,85025.4,0.0984391,0.0569902,0.0722613,lmnp,3,5,8,0.00121652,5
91228,Évry-Courcouronnes,91,grande_couronne,1234,411.333,2581.87,2581.33,0.00640887,0.000648178,20.9062,16.3654,26.7069,commune,1.18329,0.0130056,0.243922,15406,0.0950172,0.011601,0.00385321,2.43298,48.6292,0.00648572,0.0465995,0.072853,0.0978413,0.129029,0.0710322,0.042,0.195,17482.2,-20155,94.117,23126,95529.2,0.0901961,0.0529931,0.0720744,lmnp,5,6,8,0.000482308,6
91692,Les Ulis,91,grande_couronne,437,145.667,2641.68,2640.2,0.0107633,0.00182816,20.9591,18.229,24.0982,commune,1.09194,0.0102518,0.0297483,7231,0.0729494,0.00799784,0.0010299,2.17219,48.6838,0.0141251,0.0508768,0.0727643,0.0928534,0.124232,0.0710515,0.021,0.1675,17968,-14026.8,86.0724,23487.5,97742.2,0.0883943,0.0524125,0.0719202,lmnp,4,7,9,0.00083779,7
91521,Ris-Orangis,91,grande_couronne,536,178.667,2456.68,2455.43,0.00972019,0.001491,20.449,17.824,23.4606,commune,1.30626,0.0159433,0.371269,5945,0.15727,0.0309744,0.0101219,2.40995,48.6513,0.0127063,0.0477791,0.0715709,0.0919476,0.12232,0.0694668,0.027,0.1885,16220.2,-15550.2,86.4246,22332.4,90897.3,0.092559,0.0532906,0.0702122,lmnp,6,8,9.05,0.000789874,8
93071,Sevran,93,petite_couronne,385,128.333,2700.18,2698.43,0.013129,0.00272,21.1696,17.4171,25.7306,commune,1.48463,0.0197111,0.381818,9067,0.0629879,0.0192865,0.0122857,2.53251,48.9386,-0.00520684,0.040189,0.0693461,0.0942571,0.129094,0.0654634,0.0645,0.25,17724.6,-22811.6,114.92,24049,99906.6,0.0874147,0.0502307,0.0667308,lmnp,9,10,13,0.00105217,9
39441,Prémanon,39,province,93,31,2919.84,2902.37,0.0320649,0.0162221,23.6805,17.614,31.8363,maille,1.85325,0.0281967,0,269,0.391235,0.059553,0.0164955,6.03102,46.4618,-0.0122254,0.040343,0.0691426,0.0979549,0.13687,0.0666464,0.0735,0.2475,18538.1,-30401.9,136.296,25665.6,108034,0.0911579,0.0528558,0.0669366,lmnp,6,10,20,0.00253491,10
77285,Le Mée-sur-Seine,77,grande_couronne,205,68.3333,2229.94,2227.02,0.0152789,0.00368394,18.7541,15.9538,22.046,commune,1.22883,0.0140736,0.302439,4643,0.0965985,0.013278,0.00375911,2.63931,48.5437,0.0068406,0.0432549,0.066985,0.0902311,0.120009,0.0657441,0.0385,0.2195,13257.4,-15860.6,86.3448,20653.4,82507.7,0.09285,0.0517791,0.0673923,lmnp,10,14,21,0.00116864,11
03185,Montluçon,03,province,789,263,797.243,796.547,0.0123932,0.00242356,11.8386,9.31668,15.0432,commune,2.93213,0.106714,0.0633714,9043,0.24036,0.0817049,0.0390357,2.60134,46.3414,-0.0343941,0.0285399,0.0669411,0.0988161,0.144392,0.0604769,0.128,0.305,4472.21,-11470.4,56.8882,6197.56,29498,0.155616,0.0706092,0.0659589,reel,11,13,19,0.00100549,12
89257,Migennes,89,province,39,13,937.726,928.139,0.0434408,0.0297587,12.1749,9.72583,15.2406,commune,2.56555,0.0557353,0.0512821,1214,0.134171,0.0461655,0.0351726,3.51155,47.9661,-0.0293415,0.0294433,0.0661829,0.096472,0.136345,0.0604428,0.1195,0.3145,5225.94,-11413.5,56.3102,7144.06,34695.9,0.136605,0.0643005,0.0646974,reel,8.9,14.5,46.15,0.00361919,13
93073,Tremblay-en-France,93,petite_couronne,274,91.3333,2942.26,2940.31,0.0155545,0.00381769,21.4736,17.4309,26.4539,commune,1.28147,0.0154242,0.149635,5658,0.059951,0.0153744,0.00839719,2.57158,48.9491,-0.00965165,0.0389647,0.0660911,0.092951,0.126225,0.0624959,0.07,0.2595,17821.5,-25957,126.992,25710.4,108864,0.0814622,0.0479506,0.0641433,lmnp,11,16,25,0.00122499,14
95268,Garges-lès-Gonesse,95,grande_couronne,348,116,2917.83,2916.4,0.0117084,0.00216332,21.8256,17.5792,27.0978,commune,1.53132,0.0208666,0.810345,6973,0.0721612,0.0270128,0.0207966,2.3982,48.9722,0.000379568,0.0402172,0.0658854,0.08862,0.120344,0.0630605,0.05,0.2495,15829.4,-24709.6,135.679,25750.8,107960,0.0835919,0.0484148,0.0641669,lmnp,12,17,23.05,0.000926565,15
95585,Sarcelles,95,grande_couronne,570,190,2677.34,2676.34,0.00915233,0.00132188,21.3963,15.9541,28.6947,commune,1.58904,0.0220288,0.75614,17212,0.304915,0.0360846,0.0347198,2.37498,48.9798,-0.00506619,0.0395295,0.0656682,0.0925985,0.129392,0.064284,0.059,0.253,15130.5,-27186.6,124.214,24323.3,99061.7,0.0891761,0.0509736,0.0644064,lmnp,14,18,23,0.000716178,16
33324,Pineuilh,33,province,60,20,1367.3,1354.84,0.0300232,0.0142234,14.3607,11.1681,18.4658,commune,2.10122,0.0355594,0,250,0.0597252,0.0206743,0.00119399,0.223793,44.8368,-0.0313127,0.0291509,0.0656631,0.0955029,0.133993,0.0595286,0.1165,0.3145,7518.58,-14995.2,76.5096,9579.95,50590.1,0.112871,0.059214,0.0649042,reel,9,17,37.05,0.00268784,17
95430,Montsoult,95,grande_couronne,45,15,2895.79,2883.16,0.0323271,0.0164895,22.1952,18.3514,26.844,commune,1.33266,0.0165403,0,404,0.122914,0.0326518,0.144329,2.32017,49.0687,0.00248901,0.0428243,0.0654678,0.0891316,0.121241,0.0641074,0.0455,0.234,16687,-23107.4,122.42,27597,107144,0.0857596,0.050889,0.0650466,lmnp,10,18,35,0.00212394,18
25367,Mandeure,25,province,61,20.3333,911.807,899.464,0.0385393,0.023436,11.8922,9.62951,14.6865,commune,2.47912,0.0514851,0,599,0.21386,0.0321701,0.0166799,6.82995,47.4461,-0.0332295,0.0295718,0.0647832,0.0948022,0.133386,0.0593755,0.1205,0.313,4947.49,-11316.6,53.6174,6546.66,33736.9,0.136768,0.0637228,0.0636773,reel,9,20,52.05,0.0032094,19
95427,Montmagny,95,grande_couronne,178,59.3333,3251.47,3248.99,0.0163543,0.0042207,22.7122,18.3157,28.1639,commune,1.2761,0.0152575,0.269663,2807,0.0635688,0.0176845,0.00833232,2.34298,48.9727,-0.00486917,0.0387446,0.0644075,0.0875708,0.118303,0.0615381,0.0595,0.2615,16853.3,-28136.2,154.038,27884.6,120305,0.0782863,0.0470815,0.0639793,lmnp,15,23,34,0.00132644,20
78440,Les Mureaux,78,grande_couronne,281,93.6667,2232.83,2230.44,0.0141115,0.00314248,18.8837,15.9509,22.3558,commune,1.61006,0.0225564,0.135231,7202,0.0813207,0.0201335,0.00922878,1.90971,48.9833,0.00373041,0.0403355,0.064403,0.0865144,0.117244,0.0626685,0.043,0.247,12072.1,-17910.8,103.319,20744,82614.7,0.0934262,0.0503986,0.0639795,lmnp,16,23,31.05,0.00106524,21
95424,Montigny-lès-Cormeilles,95,grande_couronne,208,69.3333,2869.75,2867.92,0.0151336,0.00361414,20.8777,18.0423,24.1586,commune,1.16879,0.0126199,0,3277,0.0642107,0.0157759,0.00896244,2.20003,48.9942,0.00226596,0.041619,0.0643635,0.0865302,0.116459,0.0624059,0.0485,0.234,15434.2,-21879.6,125.982,25240.8,106181,0.0810288,0.0476426,0.0636893,lmnp,14.95,22,34,0.00125179,22
78208,Élancourt,78,grande_couronne,588,196,2983.15,2982.07,0.00976321,0.00150423,21.3666,18.918,24.132,commune,1.05336,0.0089053,0,4104,0.0725959,0.00861292,0.00308237,1.95675,48.7711,0.00749351,0.0425727,0.064287,0.086132,0.114441,0.0632841,0.0365,0.227,16419,-19778.8,121.204,25896.3,110377,0.079915,0.047907,0.0650861,lmnp,18,24,30.05,0.000808227,23
01160,Ferney-Voltaire,01,province,463,154.333,4996.83,4991.79,0.0120052,0.00227439,30.7777,22.2488,42.576,commune,1.4214,0.0181504,0,3712,0.142604,0.0447031,0.0183364,6.11125,46.2566,-0.0247111,0.0352691,0.0639532,0.0915385,0.129495,0.0605334,0.0935,0.2865,26902.4,-57273.3,254.903,40237.8,184883,0.0703111,0.0456506,0.062861,lmnp,16.95,24.5,34.05,0.00114919,24
60463,Nogent-sur-Oise,60,province,199,66.3333,1735.33,1731.69,0.0184774,0.00538761,16.6855,13.5848,20.494,commune,1.87442,0.0287052,0.110553,3326,0.219869,0.0462865,0.0138606,2.46607,49.273,-0.0297382,0.029272,0.063918,0.0922374,0.126058,0.0567562,0.122,0.326,8978.66,-18146.9,96.8504,12346.2,64207.2,0.10501,0.0590209,0.0634058,reel,14.95,24.5,36,0.00146812,25
51506,Saint-Memmie,51,province,56,18.6667,1341.11,1328.8,0.0368948,0.0214718,13.6937,11.0579,16.9576,commune,1.74086,0.0253968,0,1373,0.0220343,0.00722611,0.00283437,4.38491,48.954,-0.0278938,0.0281581,0.0639057,0.0918369,0.127362,0.0569904,0.1185,0.3275,6775.25,-13708.1,77.5905,9425.82,49620.9,0.109107,0.0569322,0.0626328,reel,10,23,51.05,0.00302535,26
76410,Maromme,76,province,194,64.6667,1496.13,1490.49,0.0228541,0.00824185,14.5649,12.1645,17.4388,commune,1.43068,0.0184234,0.0103093,3748,0.0864344,0.0125043,0.00414563,1.03271,49.4769,-0.029724,0.0296002,0.063894,0.0901489,0.124937,0.0557916,0.121,0.3215,7572.33,-15984.3,84.3333,10509.7,55356.7,0.104789,0.0569976,0.062571,reel,14,27,47,0.00186788,27
91161,Chilly-Mazarin,91,grande_couronne,559,186.333,2832.86,2831.99,0.00951841,0.00142974,20.6655,18.0463,23.6648,commune,1.05307,0.00889906,0,3854,0.14822,0.0358065,0.0129964,2.31347,48.7041,0.00122103,0.0418148,0.0636356,0.0846235,0.113457,0.0618058,0.048,0.235,14919.3,-20479.7,121.693,25011.4,104816,0.0811849,0.0480305,0.0631035,lmnp,21,27,33.05,0.000740066,28
62427,Hénin-Beaumont,62,province,112,37.3333,1522.87,1514.14,0.0259797,0.0106501,15.628,13.1461,18.5784,commune,2.11311,0.0359481,0.00892857,3866,0.158401,0.0553566,0.0255696,2.95404,50.4077,-0.0317632,0.0290706,0.0635594,0.0929731,0.127077,0.0570612,0.12,0.3185,8009.67,-16230.6,86.18,11194.6,56346.3,0.111326,0.06046,0.0643333,reel,14,28,50,0.00225023,29
93010,Bondy,93,petite_couronne,562,187.333,3225.92,3224.57,0.0108712,0.00186494,23.5546,18.7915,29.525,commune,1.76392,0.0260764,0.272242,14901,0.251892,0.0227345,0.0123745,2.47946,48.9001,-0.0207222,0.0337335,0.0635442,0.0916235,0.127586,0.0594177,0.0915,0.295,17870.6,-33615.9,159.099,27848.1,119359,0.0820402,0.0478645,0.0623456,lmnp,19,28,35.05,0.000927647,30
95604,Survilliers,95,grande_couronne,77,25.6667,2596.95,2591.22,0.0247975,0.00970322,20.216,17.2262,23.7248,commune,1.49681,0.0200133,0,464,0.154544,0.0246374,0.0134388,2.54283,49.1009,0.00153072,0.0386615,0.0627216,0.0860408,0.116898,0.060923,0.0445,0.2615,13281.9,-21428.4,119.472,23460,96087.3,0.0864829,0.0486822,0.0623528,lmnp,16.95,31,51.05,0.00178585,31
91097,Boussy-Saint-Antoine,91,grande_couronne,145,48.3333,2647.33,2644.03,0.0186513,0.00548949,19.9232,17.1587,23.1332,commune,1.16966,0.0126582,0,1153,0.177249,0.082056,0.0223822,2.53137,48.6865,-0.00249441,0.0368656,0.0622185,0.0834575,0.114109,0.0593912,0.053,0.2815,12999.2,-22167.5,127.473,23920,97951.1,0.0835102,0.0481435,0.0604889,lmnp,22,32,51.1,0.00152087,32
91191,Crosne,91,grande_couronne,192,64,2941.31,2938.73,0.0162193,0.00415129,21.1221,18.0942,24.6567,commune,1.18271,0.012987,0,1119,0.147681,0.0392274,0.0247851,2.46109,48.7168,-0.001707,0.0379965,0.061796,0.0838632,0.112802,0.059779,0.0545,0.2665,14503.4,-23388.8,136.283,26060.4,108829,0.0800546,0.0472311,0.0613493,lmnp,26,38,57.05,0.00142526,33
60414,Montataire,60,province,77,25.6667,1671.02,1661.98,0.0295795,0.013806,16.2798,13.4631,19.6858,commune,2.53306,0.0541857,0,1541,0.124685,0.0479551,0.0187881,2.42506,49.2563,-0.0363605,0.0275186,0.0616757,0.0881065,0.12171,0.0537396,0.129,0.333,7866.61,-18771.5,102.705,11972.1,61827.9,0.106137,0.0574664,0.0606479,reel,18.95,36.5,69.05,0.00236128,34
95555,Saint-Gratien,95,grande_couronne,409,136.333,3688.58,3687.56,0.0108018,0.00184127,24.1691,20.2644,28.8263,commune,1.12877,0.0114149,0.0366748,4684,0.14687,0.0246438,0.0194397,2.28546,48.9679,-0.0012166,0.0390124,0.0615658,0.0849958,0.114863,0.0603593,0.0545,0.259,18458.1,-28898.2,179.41,31125.1,136477,0.0737492,0.0458798,0.0619083,lmnp,28.95,37,51.05,0.00108531,35
94028,Créteil,94,petite_couronne,1525,508.333,3912.46,3912.06,0.00579974,0.000530817,24.9417,18.4018,33.8057,commune,1.3576,0.0169786,0.0491803,27832,0.0955408,0.0348822,0.011159,2.45914,48.7871,-0.0266995,0.0309962,0.061359,0.0896807,0.127528,0.0568201,0.104,0.315,19510.6,-46321.1,215.347,32523.5,144761,0.0718985,0.0443094,0.0587178,lmnp,33,39,46,0.000539457,36
94011,Bonneuil-sur-Marne,94,petite_couronne,128,42.6667,3710.58,3705.64,0.0199623,0.00628776,24.4053,17.8394,33.3878,commune,1.9243,0.0302486,0.015625,4417,0.023602,0.00784541,0.00762609,2.48466,48.769,-0.0315464,0.0262868,0.0610832,0.0878433,0.126436,0.0536696,0.12,0.3435,16728.1,-45532.3,226.381,31108.7,137292,0.0740755,0.0431257,0.0555927,lmnp,25,39,62,0.00170395,37
93014,Clichy-sous-Bois,93,petite_couronne,262,87.3333,2549.98,2548.11,0.0159053,0.00399185,19.6926,16.0311,24.1905,commune,1.45679,0.019069,0.736641,5339,0.137083,0.0481373,0.0228652,2.54004,48.9077,-0.0137978,0.0330762,0.0609453,0.0872138,0.123097,0.0572502,0.081,0.3065,13290.9,-26399,127.884,23162.4,94349.4,0.0856129,0.0478103,0.0594429,lmnp,30,42,62.05,0.001315,38
94034,Fresnes,94,petite_couronne,673,224.333,3546.4,3545.62,0.00872756,0.00120201,23.2932,19.9694,27.1702,commune,1.08817,0.0101281,0,5882,0.20297,0.0333032,0.0141937,2.32467,48.7569,-0.0149926,0.0332286,0.060932,0.0871398,0.120005,0.0566652,0.0825,0.304,18248.9,-34337,176.084,30029.5,131217,0.0737418,0.0454738,0.059668,lmnp,34,42.5,53,0.000763945,39
78490,Plaisir,78,grande_couronne,570,190,3209.11,3208.16,0.00991593,0.00155166,21.7082,18.8609,24.9853,commune,1.00957,0.00594851,0,4814,0.174466,0.0240722,0.0195587,1.94875,48.8258,-0.00325927,0.036798,0.0608548,0.0825609,0.111163,0.0582276,0.059,0.2815,15015.3,-25896.5,154.076,27866.9,118737,0.0755654,0.0457485,0.0596598,lmnp,33,43,56,0.000874834,40
78165,Les Clayes-sous-Bois,78,grande_couronne,300,100,3260.29,3258.26,0.0136587,0.00294404,22.1957,19.7,25.0075,commune,1.1047,0.010607,0.0133333,2769,0.14009,0.0334426,0.00776796,1.98591,48.8233,0.000564105,0.0396595,0.0607497,0.0825477,0.11269,0.0595886,0.0485,0.2545,15910.5,-25880.2,154.21,27922.9,120631,0.0761738,0.046115,0.0610771,lmnp,30.95,43.5,59.1,0.00125782,41
54322,Longuyon,54,province,84,28,1063.09,1055.98,0.0301533,0.0143469,12.9003,10.42,15.971,commune,2.67488,0.0640708,0,586,0.187742,0.073608,0.0332564,5.59454,49.4439,-0.0362144,0.0261412,0.0607092,0.0924911,0.131877,0.054923,0.1405,0.3425,5086.49,-13713.5,68.9859,7930.48,39334.2,0.128685,0.0622985,0.0614182,reel,19,44.5,77,0.0024234,42
45285,Saint-Jean-de-la-Ruelle,45,province,246,82,1938.15,1935.85,0.0164963,0.00429413,16.9847,14.6316,19.7162,commune,1.22506,0.013993,0.260163,2766,0.145395,0.0545303,0.0055936,1.87372,47.9037,-0.0322244,0.0296098,0.0607057,0.086561,0.120863,0.0543666,0.125,0.3245,9127.42,-19625.7,113.705,13679.2,71711.4,0.0958731,0.0557028,0.0605448,reel,31,45,62.05,0.00124148,43
91570,Saint-Michel-sur-Orge,91,grande_couronne,289,96.3333,2748.76,2747.29,0.0132292,0.0027618,19.9939,17.0247,23.4808,commune,1.19142,0.0131798,0.0311419,5871,0.0838308,0.0322102,0.00516491,2.3056,48.6372,-9.74736e-05,0.0382703,0.0606103,0.0829267,0.114285,0.0593113,0.051,0.268,13334.9,-22742.5,135.453,24278.4,101704,0.0807368,0.0465237,0.0601344,lmnp,30.95,45,60.05,0.00114602,44
25388,Montbéliard,25,province,636,212,1181.87,1180.6,0.0120633,0.00229645,13.175,10.483,16.5584,commune,2.57889,0.0566076,0.238994,7254,0.100291,0.0307846,0.00926574,6.79472,47.5098,-0.0388101,0.0258251,0.0603883,0.0888342,0.128525,0.0535235,0.134,0.3415,5413.42,-14316.9,74.7269,8485.49,43729.1,0.118542,0.0583179,0.0607862,reel,36,45,59,0.00093579,45
91345,Longjumeau,91,grande_couronne,486,162,2905.59,2904.75,0.0102072,0.00164414,20.4952,17.4744,24.0382,commune,1.19954,0.0134571,0,4593,0.0832113,0.0290011,0.0154614,2.29434,48.6949,-0.00472591,0.0360602,0.0603095,0.08151,0.110958,0.0572829,0.0585,0.293,13029.5,-25631,147.828,25559.1,107507,0.0784496,0.0456508,0.0587133,lmnp,35,47,60,0.000875405,46
59271,Grande-Synthe,59,province,52,17.3333,1852.4,1836.38,0.0385603,0.0234611,16.5337,13.0827,20.8948,maille,1.31032,0.0160237,0.653846,2998,0.139569,0.0242183,0.0140668,2.30048,51.0137,-0.0376632,0.0279309,0.0598325,0.0896201,0.125999,0.0543734,0.137,0.33,8753.92,-20646.7,106.383,13248.5,68538.9,0.0973892,0.0558776,0.060803,reel,20.9,48,102.1,0.00323512,47
76095,Bihorel,76,province,252,84,1600.92,1596.71,0.0200712,0.00635698,14.8001,12.3356,17.757,commune,1.21839,0.0138707,0,1746,0.147269,0.0288521,0.010508,1.13069,49.4626,-0.0357308,0.0259946,0.0597317,0.0868614,0.122881,0.0523906,0.137,0.3445,7161.5,-18019,93.7464,11372.6,59233.9,0.0996937,0.0550951,0.0590287,reel,33,52,76,0.00166404,48
91691,Yerres,91,grande_couronne,494,164.667,3292.96,3292.02,0.0101243,0.00161756,22.2115,18.9238,26.0705,commune,1.09136,0.0102276,0,3623,0.197012,0.084334,0.0247682,2.49041,48.7109,-0.00160577,0.0367214,0.0596034,0.0818718,0.108976,0.0576616,0.054,0.288,15038.5,-28271.3,173.349,28462.4,121839,0.0754758,0.0457574,0.0586406,lmnp,41,52.5,64,0.000917864,49
95572,Saint-Ouen-l'Aumône,95,grande_couronne,414,138,3167.89,3167.17,0.0107365,0.00181907,21.5437,18.4401,25.1698,commune,1.22158,0.0139442,0.0169082,5226,0.0535283,0.0299031,0.010015,2.11053,49.0437,-0.00211338,0.0354956,0.0594831,0.0812625,0.110786,0.0575349,0.0545,0.2885,14333.3,-26661.1,166.68,27356.4,117212,0.0759259,0.0449879,0.0587905,lmnp,39,54,66,0.000940226,50
76157,Canteleu,76,province,152,50.6667,1532.88,1526.38,0.0257902,0.0104953,14.2888,11.9741,17.0509,commune,1.38892,0.0175498,0,4824,0.0314275,0.00437604,0.00199056,1.03839,49.4514,-0.0421646,0.0248991,0.0594521,0.0874529,0.124151,0.052871,0.1295,0.3345,7025.7,-16802.8,92.0232,10752.3,56716.4,0.100116,0.054111,0.0591725,reel,31.95,54,89.05,0.00202779,51
59155,Coudekerque-Branche,59,province,75,25,1962.48,1952.55,0.0322232,0.0163843,16.5405,13.0875,20.9044,commune,1.20853,0.0136377,0,2137,0.0815026,0.0278418,0.010888,2.38426,51.0204,-0.0376378,0.0227204,0.0593594,0.0876242,0.124359,0.0516725,0.1435,0.35,8496.98,-22455.4,121.615,13909.6,72611.8,0.0919682,0.0529987,0.0573153,reel,30.95,55,94,0.00239105,52
01033,Valserhône,01,province,444,148,2461.05,2457.67,0.0122588,0.00237149,21.2395,16.6387,27.1125,commune,2.6337,0.0612722,0,3207,0.154039,0.0606361,0.0261399,5.82425,46.1084,-0.0364834,0.0251632,0.0592941,0.0874515,0.125668,0.0538429,0.1275,0.352,11360.3,-26254.4,152.274,17628.1,91058.9,0.0962492,0.0562806,0.0602103,reel,41,55,70,0.000999606,53
95229,Ézanville,95,grande_couronne,165,55,3178.51,3176.49,0.0169836,0.00455173,21.7921,18.962,25.0446,commune,1.20302,0.0135291,0,736,0.14797,0.0654973,0.0217217,2.36139,49.0307,-0.00118565,0.0364183,0.0592446,0.0814036,0.11088,0.0578925,0.055,0.284,14653.8,-25613.7,163.78,27634.2,117605,0.0766098,0.0456679,0.058582,lmnp,37.85,55.5,78,0.00143244,54
78356,Magny-les-Hameaux,78,grande_couronne,80,26.6667,3255.5,3249.7,0.0263442,0.0109515,21.479,18.1589,25.4061,commune,1.06294,0.00928678,0,919,0.0643956,0.0164445,0.00499739,2.09762,48.7228,-0.00596746,0.035463,0.0590699,0.081048,0.111002,0.0568324,0.067,0.2885,14222.1,-28787.4,168.232,27816.7,120454,0.0736439,0.0441997,0.05779,lmnp,29,57,92,0.0023516,55
25539,Seloncourt,25,province,69,23,1074.86,1064.87,0.0362854,0.0207753,12.18,9.83818,15.0794,commune,2.28103,0.0421456,0,726,0.111796,0.0175066,0.0046186,6.85703,47.4626,-0.0416555,0.0226742,0.0590407,0.088979,0.129756,0.0516878,0.14,0.354,4763.41,-13442.5,69.004,7626.54,39769.9,0.119234,0.0569498,0.0590706,reel,27.95,56,102,0.00279069,56
93015,Coubron,93,petite_couronne,49,16.3333,2952.15,2943.82,0.0364716,0.0209801,20.9459,17.6108,24.9125,commune,1.19345,0.013245,0,372,0.238809,0.0458938,0.0317493,2.57082,48.917,-0.0190379,0.0331056,0.0588838,0.0857546,0.121512,0.0554645,0.091,0.3115,14433.9,-31008.8,151.06,26202.1,109229,0.0790444,0.0464344,0.0579154,lmnp,26.95,58,123.05,0.00327132,57
59392,Maubeuge,59,province,207,69,1156.37,1153.22,0.0194976,0.005999,12.9166,10.1629,16.4165,commune,2.26276,0.041504,0.0338164,4857,0.175489,0.0401746,0.0193563,3.97252,50.2771,-0.0375071,0.0241615,0.0588775,0.089082,0.128816,0.0530679,0.14,0.348,5076.39,-14342.5,73.2989,8469.06,42785.6,0.118474,0.0585629,0.0594992,reel,41,59,83,0.001387,58
93031,Épinay-sur-Seine,93,petite_couronne,758,252.667,3106.52,3105.57,0.00936293,0.00138338,22.9294,17.9109,29.354,commune,2.1801,0.0381471,0.323219,13236,0.246495,0.0567955,0.0195811,2.30938,48.9595,-0.0244737,0.0290606,0.0588434,0.0866089,0.124739,0.0543198,0.1105,0.327,14543,-37931.3,183.161,27015.6,114941,0.0827783,0.0460141,0.056289,lmnp,48.95,58,73,0.000799956,59
95607,Taverny,95,grande_couronne,418,139.333,3153.58,3152.95,0.0106851,0.0018017,21.2986,18.6472,24.327,commune,1.07425,0.00975559,0,4157,0.115201,0.037299,0.0180652,2.21436,49.0231,-0.00180048,0.0354292,0.0587086,0.0804674,0.110607,0.0568907,0.0525,0.289,14079,-25058,160.437,27322.7,116683,0.0753377,0.0450246,0.0580795,lmnp,47.95,60,74,0.000960921,60
78383,Maurepas,78,grande_couronne,346,115.333,3029.71,3028.33,0.0127209,0.00255364,20.7296,18.5268,23.1944,commune,1.04698,0.00868122,0,3268,0.116165,0.0250472,0.00689585,1.94275,48.7642,-0.00200603,0.0364629,0.0586336,0.0803255,0.110276,0.0569427,0.052,0.283,13448.1,-24698.6,149.903,26324.8,112099,0.0761642,0.0451412,0.0583198,lmnp,43.95,61,78.1,0.00118969,61
95218,Éragny,95,grande_couronne,250,83.3333,3245.79,3244.9,0.0138081,0.00300879,21.4091,18.7592,24.4334,commune,1.0261,0.00764852,0.02,3058,0.0344381,0.00782736,0.00474054,2.09941,49.0185,-0.000287762,0.036559,0.0586119,0.0807143,0.110925,0.0575735,0.0515,0.2855,14645.7,-25646.6,165.199,27788.1,120094,0.0736059,0.0442643,0.0583964,lmnp,43.95,60,80,0.00122822,62
93050,Neuilly-sur-Marne,93,petite_couronne,515,171.667,3304.46,3303.86,0.0113555,0.00203479,21.913,18.5075,25.9451,commune,1.18242,0.0129837,0.0621359,7767,0.110555,0.0491791,0.00894745,2.53046,48.8639,-0.0187605,0.0314316,0.0581767,0.0841441,0.121169,0.0550501,0.093,0.326,15823.2,-33604.4,182.846,28257.5,122265,0.0741288,0.0443618,0.0567735,lmnp,51.95,65,82.05,0.001053,63
77389,La Rochette,77,grande_couronne,55,18.3333,2582.66,2574.19,0.0293513,0.0135945,19.1396,16.4594,22.2563,commune,1.24391,0.014511,0,819,0.0899941,0.0306808,0.0195127,2.66236,48.5191,-0.0035777,0.0360715,0.0580091,0.0811375,0.112033,0.0568184,0.06,0.2915,11442.5,-23371.8,131.095,23513.5,95558.4,0.0819604,0.046085,0.0575857,lmnp,34,68,116,0.0026449,64
95680,Villiers-le-Bel,95,grande_couronne,276,92,2850.08,2848.35,0.0131435,0.00272613,21.4353,17.2855,26.5814,commune,2.16705,0.0377419,0.818841,8472,0.124129,0.021074,0.0120723,2.39527,49.004,-0.0146039,0.0321719,0.057953,0.0825981,0.114662,0.0550008,0.0865,0.319,11413.6,-30056.7,168.031,25103.4,105453,0.0839357,0.0454604,0.0562109,lmnp,51,67,86,0.00112841,65
27299,Gravigny,27,province,42,14,1762.08,1751.08,0.0401559,0.0254357,15.6839,12.7965,19.2228,commune,1.52117,0.0206186,0,486,0.0931418,0.0234651,0.0146247,1.15926,49.0431,-0.0404256,0.023839,0.0577825,0.0855146,0.123171,0.0508758,0.139,0.3615,7436.99,-20085,107.698,12576.1,65196.8,0.0965944,0.0538994,0.0577509,reel,33.8,70,130.45,0.00293149,66
91434,Morsang-sur-Orge,91,grande_couronne,237,79,2898.7,2896.95,0.0146042,0.00336572,20.4927,17.5882,23.8769,commune,1.51247,0.0204248,0,2879,0.0841133,0.0268382,0.013571,2.35206,48.6626,-0.00804911,0.0326781,0.0576209,0.079204,0.110542,0.0546277,0.067,0.312,11712,-27241.9,158.38,25437.8,107252,0.078626,0.0444563,0.0555926,lmnp,53,71,92.05,0.00116026,67
59574,Somain,59,province,38,12.6667,1317.87,1300.34,0.0449151,0.0318296,13.663,11.3699,16.4187,commune,2.06758,0.0343444,0,792,0.177149,0.0490671,0.0457352,3.27394,50.3596,-0.0400588,0.0224607,0.0575438,0.0854252,0.121507,0.0505148,0.1405,0.371,5336.91,-16694.5,82.7216,9973.37,48761.4,0.110751,0.0568631,0.0569494,reel,32.9,73.5,134.05,0.00307995,68
78062,Beynes,78,grande_couronne,102,34,2904.6,2899.42,0.0233583,0.00860974,20.5315,17.8228,23.6519,commune,1.15922,0.0123653,0,490,0.173291,0.0569343,0.0245049,1.87916,48.8527,-0.0028487,0.0351092,0.0575396,0.0800735,0.108735,0.0561081,0.0575,0.296,12333.4,-24331,151.08,25665,107470,0.0786265,0.0459543,0.0576872,lmnp,42,71,103.1,0.00194795,69
94001,Ablon-sur-Seine,94,petite_couronne,111,37,3108.41,3103.62,0.0214264,0.00724378,21.7717,18.7123,25.3312,commune,1.39124,0.0175919,0,874,0.197963,0.0762041,0.0618509,2.41786,48.7225,-0.0160498,0.0310549,0.0574201,0.0829254,0.117202,0.0547317,0.091,0.327,14577.9,-30734.9,168.535,27826.4,115011,0.0782585,0.045859,0.0563472,lmnp,48.95,71,100.05,0.00160458,70
77445,Savigny-le-Temple,77,grande_couronne,310,103.333,2831.68,2830.38,0.0124325,0.0024392,19.6732,17.3692,22.2829,commune,1.02523,0.00760314,0.0645161,3373,0.0668249,0.0111807,0.00163571,2.57365,48.6006,-0.00235335,0.0361843,0.0573733,0.0800879,0.108863,0.0564211,0.0535,0.291,12421.5,-23287,141.922,24824.3,104772,0.0770138,0.0447378,0.0574603,lmnp,53,73,89,0.00109046,71
95199,Domont,95,grande_couronne,241,80.3333,3180.72,3179.58,0.0140628,0.00312081,21.4562,18.6687,24.6598,commune,1.2268,0.014021,0,2329,0.122656,0.0581479,0.0108685,2.33182,49.029,-0.00477685,0.0331274,0.0573544,0.078734,0.108275,0.0550658,0.0615,0.3115,12936.6,-27132.7,173.455,27507.5,117686,0.0752894,0.0445197,0.0565994,lmnp,53,72,93,0.0012322,72
93005,Aulnay-sous-Bois,93,petite_couronne,682,227.333,3290.33,3289.59,0.0098701,0.0015373,22.7005,18.3709,28.0504,commune,1.86891,0.0285292,0.354839,11241,0.0964423,0.0387232,0.0273945,2.49777,48.9353,-0.0296014,0.0266444,0.0573427,0.0834758,0.118295,0.0515419,0.1065,0.345,14192.8,-38967.8,196.96,28503.8,121742,0.0773191,0.0440792,0.0549195,lmnp,61,75,88,0.000817033,73
21166,Chenôve,21,province,282,94,1711.44,1708.54,0.0171298,0.00463033,15.2848,12.5744,18.5794,commune,1.66502,0.0238095,0.48227,4381,0.0441599,0.0163911,0.00446333,5.00802,47.2954,-0.0350456,0.0218459,0.0572464,0.0845255,0.122806,0.0506266,0.1395,0.369,7042.96,-18709.7,108.586,12022.5,63323.2,0.0966544,0.0530699,0.057125,reel,52.9,74,97.05,0.0014215,74
95252,Franconville,95,grande_couronne,1006,335.333,3244.92,3244.69,0.00689118,0.000749407,21.4598,18.3317,25.1217,commune,1.04263,0.00845826,0.0159046,7584,0.160276,0.0398176,0.0119042,2.22838,48.9879,-0.00618382,0.032557,0.0571779,0.0801496,0.110926,0.0554074,0.065,0.3045,13567.3,-29367.9,171.182,27931.3,120062,0.0738133,0.044365,0.0566825,lmnp,64,75,86.05,0.000604362,75
94054,Orly,94,petite_couronne,218,72.6667,3640.58,3638.3,0.0153158,0.00370151,23.4559,19.1616,28.7126,commune,1.27639,0.0152594,0.330275,6814,0.235236,0.0258458,0.0102153,2.40467,48.7459,-0.0243497,0.0275904,0.0570116,0.0841523,0.119565,0.0528953,0.1085,0.3415,15903.1,-38748.2,204.005,30571.9,134701,0.0723707,0.0440167,0.0562934,lmnp,58,77,102,0.00132092,76
71445,Saint-Marcel,71,province,34,11.3333,1676.82,1653.17,0.0535329,0.0451964,15.344,12.5937,18.6949,commune,1.64298,0.0232995,0,499,0.116502,0.0413445,0.0163737,4.89068,46.7727,-0.0416812,0.0243937,0.0569533,0.0853425,0.121355,0.0504627,0.1425,0.3715,6853.61,-19228.2,107.413,11985.7,62042.2,0.0990733,0.0545328,0.0577815,reel,25,77,176.2,0.00403344,77
13214,Marseille 14e Arrondissement,13,province,1186,395.333,1983.44,1982.08,0.00907606,0.00129994,17.4047,14.0951,21.4912,commune,2.42807,0.0489082,0.376897,13491,0.0805775,0.0141015,0.0035639,5.38726,43.3269,-0.0354824,0.0226665,0.056721,0.084445,0.121868,0.0506895,0.142,0.36,8113.36,-21920.1,127.454,13957.3,73387.4,0.0962246,0.0535792,0.0571116,reel,69,80,91.05,0.000639106,78
95539,Saint-Brice-sous-Forêt,95,grande_couronne,221,73.6667,3342.49,3341.43,0.0146833,0.00340227,21.8426,18.4696,25.8317,commune,1.29524,0.0156604,0,1973,0.0995231,0.0260464,0.0132994,2.35917,48.9993,-0.0114456,0.0318428,0.0566987,0.0775792,0.110603,0.0537383,0.0755,0.322,12983.3,-30858.7,189.507,28587.5,123672,0.0730329,0.0432195,0.0548737,lmnp,60.95,80,105,0.00124278,79
45147,Fleury-les-Aubrais,45,province,301,100.333,2000.23,1998.73,0.0149189,0.00351224,16.6383,13.6797,20.2367,commune,1.24565,0.0145326,0.142857,4079,0.132764,0.0205565,0.00794347,1.91722,47.9293,-0.0441462,0.0230606,0.0566165,0.0845718,0.121568,0.049628,0.1515,0.3665,8024,-23231.6,125.203,14072.8,74008.5,0.0908192,0.0523608,0.0561403,reel,61.9,80,101.05,0.00107126,80
77487,Vaux-le-Pénil,77,grande_couronne,145,48.3333,2590.25,2587.22,0.0181534,0.0052004,18.9976,16.3337,22.0961,commune,1.16734,0.0125513,0,1099,0.173078,0.0399008,0.0111305,2.67245,48.5363,-0.00384779,0.0325642,0.0566078,0.0783207,0.111925,0.0550644,0.0595,0.3195,10625.8,-23171.3,137.02,23275.4,95839.3,0.0810623,0.0457473,0.0560177,lmnp,54,80.5,101,0.00140205,81
54580,Villerupt,54,province,116,38.6667,1958.78,1952.04,0.0257099,0.0104304,17.5724,13.243,23.3171,commune,2.04466,0.0336471,0,1802,0.238891,0.0716935,0.132907,5.93092,49.468,-0.0401379,0.0220268,0.056577,0.084303,0.122336,0.0506108,0.147,0.3665,8028.51,-23439.6,117.057,15695.2,72474.8,0.0984635,0.0559026,0.0556496,reel,58,82,109,0.00158298,82
55122,Commercy,55,province,37,12.3333,986.108,977.293,0.0488668,0.0376275,11.5951,9.10941,14.7591,commune,2.77639,0.0742682,0,1410,0.0755929,0.0257567,0.0170053,5.58978,48.7612,-0.0492884,0.0187265,0.0563046,0.0867174,0.128904,0.0487506,0.1605,0.3765,3804.16,-14113.3,69.8282,7149.19,36486,0.122848,0.0554282,0.0551266,reel,29.95,80.5,151.15,0.00352062,83
54159,Dombasle-sur-Meurthe,54,province,33,11,1290.07,1275.56,0.047587,0.0357272,13.2191,10.6644,16.3857,commune,1.82338,0.0273509,0,1081,0.199504,0.0651148,0.0148388,6.34903,48.6245,-0.0418443,0.020264,0.0562221,0.0860472,0.123493,0.0496756,0.1475,0.369,5031.25,-16584.6,85.2489,9277.55,47732.5,0.109009,0.0556925,0.056183,reel,37.95,88.5,156.05,0.00325546,84
95582,Sannois,95,grande_couronne,451,150.333,3454.5,3453.69,0.0102874,0.00167009,23.0026,19.4396,27.2186,commune,1.57831,0.0218327,0.0731707,4323,0.15032,0.0400117,0.0208221,2.2546,48.9715,-0.00847724,0.0321339,0.0560955,0.0792031,0.109997,0.0546124,0.068,0.321,13785.2,-30832.6,195.218,29420.5,127816,0.0746943,0.0439366,0.0556684,lmnp,72,86,103,0.000802303,85
76497,Petit-Couronne,76,province,72,24,1734.28,1719.49,0.0372578,0.0219014,15.2977,12.9741,18.0376,commune,1.38689,0.0175299,0,2147,0.0585894,0.0189441,0.0154626,1.02477,49.3886,-0.0388851,0.0225572,0.0559158,0.0849031,0.121327,0.0501898,0.135,0.365,7003.28,-18987.1,108.583,12391.1,64168.5,0.0954704,0.0530724,0.0569722,reel,40,91,162.1,0.00297179,86
93064,Rosny-sous-Bois,93,petite_couronne,946,315.333,3955.2,3954.91,0.00838222,0.00110876,24.2642,20.2287,29.1048,commune,1.41096,0.0179475,0.114165,10290,0.142054,0.0357994,0.0179034,2.48379,48.8748,-0.0257917,0.0273083,0.0557208,0.0801776,0.118211,0.0504569,0.114,0.353,16018.8,-44118,240.083,32914.1,146342,0.0690662,0.0419952,0.0529936,lmnp,77.95,90,103.05,0.000715178,87
78621,Trappes,78,grande_couronne,387,129,3095.21,3093.96,0.0120298,0.00228371,21.0013,18.1765,24.2651,commune,1.30075,0.0158242,0.400517,9322,0.115709,0.0198466,0.00499813,1.98916,48.7773,-0.00386059,0.0335196,0.0557043,0.0780196,0.109649,0.054639,0.0615,0.3175,12496.8,-26474.9,167.65,26769.7,114523,0.0756058,0.0440347,0.0558606,lmnp,70.95,91,115.05,0.0011065,88
60175,Creil,60,province,344,114.667,2053.05,2051.08,0.0140695,0.00312376,17.6476,14.6461,21.2643,commune,2.30307,0.0430039,0.389535,9233,0.19107,0.0408439,0.014198,2.47336,49.2617,-0.0386418,0.0222249,0.0554482,0.0830251,0.118402,0.0488326,0.1515,0.369,7954,-23800.6,134.705,14572.4,75962.8,0.0943822,0.0530756,0.0552677,reel,74.9,93,111.05,0.00097605,89
25547,Sochaux,25,province,54,18,1034.81,1021.44,0.0408994,0.0263938,12.1918,9.41799,15.7827,commune,2.96665,0.122491,0,1003,0.206697,0.0176524,0.0450064,6.83026,47.5159,-0.0463902,0.0178562,0.05537,0.0872074,0.129184,0.049227,0.1665,0.3805,3890.53,-14587.1,69.0511,7852.03,38288.1,0.123986,0.0572202,0.053776,reel,51.95,98,157.1,0.00276377,90
91201,Draveil,91,grande_couronne,283,94.3333,3049.48,3048.17,0.0133683,0.00282019,20.8112,18.2161,23.7758,commune,1.28103,0.0154176,0,5069,0.113882,0.0378647,0.0251967,2.41358,48.6856,-0.00576285,0.0325397,0.0553166,0.0789884,0.107794,0.0540436,0.0665,0.3235,12015.6,-26411,169.122,26790.5,112831,0.0759912,0.0441741,0.0552128,lmnp,74,93,116.05,0.00108427,91
91114,Brunoy,91,grande_couronne,419,139.667,3252.05,3251.1,0.0109916,0.00190655,21.7067,18.5296,25.4285,commune,1.19374,0.0132566,0,4161,0.284344,0.0684973,0.0454493,2.50027,48.6975,-0.00894221,0.0321475,0.0551494,0.0778176,0.107309,0.0532656,0.07,0.3235,12283.9,-30158.1,180.537,28550.3,120326,0.0745623,0.0444174,0.0542236,lmnp,79,97,113.05,0.000864426,92
78362,Mantes-la-Ville,78,grande_couronne,214,71.3333,2600.91,2598.96,0.0161625,0.00412228,18.8185,16.3397,21.6733,commune,1.22274,0.0139633,0.0420561,3871,0.113589,0.0257898,0.0137766,1.70908,48.9822,-0.0130447,0.0325116,0.0548748,0.077395,0.108694,0.0528825,0.082,0.32,9856.72,-25507.8,142.327,23460.6,96233.8,0.0799034,0.0446584,0.0545392,lmnp,73.95,98.5,131.1,0.00137304,93
78073,Bois-d'Arcy,78,grande_couronne,427,142.333,3470.84,3469.95,0.0114537,0.00207022,21.8447,18.6257,25.6201,commune,1.02349,0.00749376,0,2076,0.163396,0.0359002,0.0122234,2.01984,48.8017,-0.00953897,0.03044,0.0547887,0.0788512,0.108527,0.0529999,0.075,0.337,13033.5,-31854,196.062,29504.3,128421,0.0703395,0.0426329,0.0536957,lmnp,84,103,124,0.000924646,94
93049,Neuilly-Plaisance,93,petite_couronne,369,123,3940.89,3940.06,0.0134099,0.0028376,24.3381,20.8546,28.4035,commune,1.39008,0.0175762,0,3524,0.158132,0.0566824,0.037356,2.51013,48.8622,-0.0239884,0.0277336,0.0546785,0.0814468,0.117426,0.0513018,0.106,0.3405,16639.7,-42905.1,237.463,33194.9,145813,0.0695419,0.0424032,0.0532128,lmnp,83,102,130.05,0.00110737,95
76575,Saint-Étienne-du-Rouvray,76,province,107,35.6667,1575.84,1566.91,0.0306717,0.0148437,14.3279,11.2938,18.177,commune,1.90893,0.0297839,0.401869,4541,0.0432179,0.0243363,0.0113022,1.07683,49.3933,-0.0481655,0.0188289,0.0546048,0.0844123,0.123692,0.047687,0.1595,0.3905,5776.81,-19893.5,105.435,11219.9,58306,0.0976841,0.0516439,0.0540877,reel,64.8,103.5,161.15,0.00216343,96
95277,Gonesse,95,grande_couronne,237,79,3109.39,3108.42,0.0141806,0.00317331,20.9152,17.2525,25.3557,commune,1.54872,0.021202,0.164557,5663,0.0980757,0.0109206,0.00661142,2.44561,48.9875,-0.0163552,0.0295729,0.0545881,0.0766216,0.111707,0.0518627,0.0895,0.3295,10948.9,-33294.9,185.185,26851.5,115048,0.0749288,0.0425899,0.0526088,lmnp,83,105,133.05,0.00116877,97
93072,Stains,93,petite_couronne,233,77.6667,3011.78,3009.18,0.016862,0.00448646,22.0598,17.704,27.4873,commune,2.11891,0.0361656,0.390558,8585,0.267325,0.0878061,0.0130892,2.38293,48.9528,-0.0242424,0.0261646,0.0545619,0.0833055,0.119644,0.0509117,0.115,0.3635,12392.1,-35610,191.415,26351.4,111436,0.0819176,0.0451084,0.0533357,lmnp,78.85,107.5,137.1,0.00137974,98
78126,La Celle-Saint-Cloud,78,grande_couronne,335,111.667,4165.37,4163.96,0.0129275,0.00263726,24.658,21.2663,28.5907,commune,1.04582,0.0086426,0,5656,0.405401,0.0398533,0.0120898,2.14979,48.8585,-0.0144649,0.029471,0.054398,0.0766142,0.108214,0.0514225,0.0905,0.3435,14521.5,-39501.9,244.538,34307.9,154119,0.0667159,0.0420611,0.0527626,lmnp,86,106.5,134,0.00111463,99
93030,Dugny,93,petite_couronne,74,24.6667,2897.5,2893.8,0.0297812,0.0139914,20.1415,16.3693,24.7831,commune,1.28915,0.0155473,0.175676,2780,0.117438,0.174537,0.0198446,2.41539,48.949,-0.026918,0.0262793,0.0543729,0.0806428,0.116714,0.0502082,0.1125,0.3635,11467.9,-33857.3,193.083,25627.5,107208,0.0772039,0.0442322,0.0520216,lmnp,65.95,109,170.05,0.00226963,100
95091,Bouffémont,95,grande_couronne,30,10,3450.11,3448.22,0.0394315,0.024532,21.2984,18.5247,24.4875,maille,1.01305,0.00662252,0,568,0.0122823,0.0053025,0.00106821,2.30833,49.0431,-0.0143504,0.0312497,0.0543353,0.075826,0.107565,0.0517463,0.079,0.3445,11965.2,-32307.1,205.562,29147.3,127654,0.0688618,0.0413759,0.0528015,lmnp,53,101,185.05,0.0031261,101
95280,Goussainville,95,grande_couronne,99,33,3123.89,3120.55,0.0218928,0.00756326,21.5658,18.014,25.8181,commune,1.89762,0.0294261,0.444444,3621,0.0663777,0.0148373,0.00976138,2.4712,49.0322,-0.0162456,0.0299004,0.0543138,0.0778976,0.10657,0.0519242,0.0855,0.344,10924.6,-32277.1,189.013,27068.3,115584,0.0770802,0.0429477,0.0531281,lmnp,75.95,108,160.15,0.0017727,102
71269,Lux,71,province,53,17.6667,1884.77,1872.06,0.0432237,0.0294714,15.7447,12.8594,19.2774,commune,1.66444,0.0237826,0,270,0.0720987,0.0129042,0.00220562,4.84325,46.7512,-0.0459604,0.0180966,0.0541966,0.0841265,0.117839,0.0471146,0.165,0.3715,6774.9,-22343.7,126.598,13237.7,69736.6,0.0906934,0.0503693,0.053221,reel,50.95,112,212.15,0.00337909,103
78322,Jouy-en-Josas,78,grande_couronne,99,33,4272.46,4267.18,0.0237065,0.00886832,25.2361,21.4879,29.6381,commune,1.22187,0.0139535,0,2261,0.105679,0.0225255,0.0225851,2.17049,48.7634,-0.0103669,0.0326029,0.0541924,0.0780706,0.110511,0.0530728,0.078,0.3335,15950.7,-38939.1,257.433,35313,158081,0.0666674,0.0417126,0.0540905,lmnp,72.95,104,167,0.00204071,104
21154,Châtillon-sur-Seine,21,province,70,23.3333,896.679,888.142,0.0341465,0.0183956,11.0587,8.43333,14.5013,commune,2.808,0.078485,0,1241,0.159551,0.0553115,0.01549,4.57247,47.8567,-0.0510629,0.0142055,0.0541272,0.0885144,0.131856,0.0484859,0.174,0.408,3113.92,-13390.9,70.2372,6537.31,33177.1,0.127921,0.0557081,0.052016,reel,64.95,109,173,0.00220011,105
76561,Saint-Aubin-lès-Elbeuf,76,province,102,34,1314.27,1306.11,0.0314031,0.01556,12.8776,10.6924,15.5094,commune,1.47332,0.0194489,0,2073,0.129125,0.0348271,0.00744754,1.00775,49.3018,-0.0440499,0.020852,0.054038,0.083079,0.117447,0.0471393,0.1575,0.3815,4727.24,-16423.5,87.6755,9326.06,48628,0.103883,0.0532283,0.0550777,reel,68.95,113,179.1,0.00217862,106
91685,Villiers-sur-Orge,91,grande_couronne,39,13,2979.49,2973.44,0.0356999,0.0201096,19.8108,17.228,22.7808,commune,1.04002,0.0083014,0,473,0.102755,0.0478574,0.00890285,2.30376,48.6596,-0.0107518,0.030756,0.0539976,0.0758296,0.106369,0.0518766,0.08,0.3355,10536,-29745.4,175.737,25979.6,110241,0.0737474,0.0429133,0.0527829,lmnp,54.85,105.5,188.2,0.00326454,107
78423,Montigny-le-Bretonneux,78,grande_couronne,625,208.333,3993.99,3993.51,0.00947023,0.00141531,23.3412,20.3363,26.7902,commune,1.00754,0.00558464,0,7042,0.0497895,0.00305512,0.00208463,2.04013,48.7786,-0.0159693,0.0309828,0.0539834,0.0763775,0.107204,0.0512101,0.0835,0.3495,13913.6,-38993,243.591,32970.3,147778,0.0656222,0.0407735,0.0525212,lmnp,94.95,111,136.05,0.000830684,108
77152,Dammarie-les-Lys,77,grande_couronne,312,104,2826.46,2825.42,0.0123927,0.0024236,19.1986,17.0381,21.6332,commune,1.1772,0.012842,0.253205,4558,0.0406288,0.0148317,0.00927775,2.63513,48.52,-0.0085509,0.0308707,0.0539765,0.0752243,0.107286,0.0517771,0.0765,0.3385,9963.95,-25353.3,162.679,24934,104579,0.0751411,0.0425751,0.0523826,lmnp,92,110,136,0.000982323,109
95127,Cergy,95,grande_couronne,1298,432.667,3387.86,3387.78,0.00606724,0.000580917,21.3157,18.3874,24.7103,commune,1.09049,0.0102215,0.0392912,19527,0.0522751,0.00527539,0.00284496,2.0379,49.0453,-0.0106022,0.0307755,0.0538358,0.0769817,0.107057,0.0522103,0.0775,0.337,12194.9,-31561.1,195.52,28726.9,125351,0.0701882,0.0419001,0.0532968,lmnp,101.95,114,126,0.000475313,110
91386,Mennecy,91,grande_couronne,205,68.3333,3133.3,3132.26,0.0156986,0.00388906,20.2866,17.8617,23.0407,commune,1.01131,0.00626305,0,2499,0.0821216,0.025335,0.0112606,2.43475,48.568,-0.0101979,0.032689,0.0538048,0.0758343,0.106249,0.0523081,0.082,0.334,11425.1,-28912.5,181.408,27064.4,115932,0.0719494,0.0424011,0.0528546,lmnp,88.95,113.5,146.05,0.00124837,111
78335,Limay,78,grande_couronne,119,39.6667,2396.48,2393.12,0.0216388,0.00738886,17.9302,15.3031,21.0083,commune,1.42459,0.0182237,0.0336134,4197,0.0920538,0.0247471,0.0129507,1.73148,48.9941,-0.0325385,0.0230781,0.0537328,0.0766839,0.106509,0.0470998,0.13,0.3795,7110.18,-25631.8,167.457,16958.3,88669.8,0.0822716,0.0482296,0.0522412,reel,84,116.5,157.1,0.00146074,112
95491,Le Plessis-Bouchard,95,grande_couronne,168,56,3363.48,3362.83,0.0168319,0.00447081,21.2349,18.3703,24.5462,commune,1.01421,0.00673023,0,814,0.184058,0.0298233,0.0161597,2.23777,49.0003,-0.0136706,0.0295456,0.053644,0.0758699,0.106739,0.0515169,0.0775,0.3435,11877.2,-32463.8,197.947,28804.7,124449,0.0704091,0.0422525,0.0522686,lmnp,88,118,160.05,0.00137298,113
78372,Marly-le-Roi,78,grande_couronne,458,152.667,4065.17,4064.22,0.01106,0.00193037,24.1708,20.1752,28.9577,commune,1.08295,0.0100071,0,2845,0.237256,0.133428,0.030867,2.09437,48.8773,-0.0161459,0.0283268,0.0536242,0.0754805,0.107248,0.0504643,0.0905,0.349,13543.7,-40981.1,264.296,33954.3,150411,0.0669221,0.0417949,0.0517412,lmnp,100.95,119,140.1,0.000812841,114
07042,Bourg-Saint-Andéol,07,province,111,37,1277.53,1267.69,0.0308405,0.0150072,13.2004,10.6736,16.3253,commune,2.4942,0.0520862,0,864,0.136268,0.0545732,0.0131573,4.64423,44.3651,-0.04389,0.0202374,0.0536219,0.081688,0.121232,0.0470476,0.1495,0.39,4475.36,-16806.8,90.1038,9196.27,47268.8,0.109903,0.0543455,0.0543934,reel,71.95,115,181.1,0.00226474,115
39368,Hauts de Bienne,39,province,178,59.3333,1405.82,1402.04,0.0232664,0.00854175,14.2679,10.7579,18.9231,commune,2.98057,0.133473,0,1342,0.184387,0.0785761,0.0393092,6.02276,46.5185,-0.055427,0.0174787,0.0536192,0.0845469,0.12322,0.0473112,0.1635,0.3925,4900.06,-19657.3,100.591,10439.5,52015.4,0.108986,0.0547182,0.0528796,reel,82,116,157.2,0.00153339,116
60360,Liancourt,60,province,62,20.6667,1841.97,1834.2,0.0329096,0.017089,15.7925,13.3519,18.6792,commune,2.09542,0.0352998,0,1154,0.107162,0.0247782,0.0147939,2.46305,49.3293,-0.0546103,0.0177352,0.0534308,0.0809575,0.117185,0.0453774,0.164,0.3965,6118.98,-22761.4,127.601,13174.2,68153,0.093112,0.0508114,0.0525271,reel,71,123,185.05,0.00233728,117
34259,Saint-Georges-d'Orques,34,province,82,27.3333,2248.62,2232.05,0.0343073,0.0185717,17.4818,14.196,21.5282,commune,1.73666,0.0252964,0,499,0.0458261,0.0142295,0.00403289,3.77725,43.6168,-0.043132,0.0173929,0.0533795,0.0810868,0.118078,0.0448937,0.169,0.402,7369.02,-27299,154.761,15798.4,83199,0.0852886,0.0489701,0.0516188,reel,69.95,122.5,192.1,0.00242281,118
76640,Saint-Pierre-lès-Elbeuf,76,province,53,17.6667,1249.35,1235.97,0.0432578,0.029521,12.1422,9.48172,15.5491,maille,1.42952,0.0183885,0,1380,0.0734391,0.0164832,0.00330651,1.03847,49.2754,-0.0566603,0.0162706,0.0533008,0.0832467,0.1228,0.0458688,0.1715,0.396,4216.26,-16901.9,86.4819,8823.89,46226,0.102218,0.0508127,0.0526522,reel,59.95,115,223.3,0.00329795,119
91552,Saint-Germain-lès-Arpajon,91,grande_couronne,116,38.6667,3056.37,3054.24,0.0208385,0.00685246,20.1687,17.6043,23.1066,commune,1.29727,0.0157343,0.0172414,1414,0.0918875,0.0152855,0.00379372,2.25649,48.5998,-0.0153735,0.0292446,0.0532681,0.0742984,0.106141,0.050304,0.091,0.3555,10016.7,-31301.9,184.168,26446.5,113086,0.0732976,0.0419873,0.0514736,lmnp,89.95,121,176.05,0.00178365,120
25284,Grand-Charmont,25,province,87,29,1182.25,1175.21,0.0323838,0.0165481,12.2566,9.78067,15.3593,commune,1.80423,0.0269479,0.183908,1167,0.171694,0.0687009,0.0263088,6.82227,47.5282,-0.0482178,0.0163345,0.053199,0.0811804,0.119181,0.045088,0.1725,0.407,3729.2,-16089.9,85.1404,8796.76,43743.1,0.109181,0.0535889,0.0521635,reel,80.8,123,186.1,0.00211901,121
91577,Saintry-sur-Seine,91,grande_couronne,34,11.3333,3020.98,3013.36,0.0381788,0.0229989,20.0965,17.7352,22.7721,maille,1.16386,0.0124722,0,398,0.104406,0.0328792,0.0291545,2.49145,48.5974,-0.00981132,0.0310536,0.0531898,0.0750329,0.103762,0.0515511,0.0745,0.3415,10534.5,-27829.1,175.797,26538.5,111776,0.0738695,0.0427678,0.052212,lmnp,63.95,113,208.3,0.00308589,122
28404,Vernouillet,28,province,79,26.3333,1602.51,1597.66,0.0297307,0.0139448,14.8908,12.3264,17.9887,commune,1.61253,0.0226087,0,1414,0.375161,0.0806613,0.0120698,1.35681,48.723,-0.0451314,0.0190771,0.0531388,0.0809869,0.118977,0.0466847,0.161,0.389,5522.02,-19790.1,107.784,11418.2,59293,0.100273,0.0546073,0.0540252,reel,80.9,129,183,0.00208712,123
95203,Eaubonne,95,grande_couronne,369,123,3797.46,3797.22,0.0113711,0.00204046,22.7959,19.336,26.875,commune,1.07599,0.0098153,0,4129,0.1292,0.0404354,0.0138588,2.27954,48.991,-0.0120439,0.0307833,0.0530351,0.0748735,0.106148,0.0510896,0.0805,0.3465,12920.3,-35378.4,237.425,31758.5,140506,0.0672952,0.0412335,0.0517435,lmnp,103,126.5,154.05,0.000904537,124
95197,Deuil-la-Barre,95,grande_couronne,472,157.333,3606.07,3605.77,0.0100563,0.0015959,22.3493,18.9001,26.4279,commune,1.21056,0.0136843,0,4026,0.17686,0.0749928,0.0294967,2.32525,48.9715,-0.0104088,0.0283493,0.0529988,0.075809,0.107089,0.0505643,0.081,0.371,12062.2,-34988.7,227.082,30700.8,133425,0.0693805,0.0417215,0.0509631,lmnp,109,127.5,153,0.000760032,125
91103,Brétigny-sur-Orge,91,grande_couronne,426,142,3292.79,3292.35,0.0109011,0.00187528,20.7754,18.0179,23.955,commune,1.11282,0.0108659,0.0586854,5124,0.0810411,0.0170881,0.00688361,2.30378,48.6073,-0.014173,0.0297132,0.0529574,0.0749271,0.107114,0.0505584,0.0865,0.3515,10941.8,-32441.3,199.514,28093.2,121833,0.0702459,0.0414273,0.0513708,lmnp,104.95,127,151.1,0.000801392,126
77390,Roissy-en-Brie,77,grande_couronne,208,69.3333,3399.3,3397.86,0.0151688,0.003631,21.1327,18.345,24.344,commune,1.08585,0.0100781,0,3165,0.0555258,0.00846572,0.00487209,2.65032,48.7942,-0.00988327,0.0276868,0.0529256,0.0758385,0.107182,0.0510814,0.075,0.3585,11588,-31100.1,206.679,28858.7,125774,0.0693061,0.0412511,0.0517615,lmnp,99.95,129,163,0.00116133,127
13215,Marseille 15e Arrondissement,13,province,940,313.333,1896.14,1894.71,0.010193,0.00163958,16.1608,12.8589,20.3107,commune,2.52291,0.0535263,0.552128,14377,0.0727069,0.0214248,0.00584352,5.36115,43.3493,-0.0457893,0.0167692,0.0529077,0.0797774,0.117567,0.0449032,0.1765,0.405,5954.44,-22783,135.83,13352.4,70157.2,0.0927832,0.0501217,0.0516949,reel,109.95,127,149.05,0.0006714,128
78242,Fontenay-le-Fleury,78,grande_couronne,233,77.6667,3423.12,3421.57,0.0154921,0.0037874,21.5932,18.6859,24.9527,commune,1.0522,0.00889478,0,2532,0.238919,0.044733,0.0108285,2.04918,48.8105,-0.0116018,0.0309176,0.0527972,0.0759082,0.104933,0.0510448,0.0815,0.351,11634.3,-32291,201.336,29150.7,126655,0.070438,0.0424009,0.0521956,lmnp,96.95,129,164.15,0.00124632,129
95019,Arnouville,95,grande_couronne,90,30,3145.06,3142.08,0.0229527,0.0083133,21.2802,17.163,26.3851,commune,1.58179,0.021914,0.233333,1158,0.256182,0.0961034,0.0628273,2.41779,48.9897,-0.019242,0.0256478,0.0527801,0.0767165,0.107714,0.049571,0.096,0.378,9868.01,-36260.2,205.23,27995.5,116367,0.0754714,0.0430736,0.0497024,lmnp,92,130.5,185.05,0.00170083,130
91115,Bruyères-le-Châtel,91,grande_couronne,36,12,2787.33,2780.19,0.0371267,0.021749,19.1758,16.5049,22.2788,commune,1.11224,0.0108557,0,517,0.0871766,0.0421797,0.011843,2.18464,48.5943,-0.0131982,0.0300161,0.052774,0.0769718,0.106854,0.051382,0.083,0.353,9646.64,-26969.3,163.944,24675.7,103131,0.0760978,0.0433536,0.0529158,lmnp,62.8,133.5,217.05,0.00309121,131
92036,Gennevilliers,92,petite_couronne,329,109.667,4632.92,4629.92,0.0129145,0.00263181,27.2181,20.3755,36.3586,commune,1.92097,0.0301508,0.0151976,18034,0.0480874,0.0187774,0.0105883,2.29698,48.9242,-0.0335625,0.0228374,0.0525441,0.0826954,0.118976,0.0486949,0.126,0.3765,17017.2,-59778.1,313.197,37620.2,171418,0.0666139,0.0401529,0.0506063,lmnp,109.95,135,168.05,0.00104646,132
93079,Villetaneuse,93,petite_couronne,49,16.3333,3379.75,3371.97,0.0364716,0.0209801,22.5066,18.1458,27.9153,commune,1.96723,0.0313407,0.632653,3164,0.145899,0.0114118,0.00462218,2.34459,48.953,-0.027496,0.0240192,0.052521,0.0806483,0.115744,0.0491843,0.121,0.389,12404.6,-39962.1,214.347,28723.6,125051,0.0745851,0.0419958,0.0509287,lmnp,68,133,233,0.00326536,133
78640,Vélizy-Villacoublay,78,grande_couronne,415,138.333,4596.9,4596.19,0.0116178,0.00212996,25.3588,21.5618,29.8246,commune,1.00812,0.00578982,0,4500,0.0726515,0.0153655,0.00634493,2.19062,48.7827,-0.0197155,0.0286659,0.0525159,0.0755159,0.104396,0.0493445,0.1005,0.366,14376.8,-46715.4,296.499,37267.9,170085,0.0622825,0.0397273,0.0510123,lmnp,110,139,165,0.000900651,134
54280,Juf,54,province,103,34.3333,1034.74,1030.35,0.0272663,0.0117314,11.8595,9.38948,14.9792,commune,2.53132,0.0540703,0,888,0.229465,0.060286,0.0201372,6.00794,49.2284,-0.0491183,0.0147554,0.0525117,0.0814806,0.120215,0.0455948,0.1755,0.4055,3213.87,-14789.9,75.2767,7552.44,38285.3,0.12014,0.0557274,0.0520095,reel,91.95,135,188.3,0.00193443,135
95205,Écouen,95,grande_couronne,107,35.6667,3038.75,3036.03,0.0210644,0.00700174,20.9992,17.9171,24.6115,commune,1.51943,0.0205796,0,826,0.336851,0.053938,0.035793,2.37608,49.0249,-0.0129692,0.0284171,0.0524598,0.0758477,0.107116,0.0509786,0.0825,0.356,10247.5,-29875.6,176.55,26795.9,112434,0.0770023,0.0439602,0.0515391,lmnp,94.9,137,196.05,0.00179981,136
78586,Sartrouville,78,grande_couronne,853,284.333,3956.86,3956.44,0.00810789,0.0010374,23.4439,19.0044,28.9204,commune,1.16995,0.0126689,0.049238,9568,0.167026,0.0423636,0.0178936,2.1701,48.9409,-0.0188769,0.0258051,0.0524134,0.0760405,0.106568,0.0496016,0.096,0.378,12362.4,-42092.3,254.538,32988.2,146404,0.0665495,0.0408418,0.0508333,lmnp,117.95,137,156.05,0.000610564,137
78397,Le Mesnil-Saint-Denis,78,grande_couronne,56,18.6667,3737.61,3733.03,0.0314142,0.0155719,22.2484,19.5608,25.3052,commune,1.08092,0.00994854,0,410,0.0911623,0.0286496,0.0130512,1.96159,48.7427,-0.0143202,0.0285065,0.0523881,0.0742804,0.102167,0.0491521,0.09,0.3655,11505.6,-36455.3,236.394,31409.8,138291,0.0666149,0.0404464,0.0502584,lmnp,77.95,139.5,219.05,0.00257046,138
94038,L'Haÿ-les-Roses,94,petite_couronne,521,173.667,4249.28,4248.83,0.00991761,0.00155215,24.2815,20.6958,28.4886,commune,1.19983,0.0134576,0.0115163,8562,0.0829793,0.0232645,0.00895173,2.33573,48.7774,-0.0352237,0.0241743,0.0523402,0.0778602,0.111256,0.047165,0.121,0.387,14696.5,-49449.8,278.828,34819.6,157223,0.0643353,0.0398426,0.0498314,lmnp,114.95,139,165,0.000810805,139
78138,Chanteloup-les-Vignes,78,grande_couronne,76,25.3333,2801.73,2796.57,0.0270209,0.0115212,19.449,16.1843,23.3722,commune,1.6337,0.0231362,0.171053,2176,0.0236226,0.00934081,0.00713623,2.03098,48.9758,-0.017099,0.0272361,0.0523356,0.0754274,0.10599,0.0495408,0.093,0.3695,8585.48,-30131.9,175.098,24717,103664,0.0768769,0.0419708,0.0506433,lmnp,86.95,142.5,197.1,0.00206079,140
94044,Limeil-Brévannes,94,petite_couronne,503,167.667,3536.78,3536.26,0.0100932,0.0016076,21.8886,18.8727,25.3866,commune,1.23579,0.014303,0.0516899,5186,0.0663264,0.0245185,0.0120616,2.48514,48.7506,-0.028933,0.0253419,0.0522561,0.07819,0.111863,0.0482974,0.1115,0.374,12916.6,-39847,222.189,29927.4,130861,0.0691769,0.0411868,0.051036,lmnp,116,139,164,0.000781391,141
91589,Savigny-sur-Orge,91,grande_couronne,537,179,3056.54,3055.95,0.00971115,0.00148823,20.5362,17.5162,24.0769,commune,1.35383,0.0169209,0.156425,4885,0.15253,0.0547451,0.0241054,2.35023,48.677,-0.0125487,0.0299333,0.0522395,0.0743588,0.106191,0.0508223,0.0825,0.347,10201.2,-29822.5,186.835,26744.9,113092,0.0747365,0.0429195,0.0517307,lmnp,118,142,168,0.000832839,142
78172,Conflans-Sainte-Honorine,78,grande_couronne,542,180.667,3428.53,3427.9,0.0101684,0.00163169,21.5165,18.5631,24.9398,commune,1.21549,0.013809,0,4932,0.155202,0.0676352,0.0239304,2.10034,49.0004,-0.0171334,0.0280736,0.0521921,0.0730487,0.104949,0.0489121,0.0885,0.371,10348.1,-35168,220.967,29383.1,126856,0.0700587,0.0415136,0.0502196,lmnp,120.95,143,166,0.000766369,143
78321,Jouars-Pontchartrain,78,grande_couronne,61,20.3333,3396.92,3391.45,0.0301184,0.0143138,21.3716,17.8739,25.5536,commune,1.03538,0.00820345,0,272,0.165932,0.0715425,0.0753064,1.89713,48.8022,-0.0134917,0.0280686,0.0521471,0.0752163,0.105981,0.0502003,0.086,0.3655,11075.7,-34343.4,210.063,29926.9,125686,0.0701985,0.0421524,0.0505686,lmnp,95,142.5,206.15,0.00214645,144
27229,Évreux,27,province,1095,365,1834.73,1834.32,0.00796075,0.00100008,15.927,12.9989,19.5146,commune,2.48811,0.0518554,0.0191781,13541,0.137946,0.0328722,0.0117564,1.15148,49.0256,-0.0508009,0.0163308,0.0521104,0.0802297,0.118625,0.044195,0.1705,0.399,5849.87,-23135.6,128.042,13129.3,67884.9,0.0943594,0.0507713,0.051726,reel,127,142,162,0.000550589,145
77055,Brou-sur-Chantereine,77,grande_couronne,148,49.3333,3106.54,3104.55,0.0179694,0.00509552,20.0455,17.3305,23.186,commune,1.08614,0.0100784,0,1190,0.0716434,0.0303672,0.0225953,2.62615,48.8847,-0.014838,0.0272358,0.0519983,0.0733597,0.104458,0.0490555,0.0935,0.3685,9388.58,-30761.9,191.308,27148.7,114942,0.0716382,0.0417238,0.050912,lmnp,108,145,186,0.0013664,146
94019,Chennevières-sur-Marne,94,petite_couronne,473,157.667,3516.26,3515.61,0.0104079,0.00170939,22.0611,18.8364,25.8378,commune,1.30713,0.0159483,0,3475,0.158619,0.0584561,0.0148112,2.53053,48.7963,-0.0273583,0.0256966,0.0519547,0.0775694,0.113012,0.0480455,0.118,0.38,12612.9,-40400,223.563,29885.4,130102,0.0701692,0.0416375,0.0506005,lmnp,121,147,166,0.000765484,147
28134,Dreux,28,province,459,153,1646.36,1645.36,0.0124045,0.00242811,15.4971,12.6702,18.9547,commune,2.66444,0.0634123,0.0326797,8126,0.247883,0.103418,0.0155013,1.36434,48.7371,-0.0488265,0.0186388,0.0518957,0.0804352,0.120533,0.0457011,0.16,0.4035,5525.27,-20811.1,123.167,11744.1,60915.2,0.102023,0.0538802,0.0532729,reel,121,148,168,0.000781225,148
91549,Sainte-Geneviève-des-Bois,91,grande_couronne,443,147.667,3263.39,3262.94,0.0106902,0.00180345,20.7168,18.0194,23.818,commune,1.29437,0.0156365,0.0722348,9797,0.0664176,0.0197489,0.00991942,2.33505,48.6404,-0.0167069,0.028285,0.0518566,0.0739531,0.105927,0.0494949,0.092,0.376,10201.9,-31249.3,203.995,27908.4,120746,0.0706632,0.0409505,0.0500114,lmnp,119.95,147,170.05,0.000812162,149
74154,Lugrin,74,province,59,19.6667,3322.39,3290.3,0.0340665,0.0183128,23.3099,17.1991,31.5918,commune,2.20157,0.0391355,0,378,0.198498,0.117635,0.029752,6.65581,46.3894,-0.0297564,0.0211711,0.05184,0.0816643,0.122957,0.0498887,0.1155,0.3975,11655.7,-41930.4,229.869,28739.2,122928,0.0787742,0.0439735,0.0512493,lmnp,79.85,149.5,233.1,0.00263781,150
77122,Combs-la-Ville,77,grande_couronne,270,90,3026.42,3025.34,0.0133193,0.00279955,19.7403,17.3403,22.4724,commune,1.16763,0.0125533,0,2680,0.0872343,0.0228959,0.00943407,2.56245,48.665,-0.0144748,0.0276985,0.0516369,0.0735164,0.102353,0.0490336,0.0845,0.375,9202.79,-29195.7,185.773,26400.6,111977,0.0723241,0.0415341,0.0503198,lmnp,120,152,185.05,0.00104481,151
94004,Boissy-Saint-Léger,94,petite_couronne,295,98.3333,3337.7,3336.52,0.0131723,0.002738,21.6021,18.8189,24.7969,commune,1.58527,0.0219653,0.105085,4731,0.0743454,0.0239211,0.0111139,2.50625,48.7523,-0.0267465,0.0264659,0.0514243,0.0787657,0.112235,0.0486065,0.118,0.374,12387,-37262.6,210.39,28506.4,123495,0.0722729,0.0414849,0.0505417,lmnp,121.95,154,188.1,0.001099,152
77108,Chelles,77,grande_couronne,856,285.333,3454.19,3453.88,0.00748755,0.00088473,21.146,17.7903,25.1346,commune,1.24014,0.0144014,0.0478972,11244,0.111886,0.0273238,0.0126456,2.58813,48.8764,-0.0167821,0.0251122,0.051408,0.0723421,0.106902,0.0478483,0.102,0.3865,9830.02,-35197.9,225.958,29432.7,127805,0.0682509,0.0400789,0.0482439,lmnp,138.95,156,175,0.000572137,153
93046,Livry-Gargan,93,petite_couronne,826,275.333,3103.04,3102.68,0.00896975,0.00126964,21.0624,17.7417,25.0046,commune,1.76189,0.0260225,0.0726392,8100,0.195326,0.0586039,0.0274002,2.53203,48.9187,-0.0338753,0.0231356,0.0513952,0.0792885,0.115352,0.047437,0.125,0.385,11081.8,-38487.4,201.743,27109.2,114812,0.0756513,0.0422773,0.0490686,lmnp,135.95,158,178.05,0.000679672,154
77258,Lognes,77,grande_couronne,245,81.6667,3739.91,3738.9,0.0139803,0.00308433,22.061,19.3712,25.1244,commune,1.04205,0.00845196,0,2509,0.0812938,0.0035636,0.000616904,2.63901,48.8383,-0.0165872,0.0281073,0.0513461,0.07432,0.103502,0.0490013,0.093,0.3715,11366.7,-36068.9,237.371,31178.3,138377,0.0659728,0.0400677,0.0500525,lmnp,123.95,157,190.1,0.00109201,155
95388,Menucourt,95,grande_couronne,43,14.3333,3232.87,3232.72,0.0330578,0.0172432,20.1662,17.4507,23.3043,commune,1.07483,0.00979858,0,838,0.0683696,0.00595725,0.00534423,1.97289,49.0286,-0.0176347,0.0257704,0.0512795,0.0722547,0.101694,0.0479342,0.095,0.3715,9156.12,-33148.9,208.634,27680.8,119616,0.0692867,0.0404987,0.0494631,lmnp,87.9,150,231.25,0.00256559,156
95500,Pontoise,95,grande_couronne,681,227,3138.21,3137.97,0.00837417,0.00110666,20.6417,17.6317,24.1654,commune,1.54002,0.0210428,0.0646109,8888,0.135831,0.0499182,0.0260864,2.09139,49.0501,-0.0171549,0.0271024,0.0512292,0.0732153,0.104788,0.0479957,0.0975,0.3845,9060.43,-33676,204.455,27393,116114,0.0731946,0.0414074,0.0487566,lmnp,136.95,160,181,0.000652092,157
94071,Sucy-en-Brie,94,petite_couronne,316,105.333,3640.37,3639.45,0.0127282,0.0025565,22.4156,18.7965,26.7315,commune,1.19693,0.0133305,0,3933,0.17839,0.0683544,0.0370712,2.52293,48.7709,-0.0322121,0.0234829,0.0511536,0.0782195,0.113902,0.0473701,0.1215,0.383,12600.7,-44227.9,237.493,30991.9,134694,0.0689455,0.0415542,0.0503044,lmnp,128,160.5,184.15,0.000953409,158
41151,Montrichard Val de Cher,41,province,36,12,1221.69,1203.7,0.0483838,0.0368847,12.9874,9.67183,17.4396,commune,2.77088,0.0734375,0,739,0.157681,0.0657786,0.0866612,1.17142,47.3476,-0.051719,0.013517,0.0511339,0.0821948,0.12584,0.0451791,0.1805,0.4235,3521.17,-18369.2,88.5242,9974.66,45202.7,0.112834,0.0545674,0.0501017,reel,79.95,168.5,259.1,0.0030362,159
76216,Déville-lès-Rouen,76,province,252,84,1772.09,1768.46,0.0200712,0.00635698,14.9008,12.7459,17.4202,commune,1.50783,0.0203421,0,2416,0.0983439,0.0336228,0.0104915,1.05325,49.4631,-0.0442924,0.0160398,0.0510096,0.0793649,0.115204,0.043383,0.175,0.414,5283.95,-21781.1,125.036,12545.6,65567.2,0.0907461,0.0496599,0.0514316,reel,115,161,204.15,0.00147606,160
60342,Laigneville,60,province,37,12.3333,2007.39,1997.11,0.0423589,0.0283088,15.9873,13.2329,19.3152,commune,1.74942,0.0256703,0,572,0.112757,0.0204941,0.00750171,2.44472,49.2934,-0.0541606,0.0128349,0.0509782,0.0784469,0.113777,0.0419944,0.182,0.4135,5535.09,-25904.6,145.578,14168.4,74273.3,0.0866042,0.048196,0.0495779,reel,87.95,154,260,0.00285808,161
01281,Ornex,01,province,106,35.3333,5562.83,5547.75,0.0249953,0.00985886,29.5531,21.3368,40.9334,commune,1.49913,0.0200935,0,902,0.0725583,0.0196128,0.00495162,6.09701,46.2725,-0.03873,0.0199448,0.0509761,0.0783426,0.118273,0.0465019,0.1445,0.3965,16466.4,-73055.3,381.471,44060.3,205825,0.0605155,0.0386575,0.0480749,lmnp,104.95,162,218.15,0.00187896,162
94073,Thiais,94,petite_couronne,689,229.667,3879.37,3879.08,0.00862575,0.00117413,22.8463,18.8724,27.6569,commune,1.13341,0.0115519,0,6658,0.123349,0.0542596,0.0164344,2.39441,48.7637,-0.0350141,0.0250266,0.0508477,0.0778761,0.11437,0.046877,0.1225,0.397,13345,-46215.3,257.958,32365.9,143537,0.0660302,0.0402901,0.0492904,lmnp,140,166,188.05,0.000726738,163
95598,Soisy-sous-Montmorency,95,grande_couronne,255,85,3500.1,3499.4,0.0136725,0.00294997,22.1428,18.5034,26.498,commune,1.41125,0.0179539,0,3522,0.306685,0.170375,0.0229839,2.29714,48.9865,-0.0205508,0.0242767,0.0507879,0.0734182,0.104695,0.0475525,0.105,0.389,9862.62,-38986.7,248.529,29949.3,129504,0.0707732,0.0416664,0.0480665,lmnp,137.95,172,201.05,0.00103045,164
78015,Andrésy,78,grande_couronne,276,92,3361.27,3360.35,0.0142384,0.00319922,20.8807,18.1244,24.0562,commune,1.06119,0.00922013,0,1862,0.167606,0.0415464,0.0141345,2.05638,48.9808,-0.0157237,0.0273309,0.0507628,0.072665,0.103121,0.0480481,0.092,0.3785,9658.44,-34191.3,215.499,28748.9,124367,0.0691907,0.0410763,0.0496239,lmnp,130,169,198,0.00110365,165
94022,Choisy-le-Roi,94,petite_couronne,985,328.333,3684.32,3683.97,0.00721545,0.000821584,22.8647,19.2015,27.2267,commune,1.69954,0.0245551,0.0263959,12804,0.159417,0.040197,0.0255504,2.41092,48.7652,-0.0337584,0.0225223,0.0505961,0.0772007,0.113504,0.0458866,0.1365,0.4,11724.6,-43547.5,246.951,31169.5,136320,0.0695858,0.0403985,0.0479624,lmnp,155.95,171,189.05,0.000543059,166
27562,Saint-Marcel,27,province,48,16,2047.32,2041.72,0.0376213,0.0223273,15.9939,12.6856,20.165,commune,1.41908,0.0181253,0,424,0.101456,0.0266695,0.003406,1.4519,49.1008,-0.0537744,0.0143385,0.0505711,0.0790694,0.115119,0.0424084,0.185,0.4105,5858.65,-25866.1,144.577,14429.3,75750.9,0.0849531,0.0479555,0.049739,reel,111,176.5,272.05,0.00247598,167
95018,Argenteuil,95,grande_couronne,1413,471,3398.33,3398.15,0.00581524,0.000533663,22.2164,17.7242,27.8471,commune,1.81061,0.0270942,0.237792,17984,0.216628,0.0474171,0.0367847,2.2435,48.946,-0.0220491,0.0246756,0.0505607,0.0743843,0.105451,0.0477497,0.1065,0.3825,9416.15,-38681,229.522,29314.2,125738,0.0731525,0.0415835,0.048938,lmnp,159,172,186.05,0.000445189,168
28220,Luisant,28,province,61,20.3333,2138.09,2134.19,0.0337661,0.0179856,16.6601,14.7185,18.8579,commune,1.3953,0.017663,0,785,0.180039,0.0116257,0.00298007,1.47001,48.4281,-0.0477646,0.0159851,0.0503594,0.0769101,0.113702,0.0426512,0.177,0.421,6263.56,-25746.1,148.311,14976,79109.3,0.085086,0.0487726,0.0507161,reel,105,174,267,0.00238983,169
91687,Viry-Châtillon,91,grande_couronne,507,169,2971.26,2970.87,0.00999389,0.00157615,19.5931,16.6841,23.0094,commune,1.39153,0.0175964,0.0493097,7228,0.0780774,0.0259124,0.0106749,2.37566,48.6718,-0.0195452,0.0252468,0.0503158,0.072882,0.104133,0.0476286,0.099,0.394,8218.75,-32210.5,191.272,26013.1,109937,0.0730725,0.0409637,0.0485649,lmnp,154,177.5,199.05,0.000752905,170
47310,Tonneins,47,province,72,24,1138.45,1133.22,0.0330649,0.0172454,11.9979,9.49017,15.1682,commune,2.39588,0.0470302,0.166667,757,0.156459,0.0419073,0.0118417,0.31219,44.3914,-0.0521555,0.0127774,0.0502499,0.0803654,0.120109,0.0432262,0.1905,0.4215,3143.6,-15963.1,85.5628,8154.75,42122.6,0.110654,0.0520644,0.0504484,reel,103,179,244.2,0.0022291,171
95563,Saint-Leu-la-Forêt,95,grande_couronne,235,78.3333,3652.25,3651.79,0.0142406,0.00320023,22.3437,19.1929,26.0116,commune,1.32048,0.0162602,0,1869,0.162372,0.0495897,0.0393043,2.24273,49.0144,-0.0151861,0.0263383,0.0502226,0.072481,0.104904,0.0482425,0.091,0.383,10697.2,-36855.4,239.556,31172.5,135133,0.068485,0.040783,0.0491739,lmnp,145.6,180,217.15,0.00114545,172
54028,Auboué,54,province,43,14.3333,1155.72,1144.87,0.0418611,0.0276483,12.5226,10.0954,15.5333,commune,2.79437,0.0766962,0,276,0.243951,0.0730148,0.00812405,5.97323,49.2139,-0.0526593,0.0171664,0.0502177,0.0799072,0.119354,0.0436186,0.1725,0.411,3390.66,-16519.9,89.2676,8215.79,42761.5,0.11445,0.0541547,0.0507182,reel,99.85,185.5,289.05,0.00282344,173
94059,Le Plessis-Trévise,94,petite_couronne,470,156.667,3838.99,3838.68,0.010441,0.00172028,22.4384,19.8366,25.3815,commune,1.09687,0.0104,0,3262,0.172831,0.0318616,0.00665651,2.57243,48.8094,-0.0339691,0.0223664,0.0501286,0.0754599,0.109464,0.0450803,0.1325,0.3995,11750.6,-44237.1,255.579,31953,142043,0.0654498,0.0398065,0.048174,lmnp,156.95,180.5,207.05,0.000796936,174
91340,Lisses,91,grande_couronne,51,17,3189.95,3188.31,0.0312922,0.0154511,19.8355,17.4484,22.5491,commune,1.00725,0.00557222,0,618,0.081305,0.0232597,0.00536749,2.42345,48.6053,-0.0175242,0.0261388,0.0500538,0.0721799,0.102874,0.0473735,0.099,0.389,8875.98,-32603.8,205.22,27412,118028,0.0689747,0.0402767,0.0485358,lmnp,104.9,185.5,267.05,0.00265615,175
88304,Mirecourt,88,province,44,14.6667,843.884,831.655,0.0499945,0.0394267,10.5759,8.08394,13.836,commune,2.95215,0.115059,0,1664,0.219701,0.0202289,0.00862056,6.13402,48.3035,-0.0642356,0.0122479,0.0499346,0.0832622,0.127235,0.0430432,0.1985,0.42,2201.35,-14473.3,64.1432,6079.71,31223.7,0.129059,0.0538276,0.0482237,reel,91.95,186.5,297.65,0.00312932,176
06150,La Turbie,06,province,69,23,4993.3,4946.66,0.0397146,0.0248851,29.0394,20.1741,41.8004,commune,2.27436,0.041874,0,345,0.17966,0.0749325,0.0409888,7.40032,43.7456,-0.0418085,0.0180788,0.0499176,0.0806153,0.122234,0.045981,0.1545,0.4155,14782.3,-71023.6,367.873,40647.7,184752,0.0661832,0.03939,0.0466781,lmnp,94,179.5,304.1,0.00308083,177
52448,Saint-Dizier,52,province,243,81,1182.07,1181.76,0.0165089,0.00429986,11.8587,9.27872,15.1561,commune,2.43648,0.0493024,0.111111,6631,0.0431176,0.0120974,0.00589184,4.95157,48.6376,-0.0592887,0.0130945,0.0498812,0.0799002,0.119298,0.041719,0.1885,0.43,3243.25,-16266.7,89.1181,8335.56,43736.4,0.105159,0.0490147,0.0489488,reel,145.95,182.5,216.1,0.00108615,178
91179,Le Coudray-Montceaux,91,grande_couronne,64,21.3333,2961.77,2959.98,0.0279775,0.0123513,19.0994,16.7957,21.7191,commune,1.0844,0.010039,0,547,0.098242,0.0313211,0.0112273,2.48594,48.5669,-0.0159333,0.0256527,0.0498391,0.0704885,0.101606,0.0467893,0.095,0.3935,7775.93,-30250.5,192.137,25960.2,109586,0.0713063,0.0406535,0.0479392,lmnp,125,182.5,277.2,0.00217558,179
91044,Ballainvilliers,91,grande_couronne,55,18.3333,3481.04,3478.37,0.0301497,0.0143435,21.2631,18.2746,24.7402,commune,1.1395,0.0117057,0,393,0.164741,0.0521803,0.0153147,2.28879,48.6754,-0.0194488,0.025941,0.0497703,0.071649,0.103106,0.0471766,0.0975,0.3865,9339.17,-35714.1,230.033,29588.2,128798,0.0681283,0.0404556,0.0484683,lmnp,123.9,196.5,265.1,0.00217558,180
59491,Raismes,59,province,33,11,1517.76,1503.67,0.0480827,0.0364763,13.4883,10.7616,16.9058,commune,2.3344,0.044312,0,930,0.119392,0.0232637,0.0204107,3.48928,50.3877,-0.0598341,0.0114394,0.0496222,0.0761707,0.113541,0.0393474,0.194,0.429,3444.98,-21547,116.821,10957,56157.3,0.0947836,0.0477545,0.0467023,reel,91.95,185,318.15,0.00326693,181
60139,Chambly,60,province,142,47.3333,3361.84,3358.43,0.0218503,0.00753395,21.72,18.3595,25.6956,commune,1.53973,0.0210403,0,1226,0.130477,0.10616,0.0139459,2.24248,49.1655,-0.0302473,0.022541,0.0496105,0.0751224,0.109473,0.0460632,0.1265,0.407,10027.9,-39637,231.13,28867.2,124388,0.0721747,0.041691,0.0485075,lmnp,141.9,193,254,0.00160541,182
94060,La Queue-en-Brie,94,petite_couronne,55,18.3333,3799.07,3796.73,0.0303297,0.0145122,22.2121,19.635,25.1274,commune,1.18852,0.0130919,0,1081,0.0503675,0.00710038,0.00352225,2.57878,48.7854,-0.0330774,0.0227143,0.0495857,0.0751038,0.112516,0.0453536,0.127,0.387,11960.8,-45024.9,256.957,31661.9,140566,0.0654225,0.0393284,0.048162,lmnp,115.9,194.5,295,0.0023868,183
25318,Jougne,25,province,60,20,3054.28,3033.52,0.0388516,0.0238173,21.5881,16.0142,29.102,commune,2.22999,0.0403042,0,350,0.306626,0.0585131,0.0618202,6.38291,46.761,-0.0534817,0.0105616,0.0495649,0.076946,0.115282,0.0404615,0.1955,0.4245,7647.18,-42301.4,224.498,22484,113008,0.0789244,0.0470989,0.0473384,reel,109.9,191,280.2,0.0025105,184
95476,Osny,95,grande_couronne,123,41,3498.23,3498.58,0.0196555,0.0060965,20.9634,18.4939,23.7627,commune,1.09861,0.0104684,0.00813008,1519,0.0544511,0.0130219,0.00493143,2.06053,49.0616,-0.0184974,0.0266965,0.0495455,0.0704671,0.103381,0.0469358,0.1,0.385,9428.75,-36048.3,234.78,29509.8,129434,0.0667654,0.0395676,0.0482466,lmnp,147.9,190,253.15,0.00153818,185
95051,Beauchamp,95,grande_couronne,97,32.3333,3597.69,3598.07,0.0221156,0.007718,21.3867,18.2646,25.0425,commune,1.02581,0.00763567,0,1014,0.126767,0.0356043,0.019769,2.19856,49.009,-0.0171398,0.0267067,0.0495275,0.0721685,0.103369,0.0474947,0.0945,0.39,9897.17,-37230.2,237.73,30441.5,133115,0.0663317,0.0398748,0.0481601,lmnp,138,193.5,266,0.00173899,186
58095,Decize,58,province,74,24.6667,820.939,818.311,0.0357525,0.0201533,10.6115,8.54452,13.1785,commune,2.8518,0.0855795,0,660,0.187714,0.0936986,0.0214005,3.46963,46.829,-0.0580211,0.0131745,0.049524,0.081753,0.121462,0.0418973,0.191,0.4275,2036.44,-13630.6,69.5787,6065.4,30374.7,0.133186,0.0560229,0.0483582,reel,124.95,193,290.15,0.0022775,187
03298,Varennes-sur-Allier,03,province,36,12,776.627,765.866,0.0566599,0.0505537,10.9258,8.82284,13.53,commune,2.66038,0.0630853,0,538,0.143992,0.183642,0.081287,3.39934,46.3137,-0.0473266,0.0140331,0.0495207,0.083204,0.130543,0.0464799,0.173,0.428,2195.65,-13900,72.9798,6697.14,28735.2,0.145642,0.0633623,0.0503018,reel,99.95,204,353.1,0.00333511,188
93074,Vaujours,93,petite_couronne,134,44.6667,3275.44,3274.74,0.0221991,0.0077753,20.9343,17.8757,24.5163,commune,1.53016,0.020854,0,1251,0.0679165,0.0331376,0.0193312,2.56873,48.935,-0.0338477,0.0223242,0.0495202,0.0766021,0.11438,0.0453758,0.1215,0.399,10477.8,-40038.1,216.38,28185.1,121191,0.0712002,0.0405555,0.0481263,lmnp,141,189,257.15,0.00166925,189
62510,Liévin,62,province,64,21.3333,1546.62,1537.14,0.0342329,0.0184901,13.7977,11.2416,16.9351,commune,1.89066,0.0291183,0.203125,3334,0.123404,0.0409242,0.0126692,2.77593,50.4196,-0.051617,0.0145444,0.049512,0.0804799,0.114906,0.0424935,0.1905,0.4245,4370.89,-19820.7,112.968,11060.1,57225,0.095416,0.0496243,0.0499289,reel,119.85,195,300.05,0.0022972,190
54300,Laneuveville-devant-Nancy,54,province,51,17,1554.28,1547.79,0.0385209,0.0234128,13.7037,11.1307,16.8716,commune,1.88022,0.0288703,0,823,0.0605499,0.0179866,0.00525904,6.22558,48.6561,-0.0492096,0.0126678,0.0494379,0.0782092,0.114911,0.0414765,0.188,0.429,4097.12,-19724.8,115.107,10919.6,57508.3,0.0942206,0.0488676,0.0501226,reel,112.95,191.5,286.05,0.00267877,191
78481,Le Pecq,78,grande_couronne,403,134.333,4688.05,4687.59,0.0117891,0.00219324,25.2277,20.6455,30.827,commune,1.12674,0.0113599,0,3246,0.231719,0.0505512,0.0225099,2.10366,48.8929,-0.0278406,0.0245273,0.0494084,0.0720773,0.104147,0.045997,0.119,0.397,11899.4,-52899.7,331.161,38113.6,173458,0.0607359,0.0383016,0.0464864,lmnp,165.95,194,224.05,0.000832062,192
60524,Rantigny,60,province,48,16,1895.9,1887.86,0.0373102,0.0219639,15.5372,12.66,19.0682,commune,1.72042,0.025,0,383,0.212783,0.0734563,0.0399904,2.44353,49.3238,-0.0511812,0.0114134,0.0493821,0.0774274,0.11549,0.0415326,0.1885,0.429,4944.53,-24746.5,138.675,14022.2,70148.3,0.0888475,0.0489772,0.048415,reel,136.8,194,294.15,0.00223746,193
77337,Noisiel,77,grande_couronne,171,57,3442.97,3441.73,0.016723,0.00441318,20.8306,17.4997,24.7954,commune,1.02059,0.00726568,0.0292398,3344,0.133493,0.00445998,0.00431723,2.61904,48.8447,-0.0188744,0.0246975,0.0493623,0.0731173,0.105117,0.0470297,0.102,0.3965,9240.96,-36450.9,217.358,29128.5,127390,0.067374,0.0401032,0.0487897,lmnp,162.95,197,250,0.00119659,194
78442,Neauphle-le-Château,78,grande_couronne,84,28,3528.19,3524.33,0.025716,0.0104354,21.8045,18.2062,26.1139,commune,1.26146,0.0148883,0,381,0.216816,0.0671675,0.0310037,1.90255,48.815,-0.0175406,0.0252533,0.0492796,0.07357,0.104411,0.0476845,0.1,0.385,9771.13,-37315,235.791,30190.2,130543,0.0690591,0.0409633,0.0486892,lmnp,138.85,197,279.15,0.00195552,195
90033,Delle,90,province,93,31,1356.3,1351.6,0.0349541,0.0192707,12.8369,10.2142,16.1331,commune,2.42256,0.0486173,0,1559,0.12655,0.0262111,0.00798116,6.99932,47.5068,-0.0573512,0.0120163,0.049214,0.0766484,0.114878,0.04093,0.193,0.4305,3388.11,-18505.8,101.387,9600.71,50183.2,0.100304,0.0490319,0.0481412,reel,117.95,194,273.15,0.00222162,196
59650,Wattrelos,59,province,151,50.3333,2005.18,2001.5,0.0228033,0.00820554,15.9037,13.1305,19.2626,commune,1.27726,0.0152629,0.00662252,5498,0.161472,0.0492643,0.0100569,3.21225,50.7046,-0.049745,0.0167544,0.0491966,0.07838,0.115894,0.0429916,0.174,0.4245,5933.7,-24911.6,140.802,14203.3,74191.7,0.0861986,0.0488508,0.0503226,reel,150,199,254.05,0.00145529,197
62587,Montigny-en-Gohelle,62,province,47,15.6667,1459.75,1448.45,0.0398154,0.0250107,13.0893,10.6649,16.065,commune,1.82657,0.0274194,0.170213,957,0.104488,0.0280336,0.0107592,2.93727,50.4252,-0.0578733,0.011197,0.0491946,0.0791141,0.114316,0.039995,0.187,0.432,3685.29,-19984.8,109.229,10421.4,54010.7,0.0952713,0.048422,0.0484521,reel,113.95,197.5,313.3,0.00276507,198
18033,Bourges,18,province,1386,462,1626.01,1625.84,0.00852063,0.00114562,14.4073,11.7889,17.6071,commune,2.44925,0.0498611,0.0656566,18163,0.159226,0.0384896,0.0132775,2.39627,47.0827,-0.0565448,0.0122073,0.0491361,0.0784472,0.117702,0.0409675,0.184,0.4265,4425.85,-21591.3,122.016,11557.7,60162.3,0.095256,0.049252,0.048676,reel,181,198.5,219,0.000533172,199
77305,Montereau-Fault-Yonne,77,grande_couronne,247,82.3333,2083.5,2082.07,0.0139238,0.00305944,16.495,13.6658,19.9098,commune,2.42111,0.0485704,0.0161943,4981,0.130394,0.0383253,0.027852,2.95356,48.3857,-0.0377809,0.0180481,0.0490884,0.0729129,0.104028,0.043076,0.1545,0.4165,4653.98,-24266.4,157.667,15078.5,77089.5,0.0863641,0.0472174,0.0486678,reel,170.95,202,240.05,0.000904734,200
45004,Amilly,45,province,40,13.3333,1593.52,1587.4,0.0404713,0.0258375,13.7509,11.0596,17.097,commune,1.65284,0.0235209,0,688,0.11076,0.0145776,0.0092475,2.7487,47.98,-0.051035,0.0116456,0.0490863,0.0786749,0.115597,0.0416155,0.191,0.4195,4130.57,-20764.4,114.397,11356.9,58960.4,0.0922549,0.048428,0.0492255,reel,123.85,204.5,304.05,0.00238711,201
73057,Brides-les-Bains,73,province,117,39,4293.59,4268.56,0.0268716,0.0113944,25.9914,14.597,46.2802,commune,2.15429,0.0373514,0,469,0.23409,0.0841139,0.0906994,6.56209,45.4535,-0.0601951,0.0144064,0.0489069,0.0857549,0.135681,0.0460167,0.181,0.435,11865.4,-76683.2,331.335,36536.4,158863,0.06845,0.0398494,0.0452036,lmnp,135.95,200,278.05,0.0020013,202
25580,Valentigney,25,province,126,42,1151.42,1147.4,0.026978,0.0114849,11.6391,9.16497,14.7811,commune,2.13486,0.0367043,0.150794,1417,0.11024,0.0222771,0.00655955,6.83311,47.4626,-0.0576023,0.0107377,0.0488498,0.0789696,0.119218,0.0406454,0.194,0.432,2947.91,-16495.8,86.7202,8221.38,42602.6,0.105669,0.0494206,0.0485067,reel,148.95,209,280.15,0.0018136,203
38317,Le Pont-de-Claix,38,province,334,111.333,1989.01,1986.09,0.0157466,0.00391292,15.4644,12.9595,18.4535,commune,1.42314,0.0181909,0.0808383,2206,0.133575,0.0328308,0.0128131,5.69943,45.1333,-0.0572566,0.00991643,0.0488453,0.0752259,0.111919,0.0389226,0.201,0.439,4683.5,-25600.5,148.728,14096.7,73593.2,0.0842498,0.0469577,0.0476728,reel,169.95,207,243.1,0.000998616,204
74008,Ambilly,74,province,297,99,4031.66,4025.62,0.0152958,0.00369208,24.5158,19.0089,31.6179,commune,1.7906,0.0266876,0,1789,0.159421,0.0852091,0.0660466,6.2245,46.1943,-0.0350284,0.0189798,0.0488163,0.0763126,0.114453,0.0446776,0.147,0.4145,11342.4,-51801.2,286.093,34318.8,149172,0.068505,0.040426,0.0469172,lmnp,168.95,207,254.1,0.00113796,205
91027,Athis-Mons,91,grande_couronne,512,170.667,3371.25,3370.86,0.00994505,0.00156078,21.1219,17.7589,25.1218,commune,1.47158,0.0194157,0.00585938,8409,0.0844514,0.0394682,0.0145133,2.38555,48.7054,-0.0187224,0.0243817,0.0486979,0.0723458,0.102155,0.0465394,0.101,0.3965,8748.75,-35788.4,231.626,28834.1,124736,0.0698444,0.0401454,0.0478717,lmnp,182.95,208,239,0.000745561,206
78642,Verneuil-sur-Seine,78,grande_couronne,296,98.6667,3290.22,3289.52,0.0137504,0.00298371,20.3917,18.0741,23.0065,commune,1.04466,0.00861585,0,3294,0.257254,0.0423002,0.0101512,1.96637,48.9819,-0.0144868,0.0250551,0.0486566,0.0711747,0.100914,0.0461938,0.0975,0.413,8447.81,-33501.1,214.318,28177.4,121738,0.0689013,0.040571,0.0475103,lmnp,171,209,259.05,0.00111664,207
78267,Gargenville,78,grande_couronne,34,11.3333,3038.67,3031.31,0.0401161,0.025392,19.6545,17.0949,22.5973,commune,1.16415,0.012474,0,874,0.237955,0.0360684,0.0306886,1.81195,48.9893,-0.0190355,0.0237494,0.0485312,0.0699566,0.101993,0.0461545,0.103,0.393,7626.62,-31377.9,197.973,26725.1,112431,0.0716938,0.0411059,0.0472321,lmnp,126.8,210.5,343.2,0.00277553,208
89346,Saint-Georges-sur-Baulche,89,province,30,10,1579.09,1577.88,0.0493156,0.038344,13.9059,11.3186,17.0846,commune,1.61804,0.0227937,0,154,0.178852,0.0947276,0.0204061,3.53265,47.802,-0.0501689,0.0128835,0.0484934,0.0779971,0.11624,0.0412103,0.177,0.4345,4189.55,-21069.3,120.65,11291.6,58426.3,0.0942762,0.049826,0.0490397,reel,109.95,213,364.35,0.00313902,209
10343,Saint-Julien-les-Villas,10,province,83,27.6667,1579.24,1574.18,0.0342311,0.0184803,13.5663,10.8881,16.9031,commune,1.55003,0.0212164,0,639,0.163175,0.0436456,0.00831217,4.09263,48.2697,-0.054742,0.0132806,0.0484822,0.0777726,0.113221,0.0409691,0.188,0.431,3981.42,-21007.3,118.412,11139.2,58431.9,0.0916867,0.0480473,0.0478194,reel,130.85,208,306,0.00228832,210
93077,Villemomble,93,petite_couronne,488,162.667,3686.21,3685.96,0.0116647,0.00214713,22.6661,18.5739,27.6597,commune,1.71549,0.0248792,0,7026,0.189201,0.0829718,0.0491444,2.50953,48.8862,-0.0385423,0.0197075,0.0484426,0.0757685,0.109172,0.0431584,0.147,0.4205,10313.6,-46514.7,263.949,31633.5,136390,0.0689034,0.0398151,0.0456086,lmnp,187.95,211.5,248.1,0.000792484,211
02691,Saint-Quentin,02,province,382,127.333,1216.4,1216.12,0.015203,0.00364717,12.4686,10.0062,15.5371,commune,2.48956,0.0519188,0.0052356,11571,0.269674,0.0534431,0.0203202,3.2898,49.8458,-0.0538674,0.0126138,0.0484343,0.0779539,0.117428,0.040706,0.1835,0.425,3068.14,-17593.5,91.141,8821.02,45006.8,0.108208,0.0518602,0.0477621,reel,179.9,214.5,256.05,0.00102173,212
59410,Mons-en-Barul,59,province,309,103,2215.27,2213.61,0.015974,0.00402672,16.5652,13.7575,19.9459,commune,1.43939,0.0186382,0.404531,4750,0.108916,0.020781,0.00598207,3.10877,50.6419,-0.0598983,0.0131366,0.0484032,0.0770757,0.111448,0.0401349,0.187,0.422,5580.11,-28707.8,162.817,15585.6,81965.1,0.0816071,0.0466012,0.0479016,reel,178.9,217.5,261.25,0.00108848,213
91326,Juvisy-sur-Orge,91,grande_couronne,477,159,3550.57,3550.11,0.0103029,0.00167511,21.8855,18.5507,25.8197,commune,1.52784,0.0207829,0,5069,0.156636,0.0557114,0.0300997,2.38148,48.6881,-0.0167806,0.0260096,0.0483047,0.0710131,0.102764,0.0467564,0.088,0.4115,9162.81,-35848.6,246.343,30293.7,131371,0.0688975,0.0399593,0.0469175,lmnp,188.95,214,251.05,0.000772038,214
77083,Champs-sur-Marne,77,grande_couronne,332,110.667,3648.23,3647.68,0.0120145,0.00227793,21.4194,18.3328,25.0255,commune,1.14037,0.0117402,0,6598,0.0652391,0.0258069,0.00476257,2.58529,48.847,-0.0234261,0.0237334,0.0483028,0.0718353,0.101497,0.045889,0.109,0.4025,9141.62,-38730.8,249.474,30662.1,134985,0.06552,0.0390149,0.0471595,lmnp,180,215,252.2,0.000940458,215
91174,Corbeil-Essonnes,91,grande_couronne,1287,429,2679.41,2679.17,0.0062756,0.000621502,19.0148,15.843,22.8216,commune,1.69142,0.0243863,0.197358,13347,0.128481,0.0563708,0.025901,2.47641,48.6053,-0.03603,0.0201023,0.0482939,0.0723657,0.103735,0.043159,0.1535,0.411,6135.74,-29796.1,202.555,19127.2,99138.2,0.0784418,0.0462788,0.0489485,reel,200,217,233,0.000384798,216
38151,Échirolles,38,province,796,265.333,2072.54,2071.3,0.0102116,0.00164559,15.7819,12.7572,19.5238,commune,1.49391,0.0199381,0.089196,7233,0.0470431,0.0129987,0.00380698,5.71683,45.147,-0.0577955,0.013079,0.0482591,0.0764531,0.114758,0.0395289,0.1905,0.4375,5296.07,-26562.8,153.774,14532.7,76684.1,0.0826921,0.0463035,0.0477636,reel,192,218.5,250.05,0.000698665,217
95288,Groslay,95,grande_couronne,98,32.6667,3301.63,3300.05,0.0220034,0.00763984,21.2477,17.969,25.1246,commune,1.69925,0.0245549,0,927,0.194718,0.0503353,0.0424648,2.3499,48.9856,-0.0253847,0.0240632,0.0482542,0.0721877,0.103987,0.045961,0.103,0.41,8109.2,-38907.5,227.53,28748.7,122160,0.0717742,0.0404943,0.0464062,lmnp,174,219.5,290.15,0.00144538,218
54451,Réhon,54,province,49,16.3333,1901.65,1892.56,0.0392806,0.0243452,15.7946,12.3279,20.2361,commune,2.42227,0.0486147,0,299,0.150909,0.083108,0.0136351,5.76041,49.4975,-0.0568706,0.0140964,0.048252,0.0773357,0.117213,0.0407364,0.1885,0.434,4809.6,-26123.7,147.299,13580.2,70361,0.0902034,0.0485214,0.0480462,reel,138.9,215,331.05,0.00246538,219
91661,Villebon-sur-Yvette,91,grande_couronne,155,51.6667,3534.83,3534.08,0.0180427,0.00513715,21.3187,18.5725,24.471,commune,1.20041,0.0134696,0,1637,0.151581,0.046834,0.0128843,2.23485,48.7,-0.0193681,0.0248493,0.0481942,0.0701708,0.102311,0.0457156,0.106,0.3975,8767.43,-36691.6,242.197,29918.6,130789,0.0672803,0.0397773,0.0473183,lmnp,170.9,220,283.1,0.00146229,220
78043,Bailly,78,grande_couronne,76,25.3333,4185.24,4183.22,0.0270209,0.0115212,23.389,18.8941,28.9532,commune,1.29466,0.0156544,0,463,0.154384,0.0417968,0.0136765,2.07967,48.8385,-0.0243867,0.0212231,0.0481714,0.0702491,0.102316,0.0439813,0.1245,0.4205,8860.84,-48203.8,307.626,34507.7,154854,0.0627605,0.038074,0.0453366,lmnp,150.95,216,309.2,0.00208221,221
93029,Drancy,93,petite_couronne,729,243,3482.37,3482.16,0.00954709,0.00143833,21.9806,17.9091,26.9778,commune,1.87036,0.0286114,0.137174,6875,0.200579,0.0756625,0.0578947,2.44969,48.9214,-0.0411423,0.018556,0.0481639,0.0742217,0.112665,0.0416728,0.1545,0.4235,8902.7,-47005.1,253.872,30183.7,128848,0.0705748,0.0397288,0.0443154,lmnp,198,223,253.1,0.000674659,222
90009,Beaucourt,90,province,50,16.6667,1097.13,1085.55,0.0472913,0.0352591,12.0441,9.60588,15.1011,commune,2.64675,0.0620884,0,1147,0.175945,0.0294388,0.0872405,6.92429,47.4852,-0.0493757,0.0111841,0.0481232,0.0792446,0.121214,0.0422231,0.194,0.437,2686.9,-16972.1,76.5228,9263.03,40593.9,0.115327,0.0537002,0.0482323,reel,114.95,214,359.05,0.00287427,223
78638,Vaux-sur-Seine,78,grande_couronne,33,11,2935.68,2926.56,0.0407038,0.0261413,19.5072,16.6034,22.9189,commune,1.52233,0.0206591,0,528,0.098766,0.036928,0.0479257,1.9622,49.0066,-0.0213441,0.0230783,0.0480224,0.0724044,0.103154,0.0456981,0.1075,0.4105,7084.04,-33827.6,196.855,26379.8,108620,0.0736068,0.0406736,0.0463757,lmnp,123.95,236,349.05,0.00281688,224
78350,Louveciennes,78,grande_couronne,150,50,4291.88,4290.44,0.0192881,0.0058708,24.0133,20.7264,27.8214,commune,1.18997,0.01311,0,1277,0.217377,0.0746793,0.0334679,2.12231,48.8622,-0.0225764,0.0240576,0.0480085,0.0704891,0.101538,0.0455484,0.0975,0.4115,10617.8,-46070.1,305.726,35559.1,158800,0.0629466,0.0388745,0.0465151,lmnp,176,221.5,277.05,0.00129492,225
91432,Morangis,91,grande_couronne,151,50.3333,3460.4,3459.88,0.0182789,0.00527252,20.8494,18.0218,24.1208,commune,1.20244,0.0135237,0,1528,0.098001,0.0436921,0.0131439,2.33357,48.7065,-0.0217127,0.02374,0.0479457,0.0703417,0.102489,0.0451792,0.109,0.4055,8171.23,-37867.7,241.783,29420.1,128035,0.0671001,0.0393125,0.0465469,lmnp,179,226,281.05,0.00127831,226
13117,Vitrolles,13,province,603,201,3255.78,3253.74,0.0127207,0.00255355,19.9493,16.7852,23.7098,commune,1.05887,0.00909793,0.0165837,6374,0.0447358,0.0224339,0.00174696,5.25089,43.4484,-0.0333307,0.0205301,0.0477868,0.0736805,0.109842,0.0441064,0.142,0.4245,8627.06,-38307.2,218.284,27796.9,120464,0.0679994,0.0396202,0.0463484,lmnp,191,228,270.05,0.000948409,227
70550,Vesoul,70,province,483,161,1272.47,1272.21,0.013386,0.00282754,12.2817,9.81875,15.3626,commune,2.32338,0.0438247,0.0289855,4809,0.151512,0.0341575,0.00961171,6.15713,47.6198,-0.0546941,0.0135724,0.0477755,0.0764037,0.114032,0.0395532,0.195,0.43,2839.34,-18279.5,99.3491,9077.04,47081.5,0.101677,0.0487023,0.046878,reel,199,227.5,265.05,0.000779159,228
94017,Champigny-sur-Marne,94,petite_couronne,939,313,3897.52,3897.27,0.00738992,0.000861798,23.0643,18.9297,28.102,commune,1.5551,0.0213198,0.0607029,20415,0.179504,0.0931225,0.0196583,2.50305,48.8161,-0.0371138,0.0199186,0.047775,0.0758445,0.110018,0.0432901,0.146,0.4205,10968.3,-48098.8,286.475,32579.6,144208,0.0663939,0.039173,0.0455402,lmnp,211,231,258,0.000530405,229
91235,Fleury-Mérogis,91,grande_couronne,105,35,3191.42,3190.21,0.0218951,0.00756491,20.0626,17.4916,23.0115,commune,1.33454,,0.0571429,2089,0.244778,0.00333756,0.00022564,2.35724,48.6411,-0.0235997,0.0231041,0.0477541,0.0700991,0.102111,0.045053,0.113,0.413,7495.85,-34434.6,210.484,27308,118082,0.0697969,0.0397537,0.0458132,lmnp,181.95,232,309.05,0.00159743,230
21515,Quetigny,21,province,143,47.6667,2292.96,2289.17,0.024002,0.00909022,16.4049,13.3381,20.1768,commune,1.029,0.00788146,0.13986,2066,0.0418841,0.00873137,0.00366781,5.11103,47.3127,-0.0527473,0.011436,0.0475061,0.0757574,0.112994,0.0395864,0.1975,0.441,5320.87,-28544.4,169.236,16132,84839.6,0.0780032,0.0451591,0.0467732,reel,179.95,236,312.05,0.00157612,231
91377,Massy,91,grande_couronne,1323,441,4114.91,4114.91,0.00618968,0.0006046,22.9189,18.9911,27.659,commune,1.07657,0.00982659,0.0136054,16227,0.135061,0.0274388,0.0103019,2.26489,48.7295,-0.0253971,0.0235905,0.0474704,0.0701059,0.103918,0.0447925,0.1115,0.413,9382.38,-46695.4,291.275,33933.6,152252,0.0624622,0.0383422,0.0463047,lmnp,217.9,237,259.05,0.000445946,232
77514,Villeparisis,77,grande_couronne,389,129.667,3272.76,3272.03,0.0111013,0.0019448,20.5904,17.4796,24.2549,commune,1.41879,0.018124,0.0359897,3794,0.114907,0.0583284,0.0168845,2.61191,48.9492,-0.0228367,0.0236471,0.0474522,0.0698607,0.102854,0.045549,0.105,0.414,7925.78,-35052.5,225.821,28210.3,121092,0.0699976,0.0400034,0.0467084,lmnp,204.95,238,279.05,0.000819757,233
94081,Vitry-sur-Seine,94,petite_couronne,1136,378.667,4217.11,4216.96,0.00671917,0.000712455,23.9013,19.4859,29.3172,commune,1.69055,0.0243706,0.0721831,24492,0.136488,0.0443638,0.0249536,2.39424,48.7939,-0.0444324,0.0185297,0.0474375,0.0726067,0.109031,0.04134,0.16,0.427,9908.97,-55680.6,319.117,34934.2,156033,0.0637439,0.0376273,0.0435787,lmnp,217.95,241,262,0.000474358,234
95428,Montmorency,95,grande_couronne,499,166.333,3890.04,3889.73,0.00978089,0.00150968,23.4811,19.4999,28.275,commune,1.68068,0.0241253,0,3960,0.287054,0.0789902,0.0442704,2.31853,48.9879,-0.0217458,0.0238045,0.0473269,0.0709618,0.102582,0.0447562,0.1125,0.4165,8740.4,-45018,276.007,32997.3,143932,0.0678072,0.0398137,0.0461129,lmnp,208.95,243,277.05,0.000706815,235
77326,Nandy,77,grande_couronne,57,19,3265.9,3263.7,0.0288386,0.0131237,19.7328,17.4182,22.3551,maille,1.02668,0.00770077,0,826,0.0635572,0.0210841,0.00533449,2.55991,48.5795,-0.0179216,0.0232442,0.0472362,0.0699558,0.0993853,0.0448102,0.1045,0.431,7444.46,-33730.4,225.832,27955.9,120838,0.0669935,0.0389634,0.0461006,lmnp,172.85,236.5,342.35,0.00205232,236
25031,Audincourt,25,province,190,63.3333,1193.23,1190.45,0.0220118,0.00764586,11.9201,9.3918,15.1289,commune,2.54263,0.0546791,0.189474,3285,0.120217,0.0232986,0.00557818,6.83902,47.4848,-0.0636027,0.0138644,0.047091,0.0763007,0.119002,0.0398623,0.1865,0.4465,2758.4,-17675.6,94.1704,8463.31,44149.3,0.104792,0.0487378,0.0471011,reel,190,244,315.15,0.00137095,237
02810,Villers-Cotterêts,02,province,91,30.3333,1830.22,1830.52,0.0309728,0.0151336,15.4872,12.7105,18.8703,commune,2.44432,0.0496804,0.0659341,2490,0.176779,0.0694417,0.0280691,3.09161,49.2529,-0.0502474,0.0109616,0.0470852,0.0767112,0.113409,0.0397982,0.2005,0.441,4319.14,-24093.9,140.465,13321.9,67718,0.0917082,0.0489034,0.0479331,reel,174.9,247,347.15,0.00202817,238
04049,Château-Arnoux-Saint-Auban,04,province,120,40,1949.8,1945.43,0.0284863,0.0128037,15.9282,11.8258,21.4537,commune,2.45824,0.0503652,0,723,0.247823,0.0734512,0.0578775,5.9954,44.074,-0.0601282,0.0118443,0.0470786,0.076041,0.116197,0.0389825,0.1955,0.451,4230.38,-28710.5,148.152,14715.8,72142.8,0.0887976,0.0478435,0.0456013,reel,188.95,251,334,0.00160023,239
95306,Herblay-sur-Seine,95,grande_couronne,383,127.667,3799.93,3800.23,0.0111617,0.00196602,21.7872,18.7982,25.2515,commune,1.183,0.0129986,0,4278,0.153516,0.0248772,0.0110582,2.16044,48.9928,-0.0216947,0.0226265,0.0470749,0.0693656,0.0995521,0.044274,0.1135,0.4175,8303.35,-39461.1,269.093,31789.8,140598,0.0640659,0.0382546,0.0450838,lmnp,217.95,249,288,0.000793233,240
95183,Courdimanche,95,grande_couronne,95,31.6667,3583.61,3584.71,0.0223454,0.0078792,20.9907,18.2121,24.1931,commune,1.06613,0.00937919,0,665,0.0911436,0.00887899,0.00667452,2.00187,49.0466,-0.0217276,0.0236327,0.0470717,0.0713216,0.101267,0.0451462,0.1115,0.4255,8507.97,-38265.6,245.235,30181.3,132594,0.065266,0.0388106,0.0465714,lmnp,189.7,251,329.05,0.00156266,241
94065,Rungis,94,petite_couronne,137,45.6667,4290.79,4290.69,0.0192994,0.00587712,23.4526,20.2482,27.164,commune,1.07628,0.00981705,0,1150,0.114371,0.0685496,0.0109434,2.34716,48.7473,-0.040751,0.0209858,0.0470715,0.0728319,0.108815,0.0425811,0.1495,0.43,11533.2,-51645.1,320.117,35191,158759,0.0613944,0.0379855,0.0453147,lmnp,197.85,243,319.2,0.0013471,242
58194,Nevers,58,province,906,302,1112.91,1112.86,0.0103094,0.00167712,11.8781,9.25597,15.2431,commune,2.86978,0.0882965,0.0187638,10573,0.197069,0.0576867,0.0233676,3.15617,46.9924,-0.0556683,0.0084068,0.0470555,0.076652,0.119154,0.0394414,0.201,0.4515,2443.75,-16535.7,89.5582,8084.55,41177.5,0.111903,0.0510527,0.0463866,reel,224.95,250,281.05,0.000606552,243
25304,Hérimoncourt,25,province,41,13.6667,1052.03,1039.14,0.0467436,0.0344741,11.2948,9.11481,13.9962,commune,2.66879,0.0636982,0,512,0.135642,0.0207287,0.00459716,6.88202,47.4404,-0.0582727,0.0115763,0.0470275,0.0783806,0.115798,0.040127,0.1915,0.439,2467.59,-15184,81.1117,7415.9,38925,0.111725,0.049785,0.0474997,reel,146,267,414.2,0.0029759,244
95219,Ermont,95,grande_couronne,479,159.667,3920.86,3921.13,0.00998268,0.00157261,22.1693,19.1791,25.6256,commune,1.04669,0.00867209,0.0125261,6697,0.106488,0.0346619,0.0161497,2.25705,48.988,-0.0210755,0.0237298,0.0469308,0.0706944,0.100242,0.0445862,0.114,0.423,8921.71,-42347.4,276.753,32727.2,145072,0.0632594,0.0384731,0.046203,lmnp,225,256.5,290.15,0.000696815,245
58303,Varennes-Vauzelles,58,province,59,19.6667,1234.42,1237,0.0399425,0.0251482,11.8554,9.91243,14.1791,commune,1.98318,0.0317417,0,1132,0.071018,0.0186334,0.00668359,3.16136,47.0237,-0.0546651,0.0133692,0.046921,0.0773638,0.112478,0.0398616,0.1855,0.4425,2916.6,-16530.9,94.0788,8865.99,45673.6,0.100666,0.0480036,0.0476546,reel,157.95,244,364.1,0.00239526,246
60395,Méru,60,province,96,32,2158.56,2154.64,0.0265271,0.0111039,16.6002,13.9032,19.8204,commune,2.37558,0.0462441,0,1910,0.11334,0.0295554,0.0203691,2.13395,49.2369,-0.0585885,0.0098381,0.0468769,0.0743855,0.111427,0.038227,0.201,0.4455,4543.19,-28536.2,167.463,15470.4,79866.7,0.0839461,0.0460917,0.0458072,reel,184.95,247.5,343.15,0.00173343,247
54549,Varangéville,54,province,38,12.6667,1344.75,1335.21,0.0444498,0.0311728,12.8601,10.3682,15.9509,commune,2.14385,0.0369955,0,458,0.155019,0.0560298,0.0276352,6.31644,48.6349,-0.0500848,0.0122663,0.0468713,0.0769761,0.116458,0.0401966,0.1945,0.448,3233.66,-18690.5,102.747,9829.54,49755.8,0.101373,0.0502792,0.0485359,reel,161.95,263,414.65,0.00294148,248
60509,Pont-Sainte-Maxence,60,province,150,50,2150.06,2148.14,0.0212639,0.007135,16.1595,13.6335,19.1535,commune,2.00725,0.0324626,0,2145,0.102014,0.0176264,0.0135706,2.60404,49.3039,-0.0608516,0.00878038,0.046862,0.0732855,0.108608,0.0360912,0.2125,0.445,4244.93,-28451.2,167.484,15208.5,79552.2,0.0818183,0.0452063,0.0451727,reel,204.95,256,329.6,0.00134602,249
77316,Moret-Loing-et-Orvanne,77,grande_couronne,93,31,2946.68,2942.17,0.0226345,0.00808464,20.1765,16.4394,24.7632,commune,1.9594,0.0311556,0,844,0.23044,0.0790023,0.0544237,2.81194,48.3734,-0.0346698,0.0178188,0.046793,0.0709463,0.102834,0.0415009,0.1665,0.4305,5922.04,-34751.2,226.794,21643.1,109027,0.0760581,0.0451112,0.0466546,reel,209,259.5,319.15,0.00119997,250
62065,Avion,62,province,118,39.3333,1526.86,1522.34,0.0253174,0.0101141,13.3693,11.5227,15.5119,commune,1.50609,0.0202905,0,1920,0.194425,0.0782919,0.0244202,2.82798,50.4145,-0.0544899,0.0110616,0.0467928,0.0744692,0.111298,0.0389801,0.192,0.4435,3398.9,-19623.2,117.685,11082.8,56493.9,0.093284,0.0486375,0.0471703,reel,186.95,258,341.1,0.00170914,251
13106,Septèmes-les-Vallons,13,province,164,54.6667,3250.41,3243.1,0.0243097,0.00932524,19.8579,15.8945,24.8096,commune,1.25957,0.0148526,0,1379,0.0628021,0.0167968,0.0065206,5.36839,43.4042,-0.0455312,0.0183154,0.0467004,0.0734649,0.109097,0.0423103,0.153,0.43,7526.79,-44157,226.709,27835.2,120265,0.0677744,0.0386952,0.0438793,lmnp,193,267.5,364.1,0.00185906,252
78531,Rosny-sur-Seine,78,grande_couronne,30,10,2411.82,2403.26,0.0426352,0.0286805,17.2253,15.0509,19.7137,commune,2.01392,0.032677,0,797,0.046084,0.0188704,0.00573461,1.62995,49.0011,-0.0384498,0.0156903,0.0466733,0.0696375,0.101928,0.0398014,0.165,0.4305,4252.29,-28525.4,191.115,16962.1,89237.4,0.0782409,0.0441898,0.0462498,reel,159.9,251.5,386.6,0.00263016,253
10333,Saint-André-les-Vergers,10,province,313,104.333,1560.8,1559.5,0.0177443,0.004968,13.4281,11.0247,16.3554,commune,1.90052,0.0295585,0.00319489,1807,0.166121,0.0354921,0.0150032,4.06635,48.2833,-0.0540788,0.010214,0.0466557,0.0749325,0.112067,0.0389812,0.197,0.4435,3426.53,-20575.1,119.192,11170.2,57749.6,0.0917073,0.0470525,0.0458302,reel,210.95,259,315,0.00104285,254
88087,Chantraine,88,province,68,22.6667,1446.27,1442.04,0.0404953,0.0258714,12.7883,10.123,16.1554,commune,1.64385,0.0233129,0,461,0.144957,0.0575717,0.0134485,6.43752,48.1698,-0.0601014,0.00941531,0.0466384,0.0744469,0.115096,0.0382743,0.2095,0.444,2966.98,-20472.5,114.04,10358.9,53512,0.0936615,0.0474337,0.0461534,reel,166.95,254.5,377.2,0.00227924,255
87114,Panazol,87,province,59,19.6667,1654.67,1656.01,0.0361279,0.0205737,13.4452,10.6006,17.0531,commune,1.51914,0.0205644,0,750,0.063568,0.0192124,0.0017736,1.30769,45.8343,-0.0559284,0.00774985,0.046608,0.0750249,0.113345,0.0381018,0.206,0.45,3537.33,-22499.7,127.477,11617.1,61222.9,0.0866287,0.0452651,0.0455066,reel,187.45,266,370.5,0.00210251,256
76322,Le Grand-Quevilly,76,province,197,65.6667,2239.34,2235.51,0.0226808,0.00811736,16.1317,13.6974,18.9987,commune,1.12007,0.011149,0,11525,0.0682431,0.00192482,0.00135545,1.05104,49.4072,-0.0581665,0.00982702,0.0465666,0.0744089,0.110553,0.0376783,0.195,0.4495,4876.76,-28951.5,168.057,15698.1,82855.5,0.0784074,0.0449583,0.0462853,reel,202.9,261.5,341.45,0.00141579,257
95039,Auvers-sur-Oise,95,grande_couronne,52,17.3333,3247.65,3246.68,0.0301058,0.0143015,20.4655,17.3831,24.0944,commune,1.38428,0.0174814,0,492,0.186484,0.0692929,0.0567793,2.16187,49.0707,-0.0227895,0.0220545,0.0465544,0.068561,0.100065,0.043917,0.1155,0.426,6857.03,-36776.6,229.44,28631,120163,0.070077,0.0400726,0.0452406,lmnp,183.95,253.5,382.3,0.00208955,258
60382,Margny-lès-Compiègne,60,province,194,64.6667,2328.39,2327.04,0.0187127,0.0055257,16.7987,14.206,19.8645,commune,1.59745,0.0222476,0,1698,0.101782,0.0482277,0.00955789,2.82001,49.4245,-0.0622236,0.00751796,0.0465189,0.0717793,0.109602,0.0362102,0.2125,0.4455,4443.54,-30968.9,183.465,16470.2,86150.6,0.0788457,0.0449409,0.0452666,reel,216.95,264,327.05,0.00113037,259
77495,Vert-Saint-Denis,77,grande_couronne,38,12.6667,3390.32,3387.25,0.0352052,0.0195572,20.1468,17.7827,22.8253,commune,1.01537,0.00688231,0,468,0.0449899,0.0121445,0.0111773,2.61261,48.5723,-0.0191047,0.0239941,0.0464697,0.0699982,0.0990919,0.0447626,0.105,0.4155,7646.84,-34803.8,234.661,28920.6,125442,0.0660003,0.0387685,0.0462529,lmnp,160.95,273,393.1,0.00262114,260
78297,Guyancourt,78,grande_couronne,392,130.667,4067.29,4067.17,0.011953,0.00225465,22.5445,19.2168,26.4485,commune,1.0029,0.00480192,0.0561224,7885,0.158826,0.00892051,0.00641093,2.06894,48.7756,-0.0224254,0.0237198,0.0464319,0.0700238,0.0994209,0.0438838,0.117,0.4205,8605,-45221,283.893,33553,150490,0.0620892,0.0381335,0.0458798,lmnp,223.95,267,310,0.000808871,261
54274,Jarville-la-Malgrange,54,province,179,59.6667,1728.69,1727.44,0.0207346,0.00678427,14.0462,11.4155,17.2832,commune,1.82396,0.0273667,0.0223464,2552,0.133094,0.038475,0.0102579,6.2017,48.6702,-0.0688557,0.00926981,0.0464159,0.0746605,0.107746,0.037061,0.202,0.446,3376.2,-24186.3,136.355,12245.8,63961.7,0.0870915,0.0458111,0.0450468,reel,210,265,329,0.00117361,262
89206,Joigny,89,province,70,23.3333,1033.6,1030.65,0.0326357,0.0168013,11.6282,9.26749,14.5903,commune,2.86833,0.0881244,0.0857143,1850,0.173888,0.0518244,0.0355078,3.39558,47.9794,-0.0550023,0.0118591,0.0464101,0.0793261,0.119262,0.0412812,0.1885,0.444,2482.96,-15604.1,80.525,7887.04,38243,0.117588,0.0528988,0.0481912,reel,186.95,262.5,371.1,0.00190692,263
91223,Étampes,91,grande_couronne,585,195,2381.04,2380.62,0.00930478,0.00136628,17.4809,14.6132,20.9114,commune,2.2123,0.0395819,0.0410256,5992,0.17846,0.0578001,0.0346194,2.15971,48.4327,-0.0406843,0.0164144,0.0463106,0.0702163,0.101512,0.0405551,0.1645,0.434,4321,-28130,188.495,17214.8,88098.6,0.0805408,0.0453269,0.0462775,reel,247.95,272,302.05,0.000520438,264
91064,Bièvres,91,grande_couronne,78,26,4374.75,4374.08,0.0253706,0.0101569,24.0605,20.4674,28.2844,commune,1.30017,0.0158144,0,628,0.175814,0.0624199,0.0250428,2.21776,48.7524,-0.0232972,0.0224635,0.0462929,0.0683447,0.10195,0.0436661,0.119,0.4245,9016.45,-48400.7,323.612,36023,161866,0.0618837,0.0378838,0.0449097,lmnp,197.85,266,383.3,0.00178551,265
13014,Berre-l'Étang,13,province,95,31.6667,2711.92,2698.56,0.0318337,0.01599,18.4152,14.8819,22.7875,commune,1.53335,0.0209075,0.168421,1856,0.079262,0.0316367,0.00752255,5.16929,43.4857,-0.0576016,0.00789009,0.0462705,0.0736852,0.110642,0.0375055,0.205,0.4535,5504.63,-35713.5,210.239,19130.6,100341,0.0748485,0.0440346,0.0446378,reel,196.55,268.5,385.05,0.00199648,266
95392,Mériel,95,grande_couronne,44,14.6667,3485.26,3487.05,0.0326863,0.016858,20.7326,17.844,24.0889,commune,1.08382,0.0100191,0,286,0.134003,0.04168,0.0653126,2.20147,49.0763,-0.0216152,0.0221779,0.0462485,0.0689189,0.0995898,0.0437811,0.109,0.42,7339.99,-38398.4,244.459,30568.5,128955,0.0662193,0.039121,0.0451707,lmnp,173,271.5,426.05,0.0025476,267
94078,Villeneuve-Saint-Georges,94,petite_couronne,292,97.3333,3311.88,3310.36,0.0132396,0.00276605,22.0095,17.9178,27.0355,commune,2.25464,0.0411317,0.65411,9057,0.139205,0.156585,0.0260717,2.44951,48.7348,-0.0600484,0.00905763,0.0461497,0.0741167,0.111858,0.0373688,0.2,0.4405,7358.82,-44519.8,274.931,23622.3,122540,0.0743124,0.0445072,0.0459027,reel,238.9,277.5,315,0.000746506,268
93032,Gagny,93,petite_couronne,481,160.333,3332.48,3332.24,0.0117491,0.00217831,21.2504,17.4905,25.8184,commune,1.86195,0.0284209,0.126819,6440,0.161669,0.0447371,0.0220654,2.53384,48.8839,-0.042688,0.0169419,0.0461159,0.0739589,0.112172,0.0412021,0.1595,0.443,8077.42,-43527.1,243.215,28689.1,123302,0.0711196,0.0395181,0.0446263,lmnp,235.95,280,321.1,0.000819605,269
92025,Colombes,92,petite_couronne,1700,566.667,5139.69,5139.33,0.0056872,0.000510416,27.1443,21.9655,33.5439,commune,1.4478,0.0188205,0.0370588,12203,0.231558,0.126886,0.0931307,2.25326,48.9223,-0.0412513,0.0190956,0.0460968,0.0721912,0.107197,0.0419186,0.1515,0.452,12806.3,-65203.7,402.682,42446.9,190168,0.0598735,0.0375522,0.0439692,lmnp,258.9,278,297.05,0.000379039,270
85182,Pouzauges,85,province,33,11,1447.45,1420.85,0.0470152,0.034859,12.8957,9.85313,16.8778,commune,1.92691,0.0303249,0,246,0.144056,0.04053,0.0166522,-0.826426,46.7713,-0.0600423,0.0103809,0.0460873,0.0758006,0.11768,0.0382296,0.1975,0.443,2996.09,-21319,113.605,10394,53555.5,0.0944756,0.0474183,0.0460027,reel,181.95,276.5,439.15,0.00261944,271
69273,Corbas,69,province,127,42.3333,2849.91,2841.83,0.0225834,0.00804809,18.3017,14.5977,22.9456,commune,1.04408,0.00857366,0,1003,0.0989255,0.0214407,0.00440976,4.89585,45.6653,-0.0365795,0.0194946,0.0460504,0.0748446,0.111109,0.0431825,0.148,0.448,7153.43,-38147.6,191.145,25001.1,105447,0.0707462,0.0396684,0.0443293,lmnp,214.95,284,361,0.0015517,272
47052,Casteljaloux,47,province,42,14,1737.17,1730.42,0.0430346,0.0292038,14.4728,11.4287,18.3278,commune,2.72477,0.0689771,0,518,0.0458629,0.00543993,0.00240765,0.086874,44.3107,-0.058601,0.00983822,0.0460068,0.0763579,0.114245,0.0389659,0.1975,0.457,3879.2,-24093.3,135.655,12243.7,64275.2,0.0896138,0.0458384,0.0455422,reel,167.8,283,450.25,0.00287414,273
74038,Bogève,74,province,35,11.6667,2873.78,2836.02,0.0439564,0.0304873,19.8934,15.3012,25.8637,maille,1.96621,0.0313253,0,118,0.391806,0.0675356,0.027965,6.43046,46.1925,-0.0572226,0.00716287,0.0459881,0.0735874,0.114251,0.0373094,0.208,0.451,5818.22,-39523.6,221.481,20513.7,106330,0.076805,0.0453715,0.0446674,reel,175.95,294.5,419.75,0.00275071,274
78624,Triel-sur-Seine,78,grande_couronne,139,46.3333,3264.39,3262.55,0.0200322,0.00633245,20.5269,17.6112,23.9255,commune,1.50406,0.0202301,0,1289,0.146407,0.0618695,0.0248237,2.00447,48.9786,-0.0215584,0.0215481,0.0459826,0.0692682,0.0992161,0.0434811,0.119,0.4305,6610.47,-36636.3,235.328,28221.1,120782,0.0699437,0.0396065,0.0452362,lmnp,216,280,351.1,0.00132784,275
91363,Marcoussis,91,grande_couronne,58,19.3333,3449.76,3448.23,0.0293704,0.0136117,20.8615,18.042,24.1217,commune,1.42546,0.0182471,0,729,0.145831,0.0580662,0.0678236,2.2288,48.6397,-0.0234085,0.0214147,0.0459271,0.0669249,0.0979896,0.0426975,0.121,0.4275,6516.52,-39138.1,252.104,30226.6,127641,0.0673492,0.0386773,0.0433823,lmnp,205,288.5,401.05,0.00193472,276
76681,Sotteville-lès-Rouen,76,province,330,110,1770.96,1768.7,0.0175525,0.00486172,14.3336,11.5248,17.827,commune,1.59252,0.0221042,0.0151515,5851,0.197849,0.0400002,0.015076,1.09166,49.4174,-0.0612037,0.0100184,0.045883,0.0744865,0.111492,0.0384994,0.2005,0.4495,3756.13,-23811.4,134.164,12616.4,65525.4,0.0869603,0.0466408,0.0458843,reel,230.8,278,332.05,0.00101794,277
74293,Veigy-Foncenex,74,province,141,47,4626.35,4614.75,0.0221544,0.00774529,25.4002,19.287,33.4512,commune,1.62384,0.0229249,0,599,0.0969592,0.0699448,0.0415562,6.25489,46.274,-0.0430448,0.0151509,0.0458783,0.0737436,0.111726,0.0408536,0.162,0.4415,10185.4,-63315.6,351.338,38065.1,171175,0.0619933,0.0375534,0.0432319,lmnp,209,284.5,363.1,0.0015155,278
91657,Vigneux-sur-Seine,91,grande_couronne,335,111.667,3374.9,3374.76,0.0122897,0.00238347,20.3671,17.9279,23.1381,commune,1.35064,0.0168748,0.256716,4139,0.121536,0.0204059,0.0130674,2.42126,48.7029,-0.0224865,0.0224327,0.0458581,0.0677965,0.10042,0.0429527,0.1185,0.4295,6622.08,-37430.3,241.148,28829.2,124871,0.0670849,0.0384015,0.044209,lmnp,242.9,285,338,0.000926186,279
45155,Gien,45,province,106,35.3333,1198.42,1195.91,0.0250606,0.00990942,11.9186,9.61886,14.7683,commune,2.60557,0.0588795,0.0754717,2413,0.10746,0.034575,0.0162258,2.63168,47.687,-0.0562724,0.00996111,0.0458495,0.075527,0.113031,0.0387195,0.1965,0.453,2421.1,-17475.2,97.0508,8606.81,44341.5,0.104324,0.0483593,0.0459862,reel,217.75,283,359.2,0.00150228,280
45068,Châlette-sur-Loing,45,province,41,13.6667,1473.05,1467,0.0399871,0.0252232,13.1847,10.6739,16.2861,commune,2.28393,0.0422054,0.195122,2081,0.159889,0.0224854,0.00930351,2.73046,48.0103,-0.0594405,0.0109372,0.0458406,0.0752262,0.114362,0.0388895,0.2005,0.45,3107.24,-20556.3,113.933,10472.1,54502.7,0.0951883,0.0475187,0.0462075,reel,193.95,277,417.7,0.00245596,281
93047,Montfermeil,93,petite_couronne,131,43.6667,3295.88,3296.92,0.0224499,0.00795195,20.1307,16.4676,24.6086,commune,1.47506,0.0195025,0.183206,2594,0.125763,0.0199883,0.0136293,2.56563,48.9007,-0.0406222,0.0161338,0.0458362,0.0721947,0.109548,0.0408093,0.1625,0.448,7400.31,-42931,238.46,28321.8,121947,0.0678327,0.0381905,0.042931,lmnp,218.9,286,374.05,0.00153468,282
38423,Saint-Martin-le-Vinoux,38,province,130,43.3333,2587.95,2578.44,0.0251632,0.00999185,18.2428,14.9145,22.3137,commune,1.7877,0.0265935,0,1160,0.126617,0.0675712,0.0165127,5.69739,45.2147,-0.0545029,0.0109182,0.0458047,0.0734828,0.111854,0.0366459,0.2,0.4535,5312.78,-34156.9,205.481,18307.6,95754.2,0.077634,0.0450739,0.0452988,reel,227.9,288,376,0.00145727,283
13054,Marignane,13,province,694,231.333,2954.2,2952.56,0.0118594,0.00221946,18.791,15.246,23.1603,commune,1.20215,0.0135199,0.239193,5762,0.0784683,0.0180709,0.0024495,5.21467,43.418,-0.0363721,0.0173224,0.0457789,0.07273,0.110148,0.0419068,0.1515,0.446,6646.7,-38650.7,203.066,25682.8,109305,0.0702361,0.0393038,0.0441034,lmnp,247.9,291,341.1,0.000927595,284
02408,Laon,02,province,294,98,1223.17,1223.03,0.0173203,0.00473367,12.2002,9.78437,15.2126,commune,2.45737,0.0503384,0.14966,5830,0.200765,0.0537531,0.0188966,3.62143,49.565,-0.0561801,0.00911728,0.0457609,0.0764687,0.11325,0.0384659,0.2045,0.4545,2481.09,-17782.4,98.0174,8792.65,45257.2,0.104976,0.0497465,0.0462396,reel,242.85,288,348.1,0.000978215,285
78401,Meulan-en-Yvelines,78,grande_couronne,198,66,2610.04,2608.43,0.0168001,0.00445391,18.3332,15.4742,21.7204,commune,1.96462,0.0313024,0,2514,0.201695,0.061952,0.049034,1.91039,49.0059,-0.0396799,0.0146277,0.0457545,0.0697826,0.100581,0.0392909,0.1675,0.4455,4335.56,-31608.6,207.578,18938.8,96571.4,0.0773927,0.044673,0.0456907,reel,235.95,283.5,339.05,0.0010593,286
92048,Meudon,92,petite_couronne,1134,378,5456.29,5455.84,0.00696246,0.000764979,27.6625,22.6613,33.7673,commune,1.30394,0.0158748,0,12545,0.187249,0.0768346,0.0367609,2.23212,48.8097,-0.0478855,0.0170267,0.0457101,0.0731621,0.108683,0.0400437,0.163,0.44,12794.6,-72145,426.32,43718.3,201883,0.0575391,0.0367136,0.043782,lmnp,263.95,291.5,320.05,0.000476623,287
61001,Alençon,61,province,389,129.667,1199.75,1198.67,0.0165227,0.00430743,12.1016,9.64747,15.1801,commune,2.52088,0.0533915,0.059126,6338,0.209322,0.0889369,0.0183334,0.090825,48.4321,-0.0637682,0.00899006,0.0457029,0.0754904,0.115777,0.0385809,0.2045,0.4565,2337.97,-18248.1,98.9955,8714.15,44390.8,0.106038,0.0498413,0.045192,reel,245.9,292,347,0.000957855,288
77468,Torcy,77,grande_couronne,415,138.333,3650.76,3650.63,0.0107485,0.00182317,20.7792,17.4392,24.7589,commune,1.17865,0.0128782,0.13012,4027,0.0523552,0.0254,0.00704124,2.64964,48.8492,-0.0247345,0.0199529,0.0457024,0.0681258,0.0979296,0.0421906,0.131,0.435,6667.67,-41885.6,272.889,30594.7,135078,0.0633705,0.0371557,0.0431535,lmnp,251.95,292.5,336,0.000790444,289
11069,Carcassonne,11,province,1108,369.333,1499.96,1499.62,0.00884263,0.00123392,13.2054,10.5808,16.4811,commune,2.46288,0.0505641,0.243682,8736,0.0642033,0.0175053,0.00457593,2.35387,43.2155,-0.0619931,0.00823081,0.0456913,0.0757058,0.113068,0.0375281,0.2035,0.454,2928.34,-20386.4,118.464,10595.2,55498.4,0.0936462,0.0463861,0.0457501,reel,265,292,324,0.000516452,290
78498,Poissy,78,grande_couronne,906,302,3913.25,3913.2,0.0078674,0.000976771,21.9887,18.2779,26.4527,commune,1.2442,0.0145124,0.0253863,11522,0.139726,0.0344188,0.0108849,2.04641,48.9291,-0.0258701,0.0203548,0.045666,0.0681603,0.100317,0.0422898,0.1265,0.4355,7141.09,-45265.8,290.94,32571.1,144790,0.0628285,0.0374435,0.0435695,lmnp,267,293,322,0.000495173,291
93039,L'Île-Saint-Denis,93,petite_couronne,112,37.3333,4240.16,4240.01,0.0242636,0.00928841,24.375,19.01,31.2541,commune,2.05974,0.0340587,0.169643,1908,0.120744,0.0234517,0.0138097,2.33737,48.936,-0.0498638,0.0158561,0.0456517,0.073246,0.109368,0.0393193,0.173,0.4415,8675.17,-59900,332.701,34857.5,156886,0.064738,0.0372121,0.0427237,lmnp,203,287,377.2,0.00172688,292
37233,Saint-Pierre-des-Corps,37,province,174,58,1906.97,1903.21,0.0209572,0.00692999,14.6324,11.6761,18.3372,commune,1.73927,0.0253601,0.241379,4437,0.0629296,0.0107411,0.00523972,0.720037,47.3922,-0.0609253,0.00705545,0.0455924,0.0729291,0.110219,0.0363463,0.2075,0.46,3403.45,-25843.2,149.965,13453.9,70557.9,0.0826383,0.0444265,0.0444717,reel,223,294,358.1,0.00137744,293
94016,Cachan,94,petite_couronne,558,186,5038.1,5037.86,0.00958364,0.00144938,26.5122,21.8914,32.1083,commune,1.58469,0.0219633,0,8437,0.111014,0.049355,0.0238471,2.33184,48.7933,-0.0447006,0.0166504,0.0455902,0.0721046,0.108168,0.0401724,0.159,0.443,11437.6,-67530.8,392.138,40750.5,186410,0.0595754,0.0366851,0.0433712,lmnp,257.9,295,331,0.000660727,294
91477,Palaiseau,91,grande_couronne,683,227.667,4062.67,4062.69,0.00861224,0.00117047,22.6435,18.8905,27.1422,commune,1.24246,0.0144664,0,12879,0.0936312,0.0228579,0.0114244,2.24167,48.7155,-0.0295929,0.0206182,0.0455836,0.0695243,0.103215,0.0431806,0.124,0.438,8067.24,-46347.7,297.398,33595.1,150319,0.0624521,0.0376285,0.0447536,lmnp,263.95,299,325.05,0.000582384,295
93033,Gournay-sur-Marne,93,petite_couronne,95,31.6667,4257.36,4261.75,0.026324,0.0109324,22.9509,20.1318,26.1648,commune,1.11441,0.0108932,0,586,0.129872,0.0169632,0.0207195,2.57938,48.8592,-0.0431228,0.0165261,0.0455445,0.0722797,0.106574,0.0388322,0.171,0.443,9138.56,-53905.8,318.764,35084.9,157522,0.0604625,0.0370123,0.0432952,lmnp,199.95,296,407.05,0.00193411,296
78382,Maurecourt,78,grande_couronne,44,14.6667,3483.84,3482.63,0.0353655,0.019735,20.4449,17.5447,23.8244,commune,1.12964,0.0114247,0,449,0.11088,0.0221416,0.0203393,2.0619,48.997,-0.0275029,0.0206132,0.0455381,0.068667,0.0993552,0.04243,0.124,0.4445,6454.61,-41406.9,253.292,29783.1,128902,0.0652552,0.0381738,0.044268,lmnp,199,306.5,460.2,0.00251071,297
21038,Auxonne,21,province,95,31.6667,1328.13,1322.53,0.0293814,0.0136206,12.4952,9.93721,15.7117,commune,2.34049,0.0446371,0,1739,0.108417,0.0374793,0.0173475,5.38789,47.1932,-0.0564233,0.0110587,0.0454721,0.0757166,0.116394,0.0392333,0.197,0.458,2881.44,-18377.6,104.208,9620.07,49140.9,0.0993443,0.0480254,0.0463465,reel,204.9,295.5,398,0.00185219,298
76498,Le Petit-Quevilly,76,province,349,116.333,1843.54,1841.45,0.0170703,0.00459826,14.5604,12.3651,17.1455,commune,1.65603,0.0235773,0.280802,3414,0.086106,0.0212664,0.0118067,1.063,49.4253,-0.0626061,0.0094463,0.0454679,0.0735419,0.111413,0.037408,0.2025,0.459,3710.16,-24273.8,141.624,13105,68210.9,0.0850131,0.0457766,0.0459632,reel,249.95,299.5,355.15,0.00103313,299
76476,Port-Jérôme-sur-Seine,76,province,30,10,1728.92,1707.06,0.056863,0.0509995,13.8911,10.9847,17.5663,maille,1.14559,0.0119217,0,586,0.241151,0.0425995,0.0238022,0.571882,49.4902,-0.0620892,0.00906483,0.0454394,0.0757739,0.112599,0.0378684,0.21,0.456,3421.82,-24195.2,129.863,12483.7,63969.9,0.0860034,0.0464034,0.0450753,reel,159.8,308.5,474.6,0.00329729,300
01143,Divonne-les-Bains,01,province,353,117.667,5756.27,5751.53,0.0137442,0.00298101,30.2681,22.5297,40.6645,commune,1.8895,0.0291014,0,2209,0.133821,0.0568464,0.0293055,6.13955,46.3557,-0.0425383,0.0165128,0.0454218,0.0735144,0.114792,0.0416754,0.162,0.454,12983,-76425.4,440.614,45704.8,212982,0.0599725,0.0373058,0.0442379,lmnp,243.9,300,358.1,0.00107351,301
45298,Saint-Pryvé-Saint-Mesmin,45,province,43,14.3333,2144.76,2142.06,0.0390687,0.0240783,15.6826,12.8211,19.1826,commune,1.4301,0.0184097,0,502,0.106251,0.0384712,0.0124807,1.88578,47.887,-0.0567417,0.0099639,0.0454152,0.0730716,0.111402,0.0372918,0.206,0.462,4144.65,-28495.9,168.393,15181.9,79356,0.079352,0.0444496,0.0444378,reel,194.95,303,422.15,0.0022479,302
13213,Marseille 13e Arrondissement,13,province,1965,655,2842.33,2841.7,0.00705292,0.000784999,18.7236,14.9922,23.3836,commune,1.49304,0.0199259,0.0564885,16990,0.0779958,0.0154328,0.00253746,5.42489,43.331,-0.0410526,0.0161311,0.0453973,0.0723801,0.111511,0.0418217,0.16,0.44,6233.38,-37737.7,197.999,24945.5,105166,0.0727158,0.039508,0.0437586,lmnp,277.95,303,333.1,0.000506015,303
36044,Châteauroux,36,province,599,199.667,1332.4,1331.97,0.0118594,0.00221916,12.3645,9.83335,15.5473,commune,2.23666,0.0405143,0.0233723,12011,0.142893,0.0298013,0.011903,1.69559,46.8102,-0.0592848,0.00867512,0.0453938,0.0739479,0.113283,0.0377772,0.203,0.4555,2563.84,-19111.7,104.404,9601.22,49298.7,0.0978495,0.047258,0.0453113,reel,264,301.5,342.1,0.000723095,304
91645,Verrières-le-Buisson,91,grande_couronne,170,56.6667,4350.53,4350.99,0.0172322,0.004686,23.4035,19.9023,27.5205,commune,1.06148,0.00923709,0,2209,0.146354,0.0902511,0.0323708,2.27141,48.7477,-0.0253817,0.0221328,0.0453812,0.0683463,0.09879,0.0426618,0.118,0.4395,8364.78,-48225.9,332.475,35941.7,160970,0.060416,0.0374008,0.0439423,lmnp,237.95,303,366.05,0.00122221,305
77479,Vaires-sur-Marne,77,grande_couronne,174,58,3708.91,3708.41,0.0165788,0.00433742,21.1594,18.4031,24.3286,commune,1.1076,0.0107058,0,1660,0.172429,0.0402651,0.0240037,2.6378,48.8746,-0.0272442,0.0212841,0.0453485,0.067262,0.097565,0.0417425,0.1205,0.4405,6497.28,-42071.8,273.368,31357.3,137230,0.0636072,0.0378051,0.0434395,lmnp,245.85,306,357,0.00109191,306
85092,Fontenay-le-Comte,85,province,84,28,1483.31,1472.91,0.0297792,0.0139907,12.9541,9.7945,17.1329,commune,2.09571,0.0353292,0.0357143,2331,0.109174,0.0343864,0.0125354,-0.80713,46.467,-0.0605514,0.00612705,0.045215,0.0763908,0.115163,0.0361534,0.2215,0.4595,2850.98,-22014.9,117.776,10664.7,54882.5,0.0926635,0.0462461,0.044899,reel,222.75,310,420.05,0.00187861,307
60471,Noyon,60,province,100,33.3333,1410.03,1406.72,0.0259969,0.0106645,13.0657,10.752,15.8773,commune,2.74884,0.0711101,0.32,2673,0.183455,0.04378,0.0209086,2.99833,49.5794,-0.0575823,0.0104426,0.0451191,0.0736627,0.112154,0.0375607,0.2045,0.46,2631.06,-19921.9,112.58,10221.5,52170.9,0.09843,0.0478094,0.0447964,reel,228.7,312.5,397.05,0.00164397,308
78418,Montesson,78,grande_couronne,231,77,4413.74,4413.65,0.0155587,0.00382007,23.6401,19.9308,28.0397,commune,1.18373,0.0130073,0,2525,0.10885,0.0444641,0.0175118,2.14977,48.9097,-0.0282969,0.0205302,0.0451132,0.0679935,0.0988781,0.0420559,0.124,0.443,7903.51,-51205.2,332.969,36210.6,163308,0.0601942,0.0370019,0.0438457,lmnp,248,310,370,0.00113051,309
89387,Sens,89,province,553,184.333,1691.11,1691.16,0.0116953,0.00215842,14.2322,11.5623,17.5187,commune,2.53654,0.0543856,0.0723327,7548,0.224717,0.0348944,0.0128998,3.2829,48.1967,-0.0584253,0.00933305,0.0450778,0.0732056,0.111542,0.0364424,0.2055,0.4615,3163.77,-24091.5,135.714,12045.3,62571.2,0.0903469,0.0462663,0.043918,reel,276,313,348.05,0.000664068,310
95394,Méry-sur-Oise,95,grande_couronne,109,36.3333,3348.7,3348.77,0.0208716,0.00687415,20.5612,17.7062,23.8765,commune,1.28799,0.015527,0,917,0.109129,0.254668,0.0207379,2.18931,49.0618,-0.025754,0.021857,0.0450694,0.0671545,0.097577,0.0421542,0.1215,0.4385,6071.08,-38804.5,280.191,28884,123902,0.0683054,0.039483,0.0436321,lmnp,232.85,310.5,379.25,0.0014163,311
78133,Chambourcy,78,grande_couronne,115,38.3333,4049.44,4049.64,0.0220091,0.0076439,22.1943,18.4478,26.7017,commune,1.09948,0.0104736,0,954,0.213528,0.0463474,0.0190473,2.04343,48.9054,-0.0310306,0.0205809,0.0450435,0.0674452,0.0983068,0.0412833,0.135,0.4465,6699,-49135.3,305.481,33659.9,149829,0.061325,0.0371417,0.0426954,lmnp,233.8,317.5,414,0.00153496,312
03095,Cusset,03,province,235,78.3333,1396.24,1397.28,0.0226466,0.00809075,12.7087,10.2718,15.7237,commune,2.31061,0.0434106,0,2522,0.101014,0.0671273,0.0126062,3.44521,46.1329,-0.05997,0.00724209,0.0450307,0.0752386,0.111219,0.037579,0.209,0.456,2708.45,-20036.9,115.384,9957.85,51660.9,0.0963332,0.0470873,0.0451031,reel,238.45,312,392.05,0.00142848,313
13077,Port-de-Bouc,13,province,208,69.3333,2335.2,2330.1,0.0216071,0.00736712,16.6136,13.2724,20.7959,commune,1.433,0.018443,0.240385,2554,0.0915202,0.0316048,0.0109085,4.98403,43.407,-0.0561291,0.00790522,0.0449923,0.0742739,0.111828,0.0368339,0.213,0.4585,4446.54,-30938.1,181.42,16561.1,86402.5,0.0776647,0.0444062,0.0447905,reel,246.9,308.5,384.1,0.00125182,314
45169,Ingré,45,province,38,12.6667,2434.79,2431.6,0.0414949,0.0271604,16.9819,14.6367,19.7029,commune,1.25638,0.0147508,0,615,0.0891871,0.0115763,0.00409257,1.82781,47.9185,-0.0543804,0.00917062,0.0449862,0.0723623,0.110282,0.0371132,0.2035,0.459,4598.25,-30973.8,186.583,17080.9,90087.3,0.0763033,0.044273,0.0450931,reel,216.9,322,477.3,0.00234991,315
13211,Marseille 11e Arrondissement,13,province,1086,362,3031.11,3029.98,0.00948416,0.00141947,19.2554,15.2523,24.3091,commune,1.6453,0.0233424,0.0819521,12281,0.0473144,0.0111012,0.00342682,5.44906,43.2902,-0.0432426,0.0150707,0.0449598,0.0717769,0.109578,0.0397534,0.177,0.4505,5687.04,-42575.7,221.422,26246.7,112151,0.0702928,0.0381508,0.0417781,lmnp,276.95,314.5,352,0.000659717,316
93057,Les Pavillons-sous-Bois,93,petite_couronne,441,147,3300.83,3300.4,0.0122692,0.00237542,21.4258,17.9368,25.5933,commune,1.99478,0.0321115,0.197279,3966,0.183183,0.100463,0.0607516,2.50507,48.9091,-0.0611197,0.00738502,0.0449474,0.0732946,0.108572,0.0350774,0.211,0.457,6273.7,-44804.9,269.608,24031.8,122131,0.0724391,0.0435573,0.0445253,reel,274.95,317,355.05,0.000707122,317
91573,Saint-Pierre-du-Perray,91,grande_couronne,203,67.6667,3615.44,3616.03,0.0157755,0.00392723,20.5087,18.1098,23.2254,commune,1.00841,0.0057943,0,1415,0.0447651,0.00904656,0.00240701,2.51173,48.6135,-0.0289155,0.0226833,0.0449325,0.0668551,0.0987369,0.041866,0.125,0.4485,6586.82,-40970,265.191,30337.5,133771,0.0630916,0.0373584,0.0439993,lmnp,253.9,314.5,372,0.00108226,318
10081,La Chapelle-Saint-Luc,10,province,130,43.3333,1449.53,1446.47,0.0274408,0.0118783,12.8808,9.94944,16.6758,commune,2.18823,0.0385039,0.261538,2165,0.11807,0.033348,0.00617806,4.04939,48.3146,-0.0591623,0.00886076,0.0449286,0.0759442,0.113717,0.0380708,0.2,0.458,2899.28,-20669.4,115.201,10259.9,53632.7,0.0942161,0.04667,0.0454201,reel,231.65,322.5,423.05,0.00170495,319
01419,Thoiry,01,province,106,35.3333,4918.76,4910.81,0.0249953,0.00985886,25.4096,19.7822,32.6378,commune,1.14414,0.0119006,0,792,0.0445551,0.0137216,0.0189962,5.97861,46.2342,-0.0474123,0.0178196,0.0449005,0.0739735,0.10871,0.0411381,0.159,0.4535,10701.2,-66283.7,361.094,39714.2,181994,0.0583308,0.0368113,0.0435246,lmnp,220.85,314,417.7,0.0019014,320
94074,Valenton,94,petite_couronne,53,17.6667,3632.9,3630.1,0.0308884,0.0150516,21.6984,18.5937,25.3217,commune,1.81787,0.0272308,0.113208,3820,0.0877814,0.00932169,0.00439305,2.44748,48.763,-0.0471981,0.0164239,0.0448674,0.0713396,0.107512,0.0392386,0.1645,0.4485,7494.27,-49483.8,275.338,30452.9,134417,0.0667184,0.0375477,0.0427774,lmnp,183.95,321.5,440.25,0.00233436,321
30350,Le Vigan,30,province,82,27.3333,1010.2,1002.56,0.0376588,0.0223766,10.7689,8.68208,13.3573,commune,2.88138,0.0907796,0,1042,0.0862817,0.0163865,0.000147276,3.606,43.9907,-0.0576316,0.00809872,0.0448344,0.0743125,0.111403,0.0368822,0.214,0.4635,1755.29,-15082.8,85.0336,7077.87,37377.6,0.110103,0.0467874,0.0439442,reel,219.65,327.5,450.05,0.00223695,322
54397,Neuves-Maisons,54,province,55,18.3333,1561,1557.73,0.0371251,0.0217471,13.0469,10.7765,15.7958,commune,1.51102,0.0203795,0,1035,0.117041,0.0237958,0.0060901,6.10295,48.6148,-0.0625943,0.00712866,0.0448029,0.0732114,0.110132,0.0366559,0.2095,0.4605,2829.05,-21170.6,121.429,11011.4,57757.1,0.0887655,0.0457097,0.04524,reel,206.95,310.5,452.05,0.00232636,323
95504,Presles,95,grande_couronne,35,11.6667,3600.39,3601.46,0.0365701,0.0211014,21.3965,17.6947,25.8726,maille,1.35484,0.01693,0,149,0.169524,0.0959268,0.0761944,2.2805,49.1143,-0.023957,0.0199042,0.0447843,0.0686935,0.100296,0.0421966,0.119,0.4555,6273.86,-43286.2,273.367,31336.8,133215,0.0663143,0.038723,0.0433923,lmnp,193,316,443.2,0.00247006,324
30263,Saint-Hippolyte-du-Fort,30,province,31,10.3333,1317.35,1296,0.0601587,0.0570881,12.2872,9.67143,15.6103,commune,2.75058,0.0713436,0,387,0.0731271,0.0109505,0.00277669,3.85735,43.9655,-0.060887,0.0102957,0.0447186,0.0741352,0.114892,0.0377788,0.1985,0.453,2618.31,-19058.5,106.279,9303.82,48741.8,0.0982626,0.0460752,0.0445585,reel,171.95,323.5,546.4,0.00373715,325
77288,Melun,77,grande_couronne,1046,348.667,2731.4,2731.09,0.006774,0.00072414,18.8331,16.032,22.1235,commune,1.94562,0.0308219,0.0927342,9179,0.187578,0.0689595,0.0431715,2.65882,48.5395,-0.039063,0.0143386,0.0446886,0.0691745,0.0991449,0.0389063,0.172,0.4535,4192.51,-32257.5,217.695,19818.5,101062,0.0761502,0.0443412,0.0455486,reel,301,323,345,0.000390274,326
54174,Écrouves,54,province,41,13.6667,1464.08,1458.78,0.0428413,0.0289579,12.7386,10.3272,15.7129,commune,1.65806,0.0236271,0,531,0.0528504,0.0273486,0.00799636,5.86745,48.6805,-0.0549527,0.0097808,0.0446565,0.0748741,0.115097,0.0382964,0.21,0.458,3081.36,-19527.1,113.828,10383.1,54170.8,0.0921145,0.0465217,0.0465873,reel,194.95,327.5,509.1,0.00292812,327
94041,Ivry-sur-Seine,94,petite_couronne,1288,429.333,5151.4,5151.31,0.00631051,0.000628429,26.7765,21.6381,33.1353,commune,1.67981,0.0240953,0.135093,21206,0.20644,0.0644608,0.0329588,2.38251,48.8142,-0.0483874,0.0133314,0.0446022,0.0710035,0.105745,0.0377366,0.184,0.4595,9467.35,-72284.1,415.669,41613.2,190602,0.0588808,0.0360679,0.0415175,lmnp,305,326.5,350.05,0.00039406,328
38053,Bourgoin-Jallieu,38,province,799,266.333,2667.3,2665.79,0.0101925,0.00163942,18.3541,14.6711,22.9618,commune,1.68242,0.0241542,0.0187735,5952,0.125154,0.0411919,0.0158225,5.27691,45.5885,-0.0600505,0.00685426,0.0445744,0.0724744,0.112124,0.0354385,0.211,0.4605,4868.11,-35431.5,209.538,18841.2,98690,0.0758256,0.0442953,0.0445063,reel,293.9,330,362.05,0.000624032,329
91122,Bures-sur-Yvette,91,grande_couronne,67,22.3333,4119,4120.58,0.0273515,0.0118048,22.4463,19.1076,26.3684,commune,1.09977,0.0104762,0,2247,0.0828659,0.0228688,0.00943264,2.15638,48.696,-0.0261001,0.0217455,0.0445448,0.0674732,0.0993526,0.0424709,0.129,0.439,7600.67,-46148.5,307.106,33906.1,152403,0.0610233,0.0371097,0.0440025,lmnp,226.75,331,443,0.00201514,330
77373,Pontault-Combault,77,grande_couronne,481,160.333,3879.62,3879.63,0.00998516,0.0015734,21.3407,18.5269,24.5818,commune,1.11688,0.0110183,0,5029,0.0821121,0.0136485,0.00722797,2.60821,48.7904,-0.0261057,0.0183326,0.044529,0.0665966,0.0981526,0.0406258,0.139,0.455,6058.33,-43039.6,298.43,32255.8,143546,0.0613689,0.0365668,0.0424005,lmnp,288,329.5,373.05,0.000740316,331
95369,Margency,95,grande_couronne,30,10,3995.04,4002.89,0.0394315,0.024532,21.9524,18.7026,25.7669,commune,1.07744,0.00986842,0,238,0.135615,0.0454138,0.0210403,2.28954,49.0011,-0.0237231,0.0202975,0.0445124,0.067096,0.100033,0.0419195,0.129,0.4525,6987.28,-45528.5,302.459,33272.4,147816,0.0614334,0.0371285,0.0430658,lmnp,201.9,335.5,494.55,0.00273851,332
24138,Coulounieix-Chamiers,24,province,52,17.3333,1632.89,1627.21,0.0360501,0.0204984,13.045,10.3897,16.3789,commune,1.40168,0.0178059,0.115385,1095,0.0270356,0.00741591,0.000374399,0.686611,45.1592,-0.0622548,0.00882017,0.0444801,0.0733945,0.113657,0.0369023,0.205,0.466,3143.4,-22530.3,127.49,11413.6,60416.8,0.0848436,0.0439087,0.0441578,reel,206.95,336,447.05,0.00218373,333
76231,Elbeuf,76,province,247,82.3333,1445.78,1442.66,0.020272,0.00648483,13.1518,10.3258,16.7512,commune,2.87964,0.0904605,0.303644,5994,0.181864,0.0433668,0.0284964,1.00802,49.2894,-0.0605197,0.00614412,0.0444032,0.0733547,0.113683,0.0359302,0.221,0.472,2422.25,-21716.2,117.79,10618.9,53493.8,0.0967101,0.0468374,0.0432521,reel,265.9,335,395.2,0.00115812,334
25526,Sainte-Suzanne,25,province,38,12.6667,1361.78,1348.55,0.0484881,0.0370948,12.5784,10.1523,15.5843,commune,2.60673,0.0589744,0,316,0.0737507,0.0700433,0.00142099,6.77242,47.505,-0.0603185,0.00872798,0.0443524,0.0742581,0.111942,0.036036,0.203,0.468,2394.24,-19897.6,116.119,9564.72,50386,0.0976225,0.0467506,0.0448318,reel,194.85,331.5,534.2,0.00292924,335
78643,Vernouillet,78,grande_couronne,70,23.3333,3718.11,3718.97,0.0281413,0.0124964,20.8401,17.8787,24.2919,commune,1.20679,0.0136143,0.0857143,1258,0.0396828,0.0144455,0.00834047,1.98329,48.9748,-0.0332029,0.0194415,0.0443281,0.0662402,0.0983343,0.0406958,0.133,0.447,5815.7,-43426.5,284.336,31128.6,137570,0.0624191,0.0365491,0.0421813,lmnp,234.95,336,435.2,0.00197094,336
60581,Saint-Just-en-Chaussée,60,province,35,11.6667,1594.75,1587.98,0.0435174,0.0298781,13.4382,11.2145,16.1029,commune,2.2848,0.0422201,0,813,0.105432,0.0253113,0.0160333,2.42942,49.5051,-0.0640729,0.00863517,0.044319,0.0715503,0.109523,0.0355927,0.211,0.4635,2591.17,-22721.2,128.286,11440.7,59005.8,0.0898314,0.0452816,0.04373,reel,202.9,348,501.05,0.00262174,337
93062,Le Raincy,93,petite_couronne,385,128.333,4092.34,4092.57,0.013129,0.00272,23.453,19.3478,28.4293,commune,1.77523,0.0263336,0,3202,0.226795,0.108431,0.0723277,2.51559,48.8962,-0.0390685,0.0158801,0.0442619,0.0704186,0.106812,0.0388871,0.1725,0.46,8036.51,-54406,327.168,34859.4,151417,0.0643729,0.0374609,0.0411235,lmnp,295,337.5,387.05,0.000841801,338
77407,Saint-Fargeau-Ponthierry,77,grande_couronne,244,81.3333,2822.51,2821.75,0.0140088,0.00309693,18.3778,16.1673,20.8905,commune,1.24797,0.0146123,0,1904,0.116549,0.0357022,0.0339019,2.54484,48.5317,-0.0397358,0.014057,0.0442544,0.0681729,0.0988168,0.0385976,0.1705,0.4545,4174.87,-32934.7,224.793,20304.9,104433,0.0717564,0.04268,0.0443949,reel,290.95,341,384,0.000816867,339
25380,Métabief,25,province,192,64,3278.12,3275.03,0.0218977,0.00756681,20.4319,15.1611,27.5352,commune,1.37848,0.0173745,0,578,0.439996,0.0842681,0.0320587,6.35361,46.7709,-0.0526147,0.0117705,0.0442054,0.0712607,0.113731,0.0391485,0.1825,0.4595,5677.31,-50026.1,239.56,28517.1,121291,0.0693029,0.0396235,0.0410893,lmnp,256.85,339,418.1,0.00141131,340
74298,Vétraz-Monthoux,74,province,230,76.6667,4384.46,4378.56,0.0173722,0.00476247,23.8978,19.2012,29.7432,commune,1.41937,0.0181283,0,1855,0.100259,0.0164431,0.00484818,6.25474,46.1822,-0.0435631,0.0155858,0.0441765,0.0711659,0.106318,0.0389706,0.1695,0.453,8378.41,-58897.2,327.097,35750.6,162225,0.0613015,0.0370585,0.0426976,lmnp,283.8,345,430.05,0.00125753,341
54323,Longwy,54,province,208,69.3333,2016.16,2014.7,0.019244,0.00584392,15.6891,12.2524,20.0897,commune,2.46172,0.0505282,0.0769231,4687,0.0851493,0.0380205,0.0193949,5.76689,49.5164,-0.0614224,0.0082803,0.0441727,0.0731502,0.111898,0.0367078,0.208,0.4615,3654.33,-28116.7,162.845,14323.4,74598.1,0.0844519,0.0452299,0.0443833,reel,275.75,348.5,427.2,0.00124182,342
66222,Vernet-les-Bains,66,province,128,42.6667,1385.17,1378.59,0.0275576,0.011983,13.056,10.8277,15.7429,commune,2.62848,0.0607581,0,476,0.165727,0.116333,0.0459553,2.38733,42.5476,-0.0583231,0.00587591,0.0441094,0.0729039,0.112305,0.0358586,0.216,0.467,2288.6,-20037.6,116.55,10524.1,51251.2,0.100112,0.048895,0.044304,reel,257,346.5,439.1,0.00158901,343
91086,Bondoufle,91,grande_couronne,127,42.3333,3437,3438.15,0.0199215,0.00626266,19.6955,17.3314,22.3821,commune,1.00406,0.00493218,0,1182,0.0475954,0.00831046,0.000394498,2.36652,48.6141,-0.0251736,0.0201097,0.0440727,0.0663944,0.0958819,0.0410779,0.131,0.4535,5592.57,-38528,255.736,29047.2,127169,0.0635281,0.036993,0.0427645,lmnp,274,355.5,420.2,0.00138817,344
77296,Moissy-Cramayel,77,grande_couronne,250,83.3333,3359.54,3359.62,0.0138402,0.00302283,19.3389,17.085,21.8902,commune,1.03045,0.00798514,0.136,2399,0.0483347,0.0222511,0.00352669,2.58452,48.6288,-0.0291606,0.0193557,0.0440406,0.0651221,0.0965916,0.0399841,0.1345,0.448,4939.11,-38999.1,258.252,28521.9,124303,0.0637193,0.0367166,0.0416997,lmnp,292.95,346,396.1,0.000898538,345
54099,Val de Briey,54,province,153,51,1375.75,1373.81,0.0224144,0.00792802,12.6719,9.99697,16.0627,commune,2.29321,0.0425209,0,1008,0.148024,0.0610236,0.0158824,5.93457,49.253,-0.0550491,0.00833326,0.0440376,0.0747604,0.113694,0.0362412,0.214,0.4605,2468.67,-20062.4,113.438,9906.21,50902.6,0.0974477,0.0475957,0.0451773,reel,275.8,345,431.3,0.0013544,346
74012,Annemasse,74,province,1655,551.667,3740.8,3739.92,0.00648944,0.000664579,22.5779,17.4048,29.2885,commune,1.80481,0.0269663,0.0380665,12356,0.157677,0.0567572,0.0327902,6.23862,46.1931,-0.0457828,0.0140459,0.0440324,0.0720418,0.109497,0.0396296,0.162,0.4625,7088.65,-53858.8,284.278,31638.2,138410,0.0676151,0.0386958,0.0430813,lmnp,323,349,380,0.000481428,347
02168,Château-Thierry,02,province,196,65.3333,1805.34,1805.89,0.0211885,0.00708374,15.033,12.0183,18.8039,commune,2.44287,0.0496286,0.0510204,4216,0.282497,0.0548735,0.0187786,3.40364,49.0434,-0.0604604,0.00741536,0.044021,0.073968,0.112352,0.0369553,0.207,0.468,3248.96,-25004.5,143.005,13007.7,66797.5,0.089953,0.0473902,0.045015,reel,275.8,354.5,432.05,0.00132251,348
78361,Mantes-la-Jolie,78,grande_couronne,605,201.667,2696.12,2695.66,0.00962527,0.00146202,18.4791,15.7804,21.6393,commune,2.18561,0.0384416,0.109091,12023,0.178056,0.0989468,0.0284363,1.71237,48.9922,-0.0448462,0.0139476,0.0440055,0.0672561,0.0993881,0.0378838,0.1665,0.4545,3732.16,-33206.3,226.044,19445,99756.5,0.0755711,0.0433258,0.0439538,reel,316,348,377.05,0.000514707,349
42271,Saint-Paul-en-Jarez,42,province,32,10.6667,1918.25,1892.46,0.0558083,0.0491253,14.4804,10.953,19.1436,commune,1.84063,0.0278746,0.28125,365,0.0676691,0.032552,0.014587,4.57358,45.486,-0.0689254,0.00608309,0.0439987,0.0718304,0.111352,0.0335406,0.2225,0.469,2680.66,-29171.1,157.767,13693.2,70975.4,0.0812012,0.0432623,0.0422751,reel,187.9,342,538.1,0.00309953,350
74205,Onnion,74,province,46,15.3333,2950.63,2922.94,0.0384821,0.0233672,19.8934,15.3012,25.8637,maille,2.183,0.0382862,0,153,0.245832,0.120193,0.0444745,6.47555,46.1682,-0.0583945,0.00684782,0.0439475,0.0717056,0.109089,0.0347788,0.212,0.4615,4781.2,-41578.2,245.36,21311.8,109173,0.0748046,0.0438019,0.0427694,reel,234.95,339.5,462.05,0.00209738,351
93051,Noisy-le-Grand,93,petite_couronne,1453,484.333,4315.1,4315.45,0.00676478,0.000722159,22.8902,18.9302,27.6788,commune,1.16299,0.0124555,0.0935994,15693,0.0906316,0.01224,0.00513663,2.55461,48.8457,-0.0521853,0.0150318,0.0439263,0.0722542,0.10875,0.0382253,0.1685,0.463,8727.98,-57303,332.833,35273.9,159659,0.0594848,0.0362281,0.0421298,lmnp,322,353,378.05,0.0004696,352
78220,Les Essarts-le-Roi,78,grande_couronne,55,18.3333,3286.14,3280.82,0.0316941,0.0158505,20.7778,18.2573,23.6462,commune,1.90226,0.0296154,0,704,0.1868,0.0471469,0.0105484,1.89,48.7203,-0.0462582,0.011976,0.0438801,0.0672636,0.0990758,0.0365202,0.18,0.4625,3818.81,-41599.6,271.267,23216.8,121587,0.0703967,0.0421657,0.0435195,reel,248.95,348,455.4,0.00187052,353
66003,Amélie-les-Bains-Palalda,66,province,629,209.667,1414.18,1413.07,0.0124906,0.00246201,12.6177,8.90431,17.8798,commune,2.50232,0.0525303,0,1776,0.156621,0.0386848,0.00401628,2.66874,42.4742,-0.0674328,0.00592916,0.0438438,0.0767457,0.116431,0.0359252,0.22,0.476,2299.38,-22359,115.956,9960.07,52324.7,0.0943393,0.0454949,0.0428374,reel,308.95,355,394.05,0.000693044,354
59599,Tourcoing,59,province,1181,393.667,2032.94,2032.59,0.00818298,0.0010567,15.442,12.7559,18.6937,commune,1.85209,0.0281682,0.214225,12675,0.169037,0.0404827,0.0184647,3.16061,50.7216,-0.063572,0.00936772,0.0437802,0.0719243,0.110187,0.0356595,0.2045,0.466,3568.89,-27615.2,159.532,14601.2,75218.8,0.0822966,0.0449992,0.0440911,reel,325.95,358,386,0.000488914,355
71475,Saint-Rémy,71,province,36,12,1951.29,1945.15,0.0520892,0.0427929,14.5876,11.8057,18.025,maille,1.47361,0.0194538,0,582,0.102336,0.0586132,0.0108851,4.83017,46.7687,-0.0617767,0.00577937,0.0437801,0.0721892,0.111034,0.0349073,0.218,0.47,3088.07,-27306.4,161.63,13831.5,72197.6,0.0804859,0.0437244,0.0429103,reel,200.85,349,571.85,0.00302532,356
94076,Villejuif,94,petite_couronne,947,315.667,4974.38,4974.35,0.00735867,0.000854524,25.844,20.1666,33.1198,commune,1.77639,0.0263702,0.00844773,16837,0.112051,0.0400124,0.0245398,2.36494,48.7931,-0.0517587,0.0132571,0.0437427,0.0699098,0.105809,0.0365937,0.176,0.467,8206.43,-72899.3,409.858,40263.3,184052,0.0587266,0.0352945,0.0401351,lmnp,331.95,358,383,0.00045293,357
92019,Châtenay-Malabry,92,petite_couronne,889,296.333,5064.49,5064.2,0.00786274,0.000975594,25.5452,21.8813,29.8226,commune,1.07541,0.00980309,0,5998,0.219086,0.0667212,0.0378679,2.27845,48.7675,-0.048677,0.0169378,0.043686,0.0703308,0.103709,0.0376157,0.1685,0.458,9776.97,-67688.6,401.554,41109.3,187386,0.0569737,0.0362184,0.0421852,lmnp,326.95,362,395.05,0.000563323,358
13210,Marseille 10e Arrondissement,13,province,2131,710.333,2840.51,2839.95,0.00677286,0.000723893,18.5938,15.1333,22.8456,commune,1.59455,0.0221922,0.0431722,14297,0.0782779,0.022033,0.0037124,5.41368,43.2798,-0.0605223,0.00531341,0.0436828,0.0712647,0.109079,0.0350438,0.217,0.474,4486.08,-37243.9,228.041,19931.9,105099,0.0722142,0.042499,0.0425379,reel,330,361.5,389.05,0.000448246,359
77251,Lieusaint,77,grande_couronne,276,92,3454.67,3454.77,0.0131741,0.00273885,19.6731,17.2563,22.4285,commune,1.00377,0.00488043,0,2234,0.0355146,0.00355476,0.00245862,2.55479,48.6319,-0.0270205,0.0207794,0.0436302,0.0653145,0.0972165,0.0408656,0.1255,0.462,5531.13,-39303,256.755,29210.4,127823,0.0631254,0.0367412,0.0423942,lmnp,310.95,361,416,0.00090105,360
74140,Habère-Poche,74,province,81,27,2757.62,2741.65,0.0291467,0.0134056,19.4551,14.9038,25.3963,commune,2.23376,0.0404531,0,243,0.406547,0.0915578,0.0298126,6.47389,46.2477,-0.0643012,0.00883112,0.0436265,0.0733119,0.111842,0.0359541,0.2095,0.47,4834.34,-38324.9,221.912,19663.3,102032,0.0781331,0.0453772,0.043972,reel,264,363,463,0.00170393,361
95371,Marly-la-Ville,95,grande_couronne,32,10.6667,3504,3505.76,0.0382085,0.0230341,20.9212,17.7118,24.7121,commune,1.68126,0.0241348,0,286,0.0707114,0.0226927,0.0210088,2.49925,49.077,-0.0302281,0.0184191,0.0435874,0.0657741,0.0967442,0.0401456,0.1305,0.458,4841.87,-43524.6,271.708,29859.8,129648,0.066511,0.0373457,0.0422476,lmnp,218.8,369.5,562,0.0027385,362
54430,Pompey,54,province,35,11.6667,1528.69,1522.22,0.0462543,0.0337545,13.0986,10.6215,16.1536,commune,1.70534,0.0246787,0,756,0.143319,0.0551432,0.0171577,6.12644,48.7667,-0.05931,0.00906313,0.043514,0.0741687,0.109586,0.0369419,0.1975,0.474,2782.4,-21871.9,120.655,10980.7,56561.5,0.0910478,0.0465563,0.0450966,reel,200.65,359,576.05,0.00316639,363
27275,Gaillon,27,province,132,44,1794.14,1793.14,0.0228466,0.00823602,14.1889,11.9251,16.8825,commune,2.28596,0.0422764,0.113636,1367,0.0973952,0.0179728,0.00969673,1.33807,49.1593,-0.0625989,0.00540695,0.0434997,0.0711395,0.110144,0.0343596,0.2225,0.4775,2799.24,-24706,145.694,12680.9,66383.1,0.0848692,0.0439088,0.0425726,reel,287.85,364,448.05,0.0014333,364
94021,Chevilly-Larue,94,petite_couronne,352,117.333,3870.7,3869.9,0.0120614,0.00229564,23.191,19.5626,27.4924,commune,2.26508,0.0415858,0.0255682,4792,0.105757,0.0217521,0.00889947,2.35478,48.7714,-0.0469088,0.0165338,0.0434912,0.0718192,0.107763,0.0391951,0.161,0.463,7943.84,-52526.8,302.619,32191.3,143216,0.0672467,0.0372416,0.0418674,lmnp,316.95,362,414.05,0.000822269,365
91600,Soisy-sur-Seine,91,grande_couronne,70,23.3333,3331.7,3332.06,0.0267657,0.0113046,19.8536,17.2325,22.8734,commune,1.21317,0.0137324,0,871,0.116188,0.0433655,0.0316072,2.4511,48.6472,-0.0289731,0.0211294,0.0434827,0.066484,0.0986336,0.0414857,0.122,0.462,5589.19,-39000.7,244.883,28862.3,123273,0.0661053,0.0379,0.0425932,lmnp,270,365,481.2,0.00179712,366
25058,Beure,25,province,43,14.3333,1677.86,1662.85,0.0456801,0.0329235,14.4981,11.4848,18.3021,commune,2.78451,0.0752158,0,169,0.248833,0.0966582,0.0376465,6.00166,47.2071,-0.0614274,0.00583565,0.0434798,0.0735145,0.112398,0.0354194,0.218,0.4675,2690.43,-25075.3,139.208,12354.3,62080.7,0.0929621,0.0474557,0.0436064,reel,230.75,372.5,522.75,0.00260911,367
95052,Beaumont-sur-Oise,95,grande_couronne,199,66.3333,3076.67,3076.5,0.0154708,0.00377698,19.6876,16.7284,23.1702,commune,2.0261,0.0329982,0,2157,0.113555,0.0535761,0.0249834,2.28608,49.1417,-0.0452116,0.0111123,0.0434753,0.0676508,0.0983662,0.0363221,0.1895,0.4715,3448.26,-38132,256.176,21950.7,113837,0.0709373,0.0416863,0.0426609,reel,317.85,372,421,0.000841923,368
71073,Chagny,71,province,44,14.6667,1615.59,1604.32,0.0472984,0.035287,13.9605,11.2947,17.2556,commune,2.78683,0.0756442,0,758,0.252068,0.0759788,0.0135301,4.75456,46.9076,-0.0617665,0.00633105,0.0434745,0.0718498,0.109497,0.0349652,0.2235,0.48,2330.37,-23752.4,137.869,11487.4,59776.7,0.0925522,0.0464154,0.0426411,reel,220,359,535.25,0.00272263,369
79191,Niort,79,province,1002,334,1892.14,1892.04,0.0104387,0.00171941,14.3362,11.1878,18.3706,commune,1.7181,0.0249202,0.0429142,10126,0.114958,0.0147333,0.00514222,-0.462083,46.3255,-0.0651683,0.00435896,0.0433802,0.07244,0.111535,0.0347373,0.227,0.4735,2898.31,-26083.3,152.621,13295.5,70009.1,0.0814078,0.0434216,0.0425826,reel,336.9,370.5,402,0.000520768,370
13081,Rognac,13,province,124,41.3333,3144.23,3136,0.0279155,0.0122964,19.0765,15.3509,23.7063,commune,1.22912,0.0140871,0,1038,0.0809814,0.0193509,0.00204824,5.22653,43.4883,-0.0397166,0.0132449,0.043365,0.0695033,0.106856,0.0388185,0.176,0.4615,5065.31,-43381.7,232.674,27058.7,116336,0.067081,0.0377124,0.0413167,lmnp,269.7,371,480.2,0.00186108,371
78672,Villennes-sur-Seine,78,grande_couronne,73,24.3333,4171.19,4170.14,0.027564,0.011989,23.025,19.7436,26.8517,commune,1.39356,0.0176446,0,566,0.167972,0.0714863,0.033125,2.00014,48.9363,-0.0311695,0.0189929,0.043365,0.0662032,0.099405,0.0401342,0.134,0.46,6201.46,-50264.4,327.772,34686.5,154334,0.0619247,0.0370402,0.042393,lmnp,261.75,372,509.3,0.00199149,372
78311,Houilles,78,grande_couronne,676,225.333,4651.56,4651.58,0.00910647,0.00130867,24.33,19.8992,29.7472,commune,1.14965,0.0119997,0,5335,0.166284,0.0554717,0.0381626,2.18599,48.9254,-0.0291892,0.0176187,0.0433418,0.0665614,0.0983673,0.0404263,0.1355,0.4615,6966.7,-54667.9,364.052,38121.5,172108,0.0588962,0.0366532,0.042978,lmnp,330.95,370,406.05,0.000628179,373
92032,Fontenay-aux-Roses,92,petite_couronne,458,152.667,4665.69,4665.08,0.0109496,0.00189194,24.3807,21.1577,28.0947,commune,1.27871,0.0153294,0,5860,0.18534,0.0696427,0.0205888,2.28572,48.7903,-0.0457592,0.0149639,0.0433336,0.0715474,0.104688,0.0381218,0.171,0.461,9211.81,-62053.2,374.092,37975.3,172630,0.0588486,0.0362483,0.0416001,lmnp,322.95,377,415.05,0.000802334,374
71306,Montceau-les-Mines,71,province,123,41,1180.33,1176.19,0.0286109,0.0129157,11.9767,9.20827,15.5775,commune,2.75696,0.0722137,0.235772,2873,0.215856,0.0709167,0.0198628,4.36699,46.6729,-0.0645281,0.00653866,0.0433034,0.0753895,0.114525,0.0361479,0.2135,0.4715,1909.82,-18685,98.5735,8554.51,43672.2,0.106513,0.0491408,0.0439638,reel,270,369,468.2,0.00167036,375
45284,Saint-Jean-de-Braye,45,province,372,124,2198.45,2198.55,0.0134243,0.0028438,15.2588,13.2221,17.6092,commune,1.06903,0.00952381,0.061828,4157,0.0987642,0.0182629,0.00516831,1.96265,47.9088,-0.0611087,0.00395286,0.0432219,0.069324,0.108238,0.0336648,0.224,0.477,3147.61,-29148.8,175.932,15459.7,81342.5,0.075101,0.0422785,0.0419972,reel,332.95,379,422.3,0.000791886,376
91045,Ballancourt-sur-Essonne,91,grande_couronne,48,16,3065.89,3065.01,0.0322398,0.0164009,19.1414,16.2886,22.4938,commune,1.32686,0.0164042,0,1033,0.12294,0.0866155,0.0164423,2.38175,48.5268,-0.0440588,0.012699,0.0431586,0.0666856,0.09735,0.0368948,0.1705,0.4725,3565.09,-37035.4,257.297,21733.5,113438,0.0690489,0.0414154,0.0427721,reel,285.9,386.5,493.05,0.00165191,377
91225,Étiolles,91,grande_couronne,33,11,3395.1,3395.9,0.0387396,0.0236793,20.0945,17.3289,23.3014,commune,1.33454,,0,401,0.105999,0.0210494,0.00110935,2.47895,48.638,-0.0234074,0.0200525,0.0431194,0.0666706,0.0974121,0.0414295,0.1245,0.456,5546.04,-38245,253.816,28739,125619,0.0657222,0.0374589,0.0426114,lmnp,239.85,384,547.1,0.00253862,378
92007,Bagneux,92,petite_couronne,508,169.333,5165.95,5165.33,0.0103977,0.00170604,26.0735,21.7303,31.2848,commune,1.39095,0.0175864,0,18858,0.049325,0.0140404,0.0120324,2.31179,48.7971,-0.0483296,0.0153384,0.0430888,0.0711305,0.108863,0.0381693,0.172,0.4655,10089.3,-69296.5,411.451,41270.2,191140,0.0570818,0.0355575,0.0419153,lmnp,337,377.5,428.1,0.000722447,379
78123,Carrières-sous-Poissy,78,grande_couronne,335,111.667,3852.06,3852.32,0.0129275,0.00263726,21.2211,18.6071,24.2023,commune,1.1656,0.0125174,0.0179104,4251,0.0324951,0.00738281,0.00274294,2.03498,48.9423,-0.0293056,0.0196495,0.0430822,0.0663275,0.09776,0.0403308,0.1365,0.4615,5790.97,-43477.4,290.601,32002.9,142526,0.0614355,0.0363686,0.0423462,lmnp,334.95,384,441,0.000861825,380
77284,Meaux,77,grande_couronne,1224,408,3077.65,3077.51,0.00626244,0.000618897,19.2916,16.2764,22.8653,commune,1.58063,0.021873,0.0784314,14419,0.14509,0.0352999,0.0171338,2.88745,48.9545,-0.0427392,0.0126354,0.0430809,0.0659307,0.096964,0.03661,0.1755,0.472,3395.62,-37444.4,254.176,21830.9,113873,0.0693707,0.0412766,0.0424322,reel,360,382,403,0.00033751,381
54215,Frouard,54,province,78,26,1655.05,1652.58,0.0312744,0.0154335,13.5584,10.9802,16.7419,commune,1.81729,0.0272212,0.153846,1282,0.149123,0.0726696,0.0171387,6.13221,48.758,-0.0600037,0.00408278,0.0430465,0.0715136,0.1111,0.034417,0.227,0.4745,2429.24,-23548.1,137.449,11896.8,61236.9,0.0874294,0.0452447,0.0432932,reel,272,387.5,493.55,0.00185358,382
88516,Vittel,88,province,127,42.3333,1276.37,1273.86,0.0298095,0.0140209,12.0094,9.25643,15.5813,commune,2.7268,0.0691164,0,830,0.125783,0.0317066,0.0111665,5.94339,48.203,-0.0673848,0.00696547,0.0430187,0.0720362,0.115083,0.0344767,0.22,0.4745,1873.97,-19798.5,106.232,9080.18,47225.5,0.0988066,0.0457356,0.0425746,reel,286.9,396,500.3,0.00169105,383
92060,Le Plessis-Robinson,92,petite_couronne,845,281.667,5731.74,5731.62,0.00806465,0.00102634,27.0199,23.595,30.9419,commune,1.01102,0.00621406,0,8541,0.128649,0.0284909,0.00948171,2.26011,48.7803,-0.0511698,0.0133361,0.0430138,0.0679867,0.103862,0.0358599,0.182,0.4745,9037.74,-76895.2,470.037,45229.4,212074,0.0534286,0.0346947,0.0406917,lmnp,350.95,384,418.05,0.000539007,384
60159,Compiègne,60,province,1102,367.333,2393.99,2393.76,0.00786918,0.000977213,17.0128,13.9676,20.7219,commune,1.87964,0.0288529,0.0199637,9869,0.22395,0.0587269,0.019145,2.82006,49.4092,-0.0674293,0.00656586,0.0429611,0.0714839,0.107413,0.0346117,0.2145,0.4745,3661.67,-32843.3,191.752,17036.7,88577.6,0.0777585,0.043985,0.0428914,reel,359,387,410.1,0.000437478,385
40224,Peyrehorade,40,province,31,10.3333,1873.59,1848.07,0.0444625,0.0311848,14.8998,11.3553,19.5506,commune,2.69896,0.0663212,0,345,0.130165,0.034249,0.00645125,-1.10531,43.5447,-0.0686177,0.00643029,0.0428278,0.0718222,0.108583,0.0344515,0.219,0.471,2668.09,-27721.7,154.135,13224.6,69322.8,0.085823,0.0445191,0.0428417,reel,255.75,391.5,587.25,0.00266211,386
93027,La Courneuve,93,petite_couronne,292,97.3333,3551.76,3551.32,0.0150691,0.00358319,22.1645,17.5829,27.9398,commune,2.45099,0.0499942,0.900685,10874,0.246423,0.0232437,0.0185036,2.39417,48.9269,-0.0702391,0.00515545,0.0427366,0.0721917,0.109786,0.032738,0.223,0.474,5368.91,-50998.2,296.874,25057.1,131415,0.0698172,0.0415556,0.0417878,reel,343,393,443.15,0.000844972,387
94075,Villecresnes,94,petite_couronne,118,39.3333,3688.71,3689.72,0.0207855,0.00681699,20.6702,17.6859,24.158,commune,1.19403,0.0132571,0,790,0.0999491,0.0315714,0.0169673,2.53595,48.721,-0.04771,0.0146564,0.0427276,0.0696446,0.105305,0.0369855,0.1785,0.4785,6285.81,-49735.9,285.868,31039.7,136482,0.0623638,0.0364364,0.0407419,lmnp,308.85,395,482.25,0.00143463,388
13039,Fos-sur-Mer,13,province,136,45.3333,2863.29,2856.4,0.0266698,0.0112236,17.9733,14.9934,21.5454,commune,1.19606,0.0133249,0,1506,0.066073,0.00889763,0.00207521,4.9409,43.4392,-0.0430027,0.0149996,0.0426975,0.069192,0.104435,0.0387416,0.1655,0.476,4761.54,-38219.1,207.04,25090,105942,0.0690394,0.0378092,0.0408177,lmnp,281.7,391,509.1,0.00189963,389
25463,Pont-de-Roide-Vermondans,25,province,40,13.3333,1092.21,1082.28,0.047304,0.0353055,10.8767,8.62361,13.7185,commune,2.60325,0.0585796,0,791,0.0798023,0.0270828,0.0152152,6.77142,47.3869,-0.0707821,0.00522717,0.0426443,0.0716454,0.111891,0.0341331,0.221,0.4785,1358.06,-16732.3,94.6815,7838.29,40411.8,0.103021,0.044807,0.0410774,reel,246.85,398,590.35,0.00270708,390
01354,Saint-Genis-Pouilly,01,province,387,129,4900.32,4898.73,0.0131283,0.00271983,24.6475,18.1942,33.3898,commune,1.11833,0.0110837,0,2558,0.0616786,0.0159502,0.00641998,6.02686,46.2456,-0.0515024,0.013535,0.0426427,0.0712134,0.110625,0.0378182,0.182,0.474,7637.1,-71101.3,383.387,39396,181312,0.0566841,0.0355155,0.0406916,lmnp,345.85,397,448.2,0.000848215,391
93007,Le Blanc-Mesnil,93,petite_couronne,341,113.667,3688.08,3688.68,0.013948,0.00306989,21.4675,17.5121,26.3164,commune,1.63573,0.0231596,0.296188,10064,0.245492,0.0170843,0.0105769,2.45995,48.9407,-0.0506824,0.0132819,0.0426359,0.0714294,0.110231,0.0369287,0.1755,0.4765,6366.41,-52497.3,283.927,30930.6,136459,0.0649689,0.0370268,0.0406347,lmnp,350.95,395,450.1,0.000878307,392
66189,Saleilles,66,province,46,15.3333,2124.16,2112.49,0.0454904,0.0326467,14.8479,12.3928,17.7895,commune,1.2587,0.0148368,0,232,0.0261744,0.00330048,0.000967161,2.9398,42.6586,-0.0637733,0.00450143,0.0426011,0.0707139,0.105248,0.0331214,0.2235,0.475,2740.94,-28894.8,171.999,14888.5,78593.9,0.0754064,0.0416548,0.0415014,reel,242.8,392.5,631.05,0.00296858,393
77182,La Ferté-Gaucher,77,grande_couronne,54,18,1786.51,1781.58,0.0296181,0.0138427,14.6783,12.0251,17.917,commune,2.57309,0.0562099,0,899,0.28246,0.053873,0.0716537,3.308,48.7784,-0.041494,0.0124048,0.0425975,0.0679744,0.101413,0.0374137,0.178,0.472,2139.79,-23727.4,141.626,13792.9,66101,0.0885186,0.0458854,0.0432488,reel,309,400.5,506.05,0.00162199,394
05003,Aiguilles,05,province,38,12.6667,1802.96,1766.18,0.0478768,0.036156,15.1126,11.2865,20.2358,maille,2.39443,0.0469925,0,94,0.530969,0.111409,0.0430896,6.86862,44.7819,-0.0643267,0.00572869,0.0425959,0.0712396,0.110796,0.0335644,0.219,0.4765,2491.07,-28309.2,146.667,13327.4,66709.6,0.0906016,0.0479422,0.041795,reel,257.9,395.5,585.1,0.0026508,395
60439,Mouy,60,province,37,12.3333,1895.46,1890.64,0.0423589,0.0283088,14.5425,11.9999,17.6239,commune,1.8924,0.0292113,0,754,0.106989,0.0552774,0.0146888,2.31907,49.3185,-0.0603464,0.00705985,0.0425721,0.0719826,0.109832,0.0355743,0.214,0.4765,3016,-25864.4,156.451,13501.1,70132.2,0.0825709,0.0439714,0.0426823,reel,239.9,395,560.05,0.00254082,396
93013,Le Bourget,93,petite_couronne,237,79,3650.54,3650.22,0.0167198,0.00441107,22.3474,18.1683,27.4879,commune,2.14298,0.0369736,0.092827,3198,0.135068,0.0543523,0.0333839,2.42644,48.9354,-0.0661645,0.00520131,0.0425577,0.0715446,0.107774,0.0322512,0.2245,0.483,5380.99,-50990.1,305.304,26089.9,135070,0.0685294,0.0413723,0.0419958,reel,346.85,400,462.05,0.000929825,397
89024,Auxerre,89,province,900,300,1614.48,1614.56,0.00917128,0.00132733,13.5721,11.0779,16.6279,commune,2.30394,0.0430351,0.0544444,9588,0.14711,0.0581649,0.0235761,3.57062,47.7953,-0.0658478,0.00633741,0.0425211,0.0712106,0.108408,0.0341878,0.215,0.48,2387.44,-23627.6,134.012,11700.5,59735.6,0.0897293,0.0454132,0.0429263,reel,371,405,431,0.000504349,398
77014,Avon,77,grande_couronne,595,198.333,3025.79,3025.37,0.00897913,0.00127233,19.5035,16.2643,23.3879,commune,1.64907,0.0234242,0.097479,3071,0.272301,0.0790222,0.0269482,2.72638,48.4137,-0.0420139,0.0120531,0.042494,0.0670178,0.0979747,0.0368763,0.179,0.4705,3625.12,-36825.9,250.261,21569.8,111954,0.0714004,0.0424944,0.0434674,reel,372,403.5,432.05,0.000486012,399
87085,Limoges,87,province,3758,1252.67,1596.28,1596.28,0.00457071,0.00032968,13.3908,10.6607,16.8199,commune,2.24623,0.0408188,0.0689196,49164,0.12084,0.0322191,0.0110661,1.25529,45.8319,-0.0615786,0.00764088,0.042454,0.0737434,0.108367,0.0351795,0.208,0.4705,2559.88,-22991,129.448,11362.1,59062.2,0.0893888,0.0450606,0.0433617,reel,382.95,404,421.05,0.00028397,400
91312,Igny,91,grande_couronne,81,27,4298.9,4301.56,0.024901,0.00978443,22.6255,19.4433,26.3285,commune,1.37819,0.0173697,0,1139,0.118636,0.0308574,0.0115296,2.22659,48.7379,-0.0327342,0.0161336,0.0423704,0.0634682,0.0972638,0.0380594,0.147,0.472,4753.54,-51799.6,352.141,35226.6,159059,0.05897,0.0350991,0.0394534,lmnp,323,404,504.05,0.00148371,401
45252,Pithiviers,45,province,84,28,1519.56,1516.68,0.0281158,0.0124724,13.3797,10.76,16.6372,commune,2.75609,0.0719779,0.119048,2337,0.132879,0.055964,0.0256188,2.25354,48.1734,-0.0583321,0.00417489,0.0423312,0.0722802,0.108874,0.0352895,0.228,0.4785,2170.83,-22317.1,126.984,11107.1,56223.9,0.0938143,0.0461276,0.0431926,reel,305.85,402.5,520,0.00160089,402
13209,Marseille 9e Arrondissement,13,province,2481,827,3400.49,3400.07,0.00627729,0.000621836,19.9486,16.1956,24.5712,commune,1.43242,0.0184388,0.0411125,16573,0.0618857,0.0146158,0.00476947,5.40913,43.254,-0.0461662,0.0119799,0.0423193,0.0679797,0.106855,0.037284,0.1785,0.4765,4867.79,-47942.7,261.087,28864,125818,0.0651031,0.0366523,0.0398176,lmnp,376.9,410.5,432,0.000429899,403
91511,Pussay,91,grande_couronne,35,11.6667,2017.92,2015.28,0.0376418,0.0223565,14.981,12.8085,17.522,commune,2.03973,0.0334262,0,225,0.179159,0.0669501,0.0332476,1.99171,48.3487,-0.046522,0.011685,0.0423163,0.0674207,0.0979643,0.036074,0.184,0.4775,2140.67,-26184.2,169.566,14758.3,74662.9,0.080168,0.0429468,0.0422519,reel,272.85,410,563.1,0.00216506,404
78146,Chatou,78,grande_couronne,729,243,5079.73,5079.97,0.00876961,0.00121364,25.1731,20.9171,30.295,commune,1.10151,0.010529,0,5726,0.203807,0.0697717,0.0390449,2.15472,48.8968,-0.031142,0.0187372,0.0423145,0.0660016,0.09653,0.039453,0.1355,0.477,6532.67,-60060.4,415.388,41091.6,187950,0.0559237,0.0353178,0.0406881,lmnp,376.75,410,447.05,0.000562236,405
62563,Mazingarbe,62,province,38,12.6667,1430.42,1417.65,0.0441508,0.0307521,12.7513,10.7078,15.1849,commune,1.85093,0.0281167,0,502,0.161898,0.0820849,0.051916,2.74467,50.4687,-0.0542269,0.00534245,0.0422999,0.0716752,0.109994,0.0350933,0.2225,0.478,2114.01,-20758.5,116.792,10914.9,52925.6,0.0943888,0.0472605,0.0437653,reel,271.75,406.5,617.15,0.00271412,406
91216,Épinay-sur-Orge,91,grande_couronne,124,41.3333,3648.08,3648.96,0.0201596,0.0064132,20.6758,17.7238,24.1194,commune,1.18794,0.0130794,0,1197,0.104063,0.0465137,0.0240246,2.32144,48.6741,-0.0277836,0.0191859,0.0422941,0.0663406,0.0972868,0.0402563,0.1235,0.475,5388.17,-43640.5,287.777,30836.3,134979,0.0630768,0.0368773,0.0416585,lmnp,335,416.5,501.25,0.00133786,407
54263,Homécourt,54,province,50,16.6667,1050.47,1043.47,0.0388952,0.0238699,11.3349,8.96869,14.3254,commune,2.53509,0.0543162,0,631,0.243039,0.0958283,0.0113252,5.99432,49.221,-0.0610641,0.00709168,0.0422698,0.0752783,0.115164,0.0355921,0.2245,0.4775,1567.5,-17275,90.0261,7520.62,38867.4,0.112349,0.0505477,0.0438624,reel,283.65,412.5,569.05,0.00234011,408
77121,Collégien,77,grande_couronne,73,24.3333,3870.91,3868.3,0.0255196,0.0102768,22.2317,18.7792,26.319,commune,1.81758,,0,264,0.100017,0.00696592,0.00532762,2.67291,48.8378,-0.0286866,0.0182603,0.042247,0.0658506,0.0979099,0.0395029,0.1335,0.4655,4974.6,-47307,304.394,32204.6,143224,0.0642694,0.0365203,0.0414757,lmnp,301.7,416,535.25,0.00183669,409
74034,Le Biot,74,province,94,31.3333,2675.56,2663.75,0.0270813,0.0115731,18.4759,13.1828,25.8941,maille,1.97984,0.0316456,0,189,0.479394,0.136965,0.046296,6.64457,46.2842,-0.0657579,0.00376371,0.0422209,0.071821,0.109186,0.0337056,0.2335,0.477,3371.22,-40680.9,221.96,19473.6,98995.8,0.0761375,0.044023,0.0412369,reel,333.85,422.5,512.2,0.00139833,410
95063,Bezons,95,grande_couronne,485,161.667,3948.62,3948.66,0.00992084,0.00155319,22.8204,18.4711,28.1939,commune,1.94896,0.0309324,0.0329897,4633,0.157054,0.0836738,0.0299461,2.21344,48.9283,-0.0340514,0.0158626,0.042186,0.0664536,0.0998595,0.0392619,0.141,0.48,5060.98,-50378.3,319.522,33127.8,146099,0.0647936,0.036739,0.0405673,lmnp,375.95,415.5,452.2,0.000636123,411
91479,Paray-Vieille-Poste,91,grande_couronne,48,16,3666.25,3668.3,0.0322398,0.0164009,20.7956,17.731,24.3899,commune,1.40835,0.0179153,0,1002,0.151827,0.0523956,0.0314711,2.36061,48.7087,-0.0316391,0.0168676,0.0421853,0.0648361,0.097233,0.0387857,0.1445,0.476,4310.65,-45032.5,295.303,31152.6,135651,0.0631566,0.0362788,0.0396887,lmnp,305.65,407,581.3,0.00215891,412
66150,Prats-de-Mollo-la-Preste,66,province,47,15.6667,1207.89,1191.15,0.0450193,0.0319743,12.1854,8.59482,17.276,maille,2.84919,0.0850898,0,132,0.264554,0.128795,0.0447741,2.4791,42.404,-0.06693,0.00413001,0.0421651,0.0727562,0.11804,0.0338183,0.233,0.4795,1391.95,-20917.7,110.232,9088.32,44692,0.106156,0.049274,0.0408481,reel,272.95,410.5,563.15,0.00236136,413
94053,Noiseau,94,petite_couronne,52,17.3333,3915.39,3918.91,0.0311795,0.0153366,21.2375,18.7746,24.0234,commune,1.24043,0.0144044,0,359,0.0487358,0.0151376,0.0152011,2.5491,48.7753,-0.0516744,0.0162139,0.0421183,0.0686004,0.103903,0.0365594,0.1755,0.475,6167.65,-52213.1,309.676,32696.9,144870,0.0604919,0.0355827,0.0399878,lmnp,301.4,414,552.1,0.0020937,414
78545,Saint-Cyr-l'École,78,grande_couronne,503,167.667,4141.69,4141.78,0.0105546,0.00175798,22.4411,19.3212,26.0649,commune,1.37471,0.0172934,0,6426,0.101628,0.0812586,0.00863422,2.06229,48.8023,-0.0314344,0.0184127,0.042113,0.0646772,0.0953272,0.0386333,0.1415,0.474,5091.05,-51810.6,341.657,34078.7,153242,0.0606742,0.0360165,0.0408079,lmnp,376.95,416,458.05,0.000687268,415
91689,Wissous,91,grande_couronne,124,41.3333,4119.98,4120.94,0.0201596,0.0064132,22.396,19.372,25.8921,commune,1.19635,0.0133251,0,874,0.134608,0.0487525,0.0492015,2.32418,48.7397,-0.0275782,0.0187071,0.0420755,0.0658339,0.0978425,0.0399944,0.134,0.4735,5767.24,-46411.6,322.883,34702.9,152439,0.0608625,0.0366727,0.0419057,lmnp,335.85,417.5,514.1,0.00139717,416
77067,Cesson,77,grande_couronne,62,20.6667,3534.19,3535.18,0.0276659,0.0120781,19.8024,17.0965,22.9365,commune,1.00986,0.00597558,0,847,0.0494926,0.019439,0.00520675,2.60249,48.5671,-0.029202,0.0190195,0.042,0.0645145,0.0972787,0.0396004,0.133,0.4695,4671.87,-41735,272.766,29878.7,130765,0.0621438,0.0362531,0.041211,lmnp,314.95,404,555.15,0.00178504,417
76451,Mont-Saint-Aignan,76,province,601,200.333,2282.48,2281.59,0.0130206,0.00267536,15.6825,13.0487,18.848,commune,1.19229,0.013203,0,5270,0.0974621,0.0228757,0.00918154,1.07639,49.4633,-0.060655,0.00383424,0.0419794,0.0697362,0.104187,0.0326617,0.222,0.4825,2908.24,-30886.2,185.748,16157.7,84451.8,0.0745637,0.0421916,0.0417777,reel,371.75,416.5,466.1,0.000778265,418
78005,Achères,78,grande_couronne,281,93.6667,3731.52,3731.4,0.0141115,0.00314248,21.2826,18.3485,24.6859,commune,1.60209,0.0223415,0,4355,0.0659319,0.0135931,0.00723889,2.07011,48.9615,-0.0321015,0.0174981,0.0419235,0.0637586,0.0952829,0.0383208,0.1415,0.4805,4147.8,-45256.6,294.289,31208.9,138066,0.0636179,0.0362421,0.0409549,lmnp,366.9,430.5,494,0.000973967,419
59139,Caudry,59,province,73,24.3333,1286.09,1280.82,0.0326544,0.0168256,12.0641,10.1498,14.3395,commune,2.60818,0.0591952,0.0273973,2234,0.149124,0.0416666,0.0139551,3.40505,50.1114,-0.060717,0.00460561,0.0419171,0.0707757,0.107835,0.0342077,0.225,0.48,1703.78,-18090.6,110.19,9205.28,47585.2,0.0985697,0.0460361,0.0425867,reel,324.65,423.5,556,0.00175777,420
77294,Mitry-Mory,77,grande_couronne,100,33.3333,3335.78,3333.59,0.0218341,0.00752297,20.4762,17.6316,23.7798,commune,1.60673,0.0224596,0,1345,0.202476,0.11058,0.0156846,2.61257,48.9741,-0.0489534,0.0104773,0.0418633,0.0654551,0.0970835,0.035369,0.192,0.479,3280.82,-41049.6,287.34,23572.3,123424,0.0682643,0.0412197,0.0423036,reel,352.85,431,517.05,0.00128908,421
01053,Bourg-en-Bresse,01,province,1338,446,2165.26,2164.82,0.00706729,0.000788201,15.8687,12.4292,20.2599,commune,2.12152,0.0362353,0.0597907,12345,0.111404,0.038164,0.0138679,5.22617,46.2038,-0.0613963,0.00576352,0.0418388,0.0732359,0.109658,0.0347838,0.2175,0.4825,3283.04,-30176,177.099,15395.5,80114.7,0.0796319,0.043485,0.0424131,reel,398.95,425.5,453.1,0.000434008,422
25307,Les Hôpitaux-Neufs,25,province,55,18.3333,3225.47,3212.25,0.0405356,0.0259264,20.6213,15.2817,27.8266,commune,1.71766,0.0249066,0,207,0.449442,0.0811602,0.0147327,6.37401,46.7767,-0.065809,0.00397519,0.0417381,0.0727294,0.111019,0.0336274,0.2305,0.486,4355.3,-47234.6,264.33,22812.3,119342,0.0711386,0.0428429,0.0416867,reel,297.45,439,629.2,0.00239783,423
13108,Tarascon,13,province,198,66,1866.54,1862.06,0.0221419,0.00773632,14.5013,11.5239,18.2481,commune,2.48695,0.0518008,0.393939,1612,0.112356,0.0150224,0.0043773,4.66153,43.8051,-0.0621983,0.00502875,0.0417344,0.0718614,0.11005,0.0343055,0.2215,0.482,2782.62,-26167.8,152.908,13131,69062.2,0.0835855,0.0432684,0.0416369,reel,357.3,436,527.2,0.0012359,424
91232,La Ferté-Alais,91,grande_couronne,51,17,2647.11,2645.41,0.0312922,0.0154511,17.6716,15.2,20.5451,commune,1.9185,0.0300752,0,506,0.185981,0.0598363,0.0382055,2.34838,48.4819,-0.0433354,0.0124389,0.0416639,0.0659387,0.0977972,0.0360657,0.185,0.481,2820.8,-33135.1,221.937,19163.8,97943,0.0733098,0.041918,0.0421521,reel,332.8,429,551.65,0.00179218,425
03195,Néris-les-Bains,03,province,34,11.3333,866.356,856.253,0.0582195,0.0533687,11.3245,8.73006,14.6901,commune,2.93794,0.108256,0,206,0.2491,0.204698,0.157504,2.66166,46.2882,-0.0581209,0.00711241,0.0416215,0.0741242,0.121349,0.0377668,0.21,0.4865,1032.86,-16078.7,83.5998,8545.6,32055.2,0.136081,0.0598747,0.0402117,reel,267.95,425,612.3,0.00258486,426
92050,Nanterre,92,petite_couronne,977,325.667,5299.37,5299.09,0.0075006,0.000887799,26.3355,19.8625,34.9181,commune,1.40023,0.0177772,0.035824,29230,0.0940072,0.0448802,0.0232149,2.20123,48.8909,-0.0535903,0.0124047,0.041554,0.0710912,0.109503,0.036137,0.1815,0.4825,8701.87,-76479.9,436.208,42419,196077,0.056238,0.0351076,0.0406601,lmnp,406,438.5,471.1,0.00049039,427
91272,Gif-sur-Yvette,91,grande_couronne,274,91.3333,4274.2,4275.18,0.0135855,0.00291255,22.304,19.208,25.8989,commune,1.10586,0.0106445,0,4539,0.165175,0.0313137,0.00513857,2.12041,48.6991,-0.0314716,0.0181138,0.0415472,0.0647302,0.0965539,0.0388712,0.1405,0.4785,5317.79,-49926.3,342.847,34992.4,158145,0.0584081,0.0354191,0.0401299,lmnp,378.85,438.5,498,0.000953865,428
10297,Pont-Sainte-Marie,10,province,35,11.6667,1850.69,1845.2,0.0520792,0.0427415,14.0555,10.9202,18.0909,commune,1.91415,0.0299401,0,555,0.0754946,0.0242717,0.0146339,4.09714,48.3164,-0.0622226,0.00401164,0.0415211,0.0708134,0.110765,0.0337253,0.232,0.488,2440.44,-26004.6,153.804,13255.4,68475.7,0.0814103,0.0426598,0.0412522,reel,249.85,430.5,657.5,0.00300262,429
92026,Courbevoie,92,petite_couronne,2734,911.333,6872.88,6872.81,0.00448502,0.000317438,30.5501,24.3261,38.3666,commune,1.21085,0.0136848,0,22947,0.211588,0.086878,0.0364829,2.25568,48.8996,-0.0541651,0.0100908,0.0415039,0.0670463,0.105322,0.0344756,0.197,0.4845,8969.99,-98410,596.443,53712.9,254297,0.0507213,0.0334357,0.0384592,lmnp,420,440,461,0.000298428,430
94079,Villiers-sur-Marne,94,petite_couronne,660,220,4052.21,4052.45,0.00881299,0.00122566,21.8307,18.4628,25.813,commune,1.28393,0.0154675,0.15303,6567,0.0841228,0.0218112,0.0142357,2.54364,48.8271,-0.0487754,0.0150247,0.04149,0.0686347,0.105474,0.0370738,0.1735,0.487,6778.66,-53671.9,322.785,33581.5,149932,0.0602063,0.0356574,0.0401076,lmnp,410.95,436.5,481.1,0.000564256,431
91471,Orsay,91,grande_couronne,214,71.3333,4224.12,4225.06,0.0153662,0.00372611,22.4174,19.0644,26.3601,commune,1.26827,0.0150209,0,3559,0.156502,0.0540742,0.0282748,2.1897,48.6976,-0.0318436,0.0172251,0.0414071,0.0636151,0.0955139,0.0381257,0.1465,0.48,4614.69,-51502.2,344.024,35047.5,156292,0.0594228,0.0355927,0.0398559,lmnp,375.85,437,510.35,0.00103322,432
16374,Soyaux,16,province,42,14,1605.48,1599.89,0.0419126,0.0276843,12.8469,10.2901,16.0389,commune,1.52697,0.0207547,0,3003,0.226785,0.0144282,0.00472205,0.182981,45.6422,-0.0677897,0.00343021,0.0413936,0.0694069,0.106452,0.0314568,0.23,0.486,1659.24,-23901.4,129.503,11284.5,59402.6,0.0848112,0.0432929,0.0407057,reel,298.6,440.5,617.15,0.00242788,433
78688,Voisins-le-Bretonneux,78,grande_couronne,116,38.6667,4419.85,4421.51,0.0219147,0.00757851,22.8487,20.1617,25.8939,commune,1.16357,0.0124688,0,1074,0.0834343,0.0159473,0.00973055,2.05026,48.7601,-0.0301637,0.0169428,0.0413893,0.0646331,0.0946977,0.0384073,0.1435,0.4815,5046.13,-50453.2,354.328,36045.2,163534,0.0579623,0.0352765,0.0406133,lmnp,351.9,439.5,550.15,0.00139665,434
95488,Pierrelaye,95,grande_couronne,78,26,3653.77,3657.59,0.0246396,0.00958001,20.3192,17.4667,23.6376,commune,1.16183,0.0124021,0,1202,0.111481,0.0269244,0.0208107,2.15359,49.0219,-0.0347389,0.0174234,0.0413809,0.0639796,0.0948809,0.0382333,0.1415,0.4855,4008.23,-44902.8,286.463,30955,135189,0.0618076,0.0359592,0.03995,lmnp,352.7,455,581.1,0.00164179,435
95637,Vauréal,95,grande_couronne,157,52.3333,3843.03,3845.43,0.0174089,0.00478255,20.6996,18.189,23.5567,commune,1.00899,0.00591113,0.044586,1614,0.0257572,0.00861977,0.00647128,2.02275,49.0295,-0.0326431,0.0172929,0.0413671,0.0654884,0.0952134,0.0384899,0.147,0.4865,4484.23,-44820.2,303.704,31987.3,142192,0.0599514,0.0356312,0.0408887,lmnp,371.95,440,520.35,0.00113294,436
69276,Feyzin,69,province,132,44,2685.28,2678.46,0.0221549,0.0077456,17.3313,13.8221,21.7314,commune,1.23028,0.0141052,0,1874,0.053146,0.0373678,0.008695,4.85918,45.671,-0.0639705,0.00350244,0.0413594,0.0703438,0.107927,0.0329677,0.2245,0.489,3546.36,-38019,220.299,18927.3,99355.2,0.070747,0.0413644,0.0410743,reel,366.95,441,534.3,0.0012286,437
94077,Villeneuve-le-Roi,94,petite_couronne,204,68,3567.84,3566.75,0.0158307,0.00395453,21.8172,18.7529,25.3824,commune,2.03161,0.033189,0.00490196,3465,0.161934,0.055476,0.0448965,2.42597,48.7389,-0.0665541,0.00499576,0.0413476,0.0711576,0.10625,0.0321676,0.225,0.4895,5090.12,-48912.7,299.34,25619.2,132010,0.0683346,0.0412067,0.0416816,reel,388.95,443,505.1,0.000856322,438
84129,Sorgues,84,province,204,68,1904.54,1901.05,0.0228128,0.00821195,14.2583,11.6904,17.3903,commune,1.63805,0.0231949,0.279412,2570,0.11162,0.0591132,0.0191597,4.87297,44.0094,-0.0606072,0.00402597,0.0413354,0.0690361,0.108445,0.0325128,0.2285,0.491,2278.31,-26751.5,159.044,13631.9,70468.1,0.0803866,0.0429281,0.0412898,reel,379.75,446,554.05,0.00127315,439
91659,Villabé,91,grande_couronne,37,12.3333,3047.6,3048.53,0.0366323,0.0211736,18.6846,16.3992,21.2884,commune,1.43474,0.0185275,0,468,0.105794,0.0463299,0.0270645,2.45987,48.5904,-0.0494582,0.010136,0.0413272,0.065113,0.0966299,0.0343407,0.197,0.484,2503.3,-38909.6,259.172,21725.2,112761,0.0676646,0.0401363,0.0409307,reel,313.95,440,591.35,0.00203524,440
91021,Arpajon,91,grande_couronne,342,114,3176.08,3176.04,0.0121636,0.0023348,19.4392,16.5943,22.7718,commune,1.63022,0.023052,0.0584795,3235,0.143855,0.0386133,0.0185232,2.24695,48.5892,-0.0473825,0.0110251,0.0413208,0.0655682,0.0962715,0.0351273,0.1865,0.488,2965.32,-39004.2,268.226,22497.3,117515,0.0677785,0.0403331,0.0411303,reel,404,450,493.15,0.000655271,441
25527,Saint-Vit,25,province,45,15,1999.28,1994.05,0.0446859,0.0315063,14.4224,11.273,18.4518,commune,1.6978,0.0245428,0,567,0.0963446,0.0137939,0.00417364,5.80881,47.1813,-0.0730816,0.00204784,0.041296,0.0705508,0.108155,0.0310773,0.2355,0.487,2073.29,-30088,167.966,14080.9,73973.4,0.0775625,0.0415167,0.0401945,reel,299.9,442,633,0.00237608,442
78502,Le Port-Marly,78,grande_couronne,159,53,4441.58,4442.56,0.0187374,0.00554033,23.0641,19.2503,27.6334,commune,1.21491,0.0138037,0,1340,0.145337,0.042778,0.0217099,2.10839,48.8795,-0.0346689,0.0161308,0.041277,0.0651108,0.0960146,0.0380285,0.157,0.48,4719.88,-54541,364.642,36380,164339,0.0582606,0.0354172,0.0402228,lmnp,358.7,443,513.1,0.00122631,443
25321,Villers-le-Lac,25,province,125,41.6667,2765.02,2760.55,0.0270845,0.0115757,18.4709,13.5189,25.2368,commune,2.49275,0.0520314,0,745,0.2097,0.10869,0.0716021,6.66969,47.0602,-0.0647147,0.00226794,0.0412486,0.0701826,0.10888,0.0315496,0.2355,0.4875,3006.18,-41190.7,236.038,20511.7,102306,0.0736524,0.0416791,0.0391789,reel,361,441,545.05,0.00142578,444
92014,Bourg-la-Reine,92,petite_couronne,519,173,5545.51,5545.29,0.0102871,0.00166994,26.4985,22.4023,31.3438,commune,1.12471,0.0112765,0,4643,0.254579,0.0888498,0.0424284,2.31578,48.7802,-0.0546012,0.0136961,0.0412334,0.0673015,0.103585,0.035505,0.176,0.487,8234.74,-76652,471.871,44388.4,205184,0.0540946,0.0346146,0.0392281,lmnp,416.85,452,502,0.000638817,445
33114,Cavignac,33,province,46,15.3333,2004.63,1993.28,0.0342154,0.0184724,14.8329,12.1142,18.1617,commune,2.25841,0.0412805,0,185,0.0498747,0.0036688,0.00155496,-0.384317,45.0964,-0.0664077,0.00552944,0.0411166,0.0706651,0.106863,0.0326593,0.227,0.491,2481.36,-28290.9,167.899,14045.4,74171.3,0.0798124,0.0421619,0.0410889,reel,333.7,455,625.15,0.00200197,446
51108,Châlons-en-Champagne,51,province,776,258.667,1526.56,1526.09,0.0100094,0.00158101,12.8841,10.3955,15.9685,commune,2.38747,0.0467157,0.0141753,15493,0.172255,0.0623036,0.0192602,4.36514,48.9561,-0.0634163,0.00270388,0.0411032,0.0712274,0.107353,0.0330958,0.238,0.491,1667.68,-22171.9,130.63,11022.1,56482.8,0.0894884,0.0439078,0.0401989,reel,418.95,453,499.1,0.00057963,447
91433,Morigny-Champigny,91,grande_couronne,31,10.3333,2675.13,2677.97,0.0399394,0.0251686,16.8733,14.5063,19.6266,commune,1.43532,0.0185464,0,194,0.221811,0.036037,0.0199917,2.18454,48.4473,-0.0465695,0.00695635,0.041058,0.0629032,0.0959316,0.0333499,0.205,0.4885,1442.65,-33916.7,231.015,19072.4,98979.9,0.0689611,0.0396331,0.0394992,reel,326.9,470,633.15,0.00214076,448
74094,Cranves-Sales,74,province,63,21,4554.46,4539.13,0.0329864,0.01717,23.1328,18.5948,28.7781,commune,1.13878,0.0116959,0,618,0.0817706,0.0123384,0.0156463,6.28972,46.1872,-0.0522349,0.0114672,0.0410294,0.0675851,0.10638,0.0353396,0.1845,0.488,5923.27,-64353.9,366.513,37118.6,168515,0.0569975,0.0349136,0.0386654,lmnp,317,462.5,640.2,0.00225357,449
95323,Jouy-le-Moutier,95,grande_couronne,93,31,3528.45,3532.38,0.0225825,0.00804728,19.4948,17.3925,21.8512,commune,1.00551,0.00531208,0,1696,0.0801534,0.00763088,0.00616384,2.02747,49.0108,-0.0325072,0.0165186,0.0409583,0.0628695,0.0936545,0.037044,0.1515,0.4905,3177.13,-41984.2,279.783,29785.3,130553,0.0611989,0.0354716,0.0394013,lmnp,369.85,468,590.35,0.00147583,450
45302,Saran,45,province,78,26,2078.73,2080.31,0.0291634,0.0134189,14.3386,12.0125,17.115,commune,1.14501,0.0119067,0,1544,0.0721256,0.00919104,0.00866563,1.88016,47.9543,-0.0615714,0.00291989,0.0409501,0.0676996,0.105987,0.0316881,0.2375,0.491,1998.54,-28665.8,172.571,14683.5,76913,0.074114,0.04055,0.0394798,reel,354.45,453,593.55,0.00167638,451
91249,Forges-les-Bains,91,grande_couronne,31,10.3333,3106.67,3105.72,0.0399394,0.0251686,19.2384,16.8137,22.0129,commune,1.62065,0.0228509,0,237,0.118673,0.026488,0.00928139,2.09197,48.6285,-0.0481176,0.0102896,0.0409454,0.0657558,0.0993959,0.0356689,0.181,0.489,3169.12,-37947.4,260.671,21896.6,114947,0.0685175,0.0406723,0.041724,reel,326.85,454,647.05,0.00223127,452
82112,Moissac,82,province,60,20,1599.21,1594.59,0.0323275,0.0164837,13.3738,10.8411,16.4983,commune,2.67575,0.0642147,0.433333,1445,0.122875,0.0297307,0.0185551,1.08291,44.1053,-0.0665759,0.00331398,0.0409334,0.0703317,0.108628,0.033186,0.2355,0.4905,1901.61,-23586.2,134.246,11546.1,59170.7,0.0890979,0.0439698,0.0412083,reel,349.95,470,595.15,0.00179598,453
95487,Persan,95,grande_couronne,182,60.6667,3031.17,3031.36,0.0161744,0.00412832,19.1298,16.3645,22.3623,commune,2.16531,0.0377207,0.0164835,2887,0.0415992,0.00897185,0.0111892,2.27741,49.1525,-0.0505344,0.00845049,0.0409246,0.0661099,0.0975147,0.0344436,0.2025,0.49,2555.65,-37621.8,258.048,21324.4,112153,0.0697938,0.0404554,0.0412197,reel,402,458.5,525.15,0.00091065,454
33058,Blaye,33,province,66,22,1669.08,1661.33,0.0286444,0.0129471,13.6357,10.9745,16.9421,commune,2.83295,0.082699,0,786,0.0989253,0.0426333,0.0175666,-0.652594,45.1283,-0.0726001,0.00341929,0.040864,0.0691121,0.109356,0.0315486,0.2305,0.4895,1685.86,-25292,144.8,11953.7,61755.9,0.0872505,0.0431563,0.0402193,reel,369,460.5,586.45,0.00159369,455
59153,Condé-sur-l'Escaut,59,province,43,14.3333,1412.3,1403.85,0.042301,0.0282329,12.5461,10.5689,14.8931,commune,2.78799,0.0756838,0.0465116,836,0.118494,0.0304078,0.0122336,3.60707,50.4641,-0.0604413,0.0042072,0.0408618,0.0693543,0.108776,0.0327698,0.229,0.4875,1635.19,-20557.6,121.423,10121.8,52255.3,0.0938558,0.0444732,0.0413867,reel,296.35,472,623.45,0.00254764,456
91553,Saint-Germain-lès-Corbeil,91,grande_couronne,79,26.3333,3428.9,3429.19,0.0252111,0.0100297,20.2421,17.5002,23.4135,commune,1.64762,0.0233939,0,749,0.0624976,0.0116461,0.00574856,2.49097,48.6285,-0.0315979,0.0176827,0.0408294,0.0644158,0.0952873,0.0381349,0.145,0.4895,3644.74,-42060.1,272.737,29065.3,126869,0.0655909,0.0364221,0.0405611,lmnp,350,464,592.3,0.00175533,457
91425,Montlhéry,91,grande_couronne,154,51.3333,3330.04,3330.05,0.0181009,0.00517034,19.9608,17.1281,23.262,commune,1.89124,0.0291486,0,1893,0.107481,0.0286387,0.0158493,2.27087,48.6405,-0.0452295,0.00893247,0.0408071,0.0642777,0.0946926,0.0336891,0.2065,0.489,2123,-41058.8,286.098,23536.8,123212,0.0665246,0.0394533,0.0399365,reel,405,467,530.05,0.000950019,458
60142,La Chapelle-en-Serval,60,province,43,14.3333,3258.22,3261.31,0.0393699,0.0244554,19.0459,16.1454,22.4675,commune,1.29321,0.0156134,0,388,0.104975,0.0366925,0.0108039,2.53425,49.1283,-0.0493554,0.0109807,0.0408043,0.0663604,0.103121,0.034245,0.191,0.4935,3314.78,-46216.2,261.682,28018.1,120554,0.0646214,0.0360842,0.0375878,lmnp,300.75,462,650.3,0.00274433,459
42095,Firminy,42,province,328,109.333,1084.45,1082.04,0.0178272,0.00501504,11.2401,8.55461,14.7686,commune,2.57657,0.0564576,0.0243902,5129,0.199986,0.049013,0.021082,4.28717,45.3887,-0.0665851,0.00485485,0.0407722,0.0742726,0.115197,0.0343878,0.2235,0.4945,1461.78,-17986.4,90.0001,7958.82,40124.5,0.10778,0.0480983,0.0425527,reel,402,467.5,552.05,0.00106539,460
78206,Ecquevilly,78,grande_couronne,38,12.6667,3039.66,3041.03,0.0379965,0.02278,18.2783,15.0074,22.262,commune,1.26146,0.0148883,0,561,0.0814068,0.0145615,0.00633253,1.92107,48.95,-0.0505204,0.00784135,0.0407649,0.0645371,0.0975804,0.0331042,0.201,0.4895,1821.42,-39138.5,259.441,21409,112467,0.0662375,0.0393135,0.040176,reel,351.25,470,627.25,0.00208367,461
76165,Caudebec-lès-Elbeuf,76,province,109,36.3333,1358.8,1353.14,0.0303931,0.0145753,12.2425,9.57687,15.6501,commune,2.42894,0.0489362,0,1984,0.165119,0.0537444,0.0291272,1.0202,49.2821,-0.0660098,0.00279309,0.040737,0.0694243,0.109284,0.033015,0.2335,0.4945,1392.97,-20478.8,115.923,9997.83,50275.8,0.0948702,0.045116,0.0408998,reel,372.75,474,612,0.00164597,462
91458,Nozay,91,grande_couronne,43,14.3333,3703.53,3707.69,0.0340305,0.0182731,20.5739,17.7846,23.8007,commune,1.125,0.0112803,0,304,0.148759,0.128959,0.00741955,2.24237,48.6626,-0.0319024,0.0160909,0.040725,0.0623545,0.0953605,0.0373578,0.1505,0.492,3367.77,-45777.9,315.586,31068,137031,0.0618024,0.0362634,0.0396746,lmnp,339.9,473,632.3,0.00217305,463
38485,Seyssinet-Pariset,38,province,408,136,2475.74,2473.75,0.0142523,0.0032055,16.4582,13.6352,19.8656,commune,1.1627,0.0124481,0,1612,0.214783,0.0507976,0.0156212,5.69478,45.177,-0.0640495,0.004413,0.0406739,0.0683926,0.106101,0.0307334,0.228,0.4955,2468.23,-34873.3,205.368,17528.2,91602.4,0.0725027,0.0417894,0.0406323,reel,426,477,542.3,0.000780663,464
19275,Ussel,19,province,56,18.6667,983.999,977.823,0.0406328,0.0260317,11.0164,8.70297,13.9447,commune,2.86862,0.0881946,0,829,0.260571,0.0955669,0.0570966,2.30889,45.5463,-0.0671381,0.00137071,0.0406697,0.0729728,0.113819,0.0329993,0.2435,0.497,889.553,-16867.5,87.0974,7801.71,36407.9,0.116053,0.0502265,0.0393428,reel,346.95,470,605.7,0.00204186,465
77464,Thorigny-sur-Marne,77,grande_couronne,156,52,3577.89,3577.77,0.0175048,0.00483548,20.3487,17.4683,23.7041,commune,1.42604,0.0182613,0,2425,0.146397,0.0309768,0.0271146,2.70926,48.8845,-0.0307669,0.0151901,0.0406687,0.062803,0.0953091,0.0372211,0.15,0.4895,3193.37,-44077.6,289.446,30511.1,132382,0.0632174,0.0359229,0.0389784,lmnp,388,480.5,560.25,0.0012348,466
78674,Villepreux,78,grande_couronne,104,34.6667,4140.14,4143.18,0.0231345,0.00844556,21.3836,18.2125,25.1069,commune,1.04843,0.00870406,0,1106,0.0775629,0.0128572,0.00593532,1.99735,48.8314,-0.0362304,0.0165118,0.0406043,0.0639583,0.0965535,0.0370155,0.157,0.4925,3642.67,-51063.5,339.162,34113.7,153185,0.0576317,0.0345743,0.0388091,lmnp,371.75,474.5,589.4,0.00157895,467
93053,Noisy-le-Sec,93,petite_couronne,551,183.667,3672.48,3672.62,0.0109789,0.0019021,21.8631,18.4366,25.9265,commune,2.26189,0.0414409,0.101633,11984,0.198102,0.0723697,0.0204564,2.45958,48.8926,-0.0700496,0.00257441,0.0406027,0.0689341,0.1078,0.0300229,0.2365,0.496,4100.45,-52335.9,321.001,26118,135882,0.0665374,0.0397764,0.0396225,reel,440.95,478.5,517,0.00053148,468
74311,Viuz-en-Sallaz,74,province,64,21.3333,3274.28,3254.81,0.0327321,0.0169063,20.6371,15.9147,26.7609,commune,2.08121,0.0348,0,511,0.197758,0.07208,0.0501642,6.41035,46.1486,-0.0621396,0.00250713,0.0405989,0.0700001,0.109244,0.0322821,0.2375,0.493,3769.24,-46308,275.353,23758.1,121148,0.0701363,0.0416376,0.0404919,reel,346.9,474,608.45,0.00188611,469
76341,Harfleur,76,province,78,26,1861.7,1855.28,0.035826,0.0202508,13.9322,11.44,16.9673,commune,1.59861,0.0222618,0,2963,0.162896,0.0167863,0.0069035,0.202002,49.508,-0.0597175,0.00308653,0.040582,0.0701605,0.108074,0.0331913,0.233,0.4955,2331.19,-25607.2,152.719,13134,68883,0.0801344,0.042426,0.040779,reel,344.95,476.5,622.4,0.0020977,470
28218,Lucé,28,province,208,69.3333,2255.34,2256.42,0.0184006,0.00534254,15.2591,13.3143,17.488,commune,1.34455,0.0167686,0.00961538,5188,0.0978789,0.00775679,0.00314848,1.46948,48.4391,-0.0602513,0.00193063,0.0405547,0.0671828,0.106765,0.0314598,0.241,0.496,2195.66,-30618.2,187.824,15842.9,83447.6,0.0732082,0.0407308,0.0397029,reel,414.95,481,567.05,0.0010939,471
90099,Valdoie,90,province,121,40.3333,1303.89,1302.02,0.0307108,0.0148777,11.8678,9.41009,14.9675,commune,2.20882,0.0394623,0,1052,0.208029,0.0357204,0.0172662,6.8437,47.6649,-0.064134,0.00284889,0.0405502,0.0696248,0.107058,0.0322503,0.2355,0.4965,1196.29,-19664.4,108.378,9422.79,48243.8,0.0954179,0.0450159,0.0406123,reel,366.9,485,630,0.00175503,472
92063,Rueil-Malmaison,92,petite_couronne,1952,650.667,5858.23,5858.18,0.00530758,0.000444551,27.359,22.6683,33.0203,commune,1.29292,0.0156126,0,17415,0.178885,0.049137,0.0344092,2.18217,48.877,-0.0536222,0.0104394,0.0405478,0.06764,0.103633,0.0338124,0.195,0.4905,6979.26,-82299.8,505.593,46594.1,216754,0.0529696,0.0337271,0.0381125,lmnp,454.95,479,502.1,0.000315136,473
38316,Pont-de-Chéruy,38,province,134,44.6667,2416.4,2409.12,0.0247884,0.00969648,16.8181,13.4659,21.005,commune,2.23144,0.0403656,0,817,0.207407,0.0441673,0.035006,5.17374,45.7513,-0.0674224,0.00114674,0.0405025,0.0686469,0.104828,0.0305383,0.243,0.493,2162.25,-36055.8,204.658,17456.7,89406.7,0.076071,0.0422228,0.0401028,reel,383.9,473,585.15,0.00146232,474
74040,Bonne,74,province,56,18.6667,4385.58,4366.45,0.0349501,0.0192749,23.0066,18.1651,29.1385,commune,1.55916,0.0214106,0,396,0.100909,0.0563269,0.0449268,6.3212,46.1685,-0.0528762,0.00964451,0.040457,0.0666073,0.100847,0.0330369,0.193,0.4955,3636.78,-65991.1,370.942,36432.6,162266,0.0588472,0.0346766,0.036751,lmnp,337.85,486,638.1,0.00222209,475
91333,Leuville-sur-Orge,91,grande_couronne,36,12,3157.18,3158.26,0.0371267,0.021749,19.101,16.063,22.7136,commune,1.51523,0.0204918,0,340,0.0964476,0.0542494,0.0202112,2.26235,48.6148,-0.0489872,0.0110544,0.0404447,0.0649894,0.0972275,0.0342856,0.1945,0.4955,2331.71,-40889.7,272.143,22455.9,116816,0.066899,0.0398011,0.0405482,reel,369.8,496.5,663.75,0.00195549,476
92002,Antony,92,petite_couronne,1232,410.667,5345.69,5345.59,0.00668,0.000704171,25.9079,21.7749,30.8254,commune,1.26769,0.0150105,0.00487013,15132,0.144813,0.0790262,0.0153191,2.30301,48.7529,-0.0506932,0.0123044,0.040403,0.0689291,0.105784,0.0350141,0.184,0.4955,7948.93,-74034.6,457.163,42568.5,197791,0.0547909,0.0344211,0.0390504,lmnp,455,488,529,0.000470385,477
29124,Lesneven,29,province,74,24.6667,1876.02,1867.78,0.0306509,0.0148234,13.8626,10.9156,17.6052,commune,1.625,0.0229599,0,705,0.155783,0.0366411,0.0290341,-4.32467,48.5731,-0.0647623,0.00288449,0.040361,0.0684867,0.107379,0.0317762,0.235,0.4975,1720.03,-26823.9,156.475,13664.1,69412.6,0.0790778,0.0417204,0.0392034,reel,378.95,482,613.8,0.00157415,478
65040,Aspin-en-Lavedan,65,province,38,12.6667,1169.85,1146.56,0.0490969,0.0380139,11.165,9.04823,13.777,maille,2.44026,,0,81,0.103266,0.0228564,0.0352319,-0.047809,43.0758,-0.0660362,0.00010672,0.0403447,0.0700462,0.109905,0.0320423,0.2485,0.4985,1031.53,-18679.2,98.5304,8798.55,43284.5,0.0991408,0.0443536,0.0399504,reel,315.95,479,698.05,0.00277582,479
28088,Châteaudun,28,province,88,29.3333,1360.33,1358.71,0.028189,0.0125365,12.3834,10.1896,15.0497,commune,2.4449,0.0497058,0.159091,1297,0.217582,0.0817445,0.0380021,1.33346,48.0709,-0.0590009,0.00430111,0.0403331,0.0710777,0.108956,0.0331883,0.2305,0.497,1416.82,-20152.7,119.274,10111,50332,0.0960074,0.0459314,0.0403971,reel,396.75,493,599.5,0.0014946,480
62498,Lens,62,province,266,88.6667,1735.4,1733.59,0.0169096,0.00451209,13.967,11.3801,17.1419,commune,2.75725,0.0722543,0.0263158,6813,0.153753,0.0572365,0.0262486,2.82972,50.4303,-0.0635125,0.00359848,0.0402969,0.068104,0.107458,0.0312425,0.2315,0.499,1675.26,-25395.3,151.559,12570.8,64209.7,0.0862073,0.043304,0.0398579,reel,433.95,491.5,560.15,0.000936943,481
33478,Saint-Seurin-sur-l'Isle,33,province,46,15.3333,1448.2,1439.93,0.0342154,0.0184724,12.037,9.75984,14.8456,commune,1.77262,0.026264,0,182,0.0458635,0.0225886,0.0110109,0.003468,45.014,-0.0663349,0.00414381,0.0402966,0.0692532,0.107332,0.0320727,0.229,0.4955,1511.93,-20976.8,122.52,10355.4,53583.5,0.0873113,0.0424659,0.0406719,reel,349.9,477.5,649.65,0.00208794,482
65286,Lourdes,65,province,622,207.333,1300.47,1298.76,0.0123539,0.00240835,12.2415,9.91367,15.116,commune,2.66299,0.0632546,0.00643087,3606,0.188796,0.07303,0.0371042,-0.045832,43.095,-0.0662441,0.0043136,0.0402949,0.0711821,0.109355,0.0336314,0.2295,0.497,1446.64,-19413.2,112.098,9792.21,48117.4,0.0991166,0.0465783,0.0412982,reel,448.95,491,543,0.000662927,483
95313,L'Isle-Adam,95,grande_couronne,257,85.6667,4312.65,4314.17,0.0136193,0.00292708,22.4474,18.568,27.1373,commune,1.23985,0.0144011,0,2751,0.21012,0.0536393,0.0214451,2.2199,49.1132,-0.0341836,0.0142469,0.0402871,0.0634919,0.0942795,0.0364342,0.1645,0.4975,3349.9,-53318.6,360.262,35524.4,159568,0.0582863,0.0350162,0.0386195,lmnp,429.55,488,559,0.00086636,484
91339,Linas,91,grande_couronne,98,32.6667,3315.57,3315.66,0.0226575,0.00810088,19.8674,16.7183,23.6095,commune,1.54669,0.021171,0,925,0.102289,0.0356778,0.0172546,2.26711,48.6312,-0.047872,0.00918619,0.0402666,0.065882,0.0948303,0.0343271,0.1955,0.4985,2488.17,-41586,281.291,23453.1,122676,0.0664768,0.0399236,0.0408365,reel,417.9,489.5,596.15,0.00135883,485
92077,Ville-d'Avray,92,petite_couronne,193,64.3333,5529.05,5528.7,0.0168463,0.00447804,26.2721,22.0837,31.2549,commune,1.22361,0.0139642,0,3980,0.295673,0.132218,0.0262513,2.18644,48.8262,-0.0567283,0.0115614,0.040263,0.0662328,0.101849,0.0334049,0.1915,0.497,6473.97,-79751.2,491.308,44155.2,204575,0.0537642,0.0340393,0.0376538,lmnp,418.9,489,574.2,0.00102705,486
84092,Le Pontet,84,province,296,98.6667,2004.61,2002.12,0.0189625,0.00567407,14.6987,11.6827,18.4934,commune,1.68823,0.0243041,0.378378,1567,0.112218,0.0380052,0.020548,4.85786,43.9602,-0.0643232,0.00337881,0.0402539,0.0692424,0.108901,0.0323006,0.23,0.4955,2140.62,-28284.8,165.598,14410.4,74170.6,0.0790102,0.0426538,0.0412146,reel,405.8,483.5,575.05,0.00115922,487
74133,Gaillard,74,province,525,175,3811.05,3808.15,0.0115138,0.00209201,23.0083,16.275,32.5273,commune,2.13051,0.0365239,0.114286,3097,0.253594,0.130475,0.0723181,6.20608,46.1847,-0.0642019,0.00277944,0.0402502,0.0698628,0.108503,0.0325059,0.24,0.498,4460.62,-55240.2,325.73,27727.6,141009,0.0677239,0.0411746,0.0402205,reel,450.95,493.5,539.1,0.000589937,488
28110,Le Coudray,28,province,64,21.3333,2681.83,2686.25,0.0329788,0.017157,17.0162,15.0351,19.2584,commune,1.20737,0.0136223,0,500,0.0806261,0.0159905,0.00458256,1.49892,48.4238,-0.0627278,0.0020323,0.0402367,0.0671849,0.105249,0.0310091,0.2385,0.499,2475.75,-36713.6,223.093,18886.7,99227.8,0.069428,0.0403919,0.0396959,reel,376.95,502,653.05,0.00188292,489
59507,Ronchin,59,province,193,64.3333,2519.53,2517.96,0.020188,0.00643136,16.9934,14.2221,20.3047,commune,1.17227,0.0127406,0,3656,0.258984,0.155543,0.0107418,3.08148,50.6058,-0.0634841,0.00680144,0.0402274,0.0690104,0.106893,0.0331452,0.2175,0.499,2990.94,-34631.2,218.463,17814.1,93222.6,0.0737919,0.0429739,0.0416089,reel,423.8,492,575.2,0.0010861,490
77333,Nemours,77,grande_couronne,135,45,2366.82,2365.85,0.0188101,0.00558346,16.2439,13.4551,19.6107,commune,2.375,0.0462176,0.0666667,3622,0.160023,0.0273954,0.0171321,2.69509,48.2671,-0.0490585,0.00825041,0.0401787,0.0647595,0.0957418,0.0335236,0.2045,0.498,1481.26,-30692.7,203.128,16929.3,87572.2,0.0747531,0.0407236,0.040206,reel,427.85,495,573.2,0.000988188,491
10387,Troyes,10,province,2412,804,1685.98,1685.85,0.0064055,0.000647485,13.6842,10.6357,17.6065,commune,2.75087,0.0713996,0.0771144,20000,0.143443,0.0421467,0.0187499,4.07375,48.2955,-0.0711695,0.00321481,0.0401693,0.0710881,0.109647,0.0322308,0.2305,0.4985,1859.48,-25619.3,145.33,12135.2,62381.2,0.0867217,0.0431416,0.0399105,reel,469.95,495,519.05,0.000322173,492
59367,Lys-lez-Lannoy,59,province,135,45,2291.25,2290.33,0.0241052,0.00916913,15.4373,13.1218,18.1615,commune,1.20186,0.0135135,0.0666667,1956,0.135255,0.0177911,0.00483097,3.20924,50.67,-0.0673977,0.00208834,0.0401645,0.0678408,0.106613,0.0310692,0.24,0.4985,2161.11,-31486,189.411,16091,84776.1,0.0729943,0.0410433,0.0400073,reel,400.75,491,586.15,0.00132632,493
91514,Quincy-sous-Sénart,91,grande_couronne,122,40.6667,3139.71,3139.63,0.0203231,0.00651765,19.2698,16.596,22.3743,commune,2.09368,0.0352546,0,1531,0.0747506,0.0365614,0.00991552,2.53442,48.6756,-0.0464572,0.0086924,0.0401518,0.0634667,0.0950321,0.0335921,0.1995,0.4985,2076.83,-39465.7,273.431,22141.8,116169,0.0679162,0.0395651,0.0399377,reel,428.9,497.5,579.15,0.000994652,494
38553,Villefontaine,38,province,99,33,2296.15,2290.1,0.0287901,0.0130797,15.164,12.5015,18.3934,commune,1.20563,0.0136038,0.0606061,4107,0.0656693,0.0054169,0.000882302,5.15874,45.611,-0.0641654,0.00316027,0.0401514,0.0676834,0.105854,0.0304399,0.2375,0.4975,2090.75,-32567.9,193.837,16097.6,84957.7,0.0714096,0.0398702,0.0388366,reel,382.9,502,621.1,0.00158389,495
31483,Saint-Gaudens,31,province,226,75.3333,1605.66,1602.66,0.0178488,0.00502733,13.2989,10.8068,16.3658,commune,2.79901,0.0772765,0.606195,2364,0.181461,0.0608567,0.0251758,0.725496,43.1113,-0.0659415,0.00647754,0.0401452,0.06865,0.107086,0.0322804,0.226,0.4995,1560.75,-23482.7,141.812,11630.9,59409.3,0.0881804,0.0431303,0.0388001,reel,443.75,499,569.1,0.000854277,496
78124,Carrières-sur-Seine,78,grande_couronne,227,75.6667,4814.81,4816.03,0.0156947,0.00388712,23.9015,20.6314,27.6899,commune,1.18881,0.0130924,0,2141,0.093096,0.0408134,0.0307428,2.17799,48.9116,-0.0325745,0.0157879,0.0401024,0.0628047,0.0934837,0.0364076,0.1535,0.499,3684.61,-58569.9,408.519,39226.5,178148,0.0558315,0.0344309,0.0390475,lmnp,429.8,497,584.25,0.00101177,497
63164,Gerzat,63,province,129,43,1872.05,1869.12,0.0243122,0.00932655,13.9597,11.6857,16.6762,commune,1.57802,0.0218308,0,1522,0.0762648,0.0308444,0.0271237,3.1504,45.8266,-0.0646057,0.00398592,0.0400864,0.070402,0.107229,0.0321175,0.2295,0.5,2187.31,-26289.7,155.85,13555.9,69266,0.0798675,0.0423621,0.0408333,reel,414.6,500,603.35,0.00127421,498
76114,Bolbec,76,province,63,21,1291.98,1283.85,0.0397687,0.0249521,11.5753,9.15612,14.6337,commune,2.21665,0.0397805,0,2060,0.143803,0.0316944,0.0151494,0.473514,49.5723,-0.0626074,0.000461639,0.040036,0.0692,0.107888,0.030872,0.248,0.4995,989.698,-20290.1,112.338,9328.66,47803.2,0.0935802,0.0434267,0.0395687,reel,372.95,522.5,692.2,0.00212935,499
25411,Morteau,25,province,296,98.6667,2898.79,2897.13,0.0176595,0.00492129,18.7684,14.1887,24.8262,commune,2.02784,0.0330513,0,1583,0.19003,0.0826007,0.0499018,6.60576,47.0565,-0.0660765,0.00353951,0.0399935,0.069224,0.108516,0.0317709,0.236,0.5,2972.13,-42249,246.107,21067.7,107255,0.0714852,0.0414427,0.0397694,reel,442.9,506,580.1,0.000912793,500
28229,Mainvilliers,28,province,150,50,2184.74,2185.89,0.0216461,0.00739305,15.1298,13.2904,17.2238,commune,1.3924,0.0176125,0.0266667,2685,0.139128,0.024116,0.0163642,1.47215,48.4489,-0.0629911,0.00323155,0.0399912,0.0676552,0.10513,0.0306599,0.2365,0.5,2019.84,-30094.4,182.578,15499.9,80835.2,0.0748638,0.0414274,0.0400258,reel,418.95,503,597.2,0.00114303,501
54521,Thil,54,province,37,12.3333,2547.35,2543.31,0.0450276,0.0319883,17.3875,13.1363,23.0145,maille,2.55133,0.0551509,0,294,0.128547,0.0380943,0.0261912,5.91076,49.4722,-0.0621324,0.00145262,0.0399653,0.0689659,0.106622,0.0309973,0.242,0.5,2290.34,-37063.2,215.916,18345.6,94251.9,0.0748425,0.041439,0.0394553,reel,333.55,501.5,729.25,0.00238543,502
38421,Saint-Martin-d'Hères,38,province,986,328.667,2488.56,2487.91,0.00917661,0.00132891,15.9569,12.8704,19.7834,commune,1.24768,0.0145859,0.0131846,11109,0.107251,0.025443,0.00804831,5.75659,45.1792,-0.0705089,0.00102183,0.039943,0.068195,0.105929,0.0299625,0.2425,0.5,2168.4,-36374.7,210.455,17518.4,92076.7,0.0697119,0.0396046,0.0381824,reel,466.95,504,551.05,0.000516674,503
29105,Landivisiau,29,province,89,29.6667,1526.06,1519.59,0.0279835,0.0123559,12.5048,10.1278,15.4398,commune,2.31003,0.0434028,0,932,0.0753645,0.025916,0.013867,-4.07451,48.5089,-0.064804,0.00212944,0.0399223,0.069272,0.105068,0.0306487,0.242,0.5015,1332.49,-22806.2,132.729,10915.1,56464.3,0.0865351,0.0419147,0.0391349,reel,385.85,511,603.1,0.00160865,504
59332,Lannoy,59,province,43,14.3333,2205.77,2199.9,0.042301,0.0282329,15.5442,13.2176,18.2804,commune,2.07686,0.034642,0,502,0.112061,0.0194232,0.00863591,3.20987,50.6657,-0.0596702,0.00267655,0.0399076,0.0676793,0.107989,0.0319723,0.238,0.501,2125.86,-30575,186.857,15548,81613.3,0.0764045,0.0414739,0.0398668,reel,350.9,527,721.05,0.00232635,505
77183,La Ferté-sous-Jouarre,77,grande_couronne,144,48,2472.56,2471.69,0.0182159,0.00523632,16.6561,13.6509,20.3228,commune,1.98811,0.0319243,0.131944,1822,0.177325,0.0745399,0.0440423,3.12927,48.949,-0.0492582,0.00961848,0.039906,0.064429,0.0959789,0.0339505,0.2005,0.5005,1646.57,-32208.7,214.172,18058.6,91484.8,0.0735564,0.0411171,0.040599,reel,444.9,517,594.2,0.000963015,506
94046,Maisons-Alfort,94,petite_couronne,1392,464,5566.67,5566.93,0.00607034,0.000581505,26.2525,20.7763,33.1721,commune,1.26044,0.0148712,0,18993,0.267306,0.09735,0.0401573,2.43533,48.8056,-0.055573,0.00933264,0.0399012,0.067518,0.104494,0.0332626,0.2,0.501,5989.95,-81463.2,489.024,44593.7,205967,0.0533586,0.0336718,0.0370861,lmnp,481,508,547,0.000386905,507
74201,Neydens,74,province,32,10.6667,5328.94,5289.86,0.0459054,0.0332505,25.9607,20.6153,32.692,commune,1.44316,0.0187333,0,243,0.0695507,0.0366127,0.00783453,6.1068,46.1193,-0.0579408,0.0096814,0.0398968,0.0653355,0.104682,0.0335612,0.1995,0.5025,4802.67,-77370.6,451.686,42409.6,197171,0.0550819,0.0341162,0.0377626,lmnp,298.5,506.5,789.1,0.00311009,508
88209,Golbey,88,province,113,37.6667,1598.54,1598.28,0.0315751,0.0157307,12.7898,10.1111,16.1782,commune,2.06874,0.0343883,0.0442478,1769,0.0623534,0.0168247,0.0036705,6.42844,48.1977,-0.0692191,0.00106614,0.0398937,0.0710844,0.10861,0.0318948,0.245,0.501,1630.89,-23453.2,137.519,11257.4,59145.9,0.0847513,0.0420626,0.0402611,reel,393.9,511,651.05,0.00168158,509
95426,Montlignon,95,grande_couronne,31,10.3333,3464.92,3471.51,0.0388055,0.0237595,20.0205,17.0983,23.4421,commune,1.49623,0.019984,0,180,0.111166,0.0436709,0.0220895,2.28584,49.0098,-0.0493028,0.00806327,0.0398855,0.0629869,0.0952601,0.0329282,0.1985,0.5005,1684.57,-45204,303.88,24642.1,128202,0.0641417,0.0386763,0.0391595,reel,359.95,503.5,683.7,0.00220574,510
95060,Bessancourt,95,grande_couronne,124,41.3333,3958.38,3962,0.0195766,0.00604763,20.8283,17.9378,24.1846,commune,1.07309,0.0096463,0,919,0.0604266,0.0191474,0.0206942,2.21155,49.036,-0.0365049,0.0152904,0.0398628,0.0632792,0.0945415,0.0367634,0.151,0.5005,3543.51,-49249.2,324.783,33036.7,146460,0.0585946,0.0347141,0.0386011,lmnp,415.85,519,611.1,0.00125552,511
84026,Cadenet,84,province,42,14,2678.02,2652.43,0.0495081,0.038662,17.9741,14.0169,23.0485,commune,2.36195,0.0455829,0,336,0.18637,0.0592741,0.0213529,5.3738,43.7343,-0.0648107,0.00498678,0.0398508,0.0673661,0.108205,0.0315944,0.2225,0.501,2624.4,-39393.9,230.144,19161.1,99086.6,0.0738192,0.0416517,0.0398092,reel,346.7,512.5,715.55,0.00250825,512
46042,Cahors,46,province,454,151.333,1628.75,1628.6,0.0135013,0.0028762,13.1449,10.716,16.1243,commune,2.50319,0.0525957,0.00220264,4270,0.133525,0.0321298,0.0117464,1.44079,44.4483,-0.0666098,0.00108961,0.0398426,0.0681206,0.104954,0.0304948,0.244,0.501,1338.08,-23837.6,141.12,11643.3,60263.8,0.0857949,0.0423119,0.0392036,reel,460,512.5,569.15,0.000702754,513
60500,Le Plessis-Belleville,60,province,81,27,3271.71,3272.69,0.0288497,0.0131331,19.2857,16.617,22.3831,commune,1.40473,0.0178571,0,599,0.0840691,0.0291533,0.00400005,2.75517,49.0957,-0.0464857,0.0124393,0.0398137,0.0666728,0.100923,0.0348307,0.1785,0.5015,3536.98,-44813.2,258.23,27917.9,121053,0.0652348,0.0362583,0.0382687,lmnp,385.9,514,682.7,0.00197994,514
13071,Les Pennes-Mirabeau,13,province,199,66.3333,3546.01,3541.32,0.0220866,0.00769774,20.0949,16.0644,25.1366,commune,1.29408,0.0156334,0,1401,0.119139,0.026322,0.00502273,5.32499,43.41,-0.0460411,0.00839074,0.0398121,0.0673411,0.104233,0.0352682,0.201,0.501,3646.03,-50474.5,284.896,29899.6,131202,0.0629265,0.0359998,0.0383839,lmnp,424.4,517,649,0.00141916,515
54273,Jarny,54,province,73,24.3333,1342.94,1340.23,0.0323108,0.0164731,12.0361,9.77603,14.8187,commune,2.28712,0.0423047,0,956,0.164958,0.0470005,0.0157058,5.88032,49.1575,-0.0631664,0.0031747,0.0398026,0.0691166,0.107134,0.0320486,0.233,0.5005,1159.71,-20722.5,115.861,9639.4,49688.7,0.0941471,0.04463,0.0408354,reel,403.65,500.5,657.1,0.00173125,516
27375,Louviers,27,province,179,59.6667,1892.05,1892.14,0.0196402,0.00608665,13.9959,11.3752,17.2204,commune,1.99594,0.032144,0.0446927,3647,0.124575,0.0307609,0.0123868,1.16827,49.2118,-0.0684754,0.00181192,0.0397959,0.0681678,0.10597,0.0303448,0.238,0.501,1611.42,-27325.1,162.834,13459.5,70006,0.0792528,0.0412934,0.0389378,reel,440.95,507,604,0.00108798,517
89025,Avallon,89,province,85,28.3333,1163.18,1162.99,0.0296594,0.0138775,11.3551,9.31308,13.845,commune,2.875,0.0898842,0,1863,0.136243,0.0430163,0.0225857,3.90724,47.4915,-0.0656566,0.00521913,0.0397911,0.0697699,0.10842,0.0329894,0.23,0.5025,1188.82,-17547.5,102.903,8449.35,43037.7,0.101671,0.0449741,0.0398999,reel,392,509.5,653.05,0.0017636,518
59383,Marly,59,province,51,17,1714.39,1709.47,0.0389276,0.0239101,13.4239,11.0758,16.2698,commune,2.19606,0.0389453,0,1439,0.20464,0.0260947,0.0106156,3.54293,50.3449,-0.0656019,0.00125825,0.0397908,0.0676494,0.106348,0.0308191,0.2415,0.504,1436.1,-24589.9,145.852,12156.3,63432.4,0.0834623,0.0422256,0.0389543,reel,381,524,698.2,0.00203024,519
45208,Montargis,45,province,397,132.333,1548.68,1548.23,0.0129959,0.0026652,13.1693,10.6659,16.2603,commune,2.72564,0.0690258,0.256927,5716,0.187526,0.0632556,0.0256943,2.73754,47.9967,-0.0664957,0.00393993,0.0397607,0.0690201,0.108109,0.0319274,0.231,0.501,1304.35,-23212.5,135.261,11336.8,57301,0.0904201,0.0441555,0.0399093,reel,459.95,514,569,0.000725566,520
38169,Fontaine,38,province,685,228.333,2107.86,2106.89,0.0110065,0.00191174,14.7216,12.0462,17.9913,commune,1.55771,0.0213561,0.0437956,4385,0.165498,0.0374654,0.0193998,5.69189,45.1928,-0.070186,0.00180034,0.0397404,0.0666251,0.105808,0.0297811,0.239,0.5055,1653.11,-31267.4,180.483,15027.9,77990.7,0.0752707,0.0408966,0.0387074,reel,469.85,516,560.05,0.000595236,521
88465,Thaon-les-Vosges,88,province,89,29.6667,1514.05,1513.62,0.0355042,0.0198883,12.3769,9.51149,16.1054,commune,2.07657,0.0346331,0,1646,0.0687194,0.0144795,0.00751982,6.41416,48.2568,-0.067217,0.00183935,0.0397332,0.0706892,0.111937,0.0321453,0.2395,0.5015,1650.16,-21977.4,127.904,10728.5,56019.9,0.0862073,0.0419895,0.0398348,reel,386.85,521,688.65,0.00197824,522
80001,Abbeville,80,province,215,71.6667,1794.23,1791.93,0.0197307,0.00614245,13.7049,11.397,16.4802,commune,2.29292,0.0425095,0.0139535,3316,0.128287,0.0320363,0.0199105,1.83277,50.1075,-0.0652837,-0.000774341,0.0397229,0.0680059,0.104659,0.030105,0.2545,0.501,1351.66,-26613.3,155.69,12906.5,66386.7,0.0816276,0.0415321,0.0386009,reel,441.95,522,599.5,0.00108986,523
2B096,Corte,2B,province,173,57.6667,2772.56,2770.69,0.0244987,0.00947065,18.5415,14.483,23.7374,commune,2.74739,0.0710197,0,1335,0.109694,0.0481362,0.0229309,9.15134,42.3059,-0.0646932,0.00435855,0.0396519,0.0682604,0.105897,0.0318725,0.228,0.503,2766.62,-39535.8,237.617,19752.7,102585,0.073758,0.041338,0.0394989,reel,428.7,525,613.15,0.00126593,524
04112,Manosque,04,province,610,203.333,2149.32,2149.23,0.0126993,0.00254493,15.3172,11.5805,20.2596,commune,2.24681,0.0408393,0.27541,5065,0.138491,0.0536425,0.0273958,5.78443,43.8309,-0.0659361,0.00273548,0.0396218,0.0692408,0.106032,0.0304462,0.2355,0.5035,1792.9,-32053.4,186.941,15413.3,79524.7,0.0771438,0.0413189,0.0387435,reel,472.95,520.5,576.05,0.00066743,525
69096,Grigny-sur-Rhône,69,province,188,62.6667,2399.51,2395.82,0.0185856,0.00545098,15.65,12.3159,19.8867,commune,1.26972,0.0150843,0.0425532,1718,0.101939,0.022396,0.00947099,4.78287,45.6069,-0.0757433,0.0015573,0.0396116,0.0696681,0.107012,0.0297991,0.241,0.5035,1883.9,-34966.1,204.829,16906.5,88781.8,0.0707644,0.0398799,0.0384943,reel,453.95,525.5,594.05,0.000933129,526
94015,Bry-sur-Marne,94,petite_couronne,421,140.333,5044.38,5045.2,0.0110308,0.00192012,24.6028,20.965,28.8717,commune,1.18532,0.013023,0,2368,0.194728,0.0404039,0.0174784,2.52192,48.8379,-0.0504945,0.0135009,0.0396092,0.0668589,0.103183,0.0346276,0.1815,0.503,6433.28,-67545.3,426.665,40590.5,186642,0.0549588,0.0342211,0.0381935,lmnp,462.9,525,588.05,0.000747995,527
79202,Parthenay,79,province,117,39,1223.01,1220.99,0.030365,0.0145361,11.4066,9.33518,13.9377,commune,2.24478,0.0407473,0,1398,0.13201,0.024952,0.00435883,-0.242772,46.6494,-0.0663791,0.00401994,0.0395186,0.0717693,0.108113,0.0325045,0.225,0.5055,1367.66,-18609.7,103.392,8596.61,45251.2,0.0972027,0.0446006,0.041582,reel,400.95,522.5,679,0.0018249,528
03190,Moulins,03,province,446,148.667,1385.33,1386.12,0.016469,0.00427944,12.3142,9.85284,15.3904,commune,2.8022,0.0776283,0.0896861,6058,0.144183,0.0416079,0.0174394,3.3327,46.5654,-0.0682756,0.00277121,0.0394768,0.068422,0.109786,0.0314579,0.235,0.5045,1230.65,-21533.6,121.527,10057.6,51257.3,0.0936744,0.0438664,0.039788,reel,467.9,531.5,609.05,0.00088127,529
59017,Armentières,59,province,293,97.6667,2040.9,2040.07,0.0164026,0.00424568,14.8188,12.4385,17.6546,commune,1.92749,0.0303492,0.102389,4310,0.157054,0.0533026,0.0220263,2.8792,50.6857,-0.0639068,0.0034588,0.0394659,0.0682842,0.105645,0.0310562,0.2305,0.505,2022.79,-28926.7,172.547,14725.4,75513.4,0.0783113,0.0419722,0.0396727,reel,464.75,522,594.05,0.000892283,530
77378,Pringy,77,grande_couronne,50,16.6667,3127.27,3127.77,0.0307631,0.0149336,18.4402,15.66,21.7139,commune,1.17169,0.0127226,0,303,0.0973123,0.0391831,0.0137127,2.5519,48.5247,-0.0516949,0.00726258,0.0394516,0.0638347,0.0957605,0.0328226,0.2075,0.506,1618.11,-39492.1,271.193,22157.6,115709,0.0650031,0.0388199,0.0394475,reel,416,522.5,684.05,0.00164655,531
81163,Mazamet,81,province,64,21.3333,1167.12,1162.9,0.0314477,0.0155997,11.173,9.16387,13.6227,commune,2.78277,0.0749717,0,1367,0.136508,0.0422717,0.0275367,2.37441,43.4904,-0.0701706,0.00131021,0.0394355,0.0673064,0.105824,0.0299261,0.2445,0.5065,612.517,-18933.1,105.259,8660.65,43183.3,0.0994556,0.0437026,0.0380725,reel,423.9,528,661.15,0.00164368,532
28209,Lèves,28,province,64,21.3333,2462.16,2467.71,0.0329788,0.017157,15.7422,12.9846,19.0853,commune,1.32077,0.0162757,0,497,0.117138,0.00659382,0.00271111,1.47674,48.4692,-0.0699178,-0.00155122,0.0394254,0.0653579,0.105129,0.0287927,0.2595,0.503,1383.95,-35195.4,211.256,17264.4,91100.1,0.0694129,0.0391188,0.0375086,reel,403.4,541.5,707.05,0.00191482,533
62119,Béthune,62,province,344,114.667,1762.15,1761.04,0.0148769,0.00349257,13.6532,11.2698,16.5407,commune,2.0641,0.0341558,0.0988372,5965,0.120622,0.0396446,0.0161166,2.63981,50.5284,-0.0648292,0.00193161,0.039422,0.0694045,0.10536,0.0308651,0.2385,0.5045,1596.93,-26273.7,152.078,12673.5,65199.5,0.0827618,0.0424847,0.0401312,reel,466,534,595.05,0.00083488,534
41047,La Chaussée-Saint-Victor,41,province,66,22,1936.55,1935.46,0.0360245,0.020462,13.8574,11.281,17.0223,commune,1.73492,0.0252691,0,401,0.065561,0.0106351,0.00613092,1.35687,47.6072,-0.0737826,0.00142929,0.0393928,0.0685433,0.104682,0.0298735,0.2435,0.506,1393.94,-28828.1,166.811,13656.5,71652.4,0.0765739,0.0401911,0.0384004,reel,398.75,549.5,672.15,0.00184461,535
59178,Douai,59,province,582,194,1723.53,1723.05,0.0116504,0.00214194,13.5934,10.9441,16.884,commune,2.54611,0.0548362,0.00515464,9807,0.13669,0.0489309,0.0263896,3.07947,50.3722,-0.0688786,0.00155843,0.039374,0.0683678,0.10552,0.0309083,0.2385,0.505,1454.6,-25458.5,152.982,12406.7,63770.8,0.0841995,0.0421597,0.0386683,reel,479.8,536,587,0.000670007,536
06122,Saint-Jeannet,06,province,30,10,3946.87,3919.22,0.0592869,0.0554421,21.236,16.8258,26.8023,commune,1.34948,0.0168589,0,158,0.156236,0.0430834,0.0232489,7.14365,43.7477,-0.0527207,0.0091265,0.0393645,0.0660041,0.103879,0.0341674,0.196,0.5085,3445.03,-59292.7,331.184,33023.9,146034,0.0600052,0.0349512,0.0365117,lmnp,294.7,523.5,850.55,0.00352191,537
77513,Villenoy,77,grande_couronne,83,27.6667,3547.28,3549.13,0.0239477,0.00904988,19.4138,16.5893,22.7192,commune,1.13022,0.0114583,0,727,0.0599802,0.0132734,0.0139582,2.86842,48.9526,-0.0368249,0.0136577,0.0393593,0.0621651,0.0936269,0.0356909,0.162,0.506,2207.88,-45213.7,292.905,30071.8,131249,0.0606001,0.0346617,0.0376108,lmnp,425.85,531,638.05,0.00141739,538
90010,Belfort,90,province,1550,516.667,1366.44,1366.29,0.00863842,0.00117757,12.2252,9.69672,15.4131,commune,2.56961,0.0559186,0.144516,18386,0.225624,0.061395,0.022246,6.8544,47.64,-0.067149,0.0042722,0.0393401,0.0687205,0.107409,0.0312774,0.234,0.5065,1059.65,-21411.9,121.116,9858.77,50558.4,0.0941881,0.0444368,0.0389482,reel,493.95,535.5,571.1,0.000492239,539
66136,Perpignan,66,province,4632,1544,1746.83,1746.7,0.00460768,0.000335041,13.6484,11.1305,16.7359,commune,2.62877,0.0608222,0.20013,28404,0.0862298,0.0213078,0.00384235,2.89638,42.6943,-0.0692491,0.00347938,0.0393285,0.0676914,0.104631,0.0304585,0.234,0.5075,1460.45,-25505.5,152.223,12295.4,64632.8,0.0834544,0.0417056,0.039244,reel,515.95,537,560,0.000269885,540
25532,Saône,25,province,30,10,2339.68,2337.29,0.0543051,0.0465265,15.3631,11.8606,19.8999,commune,1.45418,0.0190088,0,263,0.134873,0.0178668,0.00850396,6.11529,47.2254,-0.0788376,-0.00233577,0.0393202,0.0681733,0.106354,0.0286395,0.2625,0.5085,1398.32,-36010.8,203.167,16516.6,86568,0.0711029,0.0394773,0.0375805,reel,322.65,520.5,767.05,0.00272477,541
83028,Callas,83,province,31,10.3333,2160.46,2127.01,0.0562369,0.0498887,15.5032,12.063,19.9246,commune,2.66212,0.0632302,0,168,0.0883509,0.0436751,0.00581111,6.53794,43.5929,-0.0689012,0.000296952,0.0392526,0.0690896,0.10626,0.0298257,0.2485,0.505,1665,-32347.6,191.977,15241.2,79937,0.0777792,0.0410877,0.0387885,reel,300,556,829.45,0.00324586,542
27016,Les Andelys,27,province,55,18.3333,1748.46,1747.06,0.0351949,0.0195411,13.7118,11.2989,16.6401,commune,2.18997,0.0386293,0,1201,0.25269,0.056952,0.0199402,1.43395,49.247,-0.0684209,4.91331e-05,0.0391672,0.0669199,0.106199,0.0300223,0.25,0.509,1230.19,-26249.2,151.11,12666,64693,0.0838121,0.0428604,0.0388672,reel,428.85,545.5,725,0.00184964,543
19272,Tulle,19,province,285,95,962.793,961.76,0.0181964,0.00522427,10.646,8.30032,13.6545,commune,2.96259,0.119827,0,3698,0.235201,0.0732543,0.028714,1.76778,45.2654,-0.0676359,5.73765e-05,0.0390966,0.0719528,0.115547,0.0310928,0.2495,0.5095,709.115,-16886.4,85.9357,7187.44,35623.4,0.113993,0.0477744,0.0382719,reel,473.8,551.5,642.25,0.00101683,544
77317,Mormant,77,grande_couronne,57,19,2507.7,2506.97,0.0288386,0.0131237,16.3203,13.5019,19.727,commune,2.01102,0.0325248,0,313,0.0973906,0.0322099,0.0103974,2.88969,48.6089,-0.048866,0.0074146,0.0390697,0.0638722,0.0967565,0.0325469,0.2165,0.5115,1019.56,-32558.3,221.856,17689.8,92784.8,0.0709189,0.0393189,0.0390756,reel,436.75,544,663.45,0.00146547,545
06012,Beausoleil,06,province,782,260.667,7161.63,7158.04,0.011932,0.00224672,33.3889,23.2038,48.0446,commune,2.38428,0.0465161,0,3713,0.100019,0.0473149,0.0123887,7.42425,43.7428,-0.060239,0.00681909,0.0390564,0.0684835,0.109568,0.0329796,0.217,0.508,5986.92,-111724,635.299,55350,264980,0.0534329,0.0326236,0.0352989,lmnp,488.95,547,609.1,0.000734061,546
83043,Collobrières,83,province,31,10.3333,2101.64,2072.45,0.0562369,0.0498887,14.9283,11.8266,18.8435,maille,2.65806,0.0629758,0,185,0.0720627,0.0123147,0.0100028,6.30952,43.2371,-0.0692623,0.000410064,0.0390265,0.0671738,0.104182,0.0283149,0.249,0.5055,1192.53,-31775.7,185.394,14863.1,77760.7,0.0766731,0.0398805,0.0372729,reel,333.8,569.5,849.3,0.00307472,547
06099,Puget-Théniers,06,province,33,11,1909.23,1880.77,0.0566697,0.0506573,14.7321,12.0168,18.061,maille,2.77001,0.0733333,0,232,0.188444,0.0576324,0.0434,6.89432,43.956,-0.0637278,0.000621895,0.0390253,0.0680813,0.104543,0.0300317,0.247,0.5095,1293.15,-28273.7,166.681,14068,70641.4,0.0831674,0.0427888,0.0390691,reel,357.7,544,801.1,0.00268996,548
60612,Senlis,60,province,340,113.333,3245.09,3244.69,0.0141517,0.0031604,19.9712,16.6106,24.0117,commune,1.89414,0.0292797,0,3811,0.205124,0.059187,0.0183588,2.58317,49.2054,-0.0754861,0.00277829,0.039014,0.0679359,0.104346,0.0298828,0.2335,0.5055,2526.51,-45603.7,278.019,23008.9,120068,0.0683046,0.0405098,0.0391964,reel,499,549,614.15,0.00071127,549
19123,Malemort,19,province,125,41.6667,1661.92,1663.44,0.0273876,0.0118322,12.6384,10.6395,15.013,commune,1.39675,0.0177093,0,510,0.0830193,0.0168369,0.0204555,1.58053,45.1598,-0.0717192,0.00153246,0.0389844,0.0674709,0.105169,0.0297685,0.2405,0.504,1158.89,-24526.2,139.365,12025.9,61491.1,0.0804258,0.0409482,0.0387906,reel,445.85,556.5,668.2,0.00139396,550
59286,Haubourdin,59,province,182,60.6667,2504.55,2504.42,0.0207851,0.00681742,15.9804,13.4635,18.9678,commune,1.31497,0.0161171,0,1549,0.135286,0.0369431,0.0181091,2.99099,50.6114,-0.0729857,0.00115566,0.0389737,0.0665971,0.103184,0.0287879,0.243,0.508,1556.21,-35631.3,216.932,17798.1,92668.3,0.0693797,0.0393252,0.0374593,reel,468.8,562,649.4,0.00110542,551
77085,Chanteloup-en-Brie,77,grande_couronne,89,29.6667,4172.25,4172.31,0.0231334,0.00844493,22.3553,19.2478,25.9645,commune,1.81758,,0,345,0.0277466,0.00279461,0.00417685,2.74695,48.8556,-0.0336318,0.0144403,0.0389516,0.0621418,0.0946137,0.0356155,0.1625,0.512,2671.38,-52508.6,354.866,34241.1,154373,0.0599829,0.0341578,0.0376498,lmnp,454.8,553,711.15,0.0015031,552
86066,Châtellerault,86,province,211,70.3333,1358.09,1356.59,0.0175546,0.00486218,11.8715,9.24054,15.2514,commune,2.45708,0.0503218,0.170616,5503,0.164345,0.0276187,0.00927307,0.544462,46.8138,-0.0743217,0.000306852,0.0389161,0.0707348,0.109473,0.0300538,0.2475,0.507,987.268,-21748.6,118.231,9623.09,50249.4,0.0916415,0.0426983,0.0385342,reel,488,563.5,626.05,0.000879792,553
69199,Saint-Fons,69,province,260,86.6667,2454.8,2451.83,0.015816,0.00394743,16.1395,13.5594,19.2106,commune,1.81119,0.0271114,0.188462,4719,0.123856,0.0429876,0.0119089,4.85667,45.7077,-0.0705783,0.000119039,0.0389146,0.0660645,0.103735,0.0282959,0.249,0.5095,1388.61,-35435,216.58,17337.7,90827.5,0.0715636,0.0398581,0.0378763,reel,481,555.5,615.05,0.000870381,554
25434,Ornans,25,province,78,26,1671.29,1668.02,0.0341686,0.0184223,13.043,10.329,16.4701,commune,2.26624,0.0416316,0,478,0.138814,0.0398326,0.0147474,6.148,47.1042,-0.0693882,0.000807355,0.0388803,0.0675091,0.105945,0.0286447,0.246,0.509,975.547,-25279.6,148.46,11923.7,61837.9,0.0828795,0.041175,0.0377527,reel,422.9,547.5,725.05,0.00175002,555
21292,Genlis,21,province,50,16.6667,1753.07,1749.29,0.0402568,0.0255658,12.9381,10.3244,16.2134,commune,1.79814,0.026849,0,840,0.0675737,0.0106908,0.00653762,5.2215,47.2419,-0.0706295,0.000878476,0.0388678,0.0687814,0.104424,0.0292014,0.244,0.5115,1079.7,-26445.9,153.65,12373.2,64863.6,0.0782952,0.0396068,0.0372409,reel,391.85,552,762.4,0.00232716,556
78224,L'Étang-la-Ville,78,grande_couronne,61,20.3333,4589.55,4594.55,0.0301184,0.0143138,23.025,18.8244,28.1629,commune,1.15545,0.012219,0,414,0.202954,0.0914546,0.0399606,2.0757,48.8725,-0.0401097,0.0139744,0.0388523,0.061901,0.0947161,0.0350412,0.1665,0.5095,2523.19,-61967.7,399.042,37747.3,169814,0.0562799,0.0343689,0.0375725,lmnp,419,557,709.1,0.00176827,557
30202,Pont-Saint-Esprit,30,province,170,56.6667,1534.1,1531.66,0.0263063,0.0109199,12.4972,9.78796,15.9564,commune,2.73144,0.0696158,0.129412,1729,0.0690699,0.0151031,0.00122676,4.64549,44.2573,-0.0693414,0.00363576,0.0388455,0.0678801,0.106186,0.0306208,0.232,0.5105,1101.65,-23355.8,138.169,10750.5,56761.6,0.0860223,0.0407847,0.0377301,reel,445,556,677.85,0.00139653,558
52121,Chaumont,52,province,220,73.3333,1383.34,1384.16,0.0173467,0.00474726,11.6448,9.07814,14.9372,commune,2.20012,0.039091,0.00909091,7508,0.101778,0.017323,0.005737,5.1397,48.1107,-0.0713744,0.00135097,0.0388401,0.0683772,0.107894,0.0297713,0.2455,0.508,933.042,-21222,120.804,9750.22,51183.6,0.088003,0.0410343,0.037682,reel,491,554,636.15,0.000922649,559
18279,Vierzon,18,province,220,73.3333,1016.81,1016,0.0213269,0.00717382,10.7755,8.45798,13.7281,commune,2.80133,0.0775115,0.290909,4022,0.183071,0.0585491,0.0312332,2.06379,47.2254,-0.0674685,0.0028988,0.0388292,0.0697584,0.111489,0.0305092,0.237,0.507,685.535,-17503.8,90.1564,7674.09,37622.1,0.109466,0.0467488,0.0393752,reel,487.9,561,655.5,0.00106256,560
92076,Vaucresson,92,petite_couronne,207,69,5388.2,5388.29,0.016269,0.00417645,25.5348,21.4565,30.3882,commune,1.13109,0.0114691,0,1322,0.229771,0.13476,0.0889554,2.16027,48.8395,-0.0559163,0.00898789,0.0388129,0.0667249,0.100834,0.0313267,0.199,0.5105,4767.53,-78291.3,489.949,44010.3,199363,0.0535276,0.0338667,0.0370607,lmnp,469,560,640.4,0.0010272,561
28015,Auneau-Bleury-Saint-Symphorien,28,province,39,13,2137.12,2138.19,0.0420211,0.0278488,15.4393,13.0092,18.3233,commune,2.31903,0.0436817,0,770,0.113415,0.0343437,0.0155359,1.77301,48.462,-0.0636362,0.00343115,0.0388058,0.0678687,0.107684,0.0314957,0.232,0.512,2086.64,-29837.3,180.947,15241.8,79073.4,0.0782697,0.0419202,0.0399706,reel,397.95,564,755.4,0.00218147,562
59457,Pérenchies,59,province,58,19.3333,2866.7,2864.94,0.0365554,0.0210853,17.6836,14.9564,20.908,commune,1.12094,0.0111663,0,783,0.267671,0.0287,0.0179512,2.9715,50.6661,-0.0728919,0.0042104,0.038801,0.0676703,0.105477,0.0304736,0.232,0.513,2183.39,-40634.4,239.728,20310.3,106068,0.0677444,0.0400365,0.0385375,reel,435.9,556,741.35,0.00185136,563
54482,Saint-Max,54,province,337,112.333,1858.06,1857.86,0.0151354,0.00361502,14.0133,11.5452,17.0091,commune,1.6772,0.0240557,0.00890208,2570,0.250634,0.0743625,0.0124946,6.20924,48.7016,-0.0607416,0.000578745,0.0387826,0.0681717,0.105732,0.0300052,0.247,0.514,1442.92,-26444.8,160.185,13211,68748.4,0.0808151,0.0427477,0.0396139,reel,493.85,564.5,623.05,0.000856322,564
94043,Le Kremlin-Bicêtre,94,petite_couronne,526,175.333,5808.91,5809.55,0.00987043,0.00153742,27.1806,22.638,32.6348,commune,1.55887,0.0214077,0,8867,0.195005,0.0396638,0.0242681,2.35988,48.8123,-0.0564391,0.00875152,0.0387529,0.064526,0.100601,0.0313985,0.2035,0.519,4726.18,-83729.6,516.01,45911.1,214930,0.0530508,0.0329755,0.0362517,lmnp,515,564,624.05,0.000652408,565
72003,Allonnes,72,province,101,33.6667,1588.01,1585.22,0.0278462,0.0122305,12.5517,10.0626,15.6565,commune,1.22042,0.0139286,0.326733,458,0.120043,0.028392,0.00478219,0.164262,47.9672,-0.0611783,0.00289162,0.0387302,0.0706926,0.109923,0.0329795,0.2345,0.5115,1858.06,-22482.8,132.906,11181,58756.4,0.0835134,0.0427142,0.0412143,reel,442.85,561,716.8,0.00167704,566
69256,Vaulx-en-Velin,69,province,695,231.667,3002.23,3001,0.00968554,0.0014804,18.0313,14.452,22.4971,commune,1.31555,0.0161277,0.310791,8811,0.129871,0.0365511,0.00752803,4.92221,45.7821,-0.0654786,0.00203278,0.0386559,0.0658895,0.104214,0.0294611,0.24,0.515,1856.77,-43008.9,261.118,21143.1,111082,0.0660762,0.038974,0.0375523,reel,529.95,567.5,612,0.000505106,567
66088,Ille-sur-Têt,66,province,35,11.6667,1586.01,1570.24,0.0518881,0.0424713,12.7917,10.4337,15.6826,commune,2.60354,0.0586047,0,391,0.156432,0.0400587,0.00297719,2.62172,42.6699,-0.0741286,-0.00252121,0.0386403,0.0672776,0.103654,0.0282325,0.2625,0.51,617.994,-25116,144.433,11193.3,58682.5,0.0854349,0.0413124,0.037502,reel,398.55,564,803.2,0.00240753,568
77153,Dammartin-en-Goële,77,grande_couronne,161,53.6667,3404.93,3404.87,0.0172322,0.00468601,19.6599,16.8167,22.9839,commune,1.81613,0.0271938,0,1086,0.120435,0.0296129,0.0148444,2.68106,49.0548,-0.0528105,0.00642915,0.0386023,0.0625813,0.0932719,0.0315982,0.2095,0.5125,991.299,-43480.8,302.913,24029.3,125982,0.0640011,0.0379173,0.0378577,reel,499.7,570,646.1,0.000897746,569
94069,Saint-Maurice,94,petite_couronne,419,139.667,5776.44,5777.29,0.011057,0.00192927,26.9925,22.3232,32.6386,commune,1.46346,0.0192275,0,4774,0.137585,0.0667961,0.0318304,2.45486,48.8172,-0.0607839,0.0111005,0.0385782,0.0663648,0.10226,0.0319254,0.196,0.514,5678.98,-84679.3,517.423,45900.7,213728,0.0529583,0.0331188,0.0366828,lmnp,526.9,573,633.05,0.000682441,570
77131,Coulommiers,77,grande_couronne,254,84.6667,2623.01,2622.89,0.0137311,0.00297537,16.7281,13.9067,20.1218,commune,2.22796,0.0401937,0,9757,0.0730975,0.0221772,0.00792544,3.08365,48.8108,-0.0506523,0.00535135,0.0385738,0.0633775,0.0947389,0.0316978,0.2165,0.5125,863.374,-34522.4,236.082,18468.2,97051.4,0.0696669,0.0386017,0.0381871,reel,516.95,574,633.05,0.000666863,571
45191,Le Malesherbois,45,province,71,23.6667,1645.16,1643.67,0.0305473,0.0147224,13.2915,10.9586,16.1209,commune,2.37906,0.0463519,0,980,0.183689,0.0707591,0.0412274,2.41397,48.2954,-0.0673234,0.00236879,0.0385411,0.0664128,0.102567,0.0299335,0.2365,0.5105,948.718,-24353.7,142.649,12169.2,60871,0.0860083,0.0429194,0.0385486,reel,436.8,575,696.35,0.00164177,572
01202,Lagnieu,01,province,97,32.3333,2244.1,2239.37,0.0261173,0.0107637,15.6018,12.0158,20.258,commune,2.15313,0.0372996,0,1181,0.120251,0.0431702,0.0145458,5.34601,45.8987,-0.0661778,0.00188186,0.0385349,0.0676267,0.108855,0.0299039,0.2435,0.5155,1738.79,-33535.9,196.419,15973.3,83031.8,0.0754071,0.0408538,0.0387004,reel,458.7,573.5,710.15,0.00142778,573
74033,Bernex,74,province,85,28.3333,3365.44,3353.74,0.0284616,0.0127828,19.9758,14.756,27.042,maille,1.72535,0.0250918,0,319,0.386783,0.103138,0.0233204,6.68071,46.3572,-0.0680764,-0.00063643,0.0384285,0.067417,0.105092,0.0288272,0.255,0.516,1878.22,-50886.3,297.466,23891.3,124521,0.0658781,0.0393391,0.0371344,reel,462.55,584.5,721.2,0.0015048,574
59648,Wattignies,59,province,205,68.3333,2455.77,2455.65,0.0195919,0.00605717,15.784,13.4921,18.4653,commune,1.33005,0.0165134,0.4,2116,0.0930178,0.0211245,0.00773267,3.04395,50.5885,-0.0684098,6.40134e-06,0.0383983,0.0668454,0.102954,0.0291811,0.25,0.5145,1530.36,-34501.3,213.109,17260.6,90863.4,0.0697983,0.0393591,0.0378313,reel,500.95,580,686.15,0.00105101,575
74309,Viry,74,province,142,47.3333,5007.57,4999.22,0.0220768,0.00769116,24.9591,20.3795,30.5678,commune,1.68358,0.024214,0,927,0.0470087,0.0125342,0.00536972,6.03698,46.1157,-0.053675,0.00629641,0.0383971,0.065192,0.101217,0.0323781,0.214,0.52,3581.68,-68822.2,434.001,40112.6,185280,0.0562167,0.0336883,0.0364604,lmnp,471.75,581,701.1,0.00135666,576
2A272,Sartène,2A,province,65,21.6667,1950.82,1944.85,0.0439754,0.0305003,14.5663,11.5978,18.2945,commune,2.82657,0.0819923,0,376,0.0877313,0.0382518,0.00298983,8.97365,41.621,-0.0715023,0.000788221,0.0383299,0.0667005,0.107842,0.0299737,0.2465,0.515,1348.55,-29575.9,174.47,13743.6,72180.5,0.0803738,0.0410355,0.0383392,reel,383.75,577.5,808.65,0.00260565,577
78686,Viroflay,78,grande_couronne,432,144,5599.22,5600.2,0.0113873,0.00204631,26.0093,21.2976,31.7633,commune,1.21955,0.0138927,0,2978,0.207151,0.0863051,0.0564304,2.17222,48.8016,-0.0410346,0.0133379,0.038308,0.0618652,0.0948673,0.0348346,0.166,0.522,3062.61,-72662.7,500.303,45015,207171,0.0525273,0.0331702,0.0367065,lmnp,534.95,581,629.05,0.000600599,578
10268,Nogent-sur-Seine,10,province,31,10.3333,1675.8,1670.61,0.05519,0.0479919,13.137,9.97266,17.3053,commune,2.80684,0.0782872,0,1730,0.0608888,0.0205676,0.0111141,3.50002,48.4926,-0.0714322,-0.00089278,0.038291,0.0694895,0.105573,0.0293902,0.2555,0.5175,888.88,-26037.3,150.549,11900.7,62004.6,0.0833294,0.0404776,0.0372889,reel,367.7,580.5,853.85,0.00293819,579
78217,Épône,78,grande_couronne,36,12,3109.26,3110.27,0.0390132,0.0240152,18.6209,16.111,21.5219,commune,1.63689,0.0231675,0,799,0.324622,0.0308876,0.020196,1.81683,48.9554,-0.0530808,0.00841801,0.0382807,0.062804,0.0954769,0.0315956,0.2035,0.5205,1026.85,-41245.7,270.117,22143.2,115042,0.0660774,0.0388369,0.0383348,reel,441,571.5,793.05,0.0020279,580
77438,Saint-Thibault-des-Vignes,77,grande_couronne,60,20,3777.14,3779.65,0.0281176,0.0124757,20.2799,17.6299,23.3282,commune,1.35586,0.0169492,0,737,0.0448566,0.0104928,0.00595348,2.68755,48.8679,-0.0376478,0.0136428,0.0382766,0.0605378,0.0932985,0.0345068,0.166,0.526,1487.84,-48008.9,321.305,31563.2,139754,0.0596639,0.0340744,0.036958,lmnp,449,581,741.7,0.00171996,581
60176,Crépy-en-Valois,60,province,212,70.6667,2566.62,2566.91,0.0179049,0.00505891,16.4824,13.5523,20.046,commune,1.78364,0.0265165,0,1945,0.16399,0.0533354,0.0108942,2.88718,49.2331,-0.0692759,-0.000493095,0.0382682,0.0669044,0.103392,0.0279622,0.2525,0.516,1344.81,-37264.2,228.313,18099.9,94964.9,0.0700489,0.039355,0.0371139,reel,502.9,590,671,0.00100951,582
77171,Esbly,77,grande_couronne,82,27.3333,3542.13,3542.42,0.024092,0.00915923,20.0103,17.5829,22.7728,commune,1.46186,0.0191898,0,659,0.112344,0.032,0.0225926,2.81144,48.9015,-0.0537232,0.00630119,0.03823,0.0635176,0.0945372,0.0315914,0.2115,0.5165,1082.94,-45903.3,313.3,25127.4,131059,0.0627091,0.037859,0.0380827,reel,507.75,592.5,725.4,0.0012222,583
13063,Miramas,13,province,422,140.667,2632.22,2630.59,0.0151977,0.00364481,16.5459,14.0632,19.4669,commune,1.2848,0.0154824,0.206161,4011,0.0483762,0.00956861,0.00103626,5.00523,43.5864,-0.0665998,0.00240661,0.0382167,0.0673015,0.104036,0.0298409,0.2365,0.512,2035.25,-35923.7,225.209,18425.4,97392,0.0685926,0.0394073,0.0383884,reel,526.9,585.5,662.15,0.000791456,584
74070,Chens-sur-Léman,74,province,113,37.6667,4926.11,4919.43,0.0247238,0.00964596,23.5094,17.7802,31.0846,commune,1.04872,0.00871586,0,421,0.0709254,0.0155106,0.0202635,6.2703,46.323,-0.0567039,0.00793302,0.0382157,0.0662876,0.107402,0.0326834,0.2095,0.5155,3592.02,-73796.7,419.257,39778.2,182266,0.0536148,0.0332768,0.035816,lmnp,480.85,589,750,0.00153144,585
74229,Saint-Cergues,74,province,52,17.3333,4418.27,4398.31,0.0362427,0.0207269,22.9916,18.4887,28.5912,commune,1.64414,0.0233174,0,306,0.127939,0.0505812,0.0480322,6.32079,46.2343,-0.0597286,0.00759798,0.0381984,0.0645337,0.102005,0.0316914,0.212,0.5145,2507.52,-66421.5,383.002,36777.9,163476,0.0583711,0.0341269,0.0354467,lmnp,412.95,580.5,764.3,0.00215787,586
11076,Castelnaudary,11,province,136,45.3333,1310.82,1309.46,0.0251309,0.00996495,11.4899,9.25706,14.2612,commune,2.70882,0.0677706,0,2354,0.0330561,0.0102564,0.00172509,1.95772,43.3165,-0.0733826,0.00142061,0.0381968,0.0683165,0.109761,0.02817,0.238,0.5165,904.906,-19930.2,117.219,9197.81,48500.4,0.091453,0.0411542,0.0382244,reel,490.95,594,717.35,0.00127528,587
78650,Le Vésinet,78,grande_couronne,387,129,5811.18,5812.2,0.0120298,0.00228371,26.7924,22.157,32.3975,commune,1.14646,0.0119494,0,2682,0.238242,0.117849,0.0758638,2.13276,48.8928,-0.0362481,0.0134739,0.0381936,0.061261,0.0933399,0.0346672,0.1685,0.522,3157.88,-75512.6,521.233,46905,215014,0.0522284,0.0334643,0.0373849,lmnp,530.9,589,665,0.000743523,588
92020,Châtillon,92,petite_couronne,964,321.333,5896.61,5896.91,0.00755096,0.00089976,26.1697,22.5406,30.3831,commune,1.18706,0.0130488,0,9762,0.143347,0.0353549,0.0242308,2.28762,48.8026,-0.0646082,0.00788382,0.0381825,0.0634319,0.099444,0.0295227,0.215,0.5165,3045.81,-86254.6,540.86,46633.3,218175,0.0502045,0.0318461,0.0345014,lmnp,553,592.5,631,0.000447439,589
06030,Le Cannet,06,province,2647,882.333,4148.76,4148.44,0.00649052,0.000664798,21.8875,17.8474,26.8423,commune,1.28248,0.0154381,0,10508,0.118559,0.0255361,0.00468502,7.01231,43.5724,-0.0551316,0.00902164,0.0380995,0.0664093,0.102685,0.0332839,0.1985,0.5215,3737.09,-59405.5,343.235,34093.2,153504,0.0589696,0.0349639,0.0376709,lmnp,559.95,598.5,636.1,0.000402369,590
91330,Lardy,91,grande_couronne,47,15.6667,2954.1,2957,0.0325754,0.016744,17.8011,15.1258,20.9495,commune,1.34223,0.0167279,0,252,0.144275,0.0499017,0.0407026,2.26318,48.5186,-0.0506193,0.00842287,0.0379949,0.0636111,0.0964152,0.0323862,0.2075,0.52,1272.24,-38768.6,258.222,21376,109302,0.0662176,0.038863,0.0388977,reel,481.9,600.5,777.3,0.00162875,591
60589,Saint-Maximin,60,province,33,11,2987.12,2992.29,0.0447766,0.0316317,17.8288,14.7233,21.5894,commune,1.54553,0.0211443,0,462,0.0627631,0.0149135,0.0234066,2.45612,49.2238,-0.0756731,0.00113621,0.037994,0.0650687,0.104327,0.0277549,0.245,0.5185,1328.05,-43996.4,260.953,21257.6,110523,0.065597,0.0381982,0.036433,reel,413,608,824,0.00233553,592
59009,Villeneuve-d'Ascq,59,province,538,179.333,2929.48,2929.44,0.0121164,0.00231672,17.6648,13.7636,22.6717,commune,1.15574,0.0122289,0.17658,12814,0.103209,0.0243953,0.00899987,3.14257,50.6364,-0.0760174,0.00107083,0.0379592,0.0676803,0.107156,0.0293259,0.246,0.515,2067.17,-43071.6,250.262,20672.7,108391,0.0662158,0.0390652,0.0378469,reel,557,603,661.25,0.000598282,593
34239,Saint-André-de-Sangonis,34,province,36,12,2372.49,2355.23,0.0511779,0.0413217,15.6802,12.27,20.0382,commune,1.62761,0.0230077,0,337,0.0960272,0.0232355,0.000363484,3.5042,43.6495,-0.0718344,0.00229803,0.0379506,0.0680866,0.105302,0.0300636,0.24,0.514,1789,-34937.2,204.732,16600.6,87782,0.0717232,0.0398352,0.0382717,reel,395,589.5,812.05,0.00260053,594
74237,Saint-Gingolph,74,province,34,11.3333,4229.48,4189.27,0.0445782,0.0313559,23.5571,17.4074,31.8794,commune,2.5145,0.0531108,0,177,0.21733,0.0579482,0.0344871,6.79897,46.3934,-0.074485,-0.0010735,0.0379368,0.0659827,0.103399,0.0274461,0.2535,0.518,1838.69,-64634.7,381.68,30241.4,156491,0.062581,0.0376677,0.0355069,reel,435,595.5,784.2,0.00216,595
25413,Mouthe,25,province,44,14.6667,2368.63,2363.8,0.0451748,0.0321993,15.8975,12.2099,20.6989,commune,2.26102,0.0414053,0,191,0.201438,0.0282126,0.029374,6.19234,46.7109,-0.0759491,-0.00156866,0.0379149,0.0672115,0.106184,0.0272159,0.26,0.5195,1007.35,-36838.8,207.576,17090.3,87639.4,0.072941,0.0396152,0.0365445,reel,410,607.5,808.15,0.00237147,596
01313,Prévessin-Moëns,01,province,218,72.6667,5657.63,5656.25,0.0174735,0.00481816,25.8737,19.9866,33.4949,commune,1.11572,0.0109436,0,1741,0.0455247,0.0131446,0.00486443,6.07589,46.2515,-0.0586106,0.00720287,0.0378976,0.0644387,0.102652,0.0321765,0.212,0.5185,3417.76,-82236.8,489.3,44667.3,209332,0.0516974,0.0328785,0.0359863,lmnp,510.9,616,707,0.00112304,597
63124,Cournon-d'Auvergne,63,province,241,80.3333,2333.42,2332.4,0.0178254,0.00501395,15.2881,12.3467,18.9302,commune,1.47825,0.019584,0.0788382,2581,0.0694611,0.0133553,0.00578167,3.20416,45.7384,-0.065445,0.000272635,0.0378876,0.0672445,0.105869,0.0294415,0.2475,0.5225,1392.62,-33360.1,202.261,16401.1,86336.6,0.0709074,0.0392531,0.0376424,reel,522.55,605.5,728.2,0.00109789,598
92023,Clamart,92,petite_couronne,1190,396.667,5846.24,5846.41,0.00679678,0.000729006,26.3403,22.3585,31.0311,commune,1.24072,0.0144182,0,21468,0.075293,0.0400593,0.0271778,2.26668,48.8018,-0.062008,0.007832,0.0378865,0.0653988,0.100806,0.0303738,0.2115,0.521,4353.03,-84958,530.066,46381.1,216311,0.0509871,0.0322593,0.0354874,lmnp,574.9,609,645.1,0.000421943,599
92072,Sèvres,92,petite_couronne,497,165.667,5900.09,5900.47,0.010512,0.00174373,26.5067,21.4883,32.6971,commune,1.21752,0.0138375,0,4946,0.165123,0.0557065,0.027184,2.2096,48.8226,-0.0613523,0.00579078,0.0378754,0.0655973,0.102264,0.0311713,0.2195,0.5205,4172.66,-88777.8,534.506,46666.5,218303,0.0508603,0.0322994,0.0352788,lmnp,563.95,608,651,0.000511397,600
95351,Louvres,95,grande_couronne,145,48.3333,3425.11,3427.12,0.0181114,0.0051763,19.4332,16.4205,22.9987,commune,1.5406,0.0210472,0,1387,0.0651692,0.0191749,0.00821368,2.50642,49.0482,-0.0496381,0.00512502,0.0378442,0.0627553,0.093036,0.0309929,0.2175,0.522,637.777,-45268.6,304.954,24071.1,126729,0.0628297,0.0375197,0.0376548,reel,547.8,613,709.05,0.000848021,601
56083,Hennebont,56,province,262,87.3333,2641.44,2638.24,0.0150691,0.00358338,16.2873,13.2837,19.97,commune,1.3373,0.0166284,0.00763359,3234,0.0629867,0.0136889,0.0053015,-3.2725,47.8047,-0.0712829,-4.37426e-05,0.0378379,0.065999,0.104891,0.0279787,0.251,0.5225,1334.32,-37805.3,229.84,18550.1,97733.4,0.0671782,0.0383003,0.0366505,reel,539,611.5,684.15,0.000784772,602
13043,Gignac-la-Nerthe,13,province,69,23,3533.7,3525.39,0.0372418,0.0218834,19.2198,15.8265,23.3407,commune,1.0931,0.0102708,0,688,0.0549974,0.0148562,0.00722496,5.23258,43.3932,-0.0589723,0.00823663,0.0378354,0.0641065,0.101338,0.0319358,0.203,0.5185,1973.29,-53723.3,295.333,29898.4,130747,0.0601743,0.0343786,0.0357375,lmnp,416.95,601.5,845,0.0023926,603
24322,Périgueux,24,province,913,304.333,1945.7,1945.4,0.00868571,0.0011905,14.2684,11.2185,18.1474,commune,2.4594,0.0504142,0,10311,0.113569,0.0363933,0.0124186,0.719531,45.185,-0.0708302,0.000161138,0.0378153,0.0654686,0.104047,0.0285954,0.2495,0.522,891.787,-29392.3,174.755,13813.1,71990.9,0.0787484,0.0405192,0.0375918,reel,562.95,613,652.05,0.000483451,604
59279,Halluin,59,province,74,24.6667,2226.31,2225.4,0.0324367,0.016602,14.9697,12.5493,17.8569,commune,1.79321,0.0267453,0,1904,0.109936,0.0218889,0.014268,3.12639,50.7835,-0.0676153,0.000777694,0.0377708,0.0644696,0.104885,0.0283561,0.2475,0.516,1015.22,-31388.6,195.78,15825.7,82373.4,0.0726029,0.03931,0.0369808,reel,479.9,607.5,757.15,0.00163498,605
84003,Apt,84,province,142,47.3333,1790.1,1784.98,0.0272949,0.0117553,13.8641,11.2066,17.1517,commune,2.8692,0.08824,0.492958,3903,0.133031,0.0573848,0.0233448,5.39739,43.8765,-0.0702595,-0.00174789,0.0377535,0.066182,0.105916,0.0276419,0.259,0.5215,613.266,-26655.6,165.641,12806.8,66233.6,0.0828833,0.0412636,0.0373518,reel,505.75,614,749.85,0.00136905,606
23096,Guéret,23,province,160,53.3333,1076.66,1078.3,0.0236197,0.00879795,11.1666,8.95537,13.9239,commune,2.67401,0.0640118,0.0625,3452,0.248334,0.0901117,0.0339577,1.87246,46.1708,-0.065547,0.00126166,0.0377497,0.0693931,0.112248,0.0313509,0.241,0.513,713.986,-17229.8,94.6729,8122.92,39836.4,0.10774,0.0476034,0.038902,reel,522,616.5,729.1,0.00113676,607
23008,Aubusson,23,province,38,12.6667,783.208,783.031,0.0478475,0.0360264,10.1932,8.00316,12.9825,commune,2.99855,0.17736,0,994,0.260449,0.0827822,0.0764069,2.1701,45.9543,-0.0634672,0.00281561,0.037737,0.0717611,0.116658,0.0325785,0.2355,0.5255,260.291,-15190.2,71.1221,6749.02,28978.7,0.133194,0.0536672,0.038714,reel,423.7,616,871.1,0.00247663,608
32096,Cazaubon,32,province,149,49.6667,1323.58,1322.09,0.0193218,0.0058902,11.7625,8.59239,16.1021,commune,2.89501,0.0939345,0,578,0.182985,0.0591154,0.0236046,-0.036157,43.9536,-0.0753823,-0.00181462,0.0377258,0.0704283,0.110579,0.0293117,0.2555,0.517,640.076,-22697.2,121.66,9597.35,48972.5,0.0930426,0.0421203,0.0358293,reel,544.95,617.5,708.15,0.000951475,609
24037,Bergerac,24,province,467,155.667,1680.71,1680.07,0.0121378,0.00232483,13.2702,10.5754,16.6517,commune,2.23028,0.0403226,0.162741,4210,0.144909,0.082628,0.0239201,0.486838,44.8529,-0.0686594,-0.000145244,0.0377086,0.0671181,0.107335,0.0289006,0.2515,0.5185,885.341,-26303.4,153.017,12119.7,62186.3,0.0840373,0.0422003,0.0384697,reel,561.8,618,672.1,0.000627473,610
73065,Chambéry,73,province,2162,720.667,3166.74,3166.13,0.00628489,0.000623343,18.8032,15.2623,23.1657,commune,1.57715,0.0218148,0.0305273,18811,0.131087,0.0343386,0.0173164,5.92012,45.5688,-0.0708144,-0.00151924,0.0377077,0.0644639,0.10084,0.0276118,0.2555,0.5275,1044.41,-45780.5,278.171,22404.4,117169,0.0655685,0.03874,0.0371006,reel,590,620,646,0.000301373,611
82125,Montech,82,province,31,10.3333,1882.85,1881.78,0.0446422,0.0314195,13.4456,11.4847,15.7413,commune,1.75928,0.0259426,0,245,0.0590543,0.0103738,0.0049772,1.2295,43.9585,-0.0716724,-0.00110965,0.0377076,0.0656176,0.102678,0.0277929,0.2535,0.5185,804.935,-27666.9,165.864,13284.7,69665.6,0.0761328,0.039344,0.037184,reel,423.85,602.5,834.25,0.00236423,612
25578,Valdahon,25,province,99,33,2555.39,2555.17,0.030388,0.0145715,16.1095,12.5766,20.6347,commune,1.4681,0.0193133,0,537,0.10497,0.0233421,0.0237948,6.34262,47.1505,-0.0731877,-0.00065549,0.0377013,0.0666481,0.104031,0.0281542,0.2525,0.516,1214.47,-37841.5,220.382,18385.7,94549.5,0.0686053,0.0387475,0.0367202,reel,481,616.5,769.05,0.00167898,613
88321,Neufchâteau,88,province,34,11.3333,980.163,974.574,0.0565498,0.0504379,9.92363,6.90713,14.2575,commune,2.84832,0.0849398,0,1715,0.0774634,0.0190646,0.00493021,5.69632,48.3555,-0.0939637,-0.00161017,0.037682,0.0714504,0.118373,0.0280698,0.257,0.52,294.987,-18398.6,93.9908,6912.48,36266,0.103129,0.0409034,0.0355123,reel,414.9,635,904.55,0.0026699,614
74016,Archamps,74,province,72,24,5246.34,5232.11,0.030889,0.0150561,25.1022,20.0145,31.4833,commune,1.48695,0.0197653,0,351,0.0655836,0.00786161,0.00561372,6.13218,46.1354,-0.0551463,0.00598774,0.0376574,0.0655038,0.101617,0.0309165,0.2125,0.52,2942.48,-77928.9,457.378,41860.4,194115,0.0539856,0.0329696,0.0353458,lmnp,447.95,611.5,813.7,0.00203817,615
70311,Luxeuil-les-Bains,70,province,198,66,1006.09,1005.57,0.0208654,0.00686952,10.5601,8.06682,13.8241,commune,2.98695,0.140483,0.151515,1596,0.201825,0.0364627,0.0267596,6.37938,47.8142,-0.0715753,0.000482781,0.0376275,0.0687632,0.109911,0.0302096,0.2475,0.5235,429.954,-17597.3,90.1557,7538.09,37225.2,0.108064,0.0449256,0.036822,reel,524.95,623.5,728.1,0.00113807,616
91421,Montgeron,91,grande_couronne,294,98,3721.56,3722.56,0.0131165,0.00271496,20.1351,17.139,23.6548,commune,1.26479,0.0149358,0.0272109,4354,0.131999,0.0371971,0.0183572,2.46186,48.7048,-0.0350864,0.0147926,0.0375656,0.0606522,0.0938551,0.0348109,0.1635,0.5325,1636.47,-48027.3,315.413,31371,137698,0.0600879,0.0344982,0.0367556,lmnp,546.9,630,700.05,0.000841406,617
30243,Saint-Christol-lez-Alès,30,province,46,15.3333,2039.06,2038.35,0.0498485,0.0392022,13.7662,10.8339,17.4922,commune,1.5654,0.0215385,0,337,0.0449427,0.00699285,0.000430189,4.07715,44.0832,-0.0767445,-7.40568e-06,0.0375269,0.0667812,0.103573,0.0273234,0.2505,0.518,684.364,-31428.3,182.631,14309.4,75445.1,0.0721876,0.0380647,0.0358938,reel,427,606,860.7,0.00249063,618
77413,Saint-Germain-sur-Morin,77,grande_couronne,40,13.3333,3663.37,3669.22,0.0343305,0.0185976,19.4785,16.5882,22.8722,commune,1.10876,0.0107323,0,233,0.0851901,0.00778699,0.024967,2.84979,48.8833,-0.0391073,0.0124727,0.0375164,0.0605759,0.0935789,0.0337018,0.176,0.529,1066.15,-48620.9,312.045,31168.5,135545,0.0588916,0.0338016,0.0358464,lmnp,460.5,617.5,812.5,0.00200693,619
77222,Guignes,77,grande_couronne,74,24.6667,2844.66,2844.45,0.0253483,0.0101394,17.5453,14.6651,20.9912,commune,1.93097,0.0304296,0,345,0.158413,0.0267946,0.0255102,2.79796,48.6359,-0.0514438,0.00647803,0.0375116,0.0624802,0.0937999,0.0313298,0.214,0.5255,563.767,-37915.3,251.557,20410.1,105252,0.067686,0.0385937,0.038106,reel,530,623.5,764.15,0.00121465,620
80016,Albert,80,province,42,14,1606.62,1594.96,0.044103,0.0306675,12.9412,10.7943,15.515,commune,2.33846,0.0445072,0,1056,0.245163,0.0324066,0.027275,2.64735,50.0043,-0.0749158,0.000550778,0.0375096,0.0663908,0.103995,0.0282882,0.247,0.5195,661.363,-24629.3,138.279,11744.4,59445,0.0854553,0.0421299,0.0372515,reel,471.95,640.5,851.2,0.00209603,621
66164,Rivesaltes,66,province,48,16,1799.67,1790.33,0.0445626,0.031329,13.316,10.8449,16.3501,commune,2.19809,0.0389877,0,1035,0.0608992,0.0158354,0.000237931,2.87206,42.7694,-0.0718552,-0.00135436,0.037499,0.0662489,0.101949,0.0277645,0.259,0.526,562.021,-26581.4,162.127,12590.7,66587.9,0.0787875,0.0396945,0.0372334,reel,450.8,604.5,864.05,0.00241321,622
91587,Saulx-les-Chartreux,91,grande_couronne,84,28,3809.7,3813.1,0.0244565,0.00943829,20.5054,17.6691,23.797,commune,1.26943,0.015059,0,692,0.115908,0.0444214,0.0186678,2.27648,48.6921,-0.0370501,0.0147948,0.0374944,0.061102,0.0933962,0.0354057,0.159,0.5205,2022.17,-47874.6,321.683,31882.1,140959,0.0598644,0.0346229,0.0372865,lmnp,493.8,630.5,785.2,0.00155535,623
95176,Cormeilles-en-Parisis,95,grande_couronne,378,126,4328.08,4329.47,0.0112351,0.00199197,21.9198,18.4316,26.0682,commune,1.21027,0.0136693,0,3592,0.11136,0.0776286,0.0377247,2.19609,48.9683,-0.0415551,0.0127115,0.0374796,0.0612923,0.0925975,0.0340587,0.162,0.5235,1558,-57367.3,384.976,35907.8,160139,0.0566159,0.0338023,0.0364131,lmnp,574.9,635,712.1,0.000694269,624
32132,Fleurance,32,province,32,10.6667,1247.78,1242.24,0.0412678,0.026848,11.1134,8.54805,14.4487,commune,2.4098,0.0477645,0,526,0.146142,0.0286729,0.0168194,0.66244,43.8506,-0.075812,-0.00144065,0.0374393,0.0665502,0.110479,0.0277825,0.2555,0.527,348.406,-21451.4,112.955,9052.7,46167.8,0.0924534,0.0412912,0.0360681,reel,472.65,625,846.5,0.00207609,625
91667,Villemoisson-sur-Orge,91,grande_couronne,52,17.3333,3577.2,3582.73,0.0309944,0.0151584,19.6012,16.8065,22.8607,commune,1.12732,0.0113677,0,702,0.190827,0.0287873,0.0238772,2.33088,48.6635,-0.0504078,0.00655802,0.037436,0.0603314,0.0940226,0.0307964,0.216,0.5255,436.029,-46548.4,318.361,25501.9,132356,0.060722,0.0369459,0.0368818,reel,496.75,641,777.1,0.00145566,626
54261,Herserange,54,province,56,18.6667,2048.39,2047.87,0.0367993,0.0213671,14.7448,11.7905,18.4394,maille,2.6714,0.063807,0.214286,724,0.0804364,0.029632,0.00860207,5.78878,49.5198,-0.0671819,-0.000436105,0.037416,0.066817,0.10388,0.0290896,0.253,0.526,1193.62,-30322.2,183.289,14418.8,75790.4,0.0775914,0.0401181,0.0373682,reel,470.5,641,826.25,0.00207377,627
21171,Chevigny-Saint-Sauveur,21,province,359,119.667,2580.64,2580.63,0.0151895,0.00364081,15.7707,13.5115,18.4076,commune,1.0058,0.00542684,0,2237,0.0365193,0.0093961,0.0179478,5.1239,47.2998,-0.0703084,-0.00188141,0.0373251,0.0661321,0.101883,0.0279062,0.256,0.5195,1123.54,-36630.9,223.271,18384.2,95483.7,0.0663589,0.0379227,0.0363115,reel,572.95,639,718.1,0.000787453,628
21554,Saint-Jean-de-Losne,21,province,40,13.3333,1092.55,1081.34,0.0448672,0.0317543,11.0695,8.80009,13.9241,commune,2.84803,0.0848708,0,416,0.217016,0.0432757,0.0217214,5.26362,47.102,-0.0669898,0.000376477,0.0372926,0.0680095,0.108884,0.030371,0.2485,0.525,552.641,-17977.1,95.5831,8034.18,40424.3,0.105106,0.0457055,0.0386971,reel,419.95,639,871.15,0.00248118,629
16166,L'Isle-d'Espagnac,16,province,35,11.6667,1799.3,1798.61,0.0457924,0.0330383,12.8714,10.3972,15.9343,commune,1.64182,0.0232755,0,523,0.100974,0.0158424,0.00600722,0.20438,45.6687,-0.0728554,-0.00157782,0.0372729,0.0661589,0.103985,0.0271947,0.257,0.5255,381.767,-28115.8,161.338,12685.9,66574.3,0.0758384,0.038543,0.0356316,reel,464.85,629,865.45,0.00226063,630
39470,Les Rousses,39,province,251,83.6667,3434.17,3434.71,0.0196172,0.00607258,20.4345,14.5739,28.6518,commune,2.05351,0.0338983,0,1039,0.357324,0.0624942,0.0289356,6.06307,46.4868,-0.0698412,-0.000637439,0.0372727,0.0685139,0.10481,0.0294818,0.253,0.5165,1796.63,-51580.9,299.554,24602.3,127064,0.0661626,0.0392228,0.0369626,reel,563.9,640.5,742.2,0.000973833,631
63308,Royat,63,province,193,64.3333,2156.46,2153.76,0.0199069,0.00625315,15.622,12.1986,20.0062,commune,2.1859,0.0384488,0,1207,0.228264,0.105797,0.111638,3.05591,45.7647,-0.0658014,0.00248764,0.0372497,0.0675362,0.103575,0.0295884,0.2395,0.525,1193.5,-32422.3,184.201,16872.5,79789.1,0.0785843,0.042535,0.0383421,reel,544.75,634,740.4,0.00100693,632
69286,Rillieux-la-Pape,69,province,398,132.667,3005.16,3003.53,0.0127919,0.00258226,17.2913,14.3324,20.861,commune,1.14356,0.0118961,0.276382,9668,0.103443,0.0110485,0.00284134,4.89676,45.8171,-0.07348,-0.00246405,0.0372432,0.0652847,0.102949,0.0266795,0.2615,0.522,962.821,-43212.5,267.022,21086.2,111191,0.0630566,0.0369717,0.0349807,reel,582.9,641,718.05,0.000717735,633
44015,Blain,44,province,52,17.3333,1983.37,1972.01,0.0338323,0.0180601,13.5769,10.7683,17.118,commune,1.50841,0.020345,0,916,0.0441114,0.0178036,0.0162895,-1.76531,47.4766,-0.0708254,-0.00316767,0.037214,0.0656752,0.103015,0.0262674,0.27,0.522,407.091,-30131.4,176.506,14121.5,73384.7,0.0730687,0.0383778,0.0359831,reel,501.9,652,841.2,0.00185175,634
31033,Auterive,31,province,138,46,1922.93,1919.44,0.0228052,0.00820685,13.5666,10.977,16.767,commune,1.81032,0.0270936,0,1007,0.0727265,0.0305602,0.0118331,1.47261,43.352,-0.0716262,-0.00231042,0.0371844,0.066885,0.10369,0.0275413,0.259,0.5265,620.12,-29073.4,172.193,13752.4,71148.4,0.0753011,0.0389922,0.0363042,reel,547.95,642.5,761.6,0.00112746,635
81105,Graulhet,81,province,80,26.6667,1276.62,1273.88,0.0281704,0.0125188,11.3993,9.30109,13.9709,commune,2.49594,0.0521266,0.0875,904,0.136725,0.0418133,0.0187031,1.9884,43.7655,-0.0786088,-0.00273005,0.037171,0.0666406,0.10553,0.0277489,0.266,0.528,319.031,-20231.6,117.103,9203.52,47234.9,0.093052,0.0421185,0.0371877,reel,506.75,650.5,790.05,0.00147791,636
91347,Longpont-sur-Orge,91,grande_couronne,50,16.6667,3492.72,3499.3,0.0315988,0.0157552,19.0858,16.5788,21.972,commune,1.22535,0.0139969,0,613,0.0694955,0.0327718,0.0225165,2.28211,48.6459,-0.0545637,0.00557943,0.0371647,0.0602762,0.0935836,0.0297979,0.22,0.527,-153.511,-46193.6,316.77,24775.2,129231,0.06042,0.0363574,0.0361934,reel,508.95,641,798.05,0.00143547,637
25259,Frasne,25,province,38,12.6667,2030.5,2025.04,0.0484881,0.0370948,14.4664,11.097,18.8588,maille,1.80568,0.027,0,211,0.271858,0.117158,0.055982,6.1608,46.8561,-0.0718795,-0.0027775,0.0371321,0.0647669,0.103853,0.027602,0.2625,0.5265,462.225,-32763.3,186.807,14995,75128.4,0.0766296,0.0408736,0.0360576,reel,467.75,646,930.1,0.0024495,638
69068,Couzon-au-Mont-d'Or,69,province,32,10.6667,2850.13,2829.57,0.0444647,0.0311955,16.8769,12.5243,22.7423,commune,1.18968,0.0131004,0,328,0.198855,0.05628,0.0350706,4.83038,45.845,-0.0755154,-0.00194154,0.0371246,0.0660495,0.103445,0.0265089,0.2595,0.5215,658.799,-44607.4,252.897,20547.7,105455,0.0647421,0.0375915,0.0350781,reel,457.95,654.5,853.25,0.00222692,639
92009,Bois-Colombes,92,petite_couronne,936,312,6483.01,6483.33,0.00766297,0.000926651,27.8764,22.9091,33.9207,commune,1.23289,0.0142088,0,5763,0.260944,0.129155,0.100167,2.27045,48.9157,-0.0564575,0.00456329,0.0371235,0.0631587,0.0987417,0.0284855,0.2235,0.5295,2419.51,-99373.8,624.099,51895,239871,0.0488225,0.0313991,0.0334425,lmnp,610.95,648,693.1,0.000415421,640
95352,Luzarches,95,grande_couronne,47,15.6667,3110.08,3113.41,0.0316428,0.0157989,18.8064,15.9462,22.1795,commune,2.20041,0.0390927,0,594,0.136771,0.0531585,0.0186519,2.42267,49.1128,-0.0530492,0.00677139,0.0371126,0.0625367,0.0945894,0.0311003,0.213,0.525,571.811,-40756.1,281.612,22069.8,115073,0.0667751,0.0384593,0.0380421,reel,521.7,658,815,0.00165398,641
69290,Saint-Priest,69,province,1142,380.667,3019.84,3019.22,0.00755803,0.000901464,17.5686,14.6198,21.1122,commune,1.0348,0.00812861,0.0980736,6453,0.100754,0.0250113,0.00995763,4.93669,45.6968,-0.0759955,-0.000289211,0.0371055,0.0655139,0.102324,0.0268166,0.252,0.527,833.81,-44253.9,265.03,21296.9,111734,0.0638521,0.0377919,0.0361702,reel,612.95,650.5,693.2,0.000410655,642
74225,Rumilly,74,province,463,154.333,3420.09,3418.13,0.0122588,0.00237149,19.8353,15.661,25.1222,commune,1.93271,0.0304697,0,3193,0.132171,0.0232688,0.00873063,5.94362,45.8644,-0.0699913,-0.00240696,0.0370998,0.0655193,0.10117,0.0265047,0.259,0.5255,931.981,-50104.2,302.436,24086.6,126544,0.0643325,0.0380253,0.036059,reel,595,653,709.1,0.000627518,643
54357,Maxéville,54,province,137,45.6667,1826.6,1827.31,0.0236763,0.00884573,13.211,10.6865,16.332,commune,1.97854,0.0316253,0.0656934,3018,0.0543468,0.0175008,0.00278411,6.16385,48.7096,-0.0693864,-0.00172063,0.037096,0.0669194,0.10252,0.0270053,0.261,0.53,550.271,-27416.8,164.322,12861.2,67584.4,0.0769364,0.039009,0.0364738,reel,549.65,647.5,762.1,0.00114692,644
38332,Renage,38,province,38,12.6667,1853.51,1839.04,0.0459912,0.0333753,13.4404,10.5031,17.1991,commune,2.32164,0.0437956,0,452,0.0760866,0.0361197,0.026245,5.48712,45.3326,-0.0746807,-0.00029638,0.03707,0.0642984,0.104602,0.0274143,0.2515,0.5245,430.097,-29234.3,169.112,13365.9,68579.8,0.0773044,0.038902,0.0353047,reel,479.8,666,887.3,0.0022758,645
60338,Lacroix-Saint-Ouen,60,province,34,11.3333,2414.46,2421.82,0.0441335,0.0307299,15.1058,12.7376,17.9143,commune,1.38457,0.0174927,0,669,0.0498991,0.0133583,0.00216886,2.78703,49.3542,-0.0775982,-0.0012849,0.0370681,0.0655161,0.103638,0.026786,0.2555,0.5275,641.268,-35781.2,216.329,16928.1,89335,0.0676216,0.037409,0.035293,reel,461.75,643.5,846.5,0.00225018,646
45075,La Chapelle-Saint-Mesmin,45,province,144,48,2166.57,2167.79,0.0215289,0.00731356,14.5326,12.3969,17.0363,commune,1.38022,0.0173987,0,973,0.157055,0.0473247,0.020578,1.84255,47.8919,-0.0708966,-0.0015987,0.0370613,0.0646359,0.102124,0.0280023,0.2585,0.5205,647.874,-31368.1,193.424,15373.5,80162.9,0.0721842,0.0393132,0.0366945,reel,554,654,769,0.00115224,647
74032,Bellevaux,74,province,77,25.6667,2768.67,2755.11,0.0298838,0.0140922,18.4759,13.1828,25.8941,maille,1.9391,0.0306462,0,240,0.540694,0.0888714,0.0449586,6.50774,46.248,-0.0685438,0.000782888,0.0370268,0.0681262,0.108414,0.0300675,0.248,0.5205,1960.73,-42866.1,234.936,20092.8,102441,0.0735769,0.0426142,0.0393585,reel,516.9,652,812.6,0.00161324,648
14181,Cormelles-le-Royal,14,province,62,20.6667,2419.17,2407.89,0.0330515,0.017236,15.4827,13.07,18.3409,commune,1.08672,0.0101059,0,357,0.167854,0.0477699,0.022833,-0.333467,49.1567,-0.0711646,-0.000937387,0.0370058,0.0671732,0.103831,0.027545,0.2555,0.529,1031.49,-35204.4,211.917,17225.1,89509.2,0.0693598,0.0392342,0.0371267,reel,548,678,832.35,0.00157,649
70285,Héricourt,70,province,95,31.6667,1154.83,1155.46,0.0300136,0.0142117,10.7353,7.8176,14.7419,commune,2.38863,0.0467662,0.0421053,1841,0.152949,0.0407741,0.0072213,6.7584,47.5748,-0.0763059,-0.00121984,0.0369928,0.0685779,0.110272,0.0278855,0.2535,0.526,318.847,-19654,105.678,8149.83,42728.6,0.0959655,0.0418094,0.0362546,reel,517.85,659,832.55,0.00166306,650
91338,Limours,91,grande_couronne,35,11.6667,3484.74,3489.61,0.0376418,0.0223565,19.7686,17.2901,22.6024,commune,1.31294,0.0160819,0,578,0.251128,0.049461,0.022168,2.07638,48.6461,-0.0505604,0.005896,0.036942,0.0617869,0.0948744,0.0312362,0.212,0.531,712.438,-45663.2,307.902,24785,128935,0.0629096,0.0380832,0.0381644,reel,495.6,658,855.2,0.00182407,651
78092,Bougival,78,grande_couronne,188,62.6667,4621.73,4623.95,0.017239,0.00468971,22.7274,18.88,27.3589,commune,1.39414,0.0176502,0,1747,0.171138,0.0538018,0.0291179,2.13942,48.8634,-0.0423325,0.0108391,0.0369283,0.0591774,0.0908973,0.0320738,0.186,0.535,-291.398,-62282.1,423.623,37777.5,171004,0.0551155,0.0328122,0.0346806,lmnp,571.5,663.5,773,0.00103236,652
60157,Clermont,60,province,163,54.3333,2166.49,2166.66,0.0204041,0.00656969,14.8721,11.6999,18.9045,commune,1.8605,0.028397,0.00613497,2301,0.20072,0.0331778,0.0336834,2.41317,49.3795,-0.0725608,0.000676665,0.0369219,0.0650642,0.103233,0.0282539,0.245,0.5255,842.063,-32871.5,189.579,15663,80160.2,0.0740671,0.0398757,0.0367452,reel,584,678,781.15,0.000975509,653
11106,Coursan,11,province,32,10.6667,1424.44,1422.87,0.0510034,0.0410225,11.5341,9.5615,13.9137,commune,2.12384,0.0362761,0,377,0.038835,0.0133938,0.00273369,3.05746,43.2338,-0.0708456,-0.0026617,0.0369086,0.0657543,0.1025,0.0272773,0.263,0.5255,445.549,-20984.6,129.903,10011.8,52704.3,0.0845311,0.0393224,0.0363231,reel,443.15,663.5,924.3,0.0026018,654
28279,Nogent-le-Roi,28,province,34,11.3333,1875.9,1881.95,0.044915,0.0318139,13.4675,11.2123,16.1762,commune,1.84774,0.0280481,0,733,0.100566,0.0386303,0.0136681,1.52983,48.6487,-0.0682441,-0.00121297,0.0368908,0.0672079,0.104168,0.0281597,0.257,0.5275,779.776,-27879.2,167.683,13420.7,69408.3,0.076555,0.0394318,0.0365037,reel,463.95,652.5,862.95,0.00231285,655
50502,Saint-Lô,50,province,374,124.667,1707.25,1705.13,0.0146381,0.00338117,12.9033,10.5077,15.8451,commune,1.96694,0.0313405,0.15508,7968,0.128611,0.0248683,0.0054286,-1.08996,49.1128,-0.0712716,-0.00162549,0.0368883,0.0654653,0.105358,0.0267556,0.256,0.524,692.468,-25641.5,151.609,12022.3,63168.4,0.0801519,0.040165,0.037159,reel,591.95,665.5,745.05,0.000823724,656
66048,Cerbère,66,province,59,19.6667,2403.75,2395.08,0.0403112,0.0256378,15.818,12.4339,20.1232,maille,2.29263,0.0424886,0,242,0.102418,0.0509733,0.011961,3.16242,42.4439,-0.0768765,-0.00298188,0.0368816,0.0651468,0.104879,0.0264162,0.2645,0.53,620.94,-37100.2,219.418,16988.5,88938.8,0.0714784,0.0386927,0.03588,reel,502.6,665,873.2,0.00191608,657
13056,Martigues,13,province,931,310.333,3182.15,3181.45,0.0102421,0.0016554,18.2738,14.5904,22.8871,commune,1.32309,0.0163114,0.0408163,8860,0.0825071,0.0215598,0.00542042,5.05119,43.4036,-0.0685128,-0.000961304,0.0368799,0.0647422,0.105183,0.0275184,0.255,0.528,1015.45,-46055.6,282.603,22370,117740,0.0632547,0.0374471,0.0356648,reel,611.95,667,723.15,0.000532252,658
16102,Cognac,16,province,188,62.6667,1695.5,1694.54,0.0200162,0.00632069,13.0249,10.5351,16.103,commune,2.32004,0.0437186,0,4272,0.0910829,0.0271411,0.0151841,-0.325324,45.692,-0.071321,-0.00114208,0.0368554,0.0661469,0.102283,0.0283769,0.2555,0.526,620.033,-25202.3,151.885,12105,62733.6,0.0815678,0.0403884,0.037216,reel,569.85,668.5,786.4,0.00108676,659
26235,Pierrelatte,26,province,140,46.6667,1665.09,1660.91,0.0248489,0.00974337,13.0392,10.3925,16.3598,commune,2.53219,0.0541184,0.242857,852,0.115784,0.0320957,0.0163336,4.70018,44.3773,-0.0732879,0.000526947,0.0368308,0.0662923,0.103595,0.0280624,0.2465,0.531,540.602,-25495,149.492,11878.1,61608.3,0.0831608,0.0407793,0.0371984,reel,558.95,666.5,796.25,0.00126499,660
14341,Ifs,14,province,174,58,2439.4,2435.73,0.0198385,0.00621046,15.3101,12.9249,18.1354,commune,1.01276,0.00657574,0,1551,0.0822008,0.0142232,0.0100167,-0.350025,49.1584,-0.0766056,0.000246964,0.0368211,0.0657625,0.103194,0.0276573,0.2495,0.523,951.807,-34844.3,211.526,17229.3,90257.9,0.0679349,0.0383851,0.0367144,reel,577.9,674.5,787.55,0.00111783,661
69029,Bron,69,province,1053,351,3234.5,3233.81,0.00787066,0.000977581,18.2215,14.6946,22.5949,commune,1.2123,0.0137243,0.14245,8352,0.213695,0.0384333,0.0140247,4.91519,45.7376,-0.071009,-0.00327902,0.0368037,0.0630423,0.0999055,0.0260996,0.2665,0.5305,270.778,-47303,291.55,22847.4,119676,0.0620369,0.0368595,0.0345344,reel,630.9,672,718.05,0.000402542,662
88090,Charmes,88,province,41,13.6667,1128.58,1124.27,0.0517175,0.0421899,10.7274,8.4695,13.5873,commune,2.63689,0.0614828,0,999,0.10221,0.0206683,0.00641713,6.29334,48.3721,-0.0724477,0.000612284,0.0367936,0.0675067,0.108695,0.0290998,0.248,0.5255,541.415,-18455.5,102.303,8015.82,41757.5,0.0981135,0.0421382,0.0377109,reel,446.85,652,923.2,0.00258622,663
54329,Lunéville,54,province,273,91,1296.42,1295.86,0.0168091,0.00445871,11.5843,9.13433,14.6914,commune,2.68329,0.0647848,0.227106,4589,0.151472,0.0375282,0.00854859,6.49447,48.5909,-0.0755623,-0.00054317,0.0367922,0.0688053,0.10673,0.0289085,0.2535,0.531,549.04,-20564.9,117.429,9235.39,47967.7,0.0933426,0.0422968,0.0375136,reel,592.9,672,754.2,0.000855418,664
01173,Gex,01,province,520,173.333,4591.31,4590.04,0.0113295,0.00202559,23.8946,19.2923,29.5949,commune,2.00261,0.0323172,0,2876,0.0838349,0.0279694,0.0108792,6.05993,46.3329,-0.0565045,0.00747218,0.0367836,0.0628831,0.102349,0.0315042,0.2115,0.5355,2158.6,-67993.6,405.509,37309.6,169878,0.0585313,0.0335858,0.0350032,lmnp,612.65,676,749.15,0.000667603,665
93008,Bobigny,93,petite_couronne,323,107.667,4014.34,4015.94,0.0143302,0.00324041,21.6734,16.2088,28.9803,commune,2.26131,0.0414257,0.733746,10651,0.112817,0.0153028,0.00980837,2.44383,48.9084,-0.0787994,-0.00108996,0.0367801,0.065458,0.102175,0.0246024,0.2545,0.523,838.561,-62435.2,371.001,28216.9,148530,0.060304,0.0359759,0.0346634,reel,606.95,670,744,0.000707864,666
64410,Mourenx,64,province,67,22.3333,1347.6,1338.6,0.0329552,0.0171361,11.1969,8.61571,14.5513,commune,2.20099,0.0390977,0,2329,0.0137889,0.00382088,0.0014121,-0.629936,43.3697,-0.0731791,-0.00235576,0.0367511,0.0675178,0.107525,0.0283058,0.263,0.5235,538.477,-20888.8,122.94,9497.8,49861.1,0.0863482,0.0392036,0.036415,reel,529,677.5,831.5,0.00164243,667
13212,Marseille 12e Arrondissement,13,province,1884,628,3606.75,3606.35,0.00720282,0.000818721,19.8645,16.6134,23.7518,commune,1.32367,0.0163241,0.00159236,10947,0.0945147,0.0235644,0.00420766,5.43146,43.3073,-0.0512476,0.00721674,0.0367403,0.0638016,0.100423,0.0324357,0.2055,0.528,2263.29,-49959.5,299.602,30314.1,133450,0.0611005,0.0346838,0.0359798,lmnp,630.95,672,727.05,0.000429062,668
81060,Carmaux,81,province,34,11.3333,1257.63,1250.83,0.0428603,0.0289654,11.3758,9.33325,13.8653,commune,2.5464,0.0548443,0.441176,1689,0.110356,0.0366804,0.0171429,2.16004,44.0517,-0.0770372,0.00137237,0.0367359,0.0668686,0.107748,0.0289734,0.243,0.5215,733.994,-19824.2,112.252,9064.42,46532.2,0.0942326,0.0424781,0.0380583,reel,467.6,667.5,918.25,0.00220717,669
54184,Essey-lès-Nancy,54,province,221,73.6667,2086.2,2087.1,0.0186726,0.00550205,14.0782,11.6752,16.9759,commune,1.71897,0.0249589,0.171946,2565,0.0719264,0.0236387,0.00249941,6.2238,48.7038,-0.0733173,-0.000652385,0.0367215,0.0663271,0.103058,0.0272175,0.251,0.528,589.393,-30590.8,186.654,14619.1,77189.4,0.072351,0.0382785,0.0358029,reel,597.8,671.5,780.1,0.000945084,670
54483,Saint-Nicolas-de-Port,54,province,72,24,1389.37,1389.15,0.0325307,0.0166981,11.4515,9.17705,14.2897,commune,1.70157,0.0246118,0,1134,0.165506,0.0458269,0.00900856,6.30122,48.6314,-0.0740193,-0.00391765,0.036662,0.0671427,0.104219,0.0274134,0.268,0.533,251.005,-21867.4,126.193,9850.62,51406.8,0.0859512,0.0406601,0.0362192,reel,562.7,684,850.1,0.00151593,671
77330,Nanteuil-lès-Meaux,77,grande_couronne,51,17,3352.01,3354.05,0.0304645,0.0146451,18.9136,15.4996,23.0796,commune,1.60035,0.0223102,0,495,0.141724,0.0324723,0.0258406,2.88907,48.9312,-0.0514772,0.00448952,0.0366615,0.0603904,0.0942444,0.0300942,0.22,0.542,-38.079,-44684.4,304.568,23930.8,124024,0.0623397,0.0368591,0.0363994,reel,536.9,664,829.15,0.00153592,672
94058,Le Perreux-sur-Marne,94,petite_couronne,962,320.667,5442.21,5442.71,0.00730112,0.000841211,25.3954,21.5616,29.9109,commune,1.4185,0.018124,0,6698,0.21239,0.0873794,0.0594401,2.50468,48.8421,-0.0622544,0.00646945,0.0366559,0.0645338,0.101812,0.0296114,0.2165,0.5365,2595.12,-80810.2,500.81,44107.9,201362,0.0526892,0.0324847,0.0344604,lmnp,635,682,719.1,0.000439055,673
59512,Roubaix,59,province,703,234.333,2334.08,2333.89,0.0106024,0.00177393,15.6658,12.6615,19.3829,commune,2.51508,0.0531503,0.485064,18132,0.154477,0.040047,0.0220017,3.17341,50.685,-0.0746258,0.000179947,0.0366557,0.0641092,0.102181,0.0276423,0.249,0.5285,601.172,-34745.5,210.474,16765.6,86361,0.0728294,0.0388896,0.0355548,reel,622.9,681,740.05,0.000595713,674
77053,Brie-Comte-Robert,77,grande_couronne,446,148.667,3637.38,3637.63,0.0103689,0.00169667,19.945,17.3302,22.9544,commune,1.82947,0.0274977,0,3032,0.0736136,0.016998,0.00802297,2.61,48.6909,-0.0535838,0.00394325,0.036651,0.0599048,0.0939923,0.0292686,0.2285,0.5325,-428.617,-47794.9,334.935,25543.7,134583,0.0608516,0.0361712,0.0356463,reel,629,676,734.05,0.000481448,675
74243,Saint-Julien-en-Genevois,74,province,533,177.667,4986.65,4985.14,0.0114272,0.00206068,23.8076,18.6641,30.3686,commune,1.40806,0.0179085,0.0356473,4868,0.0685968,0.0228655,0.0159532,6.08024,46.1429,-0.0629326,0.00387828,0.0366433,0.0642743,0.101573,0.0298413,0.226,0.537,1324,-75549.9,446.2,40189.7,184506,0.0536815,0.0324425,0.0338278,lmnp,609.85,680,748.15,0.000705417,676
94002,Alfortville,94,petite_couronne,1017,339,5059.96,5060.28,0.00710111,0.000795754,24.7024,20.1618,30.2655,commune,1.72419,0.0250809,0.0127827,14740,0.167296,0.0540886,0.0274823,2.4182,48.8059,-0.0583456,0.00659754,0.0366426,0.0644119,0.0991641,0.0301702,0.221,0.5235,2169.83,-74824.8,464.491,40846.6,187218,0.0550259,0.0327462,0.0346369,lmnp,641,682,728,0.000423523,677
92022,Chaville,92,petite_couronne,487,162.333,5735.13,5735.35,0.0106192,0.00177948,26.2937,22.259,31.0597,commune,1.39791,0.0177258,0,5251,0.212772,0.048702,0.0621601,2.18978,48.81,-0.0600907,0.0066468,0.0366117,0.0644739,0.0996228,0.029202,0.218,0.5335,2746.46,-84971.1,524.481,46175.3,212200,0.0518775,0.0323767,0.0347963,lmnp,621,682.5,749,0.000625394,678
13203,Marseille 3e Arrondissement,13,province,1527,509,2557.22,2556.59,0.00799986,0.00100994,17.0196,13.3919,21.63,commune,2.80017,0.0773558,0.941061,14121,0.0962821,0.0294443,0.0286331,5.38068,43.3105,-0.0710345,-0.000767557,0.0366028,0.0662084,0.103876,0.0283263,0.254,0.528,1134.35,-37049.1,227.065,18258.2,94617.1,0.0728272,0.0395976,0.0368628,reel,639.8,682,719,0.000401317,679
04209,Sisteron,04,province,155,51.6667,1665.53,1664.46,0.0251005,0.00994128,13.3988,10.7664,16.6747,commune,2.74014,0.0702138,0,1376,0.206693,0.0606748,0.0288633,5.9447,44.1941,-0.0712249,-0.000652671,0.036541,0.0671691,0.10343,0.0289897,0.252,0.531,791.602,-25520.6,149.491,12146.5,61624.5,0.0857298,0.0422163,0.0374315,reel,581.95,695.5,797.25,0.00123967,680
40217,Parentis-en-Born,40,province,46,15.3333,2698.12,2684.99,0.0366848,0.0212318,16.5637,12.7555,21.5088,commune,1.63399,0.0231381,0,394,0.0703109,0.0137815,0.0151397,-1.06947,44.3509,-0.074302,-0.00107797,0.0365143,0.0658277,0.103489,0.0269031,0.259,0.5315,706.3,-39974.6,237.751,19124,99830.3,0.0669963,0.0379447,0.0358545,reel,508.9,701.5,888.1,0.00187337,681
93066,Saint-Denis,93,petite_couronne,1935,645,4454.7,4454.86,0.00586252,0.00054237,24.0465,19.2211,30.0835,commune,2.63428,0.0612879,0.710078,32819,0.136199,0.0287817,0.0205414,2.35622,48.9329,-0.0755712,-0.00390075,0.0365059,0.0649802,0.103991,0.0261895,0.266,0.5245,1600.4,-67177.7,409.933,31514.9,164824,0.0607355,0.0365436,0.0353792,reel,657,689,727.05,0.000293153,682
13119,Carnoux-en-Provence,13,province,110,36.6667,3667.7,3658.87,0.0296157,0.0138397,20.555,16.5656,25.5052,commune,1.90023,0.0295513,0,616,0.123047,0.0350879,0.000290282,5.56241,43.2553,-0.0747974,-0.00364056,0.0365021,0.0638082,0.101031,0.0257245,0.271,0.5235,230.31,-53581.7,332.636,25650.1,135705,0.0623444,0.037244,0.0351533,reel,556.75,687,854,0.00150394,683
18197,Saint-Amand-Montrond,18,province,68,22.6667,983.337,982.377,0.0380792,0.0228431,10.0849,7.86173,12.9367,commune,2.86311,0.0871653,0,1873,0.0876538,0.0358597,0.0165827,2.50579,46.7207,-0.0776065,-0.00157403,0.0364987,0.0669338,0.110852,0.0277381,0.2585,0.5315,208.55,-17568.6,92.7857,7128.4,36383.5,0.104764,0.0421429,0.0360571,reel,512.85,686.5,907.15,0.00190827,684
77169,Émerainville,77,grande_couronne,122,40.6667,4023.52,4024.52,0.019781,0.00617475,21.3013,18.223,24.8996,commune,1.81758,,0,1158,0.0786237,0.0252929,0.013103,2.61804,48.8099,-0.0541708,0.0040963,0.0364928,0.0600802,0.0917663,0.0287659,0.2295,0.5415,-996.743,-53649.7,371.591,28395.2,148870,0.0590567,0.0357107,0.0351465,reel,601.95,698.5,785,0.000886819,685
69259,Vénissieux,69,province,1060,353.333,2923.66,2923.04,0.00784465,0.000971132,17.0984,13.5717,21.5416,commune,1.39066,0.0175837,0.143396,19289,0.187804,0.0186422,0.00624024,4.86938,45.7188,-0.0767688,-0.000998661,0.0364741,0.0643075,0.104415,0.0267863,0.2575,0.528,690.993,-43876.3,260.004,20562.6,108176,0.0640227,0.037025,0.0345292,reel,645.85,692,738.1,0.000396834,686
71014,Autun,71,province,208,69.3333,1069.06,1067.54,0.022059,0.00767817,10.6304,8.47505,13.3339,commune,2.79814,0.0771419,0,1933,0.162827,0.0574994,0.0151104,4.29797,46.9518,-0.0781063,-0.00181932,0.0364553,0.0672936,0.108254,0.028344,0.26,0.534,232.345,-18252,101.302,7760.53,39555.2,0.102487,0.0433039,0.0363261,reel,575.6,695.5,799.05,0.00112285,687
84119,Saint-Saturnin-lès-Avignon,84,province,44,14.6667,2577.72,2568.27,0.0484119,0.0369696,15.9838,13.1177,19.4761,commune,1.14385,0.0118997,0,265,0.102412,0.0328622,0.0163225,4.94314,43.9574,-0.0729293,-0.00130969,0.0364482,0.0672271,0.105619,0.0271871,0.259,0.53,1048.93,-38401.6,225.312,18339,95375.6,0.067426,0.0384967,0.0366697,reel,488.05,719.5,1038.25,0.00256455,688
44026,Carquefou,44,province,227,75.6667,3230.02,3226.33,0.0163056,0.00419553,18.1276,15.1167,21.7382,commune,1.10673,0.0106869,0,3400,0.0200377,0.00782572,0.000411033,-1.49683,47.2973,-0.0566417,0.00495235,0.0364279,0.063474,0.0980691,0.0291837,0.22,0.527,720.346,-48235.4,271.693,27597.6,119511,0.061774,0.0342694,0.0351672,lmnp,587.7,696,785.05,0.000987857,689
30321,Sommières,30,province,57,19,1892.56,1887.93,0.0449501,0.031878,13.6899,11.0947,16.8923,commune,2.43271,0.0491137,0,1187,0.0899704,0.0399066,0.00423819,4.09037,43.7834,-0.0766133,-0.00176965,0.0364194,0.0648551,0.101991,0.026584,0.26,0.53,293.31,-29047.8,176.865,13341.8,70024.9,0.0772916,0.0390466,0.0357612,reel,502.95,690.5,920.5,0.00219701,690
17347,Saint-Jean-d'Angély,17,province,44,14.6667,1717.95,1699.88,0.0413979,0.0270349,13.065,10.2468,16.6583,commune,2.69635,0.06614,0,1092,0.0965414,0.0390175,0.0226039,-0.530333,45.9387,-0.0745094,-0.00071162,0.0364124,0.0651777,0.103791,0.0271059,0.2545,0.532,183.3,-27096.9,160.703,12364,63564.2,0.0807823,0.0393378,0.0351629,reel,510.75,697.5,864.2,0.00194487,691
56098,Lanester,56,province,297,99,2588.6,2586.3,0.0141563,0.00316243,15.4926,12.5371,19.1448,commune,1.20969,0.0136482,0.013468,5460,0.0602165,0.0132387,0.00388053,-3.34445,47.7659,-0.0793815,-0.00453668,0.0364027,0.0631795,0.102116,0.025381,0.272,0.527,88.1523,-38311.7,234.095,18169.1,95778.3,0.0648655,0.03651,0.0341849,reel,630,692.5,776,0.000694883,692
42168,Pélussin,42,province,31,10.3333,1775.42,1754.41,0.0566569,0.0506297,13.4299,10.1557,17.7595,commune,2.36166,0.0455722,0,383,0.178521,0.0529251,0.0454282,4.67569,45.4178,-0.0679615,-0.00101729,0.0363989,0.067579,0.104678,0.0272198,0.254,0.53,417.662,-28829.6,158.252,13328.3,65690.4,0.0806337,0.0404843,0.035879,reel,471.75,715.5,988.1,0.00268914,693
13005,Aubagne,13,province,950,316.667,3058.26,3057.55,0.0101393,0.00162235,17.938,14.2843,22.5262,commune,1.66995,0.0239298,0,8722,0.0704397,0.0217855,0.00539163,5.56988,43.2911,-0.0737729,-0.000831413,0.0363938,0.0653412,0.102148,0.0265714,0.2535,0.5285,804.283,-45809.2,273.242,21470.6,113156,0.0644992,0.0374375,0.0353892,reel,631.8,699.5,744.1,0.000521275,694
77215,Gretz-Armainvilliers,77,grande_couronne,120,40,3440.09,3440.23,0.0199442,0.00627701,19.6691,17.6397,21.932,commune,2.12819,0.0364444,0,1267,0.121361,0.0254803,0.0120018,2.73459,48.7408,-0.0534618,0.00523263,0.0363899,0.059585,0.0914325,0.0296277,0.2175,0.5385,-268.416,-45748,315.153,24238.4,127283,0.0633789,0.0370803,0.0365129,reel,601.75,714,802.05,0.00102779,695
17449,Tonnay-Charente,17,province,134,44.6667,2049.07,2043.23,0.0239374,0.00904131,14.0167,11.602,16.934,commune,1.63921,0.0232131,0,645,0.198992,0.013004,0.00794311,-0.905086,45.9465,-0.0747047,-0.00213604,0.036389,0.0654409,0.103066,0.0272097,0.2595,0.526,483.393,-30454.9,180.815,14460.2,75815.5,0.0733018,0.0388444,0.0357107,reel,587.35,700,808.05,0.00121558,696
62178,Bruay-la-Buissière,62,province,44,14.6667,1556.87,1549.04,0.0411157,0.0266705,12.6378,10.3338,15.4555,commune,2.25986,0.0413493,0.340909,1978,0.197774,0.0516281,0.00777854,2.54648,50.4816,-0.069307,-0.000865797,0.0363488,0.0684848,0.106959,0.027998,0.256,0.5245,840.352,-23898.1,138.1,11065.6,57604.3,0.0858473,0.041935,0.0377445,reel,500.95,694.5,948.2,0.00228389,697
59163,Croix,59,province,344,114.667,2722.37,2722.53,0.0151427,0.00361851,16.6085,13.3031,20.7352,commune,1.50551,0.020268,0.00290698,4027,0.255267,0.032372,0.0164147,3.15282,50.6743,-0.0702981,-0.000706287,0.0363305,0.0632924,0.102211,0.0272249,0.2585,0.5305,511.335,-39253.6,243.005,19253,100728,0.0665972,0.0379587,0.0351301,reel,619.95,697.5,771.05,0.000730699,698
77118,Claye-Souilly,77,grande_couronne,185,61.6667,3908.28,3908.96,0.0160804,0.00408058,20.8716,17.848,24.4073,commune,1.59774,0.0222534,0,1106,0.0795819,0.021169,0.00930134,2.68346,48.9444,-0.0553417,0.00232943,0.0363265,0.0614444,0.0933648,0.0288762,0.2375,0.537,-643.584,-51285.3,357.091,27484.6,144607,0.0594785,0.0360994,0.0357811,reel,623.8,696,771.05,0.000707035,699
69091,Givors,69,province,266,88.6667,2144.84,2142.69,0.0156373,0.00385874,14.3547,11.3029,18.2304,commune,2.01334,0.0326537,0.218045,4391,0.129199,0.0274029,0.0114353,4.77115,45.5851,-0.0696502,-0.00548764,0.0363123,0.065685,0.102896,0.0263278,0.2755,0.534,207.921,-32390.9,196.474,15169.1,79359,0.0719196,0.0378745,0.0345833,reel,633.9,700,779.2,0.000710082,700
95527,Roissy-en-France,95,grande_couronne,36,12,4163.58,4172.49,0.0360691,0.0205273,22.2022,18.8655,26.129,commune,1.99202,0.0320856,0,1478,0.0466478,0.0120497,0.00108673,2.51572,49.0036,-0.0601828,0.00410678,0.0362855,0.0605574,0.0936831,0.0295741,0.221,0.532,-211.027,-56704.5,379.818,29124,154053,0.0596664,0.036183,0.0357626,reel,561.9,692.5,885.35,0.00167896,701
33243,Libourne,33,province,413,137.667,2336.9,2335.97,0.0115132,0.00209179,15.2349,10.9039,21.2862,commune,2.20186,0.0391468,0,4653,0.115679,0.0358293,0.0163003,-0.241781,44.915,-0.074965,-0.00418065,0.036278,0.0655762,0.103871,0.0264014,0.2775,0.532,185.846,-37895.3,213.869,16619.3,86465.3,0.0705289,0.0377695,0.034534,reel,653.9,704.5,759,0.000522095,702
92033,Garches,92,petite_couronne,469,156.333,6034.09,6034.81,0.0108207,0.00184765,26.4234,22.0045,31.7296,commune,1.06352,0.00929491,0,3945,0.179031,0.0589171,0.0516397,2.19228,48.8461,-0.0622482,0.00599723,0.0362614,0.0628068,0.100457,0.0289328,0.2225,0.5335,2262.12,-89060.3,558.257,47991.4,223261,0.0495651,0.0318502,0.034477,lmnp,630.95,711.5,767.4,0.000682765,703
88160,Épinal,88,province,815,271.667,1473.95,1474,0.0118368,0.00221103,11.9509,9.46327,15.0924,commune,2.40139,0.0473592,0.0503067,7223,0.136795,0.0433293,0.0119403,6.44764,48.1765,-0.0704754,-0.00205564,0.0362514,0.0647432,0.102681,0.0263288,0.2605,0.534,-51.5177,-23095.7,138.595,10514.8,54536.3,0.0850846,0.0399243,0.0353177,reel,649.95,709,767.05,0.00057602,704
54339,Malzéville,54,province,176,58.6667,1941.61,1942.36,0.0209094,0.00689912,13.636,10.7328,17.3244,commune,1.61688,0.0227726,0.0625,1724,0.207896,0.0349729,0.00654844,6.18571,48.7088,-0.0724623,-0.00236381,0.0362347,0.0658876,0.103326,0.0268984,0.2635,0.536,406.784,-29519.5,174.162,13722.7,71839.5,0.0750056,0.0392818,0.0358726,reel,587.95,711,806.25,0.00111385,705
83141,Trans-en-Provence,83,province,67,22.3333,2274.39,2265.86,0.0387721,0.0237186,14.6145,11.6622,18.314,commune,1.53669,0.020979,0,531,0.049008,0.00471955,0.00561604,6.48626,43.5029,-0.0732385,-0.00202541,0.0362257,0.0648258,0.101878,0.0254858,0.2635,0.534,282.926,-34770.9,202.601,16038.2,84152.4,0.0691937,0.0375146,0.0352394,reel,551.7,682.5,901.05,0.00190555,706
78367,Mareil-Marly,78,grande_couronne,33,11,4952.42,4967.14,0.0407038,0.0261413,23.6359,19.3448,28.8788,commune,1.35209,,0,221,0.207615,0.0661587,0.0348308,2.07611,48.8803,-0.0424145,0.0104289,0.0362031,0.0610971,0.0920094,0.0326626,0.1885,0.547,367.833,-67836.8,454.47,40236.6,183239,0.0536366,0.0324937,0.0343698,lmnp,496.95,713,967.15,0.00234106,707
92075,Vanves,92,petite_couronne,913,304.333,6517.46,6517.7,0.0077588,0.000949973,28.2393,23.4034,34.0745,commune,1.34136,0.0167138,0,8561,0.193418,0.0920958,0.0465915,2.28929,48.8215,-0.0605455,0.00612431,0.0362011,0.0635112,0.1006,0.0291518,0.2165,0.5405,2892.22,-96703.5,620.623,51382.9,241146,0.0492327,0.0314902,0.0339369,lmnp,664.95,712.5,756,0.000425447,708
76212,Darnétal,76,province,170,56.6667,2037.14,2035,0.0244,0.00939448,14.2386,12.073,16.7926,commune,1.85122,0.0281222,0,3480,0.100441,0.0117497,0.00617156,1.14293,49.4398,-0.0661654,-0.000412981,0.0362009,0.0671378,0.101631,0.0285292,0.2525,0.5345,1022.43,-28724,177.956,14323.7,75374.3,0.0750379,0.0396647,0.0374364,reel,583.85,704,841.1,0.00133603,709
21464,Nuits-Saint-Georges,21,province,99,33,2089,2086.52,0.0287895,0.0130775,14.5612,12.0716,17.5642,commune,2.24507,0.0408006,0,1052,0.111635,0.0548068,0.0394526,4.94901,47.1374,-0.0699559,-0.0020177,0.0361678,0.0647531,0.101434,0.0267439,0.258,0.535,359.091,-31389.5,189.429,15400.6,77293,0.0750283,0.0393439,0.0358651,reel,574.95,707,838.15,0.00139588,710
74042,Bonneville,74,province,452,150.667,3313.19,3311.55,0.0124067,0.00242906,18.9444,15.7149,22.8376,commune,1.77871,0.0263944,0,2575,0.171588,0.0449118,0.0388249,6.40788,46.0781,-0.074256,-0.00335546,0.0361674,0.0639653,0.10125,0.0253817,0.264,0.5385,184.018,-49071,298.667,23802.9,122588,0.0631816,0.0371046,0.034582,reel,655.85,712.5,777.05,0.000569422,711
42207,Saint-Chamond,42,province,603,201,1450.71,1449.58,0.0131629,0.00273417,12.2412,9.26708,16.1698,commune,2.46433,0.0506205,0.139303,8981,0.176532,0.095978,0.0266077,4.51153,45.4743,-0.0704011,-0.00347533,0.0361438,0.0675389,0.105682,0.0280301,0.2715,0.5275,284.856,-22952.7,136.055,10552.4,53676.1,0.0888495,0.042175,0.0363749,reel,636.95,720,776.45,0.000696539,712
22362,Tréguier,22,province,47,15.6667,2041.78,2018.68,0.0405287,0.0259116,14.6594,11.6356,18.469,commune,2.56061,0.0555932,0,316,0.221783,0.0721712,0.0450069,-3.23161,48.7857,-0.0704498,-0.00362247,0.0361289,0.0640209,0.102944,0.0263241,0.264,0.542,13.8571,-31338.1,188.341,15018.7,75545.9,0.0773408,0.0400917,0.0355222,reel,524.8,710.5,950.4,0.00207344,713
94003,Arcueil,94,petite_couronne,334,111.333,5453.02,5453.97,0.0123814,0.00241906,26.0727,21.7085,31.3142,commune,1.87703,0.0287617,0.0359281,6939,0.101013,0.0314089,0.0296905,2.33209,48.8077,-0.0586631,0.00878123,0.036121,0.0641797,0.101578,0.0303512,0.208,0.5345,3144.74,-81174.4,501.322,43659,201762,0.054075,0.0323009,0.0344952,lmnp,635.95,712.5,787.05,0.000708983,714
77350,Ozoir-la-Ferrière,77,grande_couronne,214,71.3333,4226.92,4228.75,0.0149554,0.00352955,20.8495,18.1429,23.9598,commune,1.06816,0.00947306,0,2157,0.0568839,0.0128249,0.0121474,2.67315,48.7621,-0.0433627,0.0113326,0.0361019,0.0585012,0.0898022,0.0319827,0.1875,0.5435,5.86925,-55103.2,377.207,34753.3,156396,0.0549321,0.0325718,0.034806,lmnp,628.9,714,802.4,0.000897506,715
24557,Trélissac,24,province,118,39.3333,1595.09,1594.17,0.0240663,0.00913797,12.0152,9.7192,14.8535,commune,1.72332,0.0250696,0,618,0.0500233,0.0221341,0.00682284,0.784907,45.2013,-0.0750016,-0.00279567,0.0360877,0.0656426,0.10199,0.0257777,0.265,0.529,130.022,-24596.8,145.566,11271.4,59018.4,0.0791063,0.0385265,0.0355428,reel,589.95,709.5,832.35,0.00121923,716
41194,Romorantin-Lanthenay,41,province,75,25,1476.6,1474.68,0.0338338,0.0180509,11.9621,9.32995,15.3368,commune,2.39559,0.0470294,0.0133333,1829,0.137309,0.0298998,0.00680066,1.74735,47.3589,-0.074503,-0.00295402,0.0360857,0.0649381,0.105217,0.02687,0.2645,0.5315,110.168,-23614.6,136.311,10477.7,54634.3,0.0850231,0.0399307,0.0356496,reel,548.9,695,893.25,0.00176682,717
69092,Gleizé,69,province,136,45.3333,2356.75,2352.83,0.0218291,0.0075195,14.8739,11.7048,18.901,commune,1.31584,0.016129,0.0661765,955,0.23065,0.0427901,0.0147769,4.70502,45.9945,-0.0726107,-0.00457859,0.0360712,0.0646362,0.100285,0.0256709,0.2755,0.5345,-136.663,-36028.3,213.268,16701.8,87199.7,0.0680966,0.0375503,0.0341876,reel,610.85,721.5,824,0.00108704,718
33004,Ambès,33,province,63,21,1861.29,1856.62,0.0293095,0.0135553,13.0885,11.214,15.2762,commune,1.54727,0.0211827,0,357,0.0328761,0.0201261,0.000863867,-0.524585,45.0071,-0.0710491,-0.00167588,0.0360586,0.0654409,0.101703,0.0272783,0.261,0.532,511.12,-26760.2,168.265,13031.8,68867.8,0.0747124,0.0384706,0.0362836,reel,577.95,721,874.1,0.00147905,719
10362,Sainte-Savine,10,province,271,90.3333,1637.44,1637.16,0.0190627,0.00573353,12.6754,10.1606,15.8127,commune,2.23869,0.0405819,0,2240,0.168795,0.0503079,0.0297625,4.0528,48.2936,-0.0758092,-0.00356344,0.0360538,0.064198,0.102739,0.0266174,0.267,0.5315,85.0256,-25565.6,147.702,11999.6,60585.4,0.081899,0.0401143,0.0354078,reel,641.95,726,817,0.000838125,720
78517,Rambouillet,78,grande_couronne,665,221.667,3895.29,3895.87,0.00918138,0.00133029,20.1978,17.3077,23.5703,commune,1.25145,0.0146723,0,5956,0.138007,0.0475452,0.0243472,1.82721,48.6432,-0.0598344,0.00156277,0.0360033,0.0598193,0.0922744,0.0279085,0.24,0.54,-1169.87,-53472,361,27686.5,144126,0.0576012,0.035149,0.0345901,reel,674.95,723,774,0.000454747,721
95257,La Frette-sur-Seine,95,grande_couronne,47,15.6667,3909.08,3915.18,0.0316428,0.0157989,21.3797,17.9469,25.4692,commune,1.57309,0.0217181,0,377,0.239176,0.07413,0.0556236,2.18338,48.9691,-0.0504219,0.00579887,0.0359834,0.0612744,0.0938636,0.03044,0.216,0.5365,207.693,-51161.3,350.332,28367.3,144636,0.0610263,0.0372913,0.0372241,reel,554.85,716,874.25,0.00167073,722
17218,Marans,17,province,45,15,2071.4,2055.61,0.0409475,0.02645,13.8325,10.8658,17.6092,commune,1.87616,0.0287425,0,409,0.0850102,0.0154389,0.00537949,-0.990544,46.3104,-0.0755779,-0.00353559,0.0359824,0.0642783,0.103134,0.0256482,0.2715,0.533,111.162,-31322.8,188.318,14615.4,76641.9,0.0714443,0.0372259,0.034115,reel,539.8,730.5,958.2,0.00202481,723
25361,Malbuisson,25,province,50,16.6667,3360.28,3355.79,0.0424594,0.0284453,19.7365,14.629,26.6271,commune,1.99507,0.0321199,0,186,0.382027,0.0936804,0.030054,6.30319,46.7967,-0.0767832,-0.00115841,0.0359756,0.0643209,0.105008,0.0269142,0.2555,0.535,622.925,-52712.6,303.498,24075.8,124330,0.0651249,0.0383448,0.0355369,reel,536.8,734,928.1,0.00199885,724
37122,Joué-lès-Tours,37,province,812,270.667,2266.26,2265.92,0.00972723,0.00149313,14.5464,12.4001,17.0641,commune,1.21259,0.0137255,0.1133,9312,0.0767616,0.0140206,0.00175614,0.665915,47.3532,-0.0661955,-0.00132554,0.0359586,0.0650219,0.101863,0.0274606,0.259,0.538,520.467,-31704.4,201.631,15873.6,83851.7,0.0690814,0.0379153,0.0358836,reel,676,724,779.05,0.000483479,725
29189,Plougastel-Daoulas,29,province,57,19,2462.46,2454.1,0.0348478,0.0191597,15.3124,12.0538,19.4519,commune,1.62442,0.0229387,0,528,0.0958792,0.00704515,0.0113621,-4.37079,48.3739,-0.0782252,-0.00274454,0.0359502,0.0647895,0.102238,0.0252029,0.2625,0.533,250.022,-37918.4,221.42,17446.9,91110.9,0.0673103,0.0370495,0.0343593,reel,551.6,723.5,900,0.00182148,726
77114,Chevry-Cossigny,77,grande_couronne,33,11,3611.19,3616.48,0.0377226,0.0224539,19.5567,16.8723,22.6683,commune,1.78712,0.0265596,0,251,0.104644,0.00728818,0.0233677,2.66077,48.7254,-0.0547155,0.00369511,0.0359164,0.0597971,0.0914863,0.0286538,0.231,0.5325,-894.566,-48203.6,331.367,25667.5,133614,0.0600026,0.0355392,0.034689,reel,521,722.5,912.3,0.00195231,727
73181,Moûtiers,73,province,102,34,2180.44,2169.09,0.0287558,0.0130482,15.5826,12.0127,20.2135,commune,2.8576,0.0865874,0,1736,0.263766,0.0554773,0.0675306,6.53152,45.4845,-0.0690132,-0.000244858,0.0358809,0.0652812,0.101473,0.0283317,0.251,0.536,560.223,-33062.3,191.435,16428.5,80676.4,0.0775033,0.0406634,0.0359272,reel,588.95,719.5,871,0.00142938,728
54528,Toul,54,province,213,71,1380.73,1380.5,0.019018,0.00570752,11.5528,9.36884,14.246,commune,2.442,0.0495894,0.028169,3640,0.112711,0.0278863,0.005582,5.8895,48.675,-0.0756869,-0.00440667,0.0358614,0.0657761,0.103966,0.0259317,0.276,0.536,46.7478,-22096.1,127.64,9728.68,51087,0.0873699,0.0400217,0.0357581,reel,618,732.5,830,0.00100322,729
06003,Andon,06,province,40,13.3333,1599.77,1578.39,0.0517006,0.0421661,13.346,9.88369,18.0211,maille,2.683,0.0647482,0,131,0.213493,0.099998,0.19485,6.80647,43.804,-0.0648087,-0.000156487,0.035857,0.0654831,0.105574,0.0290174,0.2515,0.5395,133.791,-27822.4,135.829,14477,59191.6,0.0888573,0.0437883,0.034886,reel,512.5,729,971.15,0.00232179,730
77142,Crécy-la-Chapelle,77,grande_couronne,47,15.6667,3298.03,3300.56,0.0317147,0.0158717,18.6345,15.4666,22.4511,commune,1.89037,0.0291181,0,456,0.165442,0.0618271,0.0402599,2.90942,48.8576,-0.0524682,0.00436996,0.035832,0.0595509,0.0918333,0.0294,0.2275,0.542,-683.53,-45315.3,307.541,23742.1,122027,0.0623443,0.0362725,0.0352373,reel,585.95,731,873.1,0.00146821,731
38182,Le Grand-Lemps,38,province,31,10.3333,2153.14,2134.03,0.0507297,0.0406056,14.6541,11.7398,18.2918,maille,2.22274,0.0400605,0,239,0.158638,0.0461328,0.021004,5.41991,45.398,-0.0719325,-0.00404986,0.0358177,0.0638858,0.102035,0.0255341,0.268,0.54,-12.0361,-33432.3,200.041,15377.5,79666.2,0.073311,0.038589,0.0350101,reel,539.85,743.5,965.3,0.00242508,732
34126,Lamalou-les-Bains,34,province,130,43.3333,1977.04,1973.64,0.0273405,0.0117954,13.7085,10.1521,18.5107,commune,2.09281,0.0352178,0,494,0.139775,0.0448997,0.0174301,3.08318,43.5979,-0.0783696,-0.00358948,0.0357918,0.0656338,0.100755,0.0255697,0.267,0.5305,-126.766,-31586.4,183.327,14162.8,73150.5,0.0741017,0.0380625,0.0342166,reel,603.95,728,862.5,0.00123631,733
74118,Étrembières,74,province,76,25.3333,4519.9,4507.29,0.030077,0.014275,23.0188,16.8537,31.4391,commune,1.76247,0.0260337,0,517,0.0548215,0.0420389,0.038645,6.22499,46.1774,-0.0601017,0.00463842,0.0357878,0.0647047,0.10334,0.0301623,0.225,0.5335,965.556,-73934.5,406.132,37226.6,167236,0.0571308,0.0330603,0.0338703,lmnp,536.2,747.5,904,0.00185593,734
45286,Saint-Jean-le-Blanc,45,province,190,63.3333,2321.79,2323.45,0.0187588,0.00555274,14.7073,12.4463,17.3791,commune,1.2007,0.0134724,0,1103,0.100199,0.0304207,0.0243952,1.91691,47.8897,-0.0714561,-0.00304049,0.0357774,0.064627,0.101557,0.02661,0.264,0.53,283.589,-33782.8,207.926,16534.3,85906.4,0.068261,0.0376559,0.0350891,reel,637.85,741.5,830.2,0.000947551,735
92064,Saint-Cloud,92,petite_couronne,852,284,6913.37,6913.78,0.00803149,0.00101792,28.9757,23.3875,35.8991,commune,1.20418,0.0135493,0,7413,0.25872,0.09394,0.0509563,2.21441,48.8509,-0.0646676,0.00656639,0.0357155,0.0628775,0.100226,0.0278878,0.218,0.543,1546.49,-107309,664.956,54178,255795,0.0476914,0.031053,0.0333602,lmnp,684.95,737,785,0.000441448,736
88116,Cornimont,88,province,42,14,1273.09,1267.51,0.0511235,0.0412268,11.7126,8.84656,15.5071,maille,2.89182,0.092891,0,394,0.151353,0.0808201,0.0485925,6.8359,47.9644,-0.0698992,-0.00153192,0.0356988,0.0678528,0.111769,0.0293478,0.254,0.5335,424.133,-21398.5,120.307,9609.61,47104.3,0.0962628,0.0434622,0.0365593,reel,530.9,742,990.25,0.0022993,737
01103,Chevry,01,province,45,15,4763.98,4755.09,0.0381101,0.0229168,23.5891,18.2223,30.5365,maille,1.63153,0.0230924,0,229,0.0950745,0.0319658,0.0100962,6.04002,46.2827,-0.0624893,0.00583163,0.0356929,0.0637189,0.101265,0.0304975,0.2135,0.541,1122.69,-74332.1,430.02,38496.4,176267,0.0556403,0.0328666,0.0340562,lmnp,541.75,762,1008.55,0.0023732,738
29019,Brest,29,province,5441,1813.67,2379.77,2379.67,0.00360066,0.000204596,15.2679,12.4234,18.7636,commune,1.74536,0.0255631,0.0549531,36518,0.128201,0.0280434,0.00860075,-4.48647,48.3966,-0.0778476,-0.0041115,0.0356927,0.0647769,0.102731,0.0256779,0.2675,0.541,184.28,-35549.1,215.108,16834.2,88051.5,0.0694246,0.0379688,0.035263,reel,720,743,766,0.000180243,739
91376,Marolles-en-Hurepoix,91,grande_couronne,55,18.3333,3391.55,3397.24,0.0301497,0.0143435,18.7555,16.2681,21.6231,commune,1.07802,0.0098777,0,450,0.247262,0.0376506,0.0197461,2.30163,48.5619,-0.0564634,0.00479353,0.0356726,0.0601411,0.0919927,0.0294434,0.2175,0.543,-273.458,-45457.2,305.151,23990.2,125487,0.0610533,0.0367749,0.0364275,reel,591.95,743.5,906,0.00142238,740
31182,Fenouillet,31,province,109,36.3333,2433.75,2430.62,0.0256324,0.0103677,14.8415,12.9654,16.989,commune,1.1424,0.0118718,0,645,0.0258035,0.002505,0.00188282,1.39816,43.6818,-0.0808299,-0.00250311,0.0356543,0.0633776,0.101958,0.0247561,0.2705,0.5395,113.564,-35977.2,219.871,17051,90048.6,0.0657824,0.036515,0.0343693,reel,603.6,741.5,857.4,0.00124525,741
31107,Carbonne,31,province,37,12.3333,2098.75,2086.87,0.0435607,0.0299386,14.0289,10.7462,18.3145,commune,1.89791,0.0294326,0,391,0.0841267,0.0182681,0.0148953,1.22153,43.2991,-0.0773791,-0.00231994,0.0356205,0.0650382,0.102359,0.0261903,0.264,0.535,292.243,-32708.9,190.523,14900.1,77653.6,0.0716367,0.0375337,0.0344098,reel,542.85,757,976.05,0.00217556,742
92073,Suresnes,92,petite_couronne,1262,420.667,6880.85,6881.06,0.00660018,0.000687443,29.1608,23.7292,35.8356,commune,1.32251,0.0163013,0,15340,0.27688,0.0836171,0.0387292,2.22438,48.8701,-0.0680334,0.00451809,0.0355811,0.0632871,0.0985466,0.0278493,0.227,0.541,1903.91,-104953,658.787,53922.3,254591,0.0482396,0.0311597,0.0334412,lmnp,706.95,750,789.1,0.000392016,743
59183,Dunkerque,59,province,1252,417.333,2448.61,2448.62,0.0079478,0.000996839,15.5943,12.1448,20.0237,commune,1.77117,0.0262389,0.118211,16792,0.226823,0.0496572,0.0170369,2.39144,51.0421,-0.0766596,-0.00308386,0.0355635,0.063775,0.103025,0.0260247,0.2625,0.5375,136.062,-37856.9,221.927,17418.5,90598.4,0.0690727,0.0380461,0.0347273,reel,719.8,752,792,0.000348367,744
73236,Saint-Genix-les-Villages,73,province,33,11,1922.65,1891.45,0.0498837,0.0392596,14.4138,11.5856,17.9325,commune,2.53625,0.0543616,0,277,0.185051,0.104146,0.0692475,5.63201,45.6002,-0.0709123,-0.000554652,0.0355271,0.0663492,0.103393,0.0272839,0.2535,0.542,317.641,-29613.8,175.697,14609.5,71138.2,0.0805999,0.0415148,0.0366758,reel,540.9,761,1030.35,0.00234897,745
01263,Montmerle-sur-Saône,01,province,31,10.3333,2319.5,2311.54,0.0456817,0.0329256,15.0051,11.5912,19.4244,commune,1.25276,0.0147059,0,260,0.160773,0.0768246,0.0503963,4.75925,46.0805,-0.0721575,-0.00197293,0.0354906,0.0658358,0.102935,0.0268347,0.259,0.5415,443.32,-35422.7,209.033,17047.7,85821.7,0.0698688,0.0387694,0.0357584,reel,527.9,763.5,981.7,0.00223164,746
82190,Verdun-sur-Garonne,82,province,46,15.3333,1896.56,1897.89,0.0368312,0.0213932,13.081,10.815,15.8218,commune,1.59426,0.0221857,0,287,0.0480755,0.0184631,0.00747234,1.23615,43.8484,-0.0759091,-0.00349107,0.0354896,0.0652032,0.104847,0.0261338,0.273,0.539,194.076,-28341.6,172.695,13421.3,70172.9,0.0732756,0.0376375,0.034888,reel,572.85,743,929.05,0.00178257,747
31584,Villemur-sur-Tarn,31,province,46,15.3333,1728.61,1718.74,0.0391817,0.024223,12.7532,10.6551,15.2644,commune,2.16821,0.0377785,0,421,0.105138,0.0414432,0.00725256,1.50257,43.8575,-0.071705,-0.00191727,0.0354838,0.0647623,0.102862,0.0270111,0.26,0.534,227.26,-26334.5,160.239,12231.6,63958.6,0.0781195,0.0385247,0.0347413,reel,547.55,756,960.55,0.00195922,748
92004,Asnières-sur-Seine,92,petite_couronne,3086,1028.67,6313.2,6313.29,0.00422156,0.00028124,27.457,22.2053,33.9508,commune,1.5261,0.0207409,0.0246273,25696,0.220541,0.0959805,0.0685792,2.28423,48.9135,-0.0621531,0.00367998,0.0354726,0.0624316,0.0986658,0.0276789,0.233,0.5455,313.784,-98698.4,613.682,50366.2,233588,0.0493386,0.0308406,0.0321076,lmnp,728.85,754,781,0.000228097,749
21355,Longvic,21,province,172,57.3333,2336.69,2335.84,0.0219018,0.00756917,15.2407,12.7818,18.1727,commune,1.60905,0.0225118,0.0348837,1871,0.120878,0.0396112,0.00720028,5.06223,47.2883,-0.0677019,-0.00081788,0.0354548,0.0657748,0.10245,0.0273602,0.2555,0.538,876.21,-33308.4,210.791,16385.2,86457.7,0.070565,0.0387953,0.0364731,reel,646.9,754,872.15,0.00112826,750
78089,Bonnières-sur-Seine,78,grande_couronne,37,12.3333,2541.19,2542.1,0.0384948,0.0233813,16.3219,14.0273,18.9918,commune,2.04669,0.0336936,0,1186,0.331506,0.0383272,0.0367948,1.57848,49.0365,-0.0550045,0.00509042,0.0354088,0.0616226,0.0921908,0.0298953,0.222,0.538,-240.713,-35094.7,229.25,18417.2,94024,0.0699918,0.0387465,0.036684,reel,570.65,750.5,933.5,0.00185229,751
91200,Dourdan,91,grande_couronne,170,56.6667,3049.75,3051.06,0.0172322,0.004686,17.7824,15.3808,20.5589,commune,1.71926,0.0249748,0,2366,0.130086,0.0438532,0.0143899,2.0128,48.5289,-0.0589491,0.00575981,0.0354064,0.0594733,0.0936295,0.0292541,0.2275,0.5485,-401.813,-40731.5,281.979,21561.6,112841,0.064067,0.0370109,0.0363762,reel,676.7,759,852.8,0.000837666,752
82033,Castelsarrasin,82,province,82,27.3333,1584.02,1582.72,0.0277124,0.0121148,12.4102,10.2761,14.9874,commune,2.28509,0.0422337,0,1379,0.118694,0.0382206,0.0222631,1.10409,44.0429,-0.0739519,-0.00199315,0.0354034,0.0654924,0.103732,0.0266544,0.256,0.5315,176.531,-24328.2,145.897,11416.9,58608.7,0.0826518,0.0399078,0.035746,reel,622.75,762.5,908.3,0.0013135,753
63032,Beaumont,63,province,226,75.3333,2253.75,2252.68,0.0184044,0.00534496,14.9637,11.8061,18.9657,commune,1.63051,0.0230542,0,1848,0.141833,0.0707511,0.0437146,3.08721,45.7526,-0.073437,-0.00171302,0.0354002,0.065548,0.10511,0.02708,0.2605,0.539,488.769,-33721.2,201.979,16417.6,83388.6,0.0716869,0.0390867,0.0359982,reel,656.95,755.5,851.05,0.00090346,754
95641,Vémars,95,grande_couronne,44,14.6667,3630.77,3640.35,0.0326863,0.016858,19.6472,16.699,23.116,commune,1.84136,0.027881,0,319,0.0353719,0.00622033,0.00183034,2.56792,49.0698,-0.0592539,0.00273449,0.0353944,0.0587105,0.0924753,0.0281935,0.2325,0.555,-1095.66,-48795.8,338.116,25429.9,134338,0.0599781,0.0354914,0.0347704,reel,598.95,755.5,906,0.00142779,755
16015,Angoulême,16,province,771,257,1756.55,1756.45,0.00990659,0.00154863,12.8858,10.3313,16.0719,commune,2.11485,0.0360259,0.0946822,11351,0.131521,0.0273931,0.012681,0.159877,45.6481,-0.076175,-0.00296538,0.0353916,0.0639183,0.100596,0.0250207,0.267,0.544,-230.854,-27433.6,161.974,12435,64992.4,0.0777828,0.0386743,0.0348605,reel,701,762.5,804.2,0.000503341,756
47157,Marmande,47,province,193,64.3333,1367.69,1367.3,0.0203027,0.00650383,11.7251,9.56803,14.3685,commune,2.4507,0.0499156,0.0466321,2346,0.128844,0.0336621,0.0169694,0.165856,44.5028,-0.0717573,-0.00104087,0.0353758,0.0669709,0.101883,0.0271058,0.2565,0.536,211.124,-21895.9,122.918,9895.33,50604.6,0.0897141,0.0414811,0.037092,reel,644.65,751,856.05,0.00105064,757
31462,Rouffiac-Tolosan,31,province,41,13.6667,2521.96,2513.15,0.0414414,0.0270969,15.2162,13.1725,17.5769,commune,1.15835,0.012285,0,187,0.0387896,0.00779206,0.00124841,1.51454,43.6639,-0.0743837,-0.00391103,0.0353754,0.0639661,0.100309,0.0253611,0.274,0.537,-2.59469,-37718.9,228.849,17726,93312.4,0.0652646,0.036562,0.0343945,reel,525.95,759,999.2,0.00232336,758
13092,Saint-Chamas,13,province,143,47.6667,2899.57,2895.95,0.0260159,0.0106801,17.0249,13.7526,21.0759,commune,1.47535,0.0195049,0,1055,0.0668093,0.0125961,0.00293781,5.0364,43.5471,-0.0753556,-0.00319073,0.0353366,0.0652967,0.102601,0.0260488,0.2715,0.54,290.443,-42927.2,261.089,20320.4,107284,0.0642505,0.0369741,0.0348252,reel,640,773.5,916.05,0.00132962,759
13114,Ventabren,13,province,45,15,4339.68,4325.11,0.0458511,0.0331674,21.8529,17.8383,26.7711,commune,1.57164,0.0216969,0,270,0.0616271,0.0555558,0.0106251,5.31031,43.5394,-0.0619009,0.00617882,0.0353348,0.0621354,0.0979578,0.0285564,0.2245,0.546,-97.7435,-67280.4,402.755,35567.9,160568,0.0562796,0.0324926,0.032668,lmnp,512.9,779,1099.7,0.00270302,760
31433,Portet-sur-Garonne,31,province,65,21.6667,2398.04,2393.18,0.0330779,0.0172646,14.6315,12.5353,17.0784,commune,1.22245,0.0139584,0,868,0.0683935,0.0230411,0.00698319,1.40251,43.524,-0.0755677,-0.00462856,0.0353272,0.0627203,0.100554,0.0241449,0.2765,0.55,-578.682,-35961.3,220.721,16960.8,88727.4,0.0657115,0.0361381,0.0334066,reel,590.9,771,935.2,0.00162771,761
38158,Eybens,38,province,255,85,3003.22,3001.55,0.0180106,0.00511896,17.0126,13.9285,20.7797,commune,1.16937,0.0126234,0,1474,0.0742512,0.0188894,0.00974075,5.74748,45.1509,-0.0708808,-0.00431163,0.0353149,0.0638723,0.101144,0.0245978,0.2715,0.545,-80.6659,-44187.3,273.76,21148.1,111119,0.061984,0.036115,0.0337853,reel,666.85,768,854.2,0.000850409,762
59449,Orchies,59,province,52,17.3333,2270.17,2271.22,0.0385603,0.0234611,14.739,11.8661,18.3075,commune,1.75812,0.0259205,0,1071,0.0850283,0.0493489,0.0232464,3.24598,50.4737,-0.0745498,-0.0029055,0.0352785,0.0629877,0.103607,0.0256577,0.2665,0.536,119.649,-34577.6,209.449,16243.8,83996.3,0.0699807,0.0377056,0.034691,reel,579.75,764,961.35,0.00193928,763
58086,Cosne-Cours-sur-Loire,58,province,53,17.6667,1070.29,1073.91,0.0420856,0.0279157,10.5541,8.2415,13.5156,commune,2.82744,0.0820232,0.0188679,1604,0.156379,0.0567026,0.0371887,2.92564,47.4136,-0.0757866,-0.00297518,0.0352725,0.0660217,0.106723,0.0270755,0.264,0.5385,-42.5475,-18717.7,101.957,8109.22,39600.7,0.101514,0.0425695,0.0345161,reel,575.75,774.5,994.35,0.00194279,764
93006,Bagnolet,93,petite_couronne,538,179.333,5269.17,5270.73,0.0111106,0.00194797,25.367,20.696,31.0921,commune,1.87326,0.0286802,0.0799257,10883,0.151746,0.042376,0.0289346,2.42109,48.8719,-0.0580614,0.00608897,0.0352561,0.0639312,0.10176,0.0299166,0.218,0.543,2575.32,-77833.9,483.689,42320.3,194959,0.0543546,0.0321992,0.0337974,lmnp,707.65,769,833.2,0.000607652,765
65258,Lannemezan,65,province,101,33.6667,1095.67,1087.38,0.0304722,0.0146496,10.7145,8.61739,13.3221,commune,2.76479,0.0728707,0,932,0.157445,0.0525333,0.0206972,0.388145,43.122,-0.0716247,-0.00241409,0.0352538,0.0676633,0.10969,0.0284693,0.263,0.5355,319.908,-18274.3,103.024,7942.51,40539.9,0.100919,0.0429935,0.0361952,reel,589.6,766,945.4,0.00165962,766
54270,Hussigny-Godbrange,54,province,42,14,2789.95,2793.44,0.0423427,0.0282879,17.3875,13.1363,23.0145,maille,2.13225,0.036632,0,281,0.17572,0.0814873,0.0626558,5.86937,49.4922,-0.0686513,-0.00366725,0.0352424,0.0665936,0.102444,0.0270913,0.2705,0.5395,409.272,-42993.5,252.217,20583.1,103228,0.0683345,0.0385207,0.0354569,reel,582.75,770.5,991.7,0.00200104,767
42330,Villars,42,province,192,64,1428.69,1426.35,0.0232598,0.00853703,11.422,8.66116,15.0628,commune,1.4855,0.0197199,0,920,0.171294,0.047219,0.0176441,4.35759,45.4687,-0.0810203,-0.00496724,0.0352347,0.0656983,0.105502,0.0244735,0.274,0.54,-87.5221,-23967,130.77,10219.8,52861.7,0.0833373,0.0397872,0.0349917,reel,636.75,759,884.05,0.00117568,768
92071,Sceaux,92,petite_couronne,518,172.667,6304.24,6304.75,0.010297,0.00167316,27.4662,23.3698,32.2807,commune,1.30597,0.0159342,0,5071,0.190874,0.0831592,0.0484744,2.29308,48.7791,-0.0650184,0.00522103,0.035217,0.0623346,0.101199,0.0282634,0.219,0.544,2026.37,-93941.9,600.99,49923,233257,0.0494262,0.0314708,0.0337176,lmnp,710.8,777,830,0.000574611,769
24547,Terrasson-Lavilledieu,24,province,60,20,1413.54,1409.5,0.0336057,0.017814,11.8156,9.43693,14.7937,commune,2.53944,0.0545455,0,666,0.0982975,0.0292283,0.0106626,1.29778,45.1315,-0.071985,-0.000558271,0.0351744,0.0679256,0.105025,0.0279642,0.2525,0.5375,416.089,-21862.1,128.868,10080.3,52300.9,0.0875723,0.0405068,0.0364356,reel,591.55,781,951.15,0.00174599,770
54547,Vanduvre-lès-Nancy,54,province,785,261.667,2083.6,2083.87,0.00992703,0.00155513,14.0224,11.8336,16.616,commune,1.34426,0.0167673,0.322293,10109,0.217837,0.050236,0.00705059,6.17188,48.6645,-0.0720236,-0.0027151,0.0351522,0.0639775,0.102794,0.0256768,0.2655,0.537,53.3796,-30918.5,188.142,14695.9,77093.2,0.0721198,0.0387339,0.0354351,reel,718.95,774.5,836.2,0.000520443,771
51573,Tinqueux,51,province,125,41.6667,2523.24,2523.5,0.0248393,0.00973474,15.6029,12.5034,19.4706,commune,1.55423,0.0212947,0,4423,0.0516313,0.00834005,0.00179129,3.99562,49.2503,-0.0709739,-0.00282496,0.0351327,0.0645712,0.103653,0.0262336,0.261,0.5415,203.268,-36926.5,227.327,17661.7,93359.8,0.0670703,0.037299,0.0351036,reel,626.6,771,881.5,0.0012277,772
77058,Bussy-Saint-Georges,77,grande_couronne,690,230,4517.9,4518.64,0.00833885,0.00109734,21.4073,18.9319,24.2063,commune,1.01856,0.00708852,0,4705,0.0298638,0.000643713,0.000541989,2.71184,48.8378,-0.04198,0.0105468,0.035131,0.0576782,0.0882401,0.0310738,0.193,0.5545,-833.333,-57877,409.472,36603.1,167162,0.0528757,0.0318177,0.0340752,lmnp,721,777.5,834.1,0.000509748,773
42184,Riorges,42,province,230,76.6667,1418.58,1416.85,0.0212665,0.00713663,11.223,8.62179,14.609,commune,1.64327,0.0233047,0,1431,0.133969,0.0307037,0.00736609,4.04715,46.0431,-0.0770491,-0.00457607,0.0351205,0.0653214,0.101824,0.0253007,0.2735,0.5375,-203.703,-23351.3,131.15,10115.3,52487.6,0.0822481,0.0385006,0.0340914,reel,654.85,782.5,909.1,0.00110052,774
47201,Le Passage,47,province,68,22.6667,1850.33,1853.38,0.0340067,0.0182413,13.0915,10.9429,15.662,commune,1.84194,0.0279008,0,672,0.0600183,0.0327366,0.011851,0.604251,44.193,-0.0695663,-0.00373442,0.0351081,0.0635682,0.102139,0.0259748,0.267,0.5345,29.1001,-27366.3,169.583,13111.3,68462.4,0.0751745,0.0381833,0.0351063,reel,597.4,784,947.75,0.00177304,775
84141,Vedène,84,province,56,18.6667,2505.18,2500.85,0.0430816,0.0292795,15.3061,12.6404,18.534,commune,1.21346,0.0137791,0,790,0.0722091,0.0374321,0.00831115,4.90367,43.9775,-0.0767586,-0.00384277,0.0350956,0.06326,0.100678,0.0253252,0.2685,0.539,-127.739,-37557.5,229.008,17636.9,92691.6,0.0661324,0.0370455,0.0346955,reel,564.95,781,1045,0.00216279,776
59544,Saint-Saulve,59,province,81,27,2079.09,2079.33,0.0310255,0.015189,14.03,11.4578,17.1798,commune,2.18068,0.0381738,0,1841,0.107224,0.0301086,0.00886922,3.54569,50.3706,-0.0761936,-0.00342585,0.0350886,0.0623128,0.100568,0.0247274,0.268,0.546,-324.032,-32114.2,195.345,14684.8,76926.2,0.0723203,0.0374041,0.033859,reel,617.9,771,962.3,0.00153209,777
10323,Romilly-sur-Seine,10,province,67,22.3333,1013.15,1008.49,0.0380187,0.0227929,10.3578,8.17134,13.1294,commune,2.63341,0.0612346,0.134328,1589,0.190342,0.0618894,0.026906,3.72649,48.5123,-0.0775387,-0.00319547,0.0350831,0.0668202,0.108593,0.0273641,0.2665,0.5345,-78.8168,-18122.9,96.7712,7603.2,37486.6,0.104914,0.0437922,0.0353225,reel,593.65,805.5,984.25,0.0018385,778
77037,Bois-le-Roi,77,grande_couronne,34,11.3333,4038.17,4045.14,0.037176,0.0218079,20.8393,17.3782,24.9898,commune,1.41995,0.0181311,0,294,0.186435,0.0649629,0.112859,2.69256,48.4745,-0.0553964,0.00355498,0.0350818,0.0583874,0.0895334,0.0276209,0.2285,0.5565,-2103.95,-57493.1,373.003,30183.5,149412,0.0574696,0.0351112,0.0344937,reel,607,758.5,956.05,0.00161306,779
77005,Annet-sur-Marne,77,grande_couronne,32,10.6667,3758.92,3763.08,0.0382941,0.0231394,20.2934,17.4146,23.648,commune,1.65922,0.0236486,0,266,0.177044,0.0542161,0.0221835,2.71826,48.9263,-0.0549781,0.00351648,0.0350531,0.0597403,0.0919339,0.0286628,0.2265,0.5435,-1056.45,-50978.6,348.903,26639.5,139080,0.059996,0.036069,0.0354893,reel,590.75,766,976.1,0.00175633,780
78486,Le Perray-en-Yvelines,78,grande_couronne,90,30,3631.35,3634.83,0.0248526,0.00974651,19.4972,16.9174,22.4704,commune,1.70331,0.0246256,0,629,0.188333,0.040373,0.0193362,1.85371,48.6933,-0.0594858,0.00290336,0.0349907,0.057901,0.0894752,0.026904,0.235,0.55,-1989.14,-50042.3,340.902,25769.5,134360,0.0594728,0.0353154,0.0343153,reel,689.95,791,888.05,0.00100865,781
06033,Carros,06,province,255,85,4211.53,4209.93,0.0208472,0.0068581,21.2402,17.8911,25.2163,commune,1.27436,0.0152154,0.141176,837,0.0650201,0.00818879,0.00388788,7.19394,43.7762,-0.0543473,0.00622396,0.034979,0.062564,0.0998361,0.0304455,0.2195,0.5455,1563.36,-59902.1,367.23,34522.3,155827,0.0562463,0.0329866,0.0341027,lmnp,647.8,783,945.15,0.00142761,782
77307,Montévrain,77,grande_couronne,453,151,4680.65,4681.68,0.0102886,0.00167049,22.1413,19.0677,25.7103,commune,1.11891,0.0110903,0,3190,0.0125481,0.00405217,0.00266035,2.761,48.8584,-0.0422981,0.0103346,0.0349736,0.0578821,0.0897946,0.0310587,0.1855,0.555,-868.858,-61227.4,426.769,37794.7,173184,0.052919,0.0319684,0.0345839,lmnp,716.95,787,860,0.000647463,783
08409,Sedan,08,province,326,108.667,1045.7,1045.14,0.0167344,0.00441859,10.5164,8.31029,13.3082,commune,2.97999,0.133171,0.355828,5047,0.157689,0.0512763,0.014668,4.94398,49.7007,-0.0814653,-0.00275415,0.0349731,0.067761,0.107783,0.0270896,0.2635,0.536,46.0808,-18286.7,98.6527,7573.86,38690.9,0.103468,0.0428833,0.0356426,reel,704,786,869.05,0.000808719,784
74197,Nangy,74,province,67,22.3333,3753.12,3744.64,0.032003,0.0161615,19.6888,15.7145,24.6682,commune,1.32164,0.0162791,0,773,0.0323628,0.0174287,0.00764487,6.30336,46.153,-0.0623606,0.00509566,0.0349551,0.0618071,0.101189,0.0285714,0.222,0.5475,234.014,-59458.4,331.047,31333.8,138865,0.0581557,0.0328876,0.0330672,lmnp,574.9,796,1007.35,0.002028,785
25462,Pontarlier,25,province,715,238.333,2782.66,2782.63,0.0113788,0.00204324,17.025,13.3724,21.6753,commune,1.97158,0.0314399,0.027972,4691,0.27378,0.0602065,0.0299707,6.35352,46.9055,-0.0790396,-0.00508087,0.0349332,0.0633026,0.0993939,0.0253798,0.274,0.5445,-365.313,-42735.8,253.514,19977.1,102959,0.0669502,0.0377331,0.0343044,reel,719.95,786,842.05,0.000574676,786
78537,Saint-Arnoult-en-Yvelines,78,grande_couronne,37,12.3333,2788.45,2793.29,0.0384948,0.0233813,16.6998,14.009,19.9076,commune,1.35267,0.0169109,0,1060,0.226708,0.24918,0.017195,1.93963,48.5714,-0.0588187,0.00397104,0.0349296,0.0593387,0.0912882,0.0277329,0.2295,0.5525,-1101.52,-39417.2,281.434,19776,103173,0.065412,0.0375922,0.0357649,reel,602.65,772.5,985,0.00180824,787
91540,Saint-Chéron,91,grande_couronne,47,15.6667,3373.36,3381.27,0.0325754,0.016744,18.4194,15.7378,21.558,commune,1.32425,0.0163414,0,483,0.116346,0.0703163,0.0282225,2.12315,48.5523,-0.0573151,0.00383979,0.0349108,0.0599894,0.0895677,0.0284961,0.219,0.5445,-1061.27,-46413.5,316.769,24135.7,124814,0.0601873,0.0357126,0.0350361,reel,617.9,798,954.05,0.00153474,788
59014,Anzin,59,province,83,27.6667,1728.36,1726.59,0.030655,0.0148285,13.0697,10.6088,16.1016,commune,2.54843,0.0549427,0.156627,1761,0.128764,0.0336868,0.0187573,3.50554,50.3691,-0.0765554,-0.00119452,0.0348773,0.0648994,0.103425,0.0268052,0.2565,0.54,243.588,-27056.4,158.208,12416.8,63949.2,0.0803289,0.0394089,0.0352797,reel,618.7,789,959,0.00155414,789
38247,Montalieu-Vercieu,38,province,34,11.3333,1868.17,1852.36,0.0485266,0.0371559,13.4511,10.259,17.6364,commune,2.22564,0.0401274,0,426,0.159372,0.0557231,0.0562502,5.40306,45.8124,-0.0741004,-0.00313361,0.0348678,0.0649306,0.102502,0.0261614,0.267,0.5445,-148.225,-30243.6,171.824,13899.5,69122.5,0.0767665,0.0388231,0.0340055,reel,552.8,769,1054.75,0.00227374,790
76255,Eu,76,province,94,31.3333,1811.39,1807.34,0.0326907,0.0168619,13.3672,10.5067,17.0064,commune,2.03335,0.0332358,0,920,0.134262,0.040254,0.0175391,1.41809,50.0473,-0.0731494,-4.33955e-05,0.0348475,0.0664978,0.104956,0.0282878,0.2505,0.533,587.291,-27953.9,162.33,13042.8,67021.6,0.078617,0.0399955,0.036652,reel,606.6,794.5,987.25,0.00176798,791
33138,Coutras,33,province,55,18.3333,1981.36,1974.52,0.031338,0.0154965,13.9607,11.4051,17.089,commune,2.1018,0.0355731,0.218182,525,0.0986001,0.0428627,0.00961138,-0.126697,45.0383,-0.0689847,-0.00139386,0.0348246,0.0635453,0.103598,0.0261491,0.2585,0.5405,238.58,-29506.7,181.218,14115.4,73310.5,0.0754676,0.0390842,0.0360577,reel,619.7,792.5,997.15,0.00162192,792
74288,Valleiry,74,province,159,53,4489.05,4483.98,0.0208718,0.00687449,22.4772,18.5174,27.2839,commune,1.63892,0.0232058,0,1005,0.069553,0.0405751,0.0146269,5.96913,46.1072,-0.0597386,0.00458487,0.0348187,0.0623615,0.0999725,0.0290874,0.221,0.5595,211.638,-67086.4,414.213,36665.3,166095,0.0560758,0.0325269,0.0329542,lmnp,653.9,793.5,941,0.00136526,793
01283,Oyonnax,01,province,278,92.6667,1509.45,1508.18,0.0154814,0.0037822,12.2717,9.2719,16.2421,commune,2.85528,0.0861903,0,4379,0.127835,0.0649306,0.0400578,5.65512,46.2598,-0.0735911,-0.00453914,0.0347958,0.0652477,0.105544,0.0266049,0.2745,0.542,-127.883,-25233.7,142.753,11204.3,55849.5,0.0856345,0.0399088,0.0340838,reel,724.95,800,882.1,0.000694195,794
22136,Loudéac,22,province,69,23,1711.89,1700.32,0.0335864,0.017797,12.6314,9.78889,16.2994,commune,2.26015,0.0413635,0,1290,0.249801,0.0242206,0.01407,-2.75657,48.1771,-0.0782473,-0.00610445,0.0347479,0.0630881,0.102076,0.0227875,0.28,0.5545,-834.528,-28258.6,157.474,12272.1,63339.9,0.0780291,0.0381046,0.0324404,reel,643.7,812.5,964.1,0.00153137,795
86041,Buxerolles,86,province,145,48.3333,2029.97,2029.89,0.0211537,0.00705969,13.3466,11.2571,15.8239,commune,1.11253,0.0108607,0,1192,0.0518153,0.00475785,0.00270697,0.358699,46.5998,-0.0740189,-0.00449297,0.0347334,0.0640924,0.10056,0.0248636,0.271,0.5475,72.6244,-30030,182.313,14243.2,75108.8,0.0700302,0.037142,0.034844,reel,701.7,812,920.3,0.0010306,796
54304,Laxou,54,province,338,112.667,2014.55,2015.16,0.0151131,0.00360436,13.7098,11.0614,16.9923,commune,1.85296,0.0281937,0.112426,3645,0.131877,0.0324742,0.0107445,6.15043,48.684,-0.0737894,-0.00500306,0.0347247,0.0637701,0.101069,0.0247698,0.2735,0.54,-301.415,-30883.6,186.12,14265.6,74538.4,0.0727295,0.0377765,0.0343201,reel,724.75,799,878.3,0.000739469,797
77192,Fontenay-Trésigny,77,grande_couronne,69,23,3103.18,3104.97,0.0262411,0.0108661,17.8566,15.3822,20.729,commune,1.96201,0.031198,0,434,0.104321,0.032431,0.0141516,2.86989,48.7059,-0.0574501,0.00372402,0.0347003,0.0596655,0.0916472,0.0284625,0.2215,0.5565,-933.569,-41576,289.436,21886.8,114818,0.063251,0.0362196,0.0352493,reel,670.95,798,923.3,0.00117795,798
06149,La Trinité,06,province,198,66,3607.41,3605.28,0.0236353,0.008815,19.3565,16.1942,23.1362,commune,1.52175,0.0206396,0.0757576,903,0.0990058,0.050482,0.0100437,7.31549,43.743,-0.0801876,-0.00520861,0.0346806,0.0619555,0.100353,0.0232579,0.2795,0.5445,-982.804,-55296.6,336.004,25385.7,133474,0.0593992,0.0354597,0.0328881,reel,667.95,799.5,929.55,0.00116773,799
27679,Verneuil d'Avre et d'Iton,27,province,57,19,1691.53,1692.64,0.0345836,0.0188684,12.7901,9.8705,16.5732,commune,2.36021,0.0455429,0,1423,0.134247,0.0310447,0.0189582,0.92618,48.7383,-0.0751738,-0.00376439,0.03468,0.0645357,0.104917,0.0256832,0.271,0.54,10.7645,-26884.9,156.803,12169.5,62586.5,0.0800938,0.039193,0.0350216,reel,602.45,791,999,0.00175271,800
60665,Venette,60,province,33,11,2395.29,2399.64,0.0447766,0.0316317,15.4278,12.6566,18.8056,commune,2.31265,0.0434783,0,389,0.107111,0.0413781,0.0298712,2.80717,49.4187,-0.0745429,-0.00188487,0.0346377,0.0625356,0.102595,0.0255341,0.259,0.545,-205.737,-36551,222.835,17310.2,88625.9,0.0697756,0.0373704,0.0338482,reel,560.95,809,1071.75,0.00225453,801
24256,Marsac-sur-l'Isle,24,province,39,13,1677.18,1677.69,0.0414891,0.0271457,11.8342,9.80365,14.2852,commune,1.40951,0.0179283,0,189,0.0292926,0.00613194,0.00192328,0.628266,45.1871,-0.0752165,-0.00583213,0.0346319,0.0629162,0.100346,0.0245757,0.277,0.541,-366.475,-25724.6,156.816,11775.2,62055.8,0.0739393,0.0362339,0.033163,reel,577.35,811,1018,0.0020808,802
77079,Champagne-sur-Seine,77,grande_couronne,47,15.6667,2491.58,2491.83,0.0317147,0.0158717,15.9615,13.3088,19.1429,commune,2.00305,0.0323383,0.0425532,671,0.147511,0.305347,0.0592957,2.79797,48.3972,-0.050313,0.00528315,0.034629,0.0582749,0.0919315,0.0289422,0.218,0.5545,-1026.02,-35002.4,261.656,18422.4,92188.6,0.0696497,0.038315,0.035075,reel,657.85,805,955.15,0.00134293,803
94037,Gentilly,94,petite_couronne,322,107.333,5821.55,5823.29,0.0126094,0.00250899,26.3893,21.9575,31.7156,commune,1.70824,0.0247356,0.00621118,7293,0.170416,0.0566555,0.0298939,2.34433,48.8144,-0.0654884,0.00353129,0.0346227,0.0620973,0.0994219,0.0274049,0.2325,0.5525,196.452,-88941.6,560.243,46246.1,215397,0.0513045,0.0312153,0.0325052,lmnp,743.45,811.5,906,0.00073943,804
31396,Nailloux,31,province,149,49.6667,1790.58,1788.55,0.0219539,0.00760558,12.3697,10.4296,14.6708,commune,1.42662,0.0182724,0,448,0.0134254,0.0077215,0.0026588,1.62179,43.3559,-0.0734206,-0.00482482,0.0345954,0.0636092,0.100968,0.0251729,0.272,0.5415,-144.098,-26819.8,166.722,12565.8,66251.5,0.0728459,0.0366022,0.0338883,reel,700.9,799.5,921.2,0.00105361,805
77327,Nangis,77,grande_couronne,32,10.6667,2516.74,2520.24,0.0382941,0.0231394,15.5288,12.8338,18.7897,commune,2.06584,0.0342262,0,1437,0.124339,0.0259359,0.0201543,3.01179,48.5562,-0.0569853,0.00326387,0.0345859,0.0598278,0.0915576,0.0284327,0.2345,0.5495,-900.398,-34742.1,236.625,17943.7,93119.5,0.0668903,0.036313,0.0346896,reel,640.55,815,1041.1,0.00182588,806
31421,Pins-Justaret,31,province,35,11.6667,2398.92,2391.37,0.04475,0.0315954,14.4574,12.7082,16.4473,commune,1.02726,0.00771828,0,356,0.0218066,0.00178984,0.000701824,1.39584,43.4791,-0.0763307,-0.00418791,0.034519,0.0628207,0.102616,0.024249,0.274,0.5435,-340.171,-35260.4,219.788,16804.4,88760,0.0648161,0.0357699,0.0334042,reel,607.65,799.5,1060.15,0.00213332,807
60057,Beauvais,60,province,1011,337,1933.03,1933.11,0.00821535,0.00106508,13.562,10.9582,16.7844,commune,1.94026,0.0306742,0.215628,12382,0.139533,0.0467562,0.0127712,2.0837,49.4309,-0.0736716,-0.00340573,0.0344876,0.0643352,0.0995131,0.025794,0.265,0.5435,-8.62979,-29311.3,177.879,13702,71521.9,0.0748793,0.0385348,0.0349638,reel,781.85,822,867.15,0.000418337,808
78466,Orgeval,78,grande_couronne,40,13.3333,4367.48,4378.29,0.0370554,0.0216657,21.7727,17.9243,26.4474,commune,1.42343,0.0181951,0,274,0.197735,0.0644929,0.0287583,1.97496,48.9196,-0.056117,0.00111706,0.0344869,0.0589241,0.0921726,0.0271254,0.2435,0.5555,-2281.06,-61354.3,415.489,30946.4,161597,0.0557009,0.0343825,0.0336525,reel,638.9,824.5,1007.05,0.00172932,809
72181,Le Mans,72,province,3326,1108.67,1991.94,1991.91,0.00488032,0.000375858,13.5464,10.8824,16.8625,commune,1.50435,0.0202313,0.0520144,40875,0.118215,0.0261791,0.00981136,0.202157,48.0016,-0.0733254,-0.00260097,0.0344799,0.0636011,0.102804,0.0263118,0.2655,0.5415,177.239,-29833.8,178.527,14114.6,73701.7,0.072571,0.0380826,0.0351251,reel,788,817,845.1,0.000250592,810
31390,Montréjeau,31,province,40,13.3333,1276.63,1262.32,0.0419421,0.0277556,11.656,9.56266,14.2075,commune,2.9478,0.113479,0,399,0.187453,0.0831955,0.0728926,0.570696,43.0848,-0.0689904,-0.00140025,0.0344764,0.0654785,0.103589,0.0275589,0.255,0.546,-97.6195,-21580.7,121.001,10053.4,47235.4,0.0954632,0.0428333,0.0342094,reel,604.75,807,1046.2,0.00207556,811
33140,Créon,33,province,32,10.6667,2713.6,2708.47,0.0408591,0.0263411,15.5316,11.964,20.1631,commune,1.32193,0.0162822,0,294,0.0547008,0.00552096,0.00103184,-0.355235,44.7734,-0.0782591,-0.00766615,0.0344577,0.0626759,0.102457,0.0228589,0.2865,0.549,-1082.27,-43146.8,253.3,19009.6,100403,0.0620502,0.0347919,0.0318195,reel,605.95,822.5,1050.45,0.00196147,812
33096,Carbon-Blanc,33,province,72,24,2684.58,2681.4,0.0274396,0.011881,15.7143,13.4399,18.3737,commune,1.07048,0.00955519,0,807,0.070159,0.0140846,0.00278891,-0.506777,44.894,-0.0760636,-0.00312928,0.0344513,0.0629414,0.0995374,0.0246632,0.2685,0.5475,-303.394,-39540.6,244.687,18791.9,99329.5,0.0635377,0.0361646,0.0338099,reel,677.65,815.5,979.15,0.00132329,813
91405,Milly-la-Forêt,91,grande_couronne,31,10.3333,3146.83,3155.6,0.0399394,0.0251686,17.9527,15.0967,21.3489,commune,2.22158,0.0400162,0,443,0.185382,0.0720344,0.0517508,2.46839,48.4026,-0.0605192,0.00193486,0.0344432,0.0578018,0.0894732,0.026464,0.2365,0.567,-2081.69,-44882.7,302.024,22861.9,116433,0.0627399,0.0355977,0.0338512,reel,610.35,817.5,1010.3,0.00176794,814
30032,Beaucaire,30,province,212,70.6667,1694.14,1693.38,0.0235822,0.00877551,12.5486,10.0304,15.6992,commune,2.62906,0.0608493,0.787736,2725,0.0956421,0.0139987,0.00223516,4.64431,43.8077,-0.0768312,-0.00443941,0.0344244,0.0625886,0.103928,0.0236628,0.272,0.5575,-401.615,-27347.8,159.618,11897.6,62683.1,0.0782602,0.0373852,0.033169,reel,704,818,961,0.0011901,815
33435,Saint-Macaire,33,province,38,12.6667,1976.13,1969.55,0.0375726,0.0222747,13.2889,10.9492,16.1286,commune,1.96143,0.0311909,0,121,0.024656,0.0118463,0.00221402,-0.234642,44.5656,-0.0762349,-0.00377333,0.0344081,0.0624944,0.100031,0.0245111,0.27,0.5505,-382.134,-30053.1,185.856,13838.2,73116.6,0.0715882,0.0364352,0.0333147,reel,644,811.5,1004.2,0.00170619,816
26165,Livron-sur-Drôme,26,province,94,31.3333,1828.78,1824.74,0.0302541,0.0144425,12.9502,10.2376,16.3815,commune,1.89153,0.0291579,0,684,0.145829,0.0410482,0.00897226,4.84012,44.7738,-0.0760827,-0.00706401,0.0344061,0.062404,0.0985549,0.0233339,0.2855,0.55,-710.981,-29056.3,172.468,12949.5,67664.8,0.0751332,0.0378581,0.0339067,reel,674.75,820,990.1,0.00138187,817
21540,Saint-Apollinaire,21,province,140,46.6667,2986.81,2987.93,0.0242555,0.0092832,16.8768,13.743,20.7252,commune,1.07715,0.00985829,0,993,0.034007,0.00518177,0.011425,5.08335,47.3309,-0.0713478,-0.00272547,0.0344024,0.0634242,0.102407,0.025346,0.265,0.5495,98.0764,-44354.5,268.797,21034.9,110512,0.0617788,0.0360371,0.0338646,reel,704.85,818.5,964.2,0.00115825,818
83032,Carcès,83,province,33,11,2122.27,2103.65,0.0545881,0.0470072,14.1935,11.0347,18.2565,commune,2.31845,0.0436699,0,346,0.0438656,0.0256587,0.00837926,6.18241,43.4765,-0.0755338,-0.00453557,0.0343938,0.064399,0.103119,0.0243659,0.2685,0.5455,-132.638,-33438.2,198.269,14989.8,78524.1,0.071773,0.0370828,0.0337878,reel,576,845.5,1126.9,0.00264173,819
27681,Vernon,27,province,396,132,2675.93,2676.73,0.0132263,0.0027605,16.4089,13.0342,20.6573,commune,1.94867,0.030915,0.00505051,5426,0.20419,0.0309949,0.0215444,1.48181,49.0915,-0.0745225,-0.00513232,0.0343855,0.0643631,0.101662,0.0250258,0.2795,0.547,-306.246,-40457,244.799,18951.1,99009.3,0.0668578,0.0372392,0.0339925,reel,754,816.5,887.05,0.000653335,820
59656,Wervicq-Sud,59,province,32,10.6667,2694.03,2704.7,0.0488006,0.0375734,15.6152,13.4984,18.064,commune,1.19867,0.0133799,0,448,0.12472,0.0132492,0.0200718,3.04155,50.7711,-0.0804993,-0.005393,0.0343563,0.0600934,0.0982815,0.0228864,0.278,0.557,-1316.09,-41317.7,248.58,19295.1,99679,0.0628734,0.0355102,0.0324654,reel,587.75,847.5,1107,0.00231313,821
86214,Saint-Benoît,86,province,80,26.6667,2045.5,2044.96,0.0284008,0.0127227,13.5446,11.2034,16.3751,commune,1.32135,0.0162778,0,840,0.0624349,0.0112806,0.00495164,0.32438,46.5579,-0.0785791,-0.00412141,0.0343354,0.0638669,0.102271,0.0244735,0.2705,0.551,-1.22227,-30849,185.023,14372.1,75683.6,0.0706601,0.0373868,0.0349031,reel,671.55,826,982.05,0.00151469,822
94042,Joinville-le-Pont,94,petite_couronne,500,166.667,5754.46,5755.96,0.0101234,0.00161723,25.5017,21.2288,30.6345,commune,1.23724,0.0143332,0,4716,0.194471,0.0454885,0.0299016,2.46813,48.8186,-0.065503,0.00339388,0.0343342,0.062702,0.0998997,0.027905,0.2355,0.553,841.222,-88068.9,542.491,45737.1,212915,0.0500516,0.0313756,0.0330855,lmnp,757.9,826.5,895.1,0.000638943,823
02722,Soissons,02,province,443,147.667,1713.72,1715.01,0.014121,0.00314654,12.816,10.3307,15.8992,commune,2.41821,0.0482639,0.00902935,7045,0.157242,0.0695397,0.0273829,3.32722,49.3819,-0.0763928,-0.00417514,0.0343213,0.0616456,0.102558,0.0241526,0.2705,0.558,-537.916,-28060.5,162.996,12609.8,63407.7,0.0792378,0.0387073,0.0335418,reel,757.95,829,912.05,0.000690573,824
84019,Bollène,84,province,78,26,1561.87,1555.32,0.0366537,0.0211962,12.315,9.51096,15.9457,commune,2.59426,0.0579434,0.294872,1517,0.125541,0.0256589,0.0160408,4.75191,44.2839,-0.0746085,-0.00428147,0.0343044,0.0653444,0.104026,0.025841,0.267,0.5445,-87.1184,-25468.9,144.467,11159.7,57789.1,0.0830927,0.039326,0.0348408,reel,634.95,833,1067.25,0.00190549,825
45082,Châteauneuf-sur-Loire,45,province,78,26,1779.53,1781.18,0.0291634,0.0134189,12.8633,10.3095,16.0497,commune,1.92314,0.030213,0,571,0.157281,0.0590128,0.0276867,2.22094,47.8653,-0.0700299,-0.00274988,0.0342944,0.06387,0.100749,0.0252532,0.268,0.5495,-337.924,-27225.6,165.727,12840.7,65842.4,0.076627,0.0384152,0.0339062,reel,678.95,814.5,976.05,0.00137636,826
30189,Nîmes,30,province,4775,1591.67,2233.09,2233.11,0.00498976,0.000392909,14.3218,11.4901,17.8513,commune,2.00087,0.0322818,0.176545,41745,0.080706,0.0197143,0.00577278,4.35949,43.836,-0.077397,-0.00161937,0.0342695,0.0616514,0.101917,0.0239171,0.259,0.553,-373.203,-34589.7,208.283,15739.1,82624.2,0.0689008,0.0362684,0.0328621,reel,804.95,831,861.15,0.000247053,827
82124,Montbeton,82,province,37,12.3333,1983.4,1985.16,0.0409639,0.0264592,13.4608,11.4872,15.7734,commune,1.30655,0.0159465,0,170,0.0361997,0.00426399,0.00184365,1.29008,44.0095,-0.0729469,-0.00190962,0.0342442,0.0643086,0.104706,0.0265352,0.2625,0.5445,384.111,-28813.8,176.096,13893.7,73385.8,0.0723653,0.0382014,0.0362941,reel,598.35,834.5,1087.45,0.00217474,828
13032,Éguilles,13,province,66,22,4081.61,4075.49,0.03806,0.0228553,20.5455,16.7918,25.1383,commune,1.36876,0.0171527,0,697,0.0859534,0.0201744,0.00713552,5.35485,43.5687,-0.0637468,0.00255062,0.0342325,0.0616554,0.0999605,0.0279933,0.2385,0.556,-539.375,-64047.1,373.546,33765,151019,0.0559942,0.0321183,0.0317213,lmnp,617.95,847,1089.25,0.00207985,829
69207,Saint-Germain-au-Mont-d'Or,69,province,61,20.3333,3196.42,3184.69,0.0324454,0.0166112,18.0932,13.4215,24.3911,maille,1.84455,0.0279653,0,557,0.0701705,0.0275098,0.0316104,4.80408,45.8807,-0.0794476,-0.00585845,0.0342312,0.064934,0.101281,0.0246799,0.285,0.5465,-737.92,-49956.3,297.998,22866.3,118267,0.0622942,0.0359928,0.0331955,reel,677.9,845.5,1014.5,0.0015605,830
30028,Bagnols-sur-Cèze,30,province,291,97,1693.17,1692.88,0.020152,0.00640842,12.3533,9.78244,15.5997,commune,2.2935,0.0425425,0.116838,4821,0.0656553,0.0075379,0.00333083,4.61815,44.1622,-0.0754943,-0.00480102,0.0342222,0.0636363,0.100627,0.0243807,0.274,0.5555,-366.442,-26628,159.499,11867.8,62647.5,0.0769201,0.0370255,0.033241,reel,729,831.5,932.3,0.000909335,831
66149,Prades,66,province,85,28.3333,1603.25,1598.31,0.033716,0.0179363,12.4181,9.97339,15.4622,commune,2.58962,0.0575013,0,793,0.148065,0.0265671,0.00638323,2.42273,42.617,-0.0778689,-0.00444746,0.0342201,0.0635513,0.102797,0.0241164,0.2695,0.548,-353.512,-25533.4,149.555,11350,59320.1,0.0817203,0.0388775,0.0343226,reel,649.8,850,1050.2,0.00179178,832
06054,Drap,06,province,68,22.6667,3533.58,3523.68,0.0399983,0.0252418,19.6229,16.4346,23.4297,commune,1.76769,0.0261755,0.426471,788,0.0334626,0.00745682,0.00412077,7.32491,43.7597,-0.0712251,-0.00409396,0.0341733,0.0633796,0.100881,0.0254224,0.272,0.542,10.7827,-51298.5,321.376,24788.7,130743,0.0615452,0.0365149,0.0343222,reel,599.85,834,1101.2,0.00216728,833
65460,Vic-en-Bigorre,65,province,33,11,1372.97,1346.73,0.0525368,0.0435229,11.7212,9.44893,14.54,commune,2.74043,0.0702663,0,495,0.162786,0.0429277,0.0150681,0.053727,43.3866,-0.0713796,-0.00301433,0.0341719,0.0657765,0.104111,0.0266406,0.2705,0.5485,-75.362,-21719.8,129.096,9772.16,50799.7,0.0893355,0.040678,0.0351081,reel,552.55,832.5,1109.1,0.00258385,834
84081,Morières-lès-Avignon,84,province,64,21.3333,2521.8,2518.95,0.0403722,0.0257137,15.2288,12.5734,18.445,commune,1.18373,0.0130073,0,521,0.0766088,0.0230387,0.0123687,4.90281,43.9417,-0.0743237,-0.00364952,0.0341383,0.0620868,0.102876,0.0247478,0.271,0.548,-219.03,-37427.1,229.989,17820.2,93306.6,0.0653285,0.0365699,0.0340526,reel,652.8,830,1082.2,0.00190432,835
94033,Fontenay-sous-Bois,94,petite_couronne,1034,344.667,5694.56,5695.16,0.00704254,0.000782681,25.735,21.1839,31.2638,commune,1.54379,0.0210959,0.016441,14476,0.174477,0.0601743,0.0472159,2.46615,48.8498,-0.0662266,0.00400778,0.0341304,0.0625742,0.0972474,0.0272629,0.2265,0.553,11.0535,-88187.2,545.939,45645,210699,0.0510699,0.0312777,0.0325266,lmnp,791.95,839,893.2,0.000416534,836
61214,L'Aigle,61,province,45,15,1459.37,1459.29,0.0478288,0.0360484,12.0106,9.57119,15.0717,commune,2.8315,0.0825521,0,2000,0.147764,0.0622414,0.0210576,0.620256,48.7627,-0.0772479,-0.00272671,0.0341285,0.0643521,0.101328,0.0251377,0.2655,0.554,-441.792,-24300.5,140.845,10497.5,53996.6,0.0864259,0.0397908,0.0339842,reel,641.3,825.5,1083.3,0.00206447,837
74279,Thollon-les-Mémises,74,province,182,60.6667,3612.32,3607.99,0.0195169,0.00601096,19.9758,14.756,27.042,maille,1.45563,0.0190572,0,440,0.382952,0.121267,0.0790188,6.71415,46.3901,-0.0773917,-0.00283836,0.0341165,0.0637158,0.10185,0.02518,0.2685,0.551,-268.838,-57129.8,330.913,26665.4,133656,0.0613758,0.0370465,0.0343283,reel,755,841.5,938.4,0.000841775,838
78158,Le Chesnay-Rocquencourt,78,grande_couronne,344,114.667,5463.06,5465.16,0.0127577,0.00256844,24.5667,21.2285,28.4298,commune,1.16792,0.0125587,0,6919,0.255592,0.0556347,0.0165121,2.12583,48.8226,-0.0479608,0.00987093,0.0341141,0.0586163,0.0893377,0.0300148,0.1985,0.564,-1885.28,-75820.1,514.09,43468,202133,0.0506676,0.0315809,0.0333686,lmnp,767.9,847.5,932,0.000718301,839
65047,Aureilhan,65,province,64,21.3333,1508.91,1496.58,0.038122,0.0229248,11.8761,9.58046,14.7217,commune,2.22361,0.0400743,0,551,0.0989028,0.0267419,0.0101734,0.096113,43.2377,-0.0784108,-0.00543703,0.0341101,0.0645026,0.101022,0.0252021,0.2755,0.55,-261.598,-24082.4,141.246,10761.8,55829.7,0.0825185,0.038918,0.0348502,reel,621.6,840,1069.25,0.00194409,840
77181,Ferrières-en-Brie,77,grande_couronne,104,34.6667,4491,4495.56,0.0214132,0.00723572,21.4467,18.1187,25.386,commune,1.23753,0.0143388,0,648,0.0654941,0.0295693,0.00968484,2.70714,48.8217,-0.0422355,0.00809426,0.0341079,0.0578145,0.088853,0.0302001,0.1995,0.5595,-1577.12,-61265.1,420.891,36503.3,166167,0.0532978,0.0314802,0.032708,lmnp,731,848.5,984.2,0.00115616,841
45028,Beaugency,45,province,100,33.3333,1594.34,1595.09,0.0257939,0.0104977,12.1666,9.57154,15.4652,commune,1.9114,0.0298507,0,1339,0.213678,0.0427076,0.0128851,1.62934,47.7775,-0.0802572,-0.00497312,0.0341059,0.0649655,0.102788,0.0250298,0.28,0.5525,-356.379,-25670.5,149.219,11318.9,58990.6,0.0802834,0.03903,0.0338604,reel,732,838,991.1,0.00121764,842
04096,Jausiers,04,province,51,17,2030.81,2033.38,0.0433271,0.0296134,14.2329,8.22985,24.6148,maille,1.96839,0.0313695,0,184,0.334629,0.132284,0.114868,6.73792,44.4178,-0.0779428,-0.00649789,0.0340948,0.0681286,0.117024,0.0272998,0.287,0.537,-141.668,-38189.5,187.595,15982.6,75140.1,0.0752385,0.0395527,0.032515,reel,618.95,831,1031.2,0.00181698,843
95574,Saint-Prix,95,grande_couronne,40,13.3333,4101.89,4113.2,0.034253,0.0185125,21.3706,18.2349,25.0455,commune,2.12442,0.0363002,0,637,0.0679832,0.028742,0.0234465,2.26244,49.0079,-0.0563123,0.00226846,0.0340935,0.0586886,0.0911678,0.0270447,0.237,0.554,-2400.94,-56052.4,388.493,29193.8,151770,0.0581311,0.0347519,0.033679,reel,672.75,841.5,1010.3,0.00153474,844
59360,Loos,59,province,358,119.333,2846.37,2846.94,0.0148447,0.00347749,16.6491,13.9113,19.9257,commune,1.56932,0.0216082,0.131285,5391,0.0995418,0.0319744,0.0133913,3.01793,50.6136,-0.0739683,-0.00326599,0.03408,0.0631235,0.100305,0.0250453,0.263,0.551,-262.359,-42266.9,262.026,20141.3,105316,0.0638671,0.0363355,0.0336047,reel,767.75,844,931,0.000733248,845
39198,Dole,39,province,608,202.667,1692.43,1692.81,0.0126266,0.00251591,12.4178,9.83265,15.6827,commune,2.07744,0.0346628,0.00822368,7160,0.094712,0.0284849,0.00875274,5.49213,47.093,-0.0706077,-0.00603327,0.0340784,0.0623912,0.102204,0.0248019,0.278,0.5575,-391.297,-26060.5,159.136,11987.7,62620,0.0774116,0.0377756,0.0338821,reel,783,849.5,932.1,0.00066295,846
13103,Salon-de-Provence,13,province,1210,403.333,2926.86,2926.44,0.00898571,0.00127419,17.0984,13.7854,21.2076,commune,1.65197,0.0234805,0.053719,7551,0.0681293,0.0138065,0.002531,5.09576,43.6415,-0.0750351,-0.0041448,0.0340459,0.0630657,0.0991875,0.0254752,0.27,0.5415,-96.7303,-43306.8,265.379,20569.8,108294,0.0639529,0.0365848,0.0341664,reel,804,847.5,904.05,0.000428742,847
92035,La Garenne-Colombes,92,petite_couronne,1018,339.333,6624.98,6625.53,0.00734813,0.000852073,27.4626,22.7839,33.1022,commune,1.26247,0.0148917,0,7737,0.217413,0.102253,0.0718769,2.2488,48.9077,-0.0646869,0.0019161,0.034021,0.0609144,0.0969951,0.0257688,0.238,0.556,-1106.71,-101481,660.843,52618.4,245124,0.0470268,0.0300496,0.0310448,lmnp,801,849,891.05,0.000410509,848
13026,Châteauneuf-les-Martigues,13,province,196,65.3333,3703.64,3701.35,0.0222537,0.00781465,19.4744,16.1848,23.4325,commune,1.20273,0.0135277,0,1355,0.0617243,0.020698,0.0124098,5.16472,43.3862,-0.0550249,0.00409822,0.0340002,0.0607924,0.0973197,0.0290702,0.2225,0.5565,-148.98,-54392,328.003,31160.3,137035,0.0582379,0.0331353,0.0332773,lmnp,689.95,854.5,1018.1,0.00143875,849
34336,Villeneuve-lès-Béziers,34,province,53,17.6667,2166.25,2159.77,0.0424594,0.0284446,14.1548,11.9815,16.7224,commune,2.13573,0.0367497,0,499,0.0439357,0.0142295,0.000252171,3.28161,43.3166,-0.0838982,-0.00344741,0.0339694,0.0619366,0.102268,0.0242123,0.2695,0.551,-454.18,-32600.6,204.157,15148.6,80151.2,0.0701017,0.0364803,0.0333071,reel,636.8,837,1078.1,0.00202648,850
27065,Beuzeville,27,province,86,28.6667,1702.01,1703.54,0.0282437,0.0125859,12.5413,10.0355,15.6728,commune,2.15226,0.0372895,0,519,0.105758,0.0129471,0.0119241,0.348155,49.3423,-0.0832426,-0.00444504,0.0339636,0.0639307,0.103094,0.0242973,0.2705,0.5505,-167.763,-26998.7,156.877,12135.3,62974.3,0.0778468,0.038063,0.0342326,reel,684.55,855.5,1022.75,0.00145713,851
60172,Coye-la-Forêt,60,province,62,20.6667,3610.08,3615.26,0.0329096,0.017089,19.7736,16.3189,23.9597,commune,1.79756,0.0268456,0,563,0.119527,0.0393549,0.01942,2.47689,49.1413,-0.0808712,-0.00473067,0.0339289,0.0625901,0.101492,0.0237595,0.2755,0.5505,-855.61,-55883.3,336.245,25615,133573,0.060742,0.0360693,0.0335101,reel,690.7,851.5,1025.9,0.00157534,852
59152,Comines,59,province,54,18,2518.71,2523.69,0.0378558,0.0226118,15.1044,13.0561,17.4741,commune,1.24362,0.0145063,0,992,0.169879,0.0453357,0.0152586,3.00884,50.7619,-0.0769881,-0.00533205,0.0339271,0.0603459,0.0992798,0.0231953,0.2785,0.56,-1031.54,-38608.4,236.144,17933,93192.4,0.0648161,0.0360742,0.0327957,reel,671.95,849,1122.65,0.00199584,853
38100,Le Cheylas,38,province,39,13,2418.04,2410.43,0.0454171,0.0325473,14.6462,11.4125,18.7962,maille,1.49159,0.0198895,0,173,0.0427278,0.0217227,0.00320237,5.99814,45.3874,-0.0781726,-0.006632,0.0338992,0.0627056,0.102167,0.0230905,0.285,0.552,-866.371,-37821.5,228.635,16947.5,89467.6,0.0652405,0.035474,0.0324767,reel,618.85,846.5,1145.05,0.00222225,854
77107,Chaumes-en-Brie,77,grande_couronne,32,10.6667,2952.87,2954.19,0.0382941,0.0231394,17.672,14.759,21.1599,commune,2.38979,0.0468165,0,262,0.213716,0.0549588,0.036186,2.84197,48.6659,-0.0545155,0.00367465,0.0338986,0.0593315,0.0923652,0.0285398,0.224,0.5645,-1045.29,-41259.7,277.827,21326.8,109256,0.0657204,0.0368379,0.0351926,reel,655.9,853.5,1099.75,0.00185421,855
94067,Saint-Mandé,94,petite_couronne,741,247,8731.9,8733.14,0.00831792,0.00109182,34.0805,27.6802,41.9606,commune,1.47071,0.0193972,0,5830,0.264839,0.183087,0.0685859,2.4173,48.8405,-0.0676397,0.00177126,0.0338959,0.0610168,0.0987539,0.026461,0.241,0.558,-835.029,-137087,902.321,67178.6,323080,0.0447744,0.029617,0.0317129,lmnp,812.75,854,909.05,0.000433481,856
92062,Puteaux,92,petite_couronne,1427,475.667,7156.39,7156.67,0.00620712,0.000608004,29.5327,23.1888,37.6121,commune,1.43619,0.0185571,0,10769,0.175354,0.0766919,0.0465106,2.23814,48.8831,-0.0677268,0.0014521,0.0338702,0.060981,0.0999547,0.0258069,0.245,0.5585,-1437.34,-114961,709.119,55871.8,264787,0.0470058,0.0301779,0.0318234,lmnp,819,857.5,899.05,0.000330219,857
13097,Saint-Martin-de-Crau,13,province,88,29.3333,3096.67,3092.27,0.0330547,0.01724,17.3686,13.8698,21.7501,commune,1.88979,0.0291042,0,1400,0.0276141,0.00745927,0.000830435,4.80978,43.6386,-0.0772963,-0.0065319,0.0338552,0.0623402,0.0995794,0.0234144,0.2795,0.555,-1106.84,-46669.8,292.619,21687.7,114577,0.061493,0.0350083,0.0320115,reel,687.95,872.5,1035,0.00147659,858
78190,Croissy-sur-Seine,78,grande_couronne,197,65.6667,5757.3,5761.04,0.0168424,0.00447642,25.4914,21.4576,30.2834,commune,1.35151,0.0168887,0,1693,0.116722,0.0543272,0.0427989,2.1425,48.8779,-0.0421597,0.00784697,0.0338356,0.0570011,0.0911433,0.0298989,0.205,0.5695,-2309.87,-75975.6,554.818,45945.4,213020,0.0500055,0.0310422,0.0329099,lmnp,763.95,857,969.15,0.000920876,859
33003,Ambarès-et-Lagrave,33,province,91,30.3333,2764.34,2761.54,0.0244376,0.00942376,16.0975,13.9193,18.6165,commune,1.25522,0.0147362,0,1324,0.0189978,0.00649098,0.00172402,-0.498123,44.9365,-0.0782422,-0.00479625,0.0338221,0.062826,0.102644,0.0243975,0.2675,0.549,-246.646,-40919.2,252.991,19346.2,102281,0.0633676,0.0361024,0.0338678,reel,758.8,861.5,1014.1,0.00116638,860
59273,Gravelines,59,province,50,16.6667,2133.67,2135.76,0.0393056,0.0243767,13.9774,10.6016,18.4281,commune,1.83454,0.0276498,0,1119,0.159805,0.070786,0.0179237,2.12089,50.9988,-0.0812146,-0.00514674,0.033822,0.0624983,0.102872,0.0234367,0.2775,0.5525,-682.772,-34768.7,202.505,15231.5,78945.8,0.0701741,0.0368115,0.0326647,reel,675.9,869.5,1125.15,0.00189268,861
74026,La Balme-de-Sillingy,74,province,119,39.6667,4518.08,4514.61,0.0240983,0.00916407,21.4302,17.5081,26.2308,commune,1.16618,0.0125392,0,665,0.0891904,0.0244536,0.00883284,6.04189,45.9623,-0.0651283,0.00405029,0.0338136,0.0601576,0.0952192,0.0266209,0.228,0.57,-1457.98,-68611.3,420.354,36691.6,167169,0.0529345,0.0314549,0.031228,lmnp,701.85,847.5,1003.45,0.00133316,862
83058,Flayosc,83,province,76,25.3333,2212.15,2203.22,0.0364549,0.0209687,14.6761,11.747,18.3355,commune,2.05249,0.0338658,0,411,0.11223,0.0173416,0.00714422,6.39682,43.5333,-0.0693479,-0.00274528,0.0337999,0.0658155,0.100714,0.0257585,0.267,0.5455,118.507,-34043.4,200.116,15662.8,81849.5,0.0714749,0.0379381,0.0349496,reel,671.8,862.5,1092.55,0.00187482,863
64284,Jurançon,64,province,123,41,2039.1,2033.76,0.0244171,0.00940769,13.6565,11.5807,16.1044,commune,1.7529,0.0257432,0,1265,0.0930718,0.0617865,0.00720551,-0.39162,43.2852,-0.0727896,-0.00607262,0.033799,0.0632559,0.100033,0.0241419,0.2805,0.5475,-380.04,-30455.4,194.173,14367.4,75446.9,0.0715404,0.0372611,0.0338262,reel,751.8,864.5,1016.05,0.00117362,864
30037,Bessèges,30,province,35,11.6667,872.316,858.829,0.0568011,0.0508958,9.5348,7.82625,11.6163,commune,2.99507,0.161796,0,538,0.150518,0.0485324,0.00379908,4.09885,44.2922,-0.0770368,-0.0070526,0.0337971,0.0650042,0.102967,0.0240563,0.2815,0.5485,-447.92,-15822.6,87.3345,6150.81,32275.7,0.110531,0.0417435,0.0329679,reel,598.95,880.5,1169.2,0.002623,865
58117,Fourchambault,58,province,38,12.6667,1124.13,1131.76,0.0494429,0.0385107,10.5398,8.38802,13.2435,commune,2.66009,0.0630807,0,1106,0.167714,0.0340247,0.0218013,3.08201,47.0178,-0.0781329,-0.00590017,0.0337928,0.0639305,0.105717,0.0241352,0.2765,0.5605,-428.038,-18926.9,107.053,8236.3,41592.9,0.0964986,0.0408074,0.0336287,reel,631.55,877.5,1117.2,0.00219436,866
28280,Nogent-le-Rotrou,28,province,115,38.3333,1256.03,1255.86,0.0246944,0.00962146,11.1682,8.76469,14.2307,commune,2.61833,0.0598362,0.0608696,1866,0.163888,0.046664,0.0176312,0.817903,48.3219,-0.0740607,-0.00338808,0.0337728,0.0661901,0.103978,0.0261467,0.27,0.55,-77.3453,-20853,117.045,9097.21,46473.1,0.0923687,0.0409389,0.0347667,reel,734.9,866.5,992.55,0.00120021,867
25320,Labergement-Sainte-Marie,25,province,54,18,3192.82,3194.92,0.0408994,0.0263938,18.2475,13.9998,23.784,commune,2.14139,,0,152,0.316031,0.0507416,0.019185,6.28077,46.7739,-0.0823971,-0.0076777,0.0337595,0.0617285,0.102629,0.0222804,0.288,0.5555,-1413.78,-51882.6,297.551,22709.8,118134,0.0629445,0.0360156,0.03227,reel,651.95,852.5,1050.85,0.00185971,868
62617,Nux-les-Mines,62,province,41,13.6667,1764.72,1761.1,0.0425523,0.0285662,12.7278,10.4569,15.4918,commune,1.86543,0.0284837,0,1213,0.150547,0.0311096,0.00934779,2.67033,50.4751,-0.0725523,-0.00503717,0.0337555,0.0640932,0.100982,0.02473,0.2725,0.5485,-322.936,-27548.1,164.086,12565.3,65294.7,0.0763482,0.0381628,0.0342405,reel,647.85,859.5,1118.2,0.00208952,869
06152,Valbonne,06,province,257,85.6667,4359.07,4357.35,0.0207665,0.00680509,21.7537,17.5406,26.9787,commune,1.65313,0.0235234,0,1996,0.0302924,0.00794654,0.00166377,7.04712,43.624,-0.0613469,0.00335325,0.0337384,0.0616286,0.0980655,0.0276664,0.231,0.5575,-648.827,-66313.7,400.338,35499.2,161286,0.055756,0.0318938,0.0319596,lmnp,727.95,857,997,0.00132003,870
74082,Collonges-sous-Salève,74,province,145,48.3333,4734.43,4728.87,0.021849,0.00753324,23.1409,17.1085,31.3005,commune,1.50464,0.0202461,0,672,0.188016,0.0726428,0.0415083,6.14626,46.1407,-0.061924,0.00158328,0.0337258,0.0630496,0.100362,0.0279515,0.2395,0.5575,-483.475,-76584.8,438.659,38694.3,175174,0.0548516,0.0325472,0.032546,lmnp,737.6,873.5,1032.05,0.00124839,871
72154,La Flèche,72,province,46,15.3333,1545.09,1540.69,0.0409756,0.0264669,12.038,9.44826,15.3376,commune,1.86775,0.028518,0,1494,0.127678,0.0451806,0.0166232,-0.0743905,47.6975,-0.0714632,-0.00209358,0.0337234,0.0652307,0.10499,0.0266124,0.263,0.5525,-43.2294,-24678.4,140.988,11169.6,57168.2,0.081844,0.0396224,0.0355627,reel,688.65,894,1128.15,0.00191207,872
19010,Argentat-sur-Dordogne,19,province,31,10.3333,1025.51,1019.05,0.0540662,0.046058,10.5727,8.21232,13.6115,commune,2.66937,0.0637209,0,319,0.217279,0.0718967,0.0946876,1.93549,45.0892,-0.0753119,-0.00391426,0.0337163,0.0652228,0.109173,0.026712,0.2665,0.5555,-473.852,-19607.6,93.3165,8679.24,37943.8,0.106164,0.0449859,0.033268,reel,584.85,855,1179.05,0.00264808,873
73318,Villarembert,73,province,280,93.3333,2292.71,2289.43,0.0174279,0.00479302,15.1126,11.2865,20.2358,maille,1.06714,0.00944882,0,639,0.389852,0.167373,0.14239,6.27051,45.2389,-0.0672902,-0.00279388,0.0337078,0.0632191,0.101107,0.0262418,0.2645,0.5495,-393.612,-37033.1,200.419,18593.1,84830.3,0.0712481,0.0399632,0.0340169,reel,783.95,867,943.05,0.000737738,874
54439,Pulnoy,54,province,34,11.3333,1975.15,1981.72,0.0469065,0.0347129,13.4638,11.0865,16.3508,maille,1.99463,,0,709,0.0522991,0.00452306,0.000657589,6.25893,48.7018,-0.0753024,-0.00487438,0.0336851,0.0632465,0.101222,0.0243867,0.28,0.5545,-358.143,-29522.2,182.888,13832.3,73080.6,0.0726858,0.0371784,0.03422,reel,623,905,1206.05,0.00235181,875
77243,Lagny-sur-Marne,77,grande_couronne,476,158.667,3877.42,3877.93,0.0100374,0.0015899,20.2183,17.283,23.6521,commune,1.56061,0.021437,0.00210084,3734,0.13693,0.0552731,0.0315001,2.70498,48.8784,-0.0542417,0.00229874,0.0336836,0.0585755,0.091355,0.0274802,0.2305,0.56,-1768.07,-52600.5,366.962,27579.7,143464,0.0579302,0.0349305,0.0341024,reel,821.85,872,931.1,0.000461385,876
44195,Savenay,44,province,38,12.6667,2683.59,2668.49,0.0394471,0.0245505,15.5958,12.2749,19.8152,commune,1.09716,0.0104085,0,669,0.0782967,0.0198029,0.0148925,-1.943,47.3603,-0.0799115,-0.00694968,0.0336677,0.0611449,0.102061,0.0234466,0.2785,0.555,-879.587,-41117.6,244.964,19054.6,99292.7,0.0630311,0.0357358,0.033041,reel,640.9,873.5,1139.35,0.00198362,877
74264,Scionzier,74,province,195,65,2870.45,2868.15,0.0188589,0.00561248,16.5917,12.2227,22.5225,commune,1.6511,0.0234716,0,1444,0.130928,0.0339181,0.0279097,6.54996,46.0575,-0.08003,-0.00649238,0.0336454,0.0624251,0.102713,0.0231396,0.2865,0.5545,-1054.95,-45604.1,265.533,20560.1,106207,0.0630914,0.0357282,0.0325239,reel,780,869.5,962.05,0.000786129,878
77449,Serris,77,grande_couronne,236,78.6667,4919.08,4921.26,0.0142436,0.00320158,22.7634,19.595,26.4443,commune,1.43997,0.0186501,0,2164,0.014314,0.00138923,0.000258122,2.78692,48.854,-0.0464709,0.00628852,0.0336372,0.0565251,0.0898431,0.0290707,0.2135,0.5725,-2690.33,-66311,468.221,39406.9,182006,0.0518718,0.0307737,0.0321474,lmnp,786.75,879,992.05,0.000841368,879
01247,Mijoux,01,province,51,17,2281.08,2273.63,0.0358462,0.0202754,15.4025,12.4403,19.0702,maille,2.16618,0.0377358,0,161,0.458766,0.0276395,0.0346331,5.99634,46.3655,-0.0781062,-0.00387139,0.033627,0.0627766,0.102988,0.0251942,0.2705,0.5475,-348.885,-35485.8,201.946,16536.4,84399.9,0.0731366,0.039401,0.0339902,reel,701.75,877,1071.05,0.0015612,880
2B037,Biguglia,2B,province,122,40.6667,3051.03,3056.05,0.0291164,0.0133767,17.4231,14.3684,21.1271,commune,1.57019,0.0216353,0,616,0.0228044,0.00418879,0.000465548,9.43453,42.6258,-0.0695611,-0.00627563,0.0336072,0.0633325,0.10164,0.0245918,0.2795,0.556,-474.589,-44546.4,278.411,21373.2,112888,0.062627,0.036169,0.0338573,reel,671.9,855.5,1038.3,0.0015621,881
22278,Saint-Brieuc,22,province,1609,536.333,1924.56,1924.07,0.00701433,0.000776427,13.2356,10.7683,16.2682,commune,1.94838,0.0309144,0.100684,12434,0.132039,0.0326517,0.0172956,-2.76002,48.5124,-0.0734329,-0.00394854,0.0336046,0.0627999,0.0998008,0.0242332,0.2755,0.555,-655.017,-29804.4,180.85,13698.1,71208.9,0.0731736,0.0371891,0.0331589,reel,835.85,878,919.1,0.000324195,882
69278,Genay,69,province,74,24.6667,2966.62,2960.57,0.0295008,0.0137331,16.464,13.431,20.1819,commune,1.221,0.0139356,0,971,0.0761139,0.0251231,0.0155397,4.83697,45.8963,-0.0794631,-0.00497911,0.0335809,0.0605322,0.100594,0.0233572,0.276,0.551,-898.198,-44876.9,277.25,21001.7,109765,0.0605296,0.0348082,0.0318446,reel,740.85,887,1040.25,0.00142623,883
14366,Lisieux,14,province,498,166,1893.08,1891.85,0.01175,0.00217872,13.4807,11.0772,16.4056,commune,2.50493,0.0526506,0.0261044,6116,0.194103,0.0661385,0.0229151,0.22797,49.1438,-0.0751166,-0.00476161,0.03358,0.0604392,0.101023,0.0239582,0.2765,0.5615,-842.256,-29737.9,183.549,13614.9,70043.8,0.0759442,0.0379421,0.0327552,reel,821.95,882,955.2,0.00055015,884
83050,Draguignan,83,province,1164,388,2512.53,2512.07,0.00940698,0.00139646,15.3529,12.1775,19.3564,commune,2.00116,0.0322917,0.295533,8495,0.0635183,0.0116889,0.00283292,6.46497,43.5361,-0.0749497,-0.00700222,0.0335521,0.0630199,0.101247,0.0236595,0.278,0.5495,-429.063,-38718.8,235.114,17596.2,92963.8,0.0661622,0.035859,0.0326828,reel,825.85,881.5,942.05,0.000467288,885
29024,Carhaix-Plouguer,29,province,35,11.6667,1629.16,1616.03,0.0442087,0.0308316,12.3435,9.72194,15.6721,commune,2.51073,0.0529881,0,900,0.1457,0.039711,0.0089678,-3.56922,48.277,-0.0811119,-0.00336637,0.0335467,0.0646576,0.103345,0.0246567,0.265,0.5415,-233.153,-27113.9,155.498,11560.1,60278.8,0.0798711,0.0380132,0.0330922,reel,635.9,879.5,1129.3,0.00213152,886
59606,Valenciennes,59,province,909,303,2086.9,2086.89,0.0093258,0.00137247,14.1452,11.5661,17.2993,commune,2.45505,0.0502063,0.0154015,12412,0.134513,0.0484917,0.028982,3.52497,50.3583,-0.0733069,-0.00601344,0.0335209,0.0609393,0.0982358,0.0240411,0.281,0.548,-773.208,-31874.6,197.924,15152.8,77215.2,0.072712,0.0372716,0.0329156,reel,828.9,883,938,0.000425507,887
13047,Istres,13,province,594,198,3065.44,3064.92,0.0128164,0.00259214,17.0727,13.9483,20.897,commune,1.25667,0.0147569,0.0420875,7930,0.0333528,0.0126466,0.00504868,4.98436,43.5106,-0.0720977,-0.00490184,0.033512,0.0634022,0.0995475,0.0243026,0.2785,0.545,-622.909,-45445.3,281.948,21530.3,113421,0.0609612,0.0354325,0.032952,reel,808.8,888,951.1,0.000627383,888
66172,Saint-Estève,66,province,140,46.6667,2404.34,2403.96,0.0263635,0.0109672,14.6057,12.5408,17.0106,commune,1.51363,0.0204495,0,848,0.0294507,0.00667964,0.000288606,2.85418,42.7096,-0.0842037,-0.00446113,0.0334931,0.0624628,0.0987961,0.0234454,0.279,0.551,-884.114,-36038.9,224.229,16824.2,88960.5,0.0654103,0.0354905,0.032633,reel,738.3,888.5,1048.05,0.00135034,889
17415,Saintes,17,province,346,115.333,2092.08,2090.13,0.0149376,0.00352105,13.7619,11.195,16.9175,commune,1.99072,0.0320476,0.0433526,5143,0.100584,0.0262474,0.0085756,-0.632064,45.7459,-0.0797431,-0.00641562,0.0334808,0.063239,0.0994955,0.0233758,0.2845,0.562,-772.064,-32456.3,198.602,14779.3,77406.8,0.0703337,0.0363662,0.0326474,reel,814.9,886.5,975.1,0.00065321,890
77379,Provins,77,grande_couronne,214,71.3333,2236.46,2236.52,0.0149554,0.00352955,14.8724,12.2956,17.9892,commune,2.68677,0.0651365,0.046729,2307,0.130682,0.0650612,0.0485949,3.30273,48.5574,-0.0535749,0.00338736,0.0334725,0.0599376,0.0935023,0.0284468,0.2295,0.5655,-879.975,-32061.3,214.552,16554.1,82749,0.0717512,0.0372111,0.0345202,reel,809.95,884,974.45,0.000681698,891
78160,Chevreuse,78,grande_couronne,64,21.3333,4239.95,4245.62,0.0294138,0.013652,21.5683,18.2692,25.4632,commune,1.60368,0.0224,0,729,0.249159,0.0600867,0.0339164,2.04186,48.7077,-0.0582723,0.0020117,0.0334671,0.0588857,0.0905499,0.0268372,0.241,0.5605,-2423.56,-58755.8,402.321,30256.2,156878,0.0567979,0.0347381,0.03392,reel,768.85,888.5,1055.15,0.0012817,892
56178,Pontivy,56,province,211,70.3333,1976.97,1973.9,0.0167846,0.00444565,13.5905,10.7002,17.2615,commune,2.52697,0.0537332,0,2318,0.113113,0.0462865,0.026535,-2.96582,48.0664,-0.0796877,-0.00479015,0.0334324,0.0626355,0.101503,0.0236784,0.28,0.557,-883.58,-31184.6,188.827,14355.6,73147.8,0.0733883,0.0367761,0.0321472,reel,813.95,898.5,978.15,0.000724245,893
13086,Roquevaire,13,province,76,25.3333,3275.75,3269.88,0.0355208,0.0199079,18.098,14.2164,23.0394,commune,1.75609,0.0258808,0,987,0.0820926,0.0350706,0.00805066,5.60397,43.3489,-0.0792081,-0.00503906,0.0334144,0.0632252,0.101194,0.0233523,0.2825,0.5535,-957.732,-50679.2,308.039,23016.9,121203,0.0608032,0.0352628,0.0323367,reel,718.6,886,1134.9,0.00180659,894
34255,Saint-Gély-du-Fesc,34,province,56,18.6667,3958.37,3956.04,0.0413378,0.0269618,19.8463,16.7513,23.5132,commune,1.01653,0.00695048,0,328,0.0314022,0.00985312,0.00595921,3.81112,43.6817,-0.0595816,0.00372053,0.0334118,0.0605721,0.0983149,0.0280127,0.2265,0.5605,-336.914,-60113.3,353.942,32794.4,146460,0.0556178,0.0324576,0.0329497,lmnp,618.85,858,1218.2,0.00249814,895
47195,Nérac,47,province,37,12.3333,1350.74,1350.54,0.0457623,0.0330199,11.3409,8.99934,14.2918,commune,2.75812,0.0723592,0,530,0.100237,0.0428234,0.0112846,0.34358,44.1332,-0.0786879,-0.00500859,0.0334071,0.0629797,0.102775,0.0240593,0.2765,0.5535,-606.608,-22940.3,131.887,9656.98,49977.5,0.0874267,0.0388831,0.03355,reel,641.35,887.5,1165.3,0.00221123,896
74159,Magland,74,province,57,19,3420.1,3407.74,0.034648,0.0189432,19.1474,14.1224,25.9602,maille,2.39211,0.0469457,0,391,0.168616,0.0712477,0.0715887,6.62353,46.0143,-0.0764661,-0.00456285,0.0334015,0.0604549,0.101281,0.0226674,0.2755,0.57,-1536.01,-55401.1,325.681,25109.8,126544,0.0619187,0.0355642,0.0320927,reel,730.95,889.5,1107.4,0.00154311,897
69275,Décines-Charpieu,69,province,603,201,3281.5,3280.8,0.010397,0.00170587,17.3346,13.9822,21.4908,commune,1.14675,0.0119518,0.00497512,5180,0.0723973,0.0228691,0.00931963,4.9608,45.7691,-0.0802014,-0.00824244,0.0333917,0.0608929,0.0994701,0.0214626,0.292,0.5645,-1823.44,-50340.8,312.239,23051,121416,0.0579049,0.0339737,0.0309238,reel,840,892,948.05,0.000464461,898
94068,Saint-Maur-des-Fossés,94,petite_couronne,2127,709,5567.71,5568.03,0.00491124,0.000380638,25.1687,20.7897,30.4699,commune,1.47448,0.0194903,0.00141044,13842,0.234642,0.121604,0.072586,2.49011,48.7996,-0.066167,0.00395354,0.0333805,0.0608501,0.0967315,0.0264576,0.23,0.5665,-986.56,-87635.6,549.83,45207,206005,0.0510126,0.0312134,0.0317771,lmnp,866.95,891,922.15,0.000239549,899
34151,Marsillargues,34,province,69,23,3062.18,3057.99,0.0373349,0.0219938,17.2436,14.1452,21.0206,commune,1.42778,0.0183047,0,531,0.0449946,0.0045052,0.00202032,4.17125,43.6653,-0.0787976,-0.0038644,0.0333745,0.0633214,0.100417,0.0243535,0.2725,0.5565,-512.055,-45295.2,282.131,21480.6,113301,0.0616956,0.0357224,0.0332448,reel,707.9,900.5,1118.75,0.0018389,900
33249,Lormont,33,province,396,132,2800.3,2799.6,0.0117572,0.00218139,16.2987,13.9501,19.0426,commune,1.26015,0.0148704,0.308081,7194,0.120809,0.047313,0.0234405,-0.520383,44.8716,-0.0761825,-0.005208,0.0333693,0.062062,0.101879,0.0242438,0.2745,0.5535,-611.313,-41283.6,257.626,20001.9,103611,0.0634162,0.0362814,0.0335146,reel,831.9,891,955.1,0.000523331,901
66064,Égat,66,province,32,10.6667,2172.91,2158.04,0.0541591,0.0462687,14.857,10.9352,20.1854,maille,2.53263,0.0541516,0,117,0.237127,0.196359,0.0833564,2.0185,42.5069,-0.0786736,-0.00623518,0.0333548,0.063111,0.100176,0.0239483,0.284,0.559,-1212.88,-37740.9,222.68,16525.2,80397.6,0.0737649,0.0385103,0.0319959,reel,681.25,899,1202.45,0.00216376,902
06095,Peymeinade,06,province,186,62,3406.68,3405.34,0.024379,0.00937838,18.3547,14.9752,22.4969,commune,1.35209,0.0169051,0,1272,0.0717146,0.0761134,0.00566113,6.88129,43.6415,-0.0798763,-0.00655245,0.0333467,0.0606206,0.101466,0.0223117,0.2815,0.557,-1433.51,-52289.4,324.471,23928.1,126047,0.0593705,0.0351521,0.0325228,reel,760.95,899,1046.05,0.00123452,903
91617,Tigery,91,grande_couronne,44,14.6667,3888.29,3901.15,0.0336485,0.0178653,19.6287,16.9762,22.6956,commune,1.62355,0.0229208,0,300,0.02632,0.00324934,0.00144888,2.51149,48.6378,-0.0604906,0.00120031,0.0333312,0.0573617,0.0900362,0.025944,0.244,0.575,-2710.54,-54089,372.701,27234.9,143867,0.0559485,0.03339,0.032046,reel,727.9,897.5,1075.65,0.00150298,904
93061,Le Pré-Saint-Gervais,93,petite_couronne,378,126,6077.72,6080.75,0.0132497,0.00277023,27.3294,22.721,32.8725,commune,2.14791,0.0371108,0,5340,0.146555,0.0667503,0.050049,2.40452,48.8859,-0.0832544,-0.00833821,0.0333139,0.0608601,0.0993329,0.0193385,0.2945,0.5635,-3712.02,-97416.2,605.078,43287.1,224875,0.0509982,0.0320511,0.0303606,reel,843.75,899,962.05,0.000556375,905
62004,Achicourt,62,province,55,18.3333,2236.48,2238.44,0.0368725,0.0214508,13.8199,11.3678,16.801,commune,1.17024,0.0126756,0,1429,0.0686288,0.0196499,0.0230427,2.78219,50.2765,-0.0769577,-0.0060031,0.0332722,0.0625148,0.100625,0.0227082,0.281,0.5545,-883.557,-34909.8,207.345,16056,82749.7,0.0661035,0.0355446,0.0322844,reel,728.95,925.5,1143.45,0.00174888,906
38344,Roussillon,38,province,123,41,1766.77,1762.62,0.0258619,0.0105545,12.9775,10.1618,16.5734,commune,2.41212,0.0478896,0.0894309,847,0.245922,0.0472175,0.0292475,4.80339,45.366,-0.0787416,-0.00565776,0.0332699,0.0616575,0.101461,0.023246,0.277,0.5665,-830.272,-29138.1,166.006,12879.5,65370.6,0.0779554,0.0383529,0.0324276,reel,768.6,909.5,1066.3,0.00120854,907
34327,Vendargues,34,province,51,17,3403.06,3400.65,0.04326,0.0295271,18.0192,15.3678,21.1281,commune,1.02842,0.00777605,0,438,0.0453889,0.0118107,0.00455854,3.9686,43.655,-0.0761327,-0.00547389,0.0332696,0.0606182,0.0976885,0.023027,0.282,0.5555,-1443.11,-50581.4,316.212,23891.7,125913,0.0582507,0.0347514,0.0322152,reel,665.65,900,1119,0.00200816,908
95355,Magny-en-Vexin,95,grande_couronne,31,10.3333,2760.19,2769.7,0.0388055,0.0237595,16.5851,13.9499,19.718,commune,2.49449,0.0520935,0,1035,0.275441,0.0264515,0.0184402,1.78549,49.1559,-0.0573292,0.00187955,0.0332446,0.0585583,0.0911165,0.0266342,0.2425,0.565,-1818.87,-39583.3,263.273,19658.5,102127,0.0655826,0.0358108,0.0332614,reel,710,918.5,1086.25,0.00178421,909
77111,Chessy,77,grande_couronne,194,64.6667,4789.68,4792.62,0.0157045,0.00389201,22.1079,18.7515,26.0651,commune,1.11717,0.0110217,0,1271,0.0133782,0.0023428,0.00120394,2.77212,48.8591,-0.0441652,0.0082819,0.0332328,0.056883,0.0892588,0.0297798,0.2015,0.57,-1943.67,-62964.3,446.743,38514.7,177218,0.0516307,0.0311775,0.0330884,lmnp,798.85,903.5,1010.6,0.000970555,910
25056,Besançon,25,province,4598,1532.67,2332.26,2332.28,0.00449093,0.000318277,14.8332,11.9177,18.462,commune,1.83208,0.0275954,0.0606786,37344,0.128954,0.0350039,0.00852174,6.02341,47.2454,-0.077128,-0.00553049,0.0331887,0.0636187,0.102083,0.024139,0.2775,0.5515,-501.617,-35890.6,217.37,16460.1,86293.7,0.0686024,0.0369401,0.0336689,reel,879.95,909,941,0.000211823,911
08105,Charleville-Mézières,08,province,811,270.333,1389.75,1389.85,0.0106234,0.00178086,11.3777,8.92,14.5126,commune,2.44055,0.0495351,0.081381,16045,0.159912,0.0364124,0.0119732,4.71894,49.7703,-0.0737393,-0.00704162,0.033176,0.0645538,0.103212,0.0238776,0.2925,0.5595,-577.187,-22945,132.634,9912.19,51420.6,0.0852909,0.0386679,0.0328946,reel,848.85,909,972.05,0.00050672,912
66124,Font-Romeu-Odeillo-Via,66,province,438,146,2835.06,2834.18,0.0149603,0.00353184,17.0377,12.5313,23.1648,commune,2.05771,0.0340409,0,1513,0.14832,0.0951813,0.0546036,2.04071,42.5028,-0.0826408,-0.00274657,0.0331726,0.0650929,0.101028,0.024983,0.2655,0.549,-411.488,-44241,264.134,20771.6,104897,0.0657669,0.03694,0.0335057,reel,822.6,919.5,1023.05,0.000775762,913
45232,Olivet,45,province,479,159.667,2561.53,2562.58,0.011834,0.00220995,15.0845,13.0958,17.3753,commune,1.28828,0.0155296,0,3913,0.0876302,0.0609857,0.00523452,1.90455,47.8627,-0.0725006,-0.00467072,0.0331634,0.0604519,0.0976853,0.0226091,0.2725,0.56,-1274.53,-38957.4,246.78,18020.9,94776.4,0.0636395,0.0353329,0.0321691,reel,841.9,909,977.1,0.000533582,914
13204,Marseille 4e Arrondissement,13,province,2592,864,3043.71,3043.5,0.00614149,0.000595222,17.5642,14.0658,21.9326,commune,1.98985,0.0319925,0,12703,0.128602,0.0361004,0.00912491,5.40054,43.3052,-0.0790422,-0.00597538,0.0331402,0.0632029,0.100475,0.0236879,0.277,0.555,-867.799,-46748.7,284.531,21432.8,112617,0.0633339,0.0360354,0.0329851,reel,871,913,948,0.000291453,915
87050,Couzeix,87,province,63,21,2211.03,2223.57,0.0349838,0.0192927,13.807,10.9573,17.3979,commune,1.34571,0.0167832,0,399,0.0689581,0.00929061,0.00322472,1.23476,45.8648,-0.0852508,-0.00574141,0.0331335,0.062353,0.102826,0.0230776,0.279,0.557,-711.735,-34951,206.111,15524,81808.2,0.0667944,0.0356205,0.032542,reel,692.9,906.5,1133.15,0.00174899,916
59011,Annullin,59,province,33,11,2265.58,2268.8,0.0480827,0.0364763,14.5468,11.9823,17.6601,commune,1.33034,0.0165138,0,933,0.177172,0.0657665,0.0431924,2.93319,50.527,-0.0751438,-0.00266059,0.0331309,0.0626878,0.10119,0.0245388,0.265,0.56,-503.013,-35515.1,206.901,16578.3,83826.5,0.0691044,0.0377338,0.0342144,reel,615.9,917,1212.25,0.00246494,917
17197,Jonzac,17,province,41,13.6667,1886.58,1869.23,0.042844,0.0289558,13.26,10.3626,16.9675,commune,2.81177,0.0789905,0,627,0.13595,0.0377134,0.0233814,-0.429856,45.4408,-0.080388,-0.00692197,0.0331154,0.0629624,0.101466,0.0228109,0.285,0.559,-1043.38,-31261.2,182.818,13620.5,69803.6,0.0748021,0.0365075,0.0313226,reel,705.95,919.5,1143.1,0.00188702,918
79049,Bressuire,79,province,49,16.3333,1569.31,1574.06,0.0464858,0.0340224,11.7952,9.21105,15.1043,commune,1.86021,0.0283953,0.0408163,1642,0.0924106,0.0153298,0.00372273,-0.493495,46.8405,-0.0798297,-0.00466087,0.0331031,0.0642726,0.104114,0.0252006,0.272,0.5495,-198.085,-25313,146.93,11058,58064.5,0.0787239,0.0376524,0.033906,reel,681.95,901,1180.55,0.00206388,919
07102,Guilherand-Granges,07,province,331,110.333,2375.18,2374.6,0.0179482,0.00508333,14.6409,11.6549,18.3919,commune,1.18184,0.0129492,0,1594,0.152601,0.0423574,0.0121691,4.87282,44.9338,-0.0795464,-0.00382906,0.0331026,0.0632704,0.100317,0.0245139,0.2725,0.5475,-539.327,-36742.2,216.992,16849.6,87881.6,0.066391,0.036586,0.0334872,reel,803.75,909,1032.2,0.000906192,920
59122,Cambrai,59,province,388,129.333,1845.89,1845.81,0.0142612,0.00320948,13.1772,10.8825,15.9557,commune,2.54147,0.0546565,0.121134,6766,0.180932,0.0784775,0.0371681,3.23637,50.1763,-0.0768723,-0.00536188,0.033034,0.0598837,0.0983089,0.0231904,0.29,0.561,-1326.74,-29346.5,181.348,13646.8,68298.1,0.0759124,0.0374171,0.0315606,reel,838.95,920,1010.1,0.000707245,921
66180,Saint-Laurent-de-la-Salanque,66,province,107,35.6667,2082.16,2081.61,0.0301057,0.0143012,13.3417,10.4192,17.0839,commune,1.8982,0.0294385,0,661,0.0475509,0.0113817,0.00181389,2.98346,42.7718,-0.0825356,-0.00690271,0.0329876,0.0614768,0.098905,0.0219795,0.286,0.5625,-1128.14,-32944.6,199.755,14604.6,77039.8,0.0682468,0.0349071,0.0311835,reel,762.95,919,1086.2,0.00137135,922
71270,Mâcon,71,province,992,330.667,1788.55,1788.72,0.0101313,0.00161977,12.6682,9.85307,16.2878,commune,2.13776,0.0368563,0.0272177,12166,0.164368,0.0370508,0.0129273,4.82956,46.3063,-0.0820818,-0.00618421,0.0329821,0.0647316,0.101843,0.0241371,0.2765,0.5545,-587.957,-28358.4,168.977,12768,66176.2,0.0749318,0.0368711,0.0319874,reel,864,920,985.05,0.000468502,923
83062,La Garde,83,province,630,210,3529.73,3528.88,0.0127791,0.00257708,18.676,14.9873,23.2726,commune,1.1366,0.0116402,0,3668,0.068008,0.0115326,0.000851974,6.00883,43.1255,-0.0788242,-0.00519603,0.0329793,0.0626493,0.0994897,0.0229487,0.278,0.556,-1165.18,-53760.9,327.2,24692.7,130600,0.0583931,0.0350487,0.0325744,reel,854,912,994.05,0.000573808,924
77382,Quincy-Voisins,77,grande_couronne,34,11.3333,3715.8,3724.91,0.037176,0.0218079,19.3344,16.2954,22.9401,commune,1.53219,0.0208877,0,362,0.0750127,0.0307346,0.0167508,2.87438,48.8981,-0.0581389,0.00119835,0.0329734,0.0586564,0.0900969,0.026524,0.243,0.554,-2293.54,-51552.8,354.269,26239.8,137485,0.0575953,0.0343577,0.033329,reel,738.3,911.5,1127.6,0.00176709,925
30011,Les Angles,30,province,163,54.3333,3195.93,3198.39,0.026859,0.0113835,17.541,14.8242,20.7557,commune,1.39965,0.0177609,0,1069,0.0222875,0.0077947,0.00196349,4.76654,43.9579,-0.0864274,-0.00422028,0.032935,0.0618385,0.0983098,0.0230429,0.2725,0.563,-1053.67,-48735.7,296.845,22364,118250,0.0602304,0.0351053,0.0324959,reel,795.95,920.5,1096,0.00123353,926
22215,Ploufragan,22,province,38,12.6667,2130.67,2114.2,0.0449377,0.0318531,13.3082,10.822,16.3655,commune,1.30046,0.0158222,0,931,0.0174161,0.00621356,0.00371737,-2.79438,48.4868,-0.0795822,-0.00619942,0.0329187,0.0620739,0.0990546,0.0228122,0.282,0.5525,-1030.52,-33255,202.27,14982.5,78834.8,0.0665041,0.0349238,0.0318414,reel,661.65,901,1196.65,0.00229134,927
63307,Romagnat,63,province,56,18.6667,1899.16,1895.16,0.0366807,0.0212263,13.4688,11.0731,16.3828,commune,1.88167,0.0288934,0,938,0.260706,0.0339572,0.0114627,3.10136,45.7341,-0.0765644,-0.00445206,0.0328504,0.0644949,0.101649,0.0246188,0.274,0.555,-327.188,-29562.8,171.5,13461.5,70268.7,0.075626,0.0388938,0.0343461,reel,717,934.5,1187.55,0.0019251,928
92046,Malakoff,92,petite_couronne,566,188.667,6419.01,6419.27,0.00985142,0.00153148,28.1879,23.3303,34.0569,commune,1.76044,0.0259796,0,6523,0.37199,0.0935747,0.0681013,2.30137,48.8179,-0.0697615,0.00256826,0.0328106,0.061038,0.0956166,0.025772,0.2325,0.57,-1798.19,-100272,637.696,51098.9,237503,0.0498917,0.0307961,0.0315369,lmnp,875.9,939,1005.05,0.000529072,929
95210,Enghien-les-Bains,95,grande_couronne,279,93,4920.13,4922.33,0.0130728,0.0026969,23.7471,19.2306,29.3244,commune,1.75319,0.0257496,0,2987,0.239425,0.12833,0.0714746,2.30695,48.9702,-0.0577332,0.00141297,0.032805,0.0570949,0.089621,0.02634,0.24,0.568,-3533.36,-69748.7,482.293,35529.8,182045,0.0542598,0.0337037,0.0330661,reel,873.95,941,1008.05,0.000570486,930
60141,Chantilly,60,province,371,123.667,3904.72,3905.86,0.0135494,0.00289709,20.5585,16.9094,24.995,commune,1.99101,0.0320525,0,3299,0.206632,0.0637842,0.0295933,2.46203,49.1929,-0.0814417,-0.00559676,0.0327978,0.0612701,0.0988323,0.0226294,0.279,0.56,-2115.26,-60140.7,372.702,27746.8,144475,0.0585706,0.0348638,0.0317849,reel,857.7,935.5,1016.15,0.000612913,931
77470,Tournan-en-Brie,77,grande_couronne,76,25.3333,3527.8,3530.09,0.0250159,0.00987519,19.2434,16.6497,22.2412,commune,2.35499,0.045196,0,623,0.150697,0.0597978,0.0269009,2.76422,48.7398,-0.058938,-0.000318325,0.0327865,0.0578683,0.0892804,0.026206,0.2515,0.569,-2686.66,-49307,344.169,25088.8,130529,0.0603553,0.0347696,0.0331585,reel,804,931.5,1090.25,0.00115824,932
92040,Issy-les-Moulineaux,92,petite_couronne,1917,639,7566.39,7566.7,0.0053558,0.000452664,30.0873,24.6377,36.7424,commune,1.44635,0.018792,0,24081,0.159871,0.0491973,0.0295827,2.26761,48.8222,-0.0716772,0.000662293,0.032786,0.0609093,0.0967514,0.0243177,0.2475,0.5675,-3102.51,-119648,759.628,58437.3,279957,0.0453384,0.0292174,0.0302035,lmnp,900.8,937.5,971.3,0.000296588,933
80725,Salouël,80,province,48,16,2453.39,2452.13,0.0413316,0.0269374,14.8419,12.5988,17.4844,commune,1.67778,0.0240602,0,278,0.0754761,0.0103686,0.0150019,2.2373,49.8662,-0.0756505,-0.00519171,0.0327802,0.0618193,0.0999278,0.0219307,0.2875,0.564,-1020.55,-37853.5,228.693,17463,90775.2,0.0652578,0.0353885,0.0320341,reel,755.55,951,1224.2,0.0020147,934
78396,Le Mesnil-le-Roi,78,grande_couronne,71,23.6667,4459.02,4467.56,0.0279449,0.0123226,21.4793,17.6668,26.1145,commune,1.10267,0.0105699,0,796,0.260425,0.0612661,0.0372186,2.11956,48.9249,-0.0513476,0.00847239,0.0327422,0.0568922,0.091115,0.0291234,0.2015,0.564,-2365.77,-64976.6,414.548,36870.2,164984,0.0537677,0.0321581,0.0326858,lmnp,763.9,937,1144.8,0.00151649,935
69142,La Mulatière,69,province,233,77.6667,3223.83,3221.62,0.0167034,0.00440285,17.4683,13.8767,21.9894,commune,1.16212,0.0124061,0,1680,0.150404,0.0468703,0.0172838,4.81061,45.7282,-0.073719,-0.00593409,0.0326658,0.0604802,0.0993888,0.0228266,0.2805,0.5575,-1579.1,-50356.5,304.52,22786,119282,0.0594384,0.0349361,0.0320014,reel,847,943,1044.05,0.000775083,936
2B207,Penta-di-Casinca,2B,province,42,14,2799.56,2810.15,0.0490097,0.0378908,16.7514,14.3779,19.5168,commune,2.29814,0.0428189,0,296,0.0267842,0.0175029,0.000922527,9.50889,42.4453,-0.0763983,-0.00618501,0.0326642,0.0620551,0.09843,0.0228135,0.2835,0.555,-1170.59,-43176.5,264.423,19622.5,103584,0.0653736,0.0361308,0.0331737,reel,692.85,967,1232.15,0.00220897,937
78310,Houdan,78,grande_couronne,73,24.3333,3368.4,3372.54,0.027564,0.011989,18.5256,15.5053,22.1343,commune,2.31032,0.04341,0,987,0.122037,0.0330441,0.0174459,1.60008,48.7915,-0.0631456,-0.00131048,0.032662,0.05823,0.0915595,0.0252305,0.258,0.569,-2687.44,-48108.2,325.035,23893.9,124631,0.0606542,0.0346191,0.0329463,reel,800.85,954.5,1120.2,0.00129469,938
54431,Pont-à-Mousson,54,province,217,72.3333,1531.24,1531.06,0.0188429,0.0056029,12.2863,10.052,15.0172,commune,2.76044,0.072495,0.0460829,2766,0.159746,0.0437563,0.013407,6.05544,48.9032,-0.0672665,-0.00270982,0.0326508,0.0636658,0.100598,0.0250731,0.2645,0.557,-327.673,-23609,144.841,10925.8,56655.9,0.0845298,0.0396142,0.0344129,reel,828.7,953,1068.3,0.00100711,939
29103,Landerneau,29,province,221,73.6667,2328.05,2326.18,0.0178234,0.00501291,14.6284,11.6801,18.3208,commune,1.79669,0.0268309,0,2491,0.0878622,0.0237728,0.00806825,-4.25235,48.451,-0.0783288,-0.00508429,0.0326452,0.0625837,0.099937,0.0233652,0.2765,0.562,-827.683,-36182.1,218.776,16429.5,86137.9,0.0676704,0.0362825,0.033039,reel,847.95,946,1068.15,0.000898244,940
38509,La Tour-du-Pin,38,province,176,58.6667,2125.02,2122.45,0.0216544,0.00739967,14.0823,11.2409,17.6418,commune,2.27262,0.0418424,0,1504,0.127558,0.0393805,0.0154173,5.44558,45.5651,-0.0680375,-0.00605078,0.0326165,0.061883,0.102674,0.0231109,0.285,0.5625,-799.837,-32459.2,203.491,15124.5,78625.8,0.0710521,0.0366552,0.0325572,reel,825.9,962,1073.3,0.0010054,941
42044,Le Chambon-Feugerolles,42,province,114,38,1200.77,1196.51,0.0300991,0.0142947,10.5741,7.97044,14.0284,commune,2.62674,0.0606219,0.157895,2504,0.112364,0.0437482,0.0231894,4.32754,45.3966,-0.079696,-0.00850586,0.0326128,0.0647228,0.103731,0.0236038,0.2885,0.5605,-574.501,-20704.9,118.398,8746.22,44428.6,0.0906829,0.0385226,0.0318861,reel,816.85,962,1153.3,0.00129193,942
83055,Fayence,83,province,91,30.3333,3728.76,3720.55,0.0333724,0.0175731,19.7262,15.3768,25.3058,commune,2.08759,0.0349913,0,489,0.122338,0.0205157,0.00414374,6.69444,43.6234,-0.0769611,-0.00579777,0.0326107,0.0612416,0.101569,0.021886,0.286,0.572,-1825.81,-58176.1,353.962,26146.4,137964,0.0586561,0.0344013,0.0310753,reel,788.45,943,1130,0.00140609,943
38022,Les Avenières Veyrins-Thuellin,38,province,41,13.6667,2056.58,2048.06,0.0443306,0.0310089,13.4985,10.8618,16.7753,commune,1.77436,0.0263011,0,462,0.109093,0.0333531,0.023679,5.56293,45.6352,-0.073925,-0.00490828,0.0326016,0.0620822,0.100512,0.0223775,0.2765,0.5665,-898.886,-32731.5,194.448,14724,76093.4,0.0700107,0.0362245,0.032244,reel,716.4,960.5,1257.1,0.0020636,944
81140,Lavaur,81,province,96,32,1897.21,1897.17,0.0257421,0.0104541,13.2168,10.6527,16.3981,commune,2.42285,0.0486348,0,923,0.120358,0.0357331,0.0172809,1.81438,43.6975,-0.0787263,-0.00740424,0.0325784,0.0617177,0.100252,0.0224648,0.285,0.5685,-1191.77,-30018.8,182.177,13485.3,70196.9,0.0741097,0.0367966,0.032263,reel,826.9,951.5,1103.25,0.00112598,945
37156,Montlouis-sur-Loire,37,province,40,13.3333,2570.71,2570.39,0.0432217,0.0294615,14.8245,12.2741,17.9048,commune,1.34368,0.0167444,0,969,0.0551619,0.00398469,0.00541125,0.826214,47.387,-0.0778129,-0.00841266,0.0325766,0.0603599,0.0968421,0.0217933,0.2915,0.5665,-1811.65,-38910.7,245.105,18053.9,95116.2,0.0621984,0.0342102,0.0308805,reel,739.6,961,1229.2,0.0020146,946
58059,La Charité-sur-Loire,58,province,32,10.6667,962.128,965.803,0.0536941,0.0454036,10.0928,8.31153,12.2559,commune,2.91473,0.100277,0,850,0.179003,0.0734682,0.0270072,3.02098,47.1773,-0.0735751,-0.00374728,0.0325743,0.0642661,0.107607,0.0251603,0.2685,0.5605,-395.035,-16802.7,95.0419,7130.11,35598.7,0.107173,0.0430106,0.0331727,reel,643.55,926.5,1208.5,0.00233461,947
13053,Mallemort,13,province,163,54.3333,3541.27,3539.21,0.0243835,0.00938191,18.7095,14.0834,24.8553,commune,1.58005,0.0218606,0,778,0.0785744,0.00948856,0.00270733,5.21093,43.7086,-0.0777226,-0.00768907,0.0325463,0.0604046,0.0977212,0.0223659,0.2895,0.5595,-1974.87,-55247.6,332.804,24790.8,131027,0.0583164,0.0344019,0.0313782,reel,820.8,959,1084.2,0.00111819,948
06032,Cap-d'Ail,06,province,209,69.6667,7734.6,7724.16,0.0230102,0.00835493,33.7073,23.4365,48.4792,commune,2.24043,0.0406298,0,1190,0.130633,0.0509014,0.0158777,7.40016,43.7242,-0.0649774,0.000557598,0.0325385,0.0638949,0.105266,0.0288412,0.2455,0.56,44.2733,-123608,741.71,59331.5,286180,0.0499687,0.0309529,0.0322624,lmnp,834.95,975.5,1132,0.00120418,949
44036,Châteaubriant,44,province,64,21.3333,1883.45,1874.7,0.0305473,0.0147237,13.1205,10.4391,16.4908,commune,2.29234,0.042477,0,2300,0.11233,0.0265417,0.0169141,-1.37748,47.7168,-0.0764747,-0.00626579,0.0325364,0.062438,0.101166,0.0230436,0.2805,0.565,-754.083,-29766.3,177.686,13422.2,69687.5,0.0740378,0.0368512,0.0325438,reel,785.75,960.5,1173.05,0.00152896,950
74272,Sillingy,74,province,70,23.3333,4719.85,4715.66,0.0313205,0.0154796,21.6711,17.6997,26.5336,commune,1.10499,0.0106195,0,505,0.104649,0.0317669,0.00960528,6.03604,45.9437,-0.0676914,-0.000136573,0.032511,0.0582831,0.0965761,0.0245168,0.251,0.5745,-3171.18,-73714,451.997,38154.4,174635,0.051284,0.0307707,0.0300484,lmnp,764.55,965.5,1177.35,0.00167226,951
66024,Le Boulou,66,province,114,38,2074.89,2073.03,0.0291794,0.0134348,13.7292,11.2028,16.8254,commune,2.1076,0.0357338,0,525,0.115059,0.0213779,0.00045657,2.83114,42.524,-0.0799091,-0.00681796,0.0324965,0.0615253,0.101348,0.0226349,0.286,0.563,-945.921,-32881.3,198.256,14526.4,76770.8,0.070727,0.0363304,0.0325445,reel,796.8,949.5,1158.55,0.00151497,952
28140,Épernon,28,province,144,48,2639.83,2643.56,0.0220891,0.00769872,15.9149,13.5923,18.6343,commune,2.00145,0.0322962,0,1452,0.125325,0.0333839,0.0178332,1.67793,48.6076,-0.0770282,-0.0052447,0.032494,0.059482,0.0999121,0.0224118,0.2805,0.5635,-1411.29,-40120.5,249.227,18792.9,97673.9,0.0655263,0.0360098,0.032545,reel,833.8,957.5,1096.5,0.00105907,953
42071,Le Coteau,42,province,230,76.6667,1384.75,1382.76,0.0212665,0.00713663,11.2683,8.87702,14.3038,commune,1.98231,0.0317094,0,1869,0.198383,0.0546909,0.0193585,4.08648,46.0269,-0.0790354,-0.0068247,0.0324632,0.0614997,0.103318,0.0232872,0.2845,0.565,-770.569,-22707.3,130.7,10139.8,51235.8,0.0846503,0.0390472,0.0326886,reel,844.85,958,1110.15,0.00099697,954
49246,Les Ponts-de-Cé,49,province,105,35,2704.3,2704.31,0.0244154,0.00940549,15.3404,12.1502,19.3681,commune,1.19461,0.0132857,0,2043,0.133892,0.0265694,0.00458862,-0.526476,47.4362,-0.0830741,-0.00774816,0.0324612,0.0607741,0.0991331,0.0213331,0.291,0.574,-1784.16,-42606.9,255.671,18989.8,100059,0.0614149,0.0344602,0.031048,reel,848.75,979,1103.1,0.00106787,955
94018,Charenton-le-Pont,94,petite_couronne,952,317.333,7523.9,7525.34,0.00733934,0.00085004,29.0825,23.9142,35.3677,commune,1.1308,0.0114668,0,8722,0.208062,0.0932231,0.0438658,2.41035,48.823,-0.0683758,-0.000243046,0.03245,0.058726,0.0957307,0.0241972,0.253,0.58,-4572.12,-117438,771.44,58311.4,278384,0.0439918,0.0288404,0.0295238,lmnp,917.7,962.5,1016.05,0.000376678,956
41018,Blois,41,province,1166,388.667,1776.77,1776.83,0.00865115,0.00118102,12.6414,10.037,15.9217,commune,1.97274,0.0314828,0.0591767,11840,0.132288,0.0578419,0.014039,1.32944,47.5876,-0.0761842,-0.00548745,0.0324423,0.0611945,0.101243,0.0236544,0.2765,0.567,-897.822,-28264.2,171.816,12604.6,65740.4,0.0752475,0.0372798,0.03277,reel,914,960,1013.1,0.000385307,957
26362,Valence,26,province,2191,730.333,2184.34,2184.21,0.00630989,0.00062831,14.0078,11.1303,17.6291,commune,1.81497,0.0271885,0.0415335,18857,0.144233,0.0497331,0.00960482,4.89717,44.9269,-0.0830213,-0.00689293,0.0324121,0.0615285,0.100001,0.0224971,0.287,0.558,-1163.73,-34757.2,208.635,15391,80820.7,0.0687132,0.0361134,0.032156,reel,928.85,967,1009.05,0.000309646,958
74006,Allonzier-la-Caille,74,province,78,26,4911.18,4906.02,0.0296943,0.0139141,22.4967,18.4295,27.4614,commune,1.1891,0.0130933,0,349,0.0843993,0.00526458,0.0109204,6.12033,46.0011,-0.0637584,0.000639372,0.0324119,0.0604422,0.0978099,0.0255717,0.245,0.5715,-2259.34,-76475.9,462.705,39514.5,181714,0.0513033,0.0309827,0.0309095,lmnp,758.85,953.5,1150.2,0.00167839,959
70279,Gray,70,province,74,24.6667,1193.66,1195,0.0339396,0.0181714,10.8057,8.53966,13.6731,commune,2.93445,0.107278,0.0675676,1284,0.19343,0.0413153,0.0194148,5.5896,47.4477,-0.0786562,-0.00346343,0.032407,0.0641324,0.103021,0.0236258,0.2705,0.57,-700.656,-20832.4,115.232,8703.2,44165.3,0.0935516,0.0397424,0.0318702,reel,793.65,965,1148.15,0.00140805,960
34116,Grabels,34,province,239,79.6667,3141.11,3140.81,0.0202182,0.00645059,17.0139,14.3072,20.2327,commune,1.25696,0.014761,0,1264,0.00868778,0.00349878,0.00010309,3.82894,43.6489,-0.0858836,-0.00774409,0.0323828,0.0607449,0.0991421,0.0216046,0.2855,0.563,-1591.25,-47232.8,294.509,21975.5,116221,0.0592679,0.0344091,0.0316318,reel,853.85,972.5,1087.15,0.000928065,961
09225,Pamiers,09,province,192,64,1632.73,1633.05,0.0188766,0.0056223,12.4845,9.94105,15.6786,commune,2.50174,0.0525145,0.442708,3412,0.13821,0.0262748,0.0086628,1.61154,43.1164,-0.0720817,-0.00444412,0.0323802,0.06529,0.101946,0.0250986,0.284,0.5625,-273.028,-25619.2,153.253,11570.1,60410.9,0.0807321,0.0386971,0.0343056,reel,854.85,980,1080.2,0.00092301,962
77372,Pomponne,77,grande_couronne,56,18.6667,4100.88,4108.68,0.0290916,0.0133549,20.2061,17.5713,23.2359,commune,1.52581,0.0207358,0,570,0.0490083,0.03508,0.0142772,2.69932,48.8812,-0.0586885,-0.00022268,0.0323724,0.0558375,0.08976,0.0247548,0.252,0.5705,-3697.33,-58375.8,397.536,28923.4,151732,0.0547377,0.0330459,0.0317002,reel,817.85,977.5,1126.05,0.00125351,963
47323,Villeneuve-sur-Lot,47,province,247,82.3333,1401.04,1401.38,0.0179592,0.00508918,11.2354,8.81861,14.3144,commune,2.37703,0.0463193,0.412955,3054,0.145309,0.0437682,0.00950694,0.704553,44.4074,-0.0768532,-0.00918765,0.0323692,0.0633869,0.101108,0.022249,0.3,0.5615,-890.351,-22947.6,136.883,9930.22,51838.6,0.0833838,0.037598,0.0317129,reel,867.75,969,1084.05,0.000853294,964
59032,Aulnoy-lez-Valenciennes,59,province,35,11.6667,2496.68,2501.04,0.0467372,0.0344638,15.3774,12.035,19.6481,commune,2.20679,0.0393765,0,1266,0.135506,0.0280348,0.00971783,3.51072,50.3329,-0.0789251,-0.00440758,0.0323419,0.0607009,0.102207,0.0234541,0.2715,0.558,-1087.98,-38465.6,238.61,17593.6,92377.1,0.0667002,0.0358455,0.0320666,reel,725.15,981,1252.25,0.00207607,965
72095,Coulaines,72,province,62,20.6667,1985.18,1986.53,0.0354108,0.0197717,12.9444,10.4155,16.0872,commune,1.38747,0.0175351,0.193548,1533,0.0630715,0.0146227,0.00213289,0.201196,48.022,-0.0735399,-0.00556735,0.0323415,0.062335,0.0985792,0.02358,0.284,0.566,-844.183,-30275.9,186.725,13935,73451.5,0.069179,0.0356837,0.0324064,reel,788.9,966,1206.9,0.0017366,966
01138,Culoz-Béon,01,province,35,11.6667,1963.3,1957.15,0.0430728,0.0292728,13.4962,10.5161,17.3206,commune,2.49971,0.052399,0,337,0.132491,0.0307334,0.00712511,5.78172,45.8479,-0.0819071,-0.00772254,0.0323352,0.0632535,0.101547,0.022759,0.2905,0.5535,-977.887,-31738.4,187.945,13897.3,72642,0.0733225,0.0366627,0.0322633,reel,739.8,978.5,1281.15,0.00215905,967
65440,Tarbes,65,province,1702,567.333,1524.76,1524.29,0.00747384,0.000881483,11.9179,9.61386,14.7741,commune,2.55249,0.0551852,0.0816686,14182,0.101707,0.0283237,0.0128702,0.072917,43.2329,-0.0773941,-0.0059929,0.0323296,0.0647531,0.10256,0.0248512,0.2735,0.5565,-415.102,-23998.6,145.526,10869.2,56415.9,0.08199,0.038109,0.0333803,reel,929.95,972.5,1015.1,0.000351253,968
46309,Souillac,46,province,41,13.6667,1350.66,1351.68,0.0443245,0.0309519,11.2251,8.81355,14.2966,commune,2.78016,0.0745633,0,553,0.187233,0.0500137,0.0248879,1.47814,44.8967,-0.0834925,-0.00754043,0.0323116,0.0616563,0.100146,0.0222437,0.288,0.57,-1028.87,-23531.8,134.513,9827.52,49974.5,0.0864033,0.0381013,0.0305822,reel,746.65,973.5,1262.2,0.00217302,969
84035,Cavaillon,84,province,463,154.333,2164.07,2163.37,0.0151772,0.00363492,14.2019,11.5205,17.5074,commune,2.06613,0.0342607,0.0863931,4011,0.125269,0.0630276,0.025443,5.03975,43.8379,-0.0746661,-0.00660771,0.0322904,0.062319,0.102216,0.0234207,0.285,0.5565,-1035.86,-34296.7,205.87,15635.6,80070.6,0.0704333,0.0368257,0.0327602,reel,887.95,973,1058.1,0.00069204,970
29151,Morlaix,29,province,338,112.667,1683.1,1681.8,0.0144245,0.00328337,12.443,9.64208,16.0575,commune,2.48231,0.0516239,0,4199,0.146489,0.0470398,0.0206527,-3.82875,48.5775,-0.0819805,-0.00616898,0.0322612,0.0632585,0.103592,0.0230848,0.287,0.565,-747.399,-27882.1,162.778,12130.2,62274.6,0.0780201,0.037361,0.032053,reel,904.95,988,1063.2,0.000637527,971
88413,Saint-Dié-des-Vosges,88,province,382,127.333,1238.5,1238.57,0.0172681,0.00470545,10.6925,8.40332,13.6053,commune,2.61195,0.0594612,0.175393,4668,0.108594,0.0283669,0.0111969,6.95089,48.2855,-0.0794438,-0.0057841,0.032236,0.0627761,0.102021,0.0229523,0.282,0.567,-678.853,-20789,121.941,8789.55,45824.6,0.0890674,0.0382076,0.0324149,reel,874.9,978,1070.05,0.000764345,972
29233,Quimperlé,29,province,133,44.3333,2269.27,2266.82,0.0229377,0.00830219,14.1072,11.3207,17.5796,commune,1.78944,0.0266581,0,1709,0.0589423,0.0218121,0.0111214,-3.54855,47.8717,-0.0809116,-0.0059055,0.032231,0.0610225,0.0981899,0.0224822,0.2805,0.563,-1197.32,-35548.3,217.592,16075.2,83963.1,0.0666674,0.0351919,0.031592,reel,857.85,975,1109,0.00101648,973
21617,Talant,21,province,258,86,2505.37,2506.24,0.017905,0.00505888,14.7906,12.3368,17.7325,commune,1.37065,0.0171837,0.0310078,2406,0.0664159,0.0181859,0.00110334,5.0101,47.3355,-0.080332,-0.00851513,0.0322014,0.0609734,0.0989635,0.0217729,0.289,0.5625,-1407.62,-38524.1,238.431,17531.7,92698.6,0.0636582,0.0349392,0.0317882,reel,882.95,978,1109.15,0.000872972,974
78455,Noisy-le-Roi,78,grande_couronne,58,19.3333,5176.14,5192.51,0.0308761,0.015043,22.854,18.4391,28.326,commune,1.14617,0.011947,0,743,0.209717,0.0589985,0.0268338,2.06599,48.8412,-0.0560068,0.00332697,0.0321974,0.0556265,0.0869388,0.0264723,0.2285,0.589,-5541.39,-76956.5,511.48,41637.5,191517,0.0495056,0.0301775,0.0302336,lmnp,766.85,969,1161,0.00166242,975
54115,Champigneulles,54,province,83,27.6667,1681.93,1684.01,0.0303318,0.0145172,12.2023,9.88795,15.0584,commune,1.84237,0.027907,0.216867,1317,0.0999622,0.0254956,0.0055575,6.16193,48.7334,-0.0816899,-0.00679352,0.0321911,0.0623708,0.10383,0.0229793,0.293,0.5645,-679.875,-27146.8,157.761,11880,62231.6,0.0763573,0.0373117,0.0334566,reel,794.85,980.5,1164.05,0.00151039,976
78551,Saint-Germain-en-Laye,78,grande_couronne,1173,391,6264.21,6265.03,0.00691503,0.000754605,26.4038,21.263,32.7876,commune,1.45215,0.0189579,0,12568,0.206629,0.0987939,0.0441136,2.08845,48.8965,-0.0491985,0.00604982,0.0321842,0.0552048,0.0892054,0.0276872,0.214,0.5885,-5344.28,-89594.7,633.454,49596.2,231776,0.0477069,0.0296741,0.0302277,lmnp,932.95,988.5,1027.15,0.000361647,977
59368,La Madeleine,59,province,737,245.667,3382.03,3382.68,0.0103554,0.00169223,17.9525,14.6857,21.946,commune,1.33469,0.0165815,0,7161,0.154028,0.0442683,0.0173264,3.07458,50.6509,-0.0826248,-0.00680874,0.0321497,0.0605207,0.0973169,0.0215327,0.278,0.571,-2277.87,-52477.3,322.509,23841.1,125135,0.0583761,0.03436,0.0312023,reel,933.95,983,1054.05,0.000448119,978
76005,Amfreville-la-Mi-Voie,76,province,59,19.6667,2138.82,2139.52,0.0410604,0.0265987,13.5706,11.6356,15.8273,commune,1.43329,0.0184443,0,1003,0.0169885,0.00410582,0.00644934,1.12365,49.403,-0.0769015,-0.0050747,0.0321217,0.0628021,0.100508,0.0231109,0.279,0.572,-609.798,-32509.1,199.2,15108.3,79136.2,0.0677229,0.0356839,0.0328049,reel,755.8,979.5,1243.05,0.00199724,979
29075,Guipavas,29,province,95,31.6667,2802.49,2799.96,0.0270958,0.0115846,15.6347,12.7222,19.2139,commune,1.1337,0.0115713,0,684,0.0721297,0.0153098,0.00747907,-4.41159,48.4309,-0.0808605,-0.00592628,0.0321058,0.060807,0.0968929,0.0213763,0.2865,0.5705,-1629.61,-43229.9,264.462,19766.1,103692,0.0605236,0.034293,0.0311511,reel,807.95,988.5,1159.25,0.0013104,980
59328,Lambersart,59,province,405,135,3274.01,3275.35,0.0139596,0.00307517,17.364,14.2504,21.1579,commune,1.16154,0.0124,0.00740741,4134,0.198035,0.0440281,0.0140716,3.02534,50.6463,-0.0793133,-0.00625371,0.0320922,0.060142,0.0970652,0.0222573,0.2795,0.569,-1984.85,-50575.9,311.921,23199.4,121139,0.0581451,0.0341124,0.0307868,reel,925.8,1004.5,1070,0.000567839,981
81099,Gaillac,81,province,113,37.6667,1877.36,1878,0.023745,0.00889539,12.7916,10.6117,15.4192,commune,2.09455,0.0352827,0.20354,1752,0.0789569,0.0151816,0.00924171,1.89872,43.9046,-0.0849448,-0.0069699,0.0320868,0.0609112,0.0977414,0.0216983,0.2875,0.5605,-1158.63,-29657.2,180.374,13340.5,69462.2,0.0721754,0.0357792,0.0316633,reel,868.95,995,1139.05,0.00105866,982
21278,Fontaine-lès-Dijon,21,province,206,68.6667,2792.43,2793.69,0.0200253,0.00632779,15.8389,13.2591,18.9207,commune,1.25116,0.0146569,0,1345,0.0849376,0.0322189,0.00777289,5.02821,47.3386,-0.0774238,-0.00613444,0.0320859,0.060017,0.0982139,0.0222642,0.2855,0.5645,-1426.25,-42816.6,264.471,19663.1,103320,0.0616191,0.0349075,0.0318537,reel,884.85,996.5,1138.2,0.00100435,983
88383,Remiremont,88,province,331,110.333,1478.93,1479.12,0.0185441,0.00542652,11.8978,9.35737,15.1279,commune,2.5174,0.0532302,0.00302115,2712,0.124425,0.0529787,0.0235606,6.58996,48.0167,-0.0819764,-0.00480439,0.0320818,0.0641017,0.102825,0.0237465,0.2745,0.5545,-566.168,-24808.5,141.571,10689.4,54720.3,0.0843675,0.0392428,0.0340043,reel,878.9,995.5,1112.05,0.000916807,984
59221,Famars,59,province,33,11,2101.1,2106.61,0.0480827,0.0364763,13.573,11.2943,16.3116,commune,1.72448,0.0250865,0,384,0.122261,0.0587757,0.0135128,3.51761,50.3192,-0.0799498,-0.00616596,0.0320782,0.0610321,0.0994433,0.0225018,0.283,0.57,-1215.65,-33242.3,204.747,14929.2,77740.8,0.0689526,0.0358547,0.0317354,reel,742.9,969.5,1285.75,0.00214205,985
31022,Aucamville,31,province,243,81,2754.75,2753.96,0.0172162,0.00467727,15.451,13.4968,17.6883,commune,1.18561,0.0130279,0,1358,0.0139894,0.00482052,0.0016361,1.42616,43.6717,-0.0794991,-0.00703776,0.0320766,0.0614971,0.0980996,0.0216407,0.288,0.574,-1645.98,-41486.2,261.034,19274.8,101926,0.0607724,0.0342063,0.0312462,reel,898.85,983.5,1097.1,0.000804644,986
29042,Crozon,29,province,82,27.3333,2358.34,2354.52,0.0291383,0.0133966,14.3712,11.5254,17.9197,commune,1.6685,0.023901,0,1178,0.0732621,0.0570622,0.00773184,-4.49443,48.2464,-0.084376,-0.00551586,0.0320748,0.0611843,0.100749,0.0225367,0.2795,0.5705,-1070.15,-37031.6,230.018,16648.4,87258.4,0.065493,0.0350479,0.0313702,reel,833.95,987,1217.05,0.00141458,987
31165,Eaunes,31,province,81,27,2417.67,2415.85,0.0296817,0.0139018,14.1305,12.4582,16.0274,commune,1.02494,0.00760043,0,513,0.01366,0.0067972,0.000498903,1.35395,43.4266,-0.0805952,-0.00783216,0.0320533,0.060466,0.0974095,0.0217612,0.289,0.5735,-1499.33,-36420.7,229.315,16934.2,89453.9,0.0626909,0.0342639,0.0312985,reel,838.95,1007.5,1168.1,0.00128403,988
38377,Saint-Clair-de-la-Tour,38,province,47,15.6667,2119.85,2110.7,0.0414863,0.0271578,13.9932,11.2579,17.3931,maille,1.88805,0.0290733,0,248,0.128323,0.170539,0.0239212,5.45869,45.5698,-0.0736416,-0.00620159,0.0320336,0.0607033,0.0999372,0.0223569,0.2815,0.566,-1230.4,-33986.7,218.289,15200.8,78434.4,0.0707214,0.0370275,0.0319652,reel,786.95,997,1247.4,0.00177801,989
73290,Val-Cenis,73,province,153,51,3641.1,3633.46,0.0235299,0.00873678,19.6252,11.0835,34.7496,maille,2.32251,0.0438174,0,537,0.396492,0.137518,0.0710035,6.89733,45.2854,-0.0791917,-0.00708155,0.0320325,0.0650728,0.108568,0.024564,0.2905,0.558,-1670.18,-63331.2,352.325,26626.2,134721,0.0597353,0.0346495,0.0304225,reel,871.85,991,1138.1,0.000950647,990
07319,Le Teil,07,province,115,38.3333,1473.16,1468.63,0.0303072,0.0144928,11.9331,9.478,15.0241,commune,2.81439,0.0794258,0.347826,1340,0.172864,0.0494806,0.0129654,4.6854,44.5464,-0.0788758,-0.00517076,0.0320307,0.0616958,0.103321,0.0242001,0.273,0.5685,-730.129,-24311.7,143.874,10521.1,54506.8,0.0849857,0.039001,0.0330145,reel,816.95,998.5,1176.3,0.00136668,991
55029,Bar-le-Duc,55,province,176,58.6667,1125.52,1126.28,0.0227328,0.00815259,10.3214,8.20344,12.9862,commune,2.90922,0.0975434,0.0681818,4340,0.122163,0.0247345,0.00560358,5.16017,48.7731,-0.0922371,-0.0066281,0.0320242,0.0626357,0.103263,0.0209437,0.2845,0.5605,-781.31,-19625.6,112.437,7973.87,41644.3,0.0940516,0.0385197,0.0319691,reel,887.55,1005,1126.05,0.00102388,992
31351,Mondonville,31,province,102,34,2569.99,2568.66,0.026488,0.0110713,14.6322,13.0373,16.4221,commune,1.02871,0.00782361,0,836,0.00510087,0.00310725,0.00146756,1.28397,43.6667,-0.0805763,-0.00846056,0.0320224,0.0613958,0.0988232,0.0204628,0.2965,0.568,-1601.37,-38930.9,244.427,18004.8,95089.6,0.0613178,0.0340065,0.0310359,reel,854.75,992,1143.35,0.00122747,993
42218,Saint-Étienne,42,province,7106,2368.67,1346.95,1346.88,0.00383916,0.000232598,11.4364,8.67503,15.0766,commune,2.56497,0.0557334,0.10667,56340,0.238242,0.069059,0.029178,4.39169,45.4333,-0.0767254,-0.00656733,0.0320182,0.0637706,0.10422,0.0243347,0.285,0.5665,-521.919,-22445.8,127.858,9885.55,49837.3,0.0885229,0.0400119,0.0320564,reel,972.9,996.5,1024.05,0.000174528,994
13075,Plan-de-Cuques,13,province,198,66,4005.33,4004.82,0.0221419,0.00773632,19.6754,15.8758,24.3845,commune,1.37732,0.0173544,0,1153,0.0747998,0.0166245,0.00353975,5.46484,43.3461,-0.0782367,-0.0107321,0.0319826,0.058532,0.0975239,0.0204721,0.3065,0.573,-3432.43,-61609.9,385.474,28079.6,148197,0.0544537,0.0328394,0.0294632,reel,896.7,985,1135.05,0.000929258,995
73215,Valgelon-La Rochette,73,province,46,15.3333,2297.32,2281.15,0.0424859,0.0284805,14.5877,11.7409,18.1249,maille,1.88631,0.0290179,0,876,0.0914026,0.0319788,0.057681,6.11887,45.4575,-0.0720397,-0.00567106,0.0319792,0.0616331,0.0986218,0.0240958,0.2765,0.563,-1024.98,-35116.5,210.507,17197.7,85000.7,0.0683636,0.0364642,0.0325785,reel,786.9,1021.5,1232.6,0.00173158,996
11203,Lézignan-Corbières,11,province,104,34.6667,1617.32,1618.14,0.0286951,0.0129913,12.0145,9.95145,14.5051,commune,2.52465,0.0536066,0.346154,1009,0.0633357,0.00717157,0.00107085,2.75632,43.2002,-0.0847,-0.00618382,0.0319774,0.0616208,0.101668,0.021532,0.284,0.565,-826.383,-26063.7,155.591,11338,59841,0.0780137,0.0364977,0.0322742,reel,830.9,988,1191.05,0.00139256,997
34145,Lunel,34,province,463,154.333,2593.16,2592.8,0.0145487,0.00334021,15.2814,12.5858,18.5542,commune,1.56497,0.0215286,0.274298,2972,0.0673691,0.0151657,0.00137688,4.13389,43.6768,-0.0827054,-0.00526224,0.0319746,0.0609573,0.0993013,0.0222496,0.283,0.5695,-1204.18,-38970.7,244.657,18166.6,95946.8,0.0637742,0.0351659,0.0320422,reel,916,1003.5,1088.15,0.000666789,998
46102,Figeac,46,province,178,59.3333,1750.38,1751.75,0.021517,0.00730334,12.5787,10.1369,15.6087,commune,2.49652,0.0521439,0,1791,0.135177,0.037978,0.0096154,2.03306,44.609,-0.0819167,-0.00849802,0.0319743,0.0627894,0.0991869,0.0213702,0.284,0.5685,-1282.59,-28483.1,170.372,12496.7,64763.9,0.0759519,0.0365735,0.0315846,reel,878.85,1007.5,1141.1,0.00105138,999
77374,Pontcarré,77,grande_couronne,33,11,3952.35,3962.7,0.0377226,0.0224539,20.0716,17.9978,22.3843,commune,1.99971,0.0322581,0,168,0.138409,0.0355959,0.00791071,2.70749,48.7946,-0.0635845,-0.000649512,0.0319583,0.0565253,0.0878809,0.0246999,0.257,0.584,-3722.15,-56016.4,385.539,27803.7,146237,0.0563864,0.0333434,0.031685,reel,832.8,1001.5,1212.15,0.00150544,1000
38185,Grenoble,38,province,7038,2346,2657.56,2657.51,0.00343672,0.000186389,15.6713,12.642,19.4264,commune,1.64849,0.023414,0.0262859,54725,0.170682,0.0524776,0.0227678,5.72217,45.1822,-0.0814635,-0.00744653,0.0319486,0.0609638,0.0990143,0.0207912,0.2885,0.566,-1611.58,-41425.3,254.566,18931.8,98329.7,0.0639893,0.0355002,0.0318274,reel,977,1003,1026,0.000145758,1001
92024,Clichy,92,petite_couronne,1901,633.667,6770.44,6770.65,0.00537828,0.000456472,28.3997,23.003,35.0625,commune,1.75406,0.0257763,0,20699,0.167526,0.0660522,0.0416937,2.30615,48.9024,-0.0662282,-0.00057119,0.0319103,0.0588723,0.0983276,0.0246982,0.2515,0.5795,-3211.6,-106741,686.459,53052.2,250506,0.0476773,0.0295053,0.0299203,lmnp,964.95,1005,1040.15,0.000299858,1002
91226,Étréchy,91,grande_couronne,68,22.6667,2957.43,2963.2,0.027152,0.0116332,16.6125,14.5102,19.0195,commune,1.69316,0.02442,0,672,0.149125,0.06563,0.0519631,2.19101,48.4921,-0.0591093,0.0009577,0.03189,0.0560364,0.0904634,0.0254026,0.244,0.5805,-2534.22,-41915.7,285.279,21479.5,109425,0.0613203,0.0346786,0.0328206,reel,879.95,1017.5,1194.05,0.00117052,1003
69171,Sain-Bel,69,province,41,13.6667,2498.51,2487.82,0.0394169,0.0245156,14.9623,11.5491,19.3843,commune,1.82773,0.0274336,0,318,0.170086,0.0578972,0.0217106,4.59965,45.81,-0.0829469,-0.00726756,0.0318627,0.0596663,0.0992828,0.0217217,0.2885,0.566,-1755.84,-40684,243.598,17924.3,92444.9,0.0646576,0.0349477,0.0307323,reel,797,1022,1248.1,0.00169698,1004
66002,Alénya,66,province,38,12.6667,2468.14,2471.84,0.0498807,0.0392499,14.376,11.3124,18.2693,commune,1.44983,0.0188895,0,240,0.0439174,0.0069064,0.000938505,2.98184,42.6399,-0.082281,-0.00808268,0.0318596,0.0601384,0.0994354,0.0206837,0.2915,0.5705,-2006.01,-40056.9,238.47,17338.4,91321,0.0626026,0.0338335,0.0303058,reel,755.95,1031.5,1329.6,0.00221881,1005
42005,Andrézieux-Bouthéon,42,province,176,58.6667,2069.76,2068.33,0.0242848,0.0093059,13.4596,10.3976,17.4233,commune,1.97042,0.0314021,0.329545,1748,0.0521537,0.0111688,0.0043655,4.2648,45.5272,-0.082686,-0.00717276,0.0318314,0.0617917,0.102644,0.0217288,0.295,0.566,-1199.4,-33387.5,198.273,14575.5,76580.9,0.0693392,0.0355013,0.0318853,reel,863.9,1011.5,1160.35,0.00116469,1006
34244,Saint-Brès,34,province,95,31.6667,3448.18,3448.33,0.0319139,0.0160712,17.8702,14.6764,21.759,commune,1.3051,0.0159134,0,220,0.020968,0.00610967,0.000533594,4.03965,43.6683,-0.0789049,-0.00682092,0.0318185,0.0608838,0.0994821,0.0219489,0.2835,0.5715,-1995.03,-53045.1,328.204,24101,127583,0.0569697,0.0335257,0.0304001,reel,863.2,1020.5,1208.05,0.00142089,1007
37208,Saint-Avertin,37,province,140,46.6667,2773.92,2773.97,0.0233446,0.00859852,15.5125,13.0316,18.4657,commune,1.27219,0.0151515,0,2213,0.0392808,0.00801636,0.00374759,0.729505,47.363,-0.071351,-0.00708071,0.0318126,0.0604288,0.0979478,0.0224824,0.289,0.577,-1733.49,-41656.4,263.394,19477.9,102635,0.0606182,0.0340453,0.0308605,reel,879,998,1157.45,0.00107435,1008
04094,Gréoux-les-Bains,04,province,291,97,2880.06,2882.01,0.0183612,0.0053199,16.8877,11.401,25.015,commune,2.2616,0.0414321,0,1107,0.187872,0.0688732,0.0497641,5.89131,43.7593,-0.0751997,-0.00790431,0.0318021,0.0652855,0.102651,0.0237191,0.2945,0.5695,-1128.75,-46800.8,274.259,21029.5,106562,0.0641142,0.0355909,0.0315875,reel,909.9,1017.5,1140.05,0.000849345,1009
04245,Volx,04,province,36,12,2672.4,2691.09,0.0512582,0.0414409,15.7319,12.4025,19.9549,commune,1.89849,0.0294464,0,210,0.169211,0.0721199,0.0315906,5.84272,43.8751,-0.0785216,-0.0061349,0.0318012,0.0597666,0.098872,0.0221132,0.28,0.5715,-1641.34,-43052.4,260.523,19163.3,98878.6,0.0639062,0.0351236,0.0310359,reel,771.95,1034,1302.35,0.00220465,1010
62753,Saint-Laurent-Blangy,62,province,46,15.3333,2477.49,2481.51,0.0402351,0.0255405,14.56,12.0846,17.5423,commune,1.40574,0.0178805,0,1154,0.0220688,0.0123895,0.00305685,2.79327,50.295,-0.0796885,-0.00804933,0.031795,0.0614653,0.09878,0.0209868,0.2865,0.5775,-1405.49,-38399.2,235.018,17394.9,91667,0.0632574,0.0344401,0.0312508,reel,791.9,1030,1279.6,0.00185897,1011
71076,Chalon-sur-Saône,71,province,1841,613.667,1543.94,1543.92,0.00743967,0.000873445,12.1195,9.5783,15.3348,commune,2.53335,0.0541965,0.0298751,12657,0.171721,0.0658841,0.0179445,4.85121,46.7863,-0.0760949,-0.00298539,0.0317916,0.0629557,0.103768,0.023338,0.27,0.5745,-596.62,-25288.9,148.387,11145.5,57126,0.0825378,0.0388058,0.0329331,reel,970,1016,1060.3,0.000357759,1012
49267,Saint-Barthélemy-d'Anjou,49,province,87,29,2664.21,2663.55,0.026797,0.0113294,15.4113,12.0102,19.7756,commune,1.06932,0.00952966,0,1834,0.102231,0.0198918,0.00403016,-0.495147,47.4652,-0.0806584,-0.00694858,0.0317873,0.0622106,0.100874,0.0233341,0.285,0.559,-920.811,-41313.6,246.025,18742.8,98575.9,0.0626586,0.0354078,0.0325714,reel,857.9,1006,1179,0.00126297,1013
59220,Faches-Thumesnil,59,province,145,48.3333,2846.38,2849.29,0.0232664,0.00854218,16.0005,13.3766,19.1392,commune,1.30539,0.0159227,0.151724,1595,0.109918,0.0285127,0.0157503,3.06925,50.6032,-0.081365,-0.00596209,0.0317535,0.0606396,0.0995995,0.0220491,0.285,0.559,-1679.67,-43562.1,269.523,20170.6,105316,0.0611325,0.0346803,0.0314135,reel,893.75,1033.5,1159.05,0.00100928,1014
70310,Lure,70,province,68,22.6667,979.078,979.422,0.0353775,0.0197431,9.7752,7.65372,12.4847,commune,2.75029,0.0712657,0,1698,0.153453,0.0655604,0.0199717,6.50224,47.6783,-0.0858715,-0.00901956,0.0317293,0.0620124,0.102793,0.0222192,0.2935,0.57,-951.692,-17374.8,101.837,7183.91,36225.9,0.101424,0.0398843,0.030435,reel,811.55,998,1228.1,0.00160325,1015
31157,Cugnaux,31,province,353,117.667,2656.36,2655.95,0.0142944,0.00322446,14.9639,13.3412,16.784,commune,1.11804,0.0110399,0.0453258,2512,0.0308487,0.0105,0.0032537,1.34773,43.5396,-0.0819364,-0.00877974,0.0317225,0.059061,0.097558,0.0203874,0.2935,0.576,-2207.42,-40244,253.513,18632.3,98285.3,0.0608226,0.0339088,0.0307378,reel,928.95,1017.5,1104.05,0.000666119,1016
28085,Chartres,28,province,1219,406.333,2471.68,2472.14,0.00761738,0.000915664,15.0713,12.7334,17.8386,commune,1.83411,0.0276444,0.0221493,11996,0.12662,0.0402025,0.0128412,1.48875,48.4446,-0.0716623,-0.00598806,0.0317218,0.0599878,0.0967714,0.0224002,0.285,0.5745,-1427.66,-37620.4,235.257,17510.8,91452.2,0.0658888,0.0357088,0.032071,reel,976.75,1021.5,1066.05,0.000358239,1017
59143,La Chapelle-d'Armentières,59,province,41,13.6667,2854.55,2867.2,0.0432908,0.0295694,15.7587,12.7929,19.4121,commune,1.15661,0.0122314,0,464,0.108535,0.0128201,0.00525163,2.86903,50.6791,-0.0808337,-0.00599414,0.0316864,0.060833,0.0982668,0.0219962,0.286,0.577,-1824.87,-44466.5,271.227,20054.6,105618,0.0599408,0.0340291,0.0306901,reel,818.35,1030,1232.35,0.00177017,1018
74105,Douvaine,74,province,166,55.3333,4326.63,4322.28,0.02043,0.00658651,21.7907,17.4932,27.1438,commune,1.91328,0.0299054,0,1053,0.160653,0.0544739,0.0241356,6.30178,46.3067,-0.0815697,-0.00837012,0.0316855,0.0603204,0.0985417,0.0207413,0.297,0.5625,-2962.27,-68531.8,419.878,30630.3,160085,0.0562765,0.0340851,0.0310296,reel,915.9,1031.5,1133.1,0.000883725,1019
33032,Bassens,33,province,88,29.3333,2900.29,2898.79,0.0248467,0.00974189,16.034,13.7717,18.6679,commune,1.07367,0.00968447,0.0795455,1119,0.0911428,0.01026,0.00116129,-0.511211,44.9071,-0.0802405,-0.00858976,0.0316808,0.0607271,0.0992241,0.0216906,0.3,0.5725,-1637.8,-43753.8,271.739,20313.1,107311,0.0601347,0.0344733,0.0314768,reel,878.85,1026.5,1211.05,0.0012184,1020
64335,Lescar,64,province,77,25.6667,2662.67,2654.81,0.0307748,0.0149439,15.3998,13.0844,18.1249,commune,1.20447,0.0135585,0,911,0.0579469,0.022331,0.00991619,-0.441452,43.3333,-0.0745572,-0.00887785,0.0316773,0.0615395,0.100552,0.0222032,0.2945,0.5655,-1099.48,-40224.3,248.03,18785.7,98519,0.0626429,0.0351865,0.0322966,reel,805.85,1006.5,1187.2,0.00137255,1021
92012,Boulogne-Billancourt,92,petite_couronne,4189,1396.33,8511.92,8512.12,0.00362353,0.000207202,31.9672,25.954,39.3735,commune,1.28277,0.0154392,0,39218,0.265075,0.0995005,0.0529012,2.24091,48.8361,-0.0691534,-0.00147308,0.0316561,0.0597327,0.0960518,0.0228957,0.257,0.586,-5057.61,-135234,882.709,65382.7,314941,0.0429522,0.0284456,0.0292301,lmnp,998,1026,1056,0.0001865,1022
26057,Bourg-de-Péage,26,province,200,66.6667,2015.23,2013.89,0.0208203,0.00684035,13.312,10.1815,17.405,commune,2.07773,0.0346711,0,1310,0.0836729,0.024857,0.00851209,5.04958,45.0381,-0.0844469,-0.00593421,0.0316488,0.0609754,0.0999285,0.0212365,0.2825,0.5695,-1369.32,-32959.8,194.624,14220.1,74563.5,0.0703365,0.0356338,0.0315813,reel,915.8,1020.5,1154.05,0.000918534,1023
93001,Aubervilliers,93,petite_couronne,1224,408,4637.63,4638.42,0.00737,0.000857153,22.6351,18.2302,28.1043,commune,2.41183,0.0478894,0.908497,22321,0.210818,0.0741107,0.0356478,2.38716,48.9113,-0.0846701,-0.00763902,0.0316293,0.0616758,0.0988878,0.019821,0.2875,0.5685,-3121.78,-74650.5,464.453,32942,171592,0.0546876,0.0327601,0.0305615,reel,991,1030,1071.05,0.000291897,1024
69297,Ternay,69,province,39,13,3335.02,3324.46,0.0403898,0.0257404,17.4595,14.2876,21.3355,maille,1.02755,0.00774487,0,331,0.0642384,0.0225713,0.00430826,4.80974,45.6043,-0.0854742,-0.00851803,0.0316242,0.0606072,0.100432,0.0215952,0.2905,0.5585,-1802.48,-52128.4,314.854,23379,123396,0.057425,0.0339321,0.0309904,reel,804.95,1034,1286.4,0.00182707,1025
85047,Challans,85,province,192,64,2604.33,2602.16,0.0197735,0.00616948,14.761,12.0412,18.095,commune,1.19084,0.0131366,0,1590,0.13874,0.0340656,0.0083926,-1.87658,46.8446,-0.0886694,-0.00644156,0.0316077,0.0613068,0.0971968,0.0197709,0.288,0.5725,-2022.21,-41422,251.045,18371.1,96360.3,0.0611026,0.0337717,0.0299346,reel,904.65,1023,1136.55,0.000913434,1026
39362,Montmorot,39,province,48,16,1791.13,1798.22,0.0443009,0.0309594,12.5837,9.56364,16.5575,commune,2.43823,0.0493612,0,351,0.154801,0.0309878,0.00769597,5.52785,46.6736,-0.0819153,-0.00757012,0.0315878,0.0606908,0.0988016,0.0218873,0.292,0.565,-1442.85,-29481.5,175.5,12652.8,66272,0.0742573,0.0358692,0.03062,reel,765.55,1014,1314.85,0.00219966,1027
01288,Péron,01,province,58,19.3333,4411.94,4404.11,0.0336545,0.0178721,22.7071,17.6917,29.1444,commune,2.43416,0.0491803,0,242,0.127295,0.030438,0.0132901,5.91935,46.1818,-0.07807,-0.00741965,0.0315758,0.0607106,0.0994245,0.0221924,0.2955,0.5715,-2637.39,-69647.5,420.534,31081.3,163242,0.0576811,0.0345474,0.0313546,reel,830.9,1044,1213.35,0.00148209,1028
76384,Lillebonne,76,province,58,19.3333,2041.9,2041.38,0.0414034,0.0270449,13.3508,10.6477,16.7401,commune,2.02639,0.0330046,0.431034,2742,0.0286974,0.0314723,0.00456788,0.54164,49.5218,-0.077242,-0.0057618,0.0315727,0.0621347,0.10049,0.0228512,0.2875,0.5595,-945.434,-31860.5,198.259,14342.3,75550.1,0.0696458,0.0354213,0.0317237,reel,783.75,1022.5,1278.25,0.00194338,1029
69202,Sainte-Foy-lès-Lyon,69,province,603,201,3679.44,3678.64,0.010397,0.00170587,18.6889,15.254,22.8974,commune,1.14298,0.0118808,0,3836,0.153438,0.0507367,0.0135942,4.79969,45.7438,-0.0849042,-0.00890578,0.0315663,0.0602452,0.0981106,0.0208645,0.3005,0.576,-2712.38,-57430.4,354.711,25964.4,136139,0.0560593,0.0336459,0.0305132,reel,966.7,1034,1095.1,0.000493002,1030
73004,Aillon-le-Jeune,73,province,62,20.6667,2110.41,2094.7,0.03673,0.0212871,14.7569,11.5184,18.906,maille,1.97549,0.0315534,0,132,0.387721,0.135635,0.137401,6.10579,45.6089,-0.0691364,-0.002392,0.0315546,0.0615242,0.0994421,0.0256138,0.2625,0.5705,-652.91,-33785.6,191.489,16843.3,78085.2,0.07538,0.0402435,0.0331156,reel,818.9,1046,1228.2,0.00163658,1031
2B120,Furiani,2B,province,56,18.6667,3229.96,3246.6,0.0426442,0.0286898,17.4708,14.4162,21.1726,commune,1.73028,0.025188,0,479,0.00929598,0.00924549,0.00255549,9.43355,42.6561,-0.0804162,-0.00842647,0.0315413,0.0604715,0.0990493,0.0218915,0.288,0.5755,-1929.17,-49199.3,309.346,22671.9,119508,0.0593348,0.0340704,0.0308796,reel,792.3,1028.5,1293.3,0.00197417,1032
17127,Courçon,17,province,60,20,1731.07,1721.66,0.0355778,0.0199696,12.2011,9.8059,15.1813,commune,2.07802,0.0346715,0,142,0.0599969,0.0103353,0.00210231,-0.812319,46.2358,-0.0809724,-0.00642443,0.0315314,0.0609203,0.10059,0.0217281,0.287,0.563,-1176.6,-28403.7,169.243,12172.4,64049.5,0.0741813,0.0358281,0.03185,reel,846.2,1037,1263.3,0.0017222,1033
31588,Villeneuve-Tolosane,31,province,97,32.3333,2665.36,2664.38,0.0271544,0.0116354,14.836,13.2276,16.6401,commune,1.02697,0.00770713,0,875,0.0358203,0.00960318,0.00140431,1.34124,43.5253,-0.0797713,-0.00825546,0.0315301,0.0591441,0.0982946,0.0211088,0.2955,0.5775,-1956.23,-40244.5,256.05,18655.3,98618.3,0.0600416,0.0334892,0.0302016,reel,877.6,1034,1201.25,0.00126866,1034
06083,Menton,06,province,2650,883.333,5089.33,5089.27,0.00648685,0.000664046,23.4226,18.4444,29.7445,commune,1.58208,0.0219161,0,10304,0.129899,0.0534256,0.0131963,7.49441,43.7771,-0.0667981,-0.00206661,0.0315294,0.0588755,0.0968209,0.0248584,0.2625,0.5845,-3554.76,-81172.5,495.261,40811.2,188305,0.0516907,0.0305921,0.0295919,lmnp,987.95,1034,1085.2,0.000380155,1035
06123,Saint-Laurent-du-Var,06,province,1414,471.333,4918.04,4918.2,0.00887784,0.00124378,22.2692,18.3784,26.9837,commune,1.23405,0.0142456,0,6275,0.0818989,0.0214274,0.00640298,7.18614,43.6701,-0.0698298,-0.00277634,0.0315239,0.058566,0.0955895,0.0243962,0.258,0.585,-3124.81,-76609.4,473.892,39499.7,181967,0.0506768,0.0303714,0.0295825,lmnp,980.85,1034,1098,0.000496556,1036
38315,Le Pont-de-Beauvoisin,38,province,66,22,1948.21,1942.57,0.0351463,0.0194921,13.169,10.0615,17.2363,commune,2.52581,0.0537027,0,478,0.156838,0.0598616,0.0229332,5.66998,45.536,-0.0855662,-0.0107571,0.0315218,0.061839,0.100465,0.020251,0.302,0.5765,-1870,-33106.8,194.086,14088.9,72083.7,0.0718753,0.0354425,0.0298424,reel,872.7,1053,1254.25,0.00144373,1037
78117,Buc,78,grande_couronne,100,33.3333,5497.52,5508.46,0.0235887,0.00878042,23.4938,19.4854,28.3268,commune,1.05539,0.00897436,0,957,0.0902851,0.0188509,0.00885767,2.12928,48.7771,-0.0525395,0.00270401,0.031504,0.0560811,0.0864659,0.0263669,0.229,0.5905,-5436.84,-78626.7,539.781,43606.2,203408,0.0480082,0.0297736,0.0305816,lmnp,858.85,1034.5,1236.15,0.00138497,1038
17299,Rochefort,17,province,739,246.333,2473.6,2472.72,0.0102305,0.00165165,14.8546,11.6856,18.8831,commune,1.9855,0.031806,0.14885,7138,0.15197,0.0288473,0.0165125,-0.962136,45.9393,-0.0794463,-0.00898947,0.0314889,0.0604134,0.0971075,0.0211467,0.2965,0.5695,-2031.12,-38614.6,240.131,17540.1,91523.2,0.0647865,0.0346685,0.0304299,reel,979.8,1040.5,1099.15,0.000447195,1039
26252,Portes-lès-Valence,26,province,150,50,2392.15,2391.38,0.0240141,0.00909972,14.2935,11.4898,17.7813,commune,1.21897,0.0138819,0,813,0.114023,0.0312081,0.00997176,4.8777,44.8751,-0.0805028,-0.00698103,0.0314813,0.0608188,0.10042,0.0219489,0.288,0.574,-1513.27,-37222.7,226.706,16847.2,88509.5,0.0641776,0.0349527,0.0314529,reel,898.55,1040.5,1209.15,0.0012003,1040
34123,Juvignac,34,province,239,79.6667,3338.16,3338.44,0.0202182,0.00645059,17.3833,15.0791,20.0397,commune,1.0319,0.00802711,0,2072,0.0115328,0.00500829,0.0005392,3.80972,43.6181,-0.0786899,-0.00931561,0.0314706,0.0588557,0.10125,0.0209432,0.287,0.5695,-1977.6,-50345.2,315.188,23362,123512,0.0570974,0.0336865,0.0307782,reel,922.95,1053.5,1165.2,0.000950762,1041
42183,La Ricamarie,42,province,99,33,1067.15,1061.5,0.0322644,0.0164249,10.2664,7.81483,13.487,commune,2.84484,0.0844338,0.808081,1524,0.131743,0.0410927,0.0275173,4.36508,45.4023,-0.0762129,-0.00830118,0.0314482,0.0642866,0.107624,0.0240485,0.294,0.565,-651.443,-18996.5,104.043,7919.58,39484.5,0.0985773,0.0403364,0.0327404,reel,841.8,1056,1267.4,0.00147012,1042
60584,Saint-Leu-d'Esserent,60,province,34,11.3333,2926.69,2942.85,0.0441335,0.0307299,16.2704,13.8123,19.1659,commune,1.59919,0.0222646,0,602,0.129556,0.04642,0.0277152,2.41948,49.2169,-0.0847025,-0.00790569,0.0314027,0.0595457,0.0967817,0.0199084,0.2915,0.575,-2529.61,-47588.8,284.046,20946.7,108288,0.0605615,0.034136,0.0303947,reel,821.6,1047.5,1312.35,0.00182866,1043
49353,Trélazé,49,province,91,30.3333,2650.85,2651.6,0.0262078,0.0108368,14.8952,11.673,19.0068,commune,1.01885,0.00708948,0.428571,3290,0.0360117,0.00755373,0.00286513,-0.5022,47.4504,-0.086293,-0.0104471,0.0313888,0.0617615,0.0995825,0.0212298,0.295,0.5695,-1735.83,-41772.1,250.265,18628.6,98081.5,0.0606378,0.0338875,0.0307553,reel,900.8,1042,1205.1,0.00118362,1044
90039,Essert,90,province,40,13.3333,1871.9,1886.45,0.0526479,0.0436888,12.6381,9.93144,16.0824,commune,2.09629,0.0353501,0,337,0.0928822,0.0181185,0.0100329,6.81953,47.634,-0.0750681,-0.00815632,0.0313717,0.0610249,0.0991899,0.0216293,0.2875,0.572,-1378.53,-29839.3,181.986,13286.2,69260.4,0.0714018,0.0351584,0.0306607,reel,777.05,1053,1369.25,0.00237845,1045
64129,Billère,64,province,672,224,2225.47,2224.63,0.0104863,0.00173528,13.8914,11.8217,16.3233,commune,1.69867,0.0245511,0,4380,0.121662,0.0310688,0.00642429,-0.38614,43.3072,-0.0819763,-0.010023,0.0313646,0.0598961,0.0994001,0.020199,0.3055,0.571,-1718.21,-35015.3,214.116,15679.5,82342.2,0.0668158,0.0351671,0.0312418,reel,976.95,1050.5,1129.05,0.000519246,1046
33192,Gradignan,33,province,540,180,3429.4,3429.04,0.0100712,0.00160062,18.0181,15.0953,21.5068,commune,1.15748,0.0122682,0.0203704,5222,0.0770608,0.0182385,0.0208177,-0.607721,44.7832,-0.0786714,-0.00673424,0.0313639,0.0607053,0.0982922,0.0220161,0.2985,0.565,-2031.94,-52076.9,321.649,24363.3,126888,0.0577994,0.0343031,0.0314076,reel,987.95,1048,1114.25,0.000525516,1047
01210,Lélex,01,province,52,17.3333,2217.91,2209.54,0.0355068,0.0198932,15.4025,12.4403,19.0702,maille,2.57628,0.0564516,0,201,0.44859,0.139737,0.037294,5.94546,46.3073,-0.0711134,-0.00578007,0.0313613,0.0614552,0.0998419,0.0236634,0.2785,0.5695,-1161.06,-35560.7,214.085,16094.3,82062.5,0.0752197,0.0397854,0.0332344,reel,871.95,1045,1260,0.00155803,1048
04073,Enchastrayes,04,province,154,51.3333,2050.53,2051.59,0.025181,0.0100052,14.2329,8.22985,24.6148,maille,2.50392,,0,326,0.482052,0.107609,0.0718589,6.68509,44.369,-0.0806653,-0.00635106,0.0313491,0.0645422,0.109962,0.025283,0.2755,0.5625,-1138.54,-38497.3,195.32,15492.6,75869.6,0.074515,0.0382179,0.0298896,reel,937.9,1050,1201.05,0.000971522,1049
77268,Magny-le-Hongre,77,grande_couronne,146,48.6667,4726.15,4731.46,0.0180914,0.00516496,21.0876,17.9892,24.7197,commune,1.06032,0.00919416,0,737,0.0292112,0.0039739,0.00334592,2.81406,48.867,-0.0489729,0.00470526,0.031343,0.0530299,0.0874068,0.0266003,0.2235,0.6035,-4817.32,-65910.1,463.375,38107.7,174868,0.0497342,0.0296437,0.0297895,lmnp,922.95,1056.5,1184,0.00102096,1050
51055,Bétheny,51,province,55,18.3333,2225.08,2227.93,0.0372215,0.0218536,13.9519,11.7473,16.5701,commune,1.08498,0.0100503,0,750,0.133223,0.0347926,0.0204828,4.04827,49.272,-0.0736827,-0.00532047,0.0313402,0.0618385,0.100965,0.0243686,0.2755,0.5705,-789.403,-33398.3,207.047,15897.7,82328,0.0671538,0.0364016,0.0331257,reel,849.65,1050.5,1320.65,0.00178983,1051
92049,Montrouge,92,petite_couronne,1742,580.667,7195.56,7196,0.00561826,0.000498116,28.4898,23.3935,34.6964,commune,1.36137,0.017023,0,16194,0.239377,0.0804484,0.0431008,2.31823,48.8152,-0.0776348,-0.00210614,0.0313327,0.058944,0.0936616,0.0227283,0.264,0.5765,-5366.96,-112949,742.045,56003.3,266236,0.0450108,0.0288092,0.0289843,lmnp,1014.8,1053,1097,0.000319823,1052
69100,Irigny,69,province,134,44.6667,3372.74,3369.53,0.0219902,0.00763088,17.6306,14.047,22.1285,commune,1.21636,0.0138169,0,1109,0.144153,0.0378826,0.0171688,4.82177,45.6727,-0.0866778,-0.00859021,0.0312671,0.0604183,0.0977597,0.0208107,0.295,0.5725,-2561.67,-53079.6,321.905,23935.2,124791,0.0573918,0.0337559,0.0304443,reel,940.65,1066,1188,0.0010004,1053
13205,Marseille 5e Arrondissement,13,province,2778,926,3553.24,3553.13,0.00593245,0.000555391,18.6312,14.9586,23.2055,commune,2.05597,0.0339997,0,15569,0.12318,0.0349168,0.00712786,5.39459,43.2929,-0.0821871,-0.0099688,0.0312614,0.0592206,0.097893,0.0204305,0.2985,0.575,-3131.5,-55950.2,348.854,24930.3,131470,0.0578556,0.03343,0.0296733,reel,1020.95,1058,1097,0.000258416,1054
76474,Notre-Dame-de-Bondeville,76,province,46,15.3333,2273.6,2273.99,0.0463297,0.0338612,14.1835,11.9091,16.8924,commune,1.40777,0.0178998,0.0434783,1380,0.374148,0.0434336,0.00472495,1.04791,49.496,-0.0761457,-0.00740165,0.0312576,0.0600322,0.099279,0.0217237,0.2915,0.5805,-1677.18,-34821.2,214.209,15971.1,84123.1,0.0669435,0.0360347,0.0307302,reel,755.5,1057,1337.05,0.00224074,1055
54578,Villers-lès-Nancy,54,province,308,102.667,2231.67,2233.14,0.0158292,0.00395404,13.895,11.6469,16.5772,commune,1.24333,0.014499,0,2998,0.105564,0.0265332,0.00874701,6.15153,48.6715,-0.0789031,-0.00465532,0.031242,0.0605251,0.10112,0.0231436,0.2745,0.5745,-859.764,-34360.1,209.126,15755.7,82571.9,0.0666498,0.03581,0.0325364,reel,953.95,1058,1149.85,0.000726196,1056
79081,Chauray,79,province,52,17.3333,2095.55,2110.25,0.0451664,0.0321226,13.1198,10.5726,16.2807,commune,1.2645,0.0149351,0,311,0.0132275,0.00478442,0.000658102,-0.388777,46.3585,-0.0788391,-0.00803715,0.0312265,0.0622491,0.0973579,0.0215765,0.289,0.5715,-1270.9,-32726,198.304,14674.2,77535.4,0.0665397,0.0347541,0.0316799,reel,792.4,1063,1422.5,0.00221508,1057
83144,La Valette-du-Var,83,province,806,268.667,3366.29,3366,0.0113012,0.00201548,17.5222,13.6015,22.573,commune,1.1598,0.0123683,0,4772,0.0686159,0.0157534,0.00169733,5.98837,43.1367,-0.0771838,-0.00654363,0.0312263,0.061107,0.0991748,0.0211962,0.289,0.569,-2077.36,-52200.3,319.109,23548.7,124553,0.0571151,0.033606,0.0304653,reel,996.95,1060,1132.2,0.000501074,1058
83148,Vidauban,83,province,208,69.3333,2586.42,2584.76,0.0221828,0.00776498,15.155,11.9806,19.1704,commune,1.79698,0.0268334,0,1287,0.0504886,0.018715,0.00542946,6.43191,43.4277,-0.0787673,-0.00827822,0.0312206,0.0603573,0.0992501,0.0211718,0.2925,0.583,-1713.67,-40696.5,248.177,18175.8,95697.6,0.0633538,0.0344681,0.0309394,reel,917.95,1057.5,1186.35,0.000955893,1059
71342,Paray-le-Monial,71,province,162,54,1439.97,1440.05,0.0249685,0.00983695,11.4051,8.46543,15.3655,commune,2.03857,0.0334179,0,1643,0.298045,0.0674664,0.0177296,4.11631,46.4513,-0.0837934,-0.00854504,0.0312164,0.0633658,0.100707,0.0220427,0.293,0.563,-1212.55,-25108.6,140.915,10381.8,53279,0.0825439,0.0382782,0.0301556,reel,936.8,1060.5,1206.05,0.0010535,1060
13070,La Penne-sur-Huveaune,13,province,89,29.6667,3553.61,3550.41,0.0328717,0.0170496,18.6355,14.823,23.4286,commune,2.06439,0.0341564,0,744,0.0587702,0.0202413,0.00541023,5.52146,43.2793,-0.0812275,-0.00987286,0.0312114,0.0592051,0.0986912,0.0206772,0.3035,0.57,-3127.51,-55475.7,347.736,24959.8,131484,0.0578639,0.0334255,0.0297752,reel,875.75,1058,1239.25,0.0014101,1061
60346,Lamorlaye,60,province,133,44.3333,3788.94,3793.67,0.0225718,0.00803966,19.4813,16.0864,23.5927,commune,1.85354,0.0281986,0,845,0.130148,0.0426714,0.0234469,2.44306,49.1543,-0.0810014,-0.00777047,0.0312086,0.0600524,0.0964905,0.0208608,0.29,0.582,-2854.74,-59141,368.421,26910.4,140191,0.0569489,0.0336045,0.0301399,reel,931.95,1060.5,1207,0.000982856,1062
54382,Mont-Saint-Martin,54,province,45,15,2363.58,2372.05,0.0409453,0.026452,14.7448,11.7905,18.4394,maille,2.45476,0.0501513,0.311111,1203,0.153811,0.0529948,0.0182368,5.7795,49.5402,-0.079231,-0.00681228,0.0312059,0.0598646,0.0983818,0.0205292,0.285,0.5875,-1982.81,-37821,234.626,16892.9,87452.5,0.0672443,0.0351167,0.0304676,reel,852.05,1075.5,1314.2,0.00181101,1063
31202,Fronton,31,province,37,12.3333,2203.09,2198.04,0.0435607,0.0299386,13.4852,11.2598,16.1503,commune,1.61833,0.0228035,0,469,0.0609566,0.0354527,0.00855893,1.38776,43.8409,-0.0835475,-0.0098874,0.0312026,0.0589053,0.0976131,0.019814,0.2985,0.572,-2066.48,-35404.5,215.108,15604.1,81514.2,0.065282,0.0340051,0.029945,reel,844.85,1095,1325.1,0.00184025,1064
31150,Cornebarrieu,31,province,120,40,2688.86,2687.6,0.0244409,0.00942627,15.0978,13.6038,16.7559,commune,1.14907,0.0119979,0,815,0.00996136,0.00555133,0.00150403,1.31487,43.6502,-0.0844779,-0.00754528,0.0311755,0.0603833,0.0981966,0.021319,0.289,0.572,-1567.11,-41008.8,257.291,18849.1,99487.9,0.060685,0.0339063,0.0308363,reel,930.9,1074.5,1228.3,0.00108249,1065
73030,Barby,73,province,87,29,3610.48,3600.93,0.0311015,0.0152635,18.685,15.5664,22.4285,commune,1.10542,0.0106383,0,703,0.153903,0.0122412,0.00171759,5.97839,45.5718,-0.0777674,-0.00822643,0.0311709,0.0602902,0.0983498,0.0214734,0.2895,0.5715,-2438.47,-54967.5,338.386,25300.7,133588,0.0571171,0.0343301,0.0314412,reel,861.95,1053.5,1266.1,0.00149066,1066
04088,Forcalquier,04,province,71,23.6667,2270.12,2275.04,0.0368733,0.0214505,14.7391,11.9248,18.2175,commune,2.32715,0.0440231,0,704,0.179306,0.0835269,0.0634629,5.78058,43.959,-0.0781411,-0.00473716,0.0311646,0.060588,0.100453,0.0228917,0.2815,0.572,-1187.12,-36085.7,218.447,16917.8,83994.3,0.0699828,0.0367543,0.0317862,reel,855.85,1065,1276.4,0.00160926,1067
49023,Beaupréau-en-Mauges,49,province,49,16.3333,1716.51,1714.03,0.0355537,0.0199403,11.9706,9.51022,15.0674,commune,1.36876,0.0171527,0,708,0.151164,0.0461766,0.0183092,-0.994464,47.2045,-0.0779566,-0.00899636,0.0311619,0.0625943,0.09866,0.0216191,0.293,0.573,-1197.79,-28132.6,165.36,12303.7,63511,0.0731989,0.0361906,0.031369,reel,849.85,1068,1295.05,0.00157951,1068
73031,Bassens,73,province,170,56.6667,3760.71,3755.2,0.0223322,0.00786998,19.3583,16.1278,23.236,commune,1.26537,0.014944,0,884,0.101544,0.0316989,0.007942,5.94031,45.5759,-0.0787337,-0.00669397,0.0311602,0.0607654,0.0990943,0.0219556,0.2845,0.5665,-2168.74,-57358.4,354.348,26434.8,139146,0.0569839,0.0343682,0.031565,reel,951.9,1071,1197.3,0.000981661,1069
51172,Cormontreuil,51,province,40,13.3333,2796.92,2806.4,0.043472,0.0298045,15.6371,13.1949,18.5312,commune,1.13457,0.0115931,0,1088,0.0258623,0.00459591,0.000873542,4.05243,49.2234,-0.079862,-0.00685775,0.0311497,0.0603986,0.0975933,0.0219244,0.284,0.5755,-1790.51,-42727.7,263.92,19606.8,103486,0.0606541,0.0343676,0.0314824,reel,803.5,1056.5,1380.45,0.00214276,1070
73087,Cognin,73,province,197,65.6667,3148.16,3143.97,0.0207565,0.00679868,17.3578,14.4348,20.8727,commune,1.58556,0.0219665,0,1858,0.0788193,0.021172,0.017616,5.89584,45.5593,-0.070928,-0.00788227,0.0311192,0.061402,0.0984676,0.0224395,0.286,0.5755,-1866.8,-47323.7,297.396,22273.3,116482,0.060446,0.0348452,0.0317693,reel,933,1078,1198,0.00102163,1071
17200,Lagord,17,province,67,22.3333,3188.36,3179.61,0.0337027,0.0179206,16.8007,13.0845,21.5724,commune,1.0203,0.00724263,0,446,0.0763014,0.00793629,0.000759657,-1.15657,46.1782,-0.0844937,-0.00847531,0.0310993,0.0618905,0.0999458,0.0220501,0.2945,0.563,-1767.87,-49078.9,299.568,22313.4,117969,0.0575872,0.0336203,0.0304837,reel,867.3,1072,1305,0.00155922,1072
83004,Les Arcs,83,province,160,53.3333,2749.78,2747.2,0.0252632,0.010071,15.8734,12.9614,19.4396,commune,2.19171,0.0387393,0,822,0.0733492,0.0113236,0.00135047,6.47883,43.4615,-0.0823896,-0.00866855,0.0310819,0.0592427,0.0960738,0.0194542,0.296,0.579,-2334.46,-43518.4,268.008,19253.4,101742,0.0627253,0.0341513,0.0303068,reel,915.75,1080.5,1238.45,0.00115924,1073
84138,Valréas,84,province,70,23.3333,1364.85,1357.95,0.0386453,0.0235616,11.4014,8.77053,14.8213,commune,2.56729,0.055814,0.385714,694,0.188137,0.0686386,0.0287502,4.99346,44.3844,-0.0796047,-0.00784141,0.0310804,0.0629588,0.103624,0.0227654,0.2895,0.5705,-905.703,-23997.9,132.767,10146.6,50499.3,0.0870547,0.0392602,0.0319615,reel,854.8,1077.5,1304.25,0.00171501,1074
69291,Saint-Symphorien-d'Ozon,69,province,73,24.3333,3199.59,3194.86,0.0296994,0.0139186,16.8279,13.1896,21.4698,commune,1.12326,0.0112405,0,622,0.138328,0.0416384,0.028459,4.8563,45.6331,-0.0789556,-0.00825471,0.0310741,0.0601669,0.0966132,0.0200692,0.291,0.581,-2922.06,-50860.3,308.576,22876.3,118385,0.0574869,0.0334381,0.0299165,reel,909.8,1059,1236.05,0.00120691,1075
60667,Verberie,60,province,34,11.3333,2428.08,2440.56,0.0441335,0.0307299,14.5294,12.2537,17.2277,commune,1.93881,0.0306373,0,645,0.0605621,0.0123518,0.0170608,2.72552,49.3063,-0.0811546,-0.00770905,0.0310644,0.059727,0.0967169,0.0215024,0.2935,0.5745,-1869.65,-37936.8,236.246,17274.2,89839,0.0643934,0.0342064,0.0302427,reel,814.75,1069.5,1274.75,0.00193027,1076
84043,Entraigues-sur-la-Sorgue,84,province,83,27.6667,2380.22,2379.06,0.035555,0.0199448,14.4915,11.867,17.6965,commune,1.58701,0.0219868,0,610,0.0831429,0.0292099,0.0106487,4.92604,44.0016,-0.0806607,-0.0052486,0.0310619,0.0606686,0.100435,0.0223415,0.283,0.571,-1364.61,-36894.2,226.611,16838.5,88068.3,0.0654974,0.0353047,0.0318428,reel,852.6,1088.5,1286.3,0.00166328,1077
31499,Saint-Lys,31,province,80,26.6667,2314.96,2313.22,0.0298641,0.0140731,13.7306,11.3867,16.557,commune,1.1714,0.0127139,0,647,0.0434525,0.00692892,0.00187726,1.18645,43.5148,-0.0783069,-0.00841842,0.0310535,0.0608315,0.098026,0.0213583,0.2905,0.579,-1525.29,-35889,221.559,16226.8,85653.5,0.0633995,0.0339878,0.0305996,reel,858.9,1072,1265.1,0.00146492,1078
90032,Danjoutin,90,province,66,22,1444.85,1447.23,0.0413341,0.0269418,11.4758,9.12578,14.431,commune,2.18735,0.038485,0,690,0.284844,0.0217354,0.00372509,6.86382,47.6174,-0.0824131,-0.009797,0.0310313,0.0611766,0.100993,0.0214448,0.3,0.5685,-1190.37,-24292.6,136.848,10149.7,53459.3,0.0828529,0.0382861,0.0313224,reel,805.9,1072,1348.45,0.0019058,1079
44162,Saint-Herblain,44,province,1395,465,2892.6,2892.3,0.00658898,0.00068512,15.6243,13.2989,18.3563,commune,1.09919,0.0104732,0.148387,11615,0.0539914,0.0169895,0.00441476,-1.61402,47.2179,-0.0830746,-0.00894072,0.0310162,0.0589993,0.0963554,0.0181843,0.3005,0.588,-2780.8,-45030.5,278.109,20296.5,107026,0.0585948,0.0332403,0.0298171,reel,1039.95,1078,1112.1,0.000298834,1080
27284,Gisors,27,province,111,37,2522.06,2526.64,0.0248952,0.00977895,15.0392,12.5689,17.9951,commune,2.1134,0.0359645,0,2738,0.0856435,0.0311084,0.0121193,1.78113,49.2803,-0.0783289,-0.00784979,0.0309875,0.0596575,0.100065,0.0204452,0.2985,0.575,-1894.89,-39360.9,244.6,17858.2,93316.3,0.0644199,0.0344521,0.0304206,reel,934.9,1088.5,1225.1,0.00111973,1081
16341,Saint-Michel,16,province,33,11,1845.27,1852.54,0.0471147,0.0349705,12.107,9.69509,15.119,commune,1.51682,0.0205058,0,421,0.0417713,0.0282946,0.00293124,0.102704,45.6395,-0.0836306,-0.00913158,0.0309618,0.0608973,0.0998921,0.0200446,0.302,0.581,-1542.46,-30013.1,180.919,12966.8,68275.2,0.0689785,0.0340875,0.0299645,reel,828.9,1091.5,1405,0.00222496,1082
83067,Gonfaron,83,province,38,12.6667,2194.99,2181.05,0.051027,0.0410761,14.2279,11.2745,17.9551,commune,2.76189,0.0725837,0,354,0.0533684,0.0121033,0.000392189,6.28852,43.3205,-0.0795862,-0.00853953,0.0309588,0.0620656,0.100561,0.0213986,0.2895,0.571,-1431.64,-35162.5,214.885,15381.8,81214.6,0.0695837,0.0352535,0.0311302,reel,739.85,1060,1333.95,0.00234972,1083
31149,Colomiers,31,province,867,289,2721.15,2720.98,0.00912971,0.00131536,15.1877,13.544,17.0308,commune,1.04988,0.0088141,0.100346,7279,0.0296097,0.0061145,0.000584335,1.33352,43.6107,-0.0814245,-0.00805601,0.0309364,0.0606249,0.0967948,0.020967,0.2945,0.5775,-1843.1,-40934.7,259.113,19046.5,100682,0.0603614,0.0339472,0.0308955,reel,1027.85,1088.5,1146.05,0.000439933,1084
26058,Bourg-lès-Valence,26,province,580,193.333,2132.87,2132.47,0.0122533,0.00236936,13.6594,10.8784,17.1514,commune,2.07918,0.0347528,0,2367,0.143981,0.0405959,0.0114335,4.89624,44.9461,-0.0794461,-0.00755792,0.0309329,0.0598581,0.0985774,0.0207205,0.293,0.586,-1787.53,-34135.2,209.638,15093,78916.3,0.0684113,0.035101,0.0305224,reel,1014.85,1082.5,1149.1,0.000536008,1085
93045,Les Lilas,93,petite_couronne,550,183.333,6555.98,6559.13,0.0109889,0.00190555,27.3934,22.5845,33.2261,commune,1.68794,0.0243032,0,5764,0.175181,0.0884448,0.0600213,2.41682,48.8799,-0.0710739,-0.0016859,0.0309146,0.0579756,0.0958123,0.0229432,0.261,0.5945,-4860.42,-105736,679.214,51876.2,242571,0.0473949,0.0292028,0.0290982,lmnp,1009.55,1084,1162.05,0.000547998,1086
29158,Penmarch,29,province,33,11,2418.11,2409.93,0.0454867,0.0326392,14.4289,11.4702,18.1509,maille,1.77842,0.0263889,0,148,0.103936,0.0389393,0.0243824,-4.37384,47.8161,-0.0831079,-0.00764251,0.0308949,0.0599557,0.0980751,0.0207549,0.29,0.576,-2094.37,-39335.7,237.659,17263.2,89470.2,0.0641603,0.0342259,0.030001,reel,822.4,1070,1355.5,0.00197317,1087
13031,La Destrousse,13,province,49,16.3333,3976.52,3975.44,0.0439989,0.0305425,19.4883,15.2775,24.8598,commune,1.41473,0.0180128,0,294,0.04163,0.0113171,0.00675161,5.60697,43.3759,-0.0824544,-0.00971172,0.0308871,0.0595506,0.0987973,0.0205157,0.306,0.5845,-3592.24,-62189.6,384.336,27969.9,147131,0.0542836,0.0326047,0.0291412,reel,841.9,1075,1341.1,0.0019135,1088
21603,Semur-en-Auxois,21,province,30,10,1659.35,1656.39,0.0515398,0.0418956,12.1543,9.32308,15.8452,commune,2.82135,0.0807018,0,974,0.128276,0.0381484,0.0176173,4.3347,47.4911,-0.0855459,-0.00919229,0.030878,0.0609749,0.0990663,0.0204709,0.296,0.5725,-1594.31,-28874,167.232,11925.2,61395.8,0.0770492,0.0357583,0.0298671,reel,794.85,1065.5,1392.25,0.00231463,1089
37018,Ballan-Miré,37,province,48,16,2779.52,2781.16,0.039551,0.0246724,15.3196,12.5393,18.7163,commune,1.14066,0.0117483,0,892,0.0261461,0.00540206,0.00369397,0.61502,47.3422,-0.0839951,-0.006651,0.0308754,0.0604265,0.0977,0.0214072,0.2885,0.5715,-2017.94,-42908.1,265.137,19541.1,102842,0.0596632,0.0335368,0.0302798,reel,842.9,1085.5,1313.65,0.0018906,1090
24053,Boulazac Isle Manoire,24,province,57,19,1865.9,1866.77,0.0344629,0.018734,12.5689,10.4092,15.1766,commune,1.69635,0.0245203,0,554,0.0469436,0.0245598,0.00072123,0.750968,45.1794,-0.078814,-0.00634087,0.0308636,0.0611435,0.100655,0.0223997,0.286,0.5745,-1024.12,-29122.6,178.596,13064.5,69038.4,0.0711861,0.0356257,0.0320333,reel,890.65,1087,1308.3,0.00154235,1091
83099,Puget-sur-Argens,83,province,207,69,3394.63,3392.81,0.0222359,0.0078022,17.9111,14.8555,21.5952,commune,1.5,0.0201075,0,1065,0.0479393,0.00881065,0.0037905,6.68537,43.4551,-0.0776796,-0.00798756,0.0308577,0.0603967,0.0977595,0.0211032,0.2915,0.573,-1962.7,-51778.8,323.06,23754.8,125601,0.0580132,0.0338931,0.0307231,reel,964.9,1091.5,1236.05,0.000958478,1092
59378,Marcq-en-Barul,59,province,677,225.667,3640.83,3641.94,0.0108037,0.00184193,18.2136,15.3256,21.6458,commune,1.15226,0.0120992,0,7200,0.123875,0.0339327,0.012807,3.0924,50.664,-0.0826348,-0.00896186,0.0308542,0.0580203,0.095397,0.0193478,0.2925,0.582,-3537.86,-56808.9,354.526,25699.8,134711,0.0550872,0.0328052,0.0293505,reel,1040.65,1094,1161,0.000479402,1093
30169,Milhaud,30,province,32,10.6667,2400.96,2413.71,0.0592638,0.0554029,14.3548,11.5091,17.904,commune,2.14327,0.0369822,0,569,0.0525776,0.00428444,0.00527192,4.30831,43.7898,-0.0856338,-0.00832398,0.0308348,0.0589739,0.0975729,0.0193243,0.297,0.588,-2475.57,-39336.9,237.233,16921.6,88835.6,0.0642481,0.0336349,0.0294745,reel,748.95,1117,1471.05,0.00273246,1094
51649,Vitry-le-François,51,province,101,33.6667,1203.05,1200.28,0.0276021,0.0120201,10.993,8.98129,13.4554,commune,2.8228,0.0809706,0.0990099,3235,0.315747,0.0254635,0.00826236,4.5844,48.7252,-0.08034,-0.00715889,0.0308314,0.061548,0.102339,0.022088,0.2925,0.5715,-858.188,-20742.3,112.727,8562.48,44512.9,0.0946897,0.0410187,0.032137,reel,922.9,1086,1289.3,0.00128832,1095
38507,Tignieu-Jameyzieu,38,province,34,11.3333,3289.67,3281.62,0.0485266,0.0371559,17.531,14.0322,21.9023,commune,1.56584,0.0215503,0,304,0.112796,0.0491309,0.0408685,5.18659,45.735,-0.0820833,-0.00831348,0.0308226,0.0602676,0.100034,0.0211572,0.2925,0.5735,-2464.47,-52081.9,316.835,23698.2,121718,0.0584777,0.0338452,0.0303214,reel,835.6,1094,1375,0.00207053,1096
73029,Barberaz,73,province,104,34.6667,3509.25,3500.3,0.0284815,0.0128005,18.6554,15.5101,22.4385,commune,1.43765,0.0185902,0,1025,0.0946074,0.0397847,0.0144635,5.94312,45.5626,-0.0761706,-0.00557934,0.0308174,0.061138,0.0984546,0.0220243,0.2795,0.5755,-2027.15,-53190.4,332.061,24811.2,129842,0.0586633,0.0347774,0.0319295,reel,927.8,1097,1278.05,0.00132251,1097
13002,Allauch,13,province,202,67.3333,3917.29,3916.34,0.0219232,0.00758429,19.5891,16.3825,23.4234,commune,1.44809,0.0188255,0,1330,0.0988883,0.0350491,0.0126379,5.47905,43.3357,-0.0844277,-0.00823361,0.030808,0.0584875,0.0988362,0.02095,0.2895,0.5765,-3186.47,-60897.6,378.677,27664.9,144940,0.0554132,0.0332851,0.0300187,reel,989.95,1101.5,1237.4,0.000851135,1098
28227,Maintenon,28,province,33,11,2326.37,2342.33,0.0455689,0.0327464,14.4741,11.9546,17.5245,commune,1.79118,0.026699,0,510,0.180985,0.0749536,0.0267199,1.58282,48.5853,-0.0732759,-0.0082061,0.0307955,0.0601998,0.0996423,0.0222186,0.2885,0.5735,-1618.88,-36599.7,224.666,16677.8,86075.8,0.0669233,0.0357278,0.0312911,reel,854.4,1116.5,1427.05,0.00202381,1099
92051,Neuilly-sur-Seine,92,petite_couronne,2197,732.333,10436.6,10437.1,0.00500302,0.000394996,36.5954,28.907,46.3288,commune,1.46491,0.0192366,0,17509,0.352053,0.139472,0.0874775,2.26901,48.8848,-0.0758826,-0.00491304,0.0307785,0.0576418,0.0948829,0.0209985,0.277,0.591,-10655.8,-175486,1141.4,79330.8,386155,0.0403527,0.0270839,0.0275501,lmnp,1059,1097,1130.05,0.00026088,1100
69294,Sérézin-du-Rhône,69,province,58,19.3333,3356.5,3349.51,0.0332597,0.0174554,17.4995,14.2958,21.4212,commune,1.27755,0.0152788,0,310,0.12703,0.0533772,0.0281038,4.82355,45.6283,-0.0781657,-0.0103592,0.0307696,0.0584654,0.097898,0.0205431,0.297,0.5835,-2819.46,-52586,324.995,23968.9,124190,0.0572008,0.0334818,0.0300337,reel,923.3,1109,1298.3,0.0013958,1101
01262,Montluel,01,province,144,48,2828.4,2828.62,0.021473,0.00727614,15.8696,12.6758,19.868,commune,1.28538,0.0155039,0.0902778,919,0.139752,0.045605,0.0175078,5.05603,45.8499,-0.0787964,-0.00782422,0.030765,0.0604474,0.100212,0.0221311,0.297,0.5775,-1753.88,-44166.1,269.375,20032.9,104651,0.0609656,0.0345118,0.0310339,reel,978,1092,1234.35,0.000966078,1102
37050,Chambray-lès-Tours,37,province,252,84,2633.23,2633.04,0.0174326,0.00479528,15.1583,13.0122,17.6583,commune,1.3779,0.0173593,0,2259,0.0585875,0.00872901,0.00105104,0.707425,47.3456,-0.0775126,-0.00652732,0.0307587,0.0596753,0.0990575,0.0216192,0.2915,0.5705,-1576.88,-39991.8,249.17,18413.2,97429.4,0.0622428,0.0344905,0.0312945,reel,1001.95,1102.5,1207.45,0.000773417,1103
77132,Coupvray,77,grande_couronne,36,12,4374.43,4387.97,0.0361503,0.0206214,20.9817,17.7857,24.752,commune,1.46752,0.019297,0,233,0.043365,0.00778699,0.00595559,2.79603,48.8919,-0.0591415,-0.00109989,0.030753,0.0565619,0.0863582,0.0244805,0.2565,0.589,-4353.92,-60448.1,421.488,30673.3,161854,0.0534425,0.0326444,0.0311856,reel,906,1094,1351.4,0.0016894,1104
06048,Contes,06,province,78,26,3255.73,3254.77,0.0374065,0.0220771,17.4943,14.4711,21.149,commune,1.71027,0.0247593,0,396,0.115898,0.0659617,0.0290394,7.31827,43.8098,-0.079252,-0.00790981,0.0307214,0.0596835,0.0987631,0.0205759,0.292,0.5775,-2560.13,-51281.5,318.099,23245.7,120462,0.0589519,0.0338933,0.030299,reel,868.8,1093.5,1299.55,0.00159103,1105
60446,Nanteuil-le-Haudouin,60,province,64,21.3333,3066.96,3075.28,0.0323999,0.0165639,16.911,13.5248,21.1451,commune,2.0232,0.0329301,0,844,0.108558,0.0244136,0.000590424,2.81329,49.1386,-0.0807843,-0.00805725,0.0307102,0.0607648,0.0982068,0.0208018,0.299,0.5705,-2431.9,-48198.6,299.397,21459.2,113477,0.0602983,0.0338324,0.0300308,reel,898.2,1097,1286.1,0.00140273,1106
83072,Lorgues,83,province,146,48.6667,2471.04,2467.81,0.026434,0.0110261,15.0525,11.8217,19.1661,commune,2.27813,0.0420334,0,1087,0.085491,0.0238565,0.0117731,6.3614,43.4929,-0.0774567,-0.00746132,0.030684,0.0606514,0.0990963,0.0217871,0.295,0.5755,-1590.44,-38632.6,238.524,17475.5,91428.4,0.0658143,0.0349513,0.0309777,reel,925.65,1075.5,1269.1,0.00122722,1107
84088,Pernes-les-Fontaines,84,province,37,12.3333,2764.23,2761.11,0.0526116,0.0436585,15.9721,12.8687,19.8238,commune,1.78451,0.0265252,0,560,0.130867,0.077448,0.0285002,5.0563,44.0005,-0.0749984,-0.00816539,0.0306822,0.0593227,0.0975925,0.0218856,0.295,0.576,-2253.57,-43271.4,270.018,19867.4,102276,0.0628258,0.0348981,0.0310492,reel,815.2,1113,1384.65,0.00220433,1108
83012,Barjols,83,province,94,31.3333,1889.22,1882.83,0.0328447,0.0170218,13.309,10.7536,16.4715,commune,2.7748,0.0740741,0,456,0.13476,0.0280816,0.0044251,6.00743,43.5577,-0.0727356,-0.00589124,0.0306558,0.0615867,0.100691,0.0231252,0.2805,0.5705,-829.026,-29631,183.755,13272,69901.3,0.0750082,0.0367455,0.0320744,reel,888.85,1108,1285.2,0.00150708,1109
63113,Clermont-Ferrand,63,province,5073,1691,2224.78,2224.75,0.00389439,0.000239338,14.487,11.8786,17.6681,commune,2.0348,0.0332768,0.0749064,48504,0.175245,0.0628399,0.0318765,3.08953,45.7778,-0.0702434,-0.00474931,0.0306371,0.0618074,0.101526,0.0235849,0.273,0.5655,-916.167,-34528.7,211.885,16082,82316.8,0.0700491,0.0370028,0.0327879,reel,1084.9,1107.5,1131.1,0.000171865,1110
38474,Sassenage,38,province,269,89.6667,2667.02,2666.96,0.017538,0.00485383,14.7307,12.3734,17.5372,commune,1.09281,0.0102653,0,1409,0.107487,0.0273869,0.0178249,5.66368,45.2053,-0.0793076,-0.00986359,0.0306284,0.0584135,0.0971966,0.0191216,0.3035,0.588,-2600.93,-41265.9,259.913,18971.8,98679.8,0.0595304,0.0330148,0.029071,reel,1016.95,1112,1211.1,0.000706946,1111
29072,Guilvinec,29,province,40,13.3333,2703.87,2697.75,0.0414325,0.027082,15.3211,12.1021,19.3963,commune,2.12007,0.0361991,0,378,0.121325,0.0194392,0.0106374,-4.28602,47.7969,-0.0873215,-0.00863907,0.0306243,0.0590856,0.0990546,0.0186355,0.29,0.5875,-2467.99,-44050.9,267.925,19111.5,100043,0.0613392,0.0330432,0.0285405,reel,904.35,1123,1353.75,0.00172836,1112
13078,Port-Saint-Louis-du-Rhône,13,province,87,29,2502.46,2497.48,0.0332409,0.0174347,15.4393,12.8727,18.5178,commune,2.76508,0.0729131,0,1951,0.138056,0.0129565,0.00211384,4.80774,43.3881,-0.0751823,-0.00690409,0.0306239,0.0608051,0.0974102,0.021811,0.2875,0.578,-1664.34,-39436.8,242.672,17545.5,92591,0.066843,0.0350871,0.0307496,reel,906.55,1112.5,1332.85,0.00154347,1113
39478,Saint-Claude,39,province,217,72.3333,955.311,954.031,0.0210882,0.00701737,10.2587,7.59554,13.8556,commune,2.96868,0.12408,0.078341,2807,0.302072,0.105325,0.0422743,5.86382,46.3884,-0.0814828,-0.0100646,0.030621,0.0656106,0.111077,0.0235904,0.3005,0.569,-994.223,-19140,96.3842,7505.15,35346.5,0.110021,0.0446635,0.0305774,reel,997.95,1113,1250.1,0.000919611,1114
34142,Lodève,34,province,130,43.3333,1627.16,1624.27,0.0273405,0.0117954,12.1241,9.73883,15.0935,commune,2.74681,0.0709904,0.753846,1542,0.0955738,0.0321421,0.010263,3.32086,43.7314,-0.0827081,-0.00736896,0.0306092,0.0610006,0.101981,0.021585,0.2915,0.578,-1163.28,-26913.3,161.053,11552.8,60205.1,0.0783503,0.0364456,0.0312915,reel,943.7,1103.5,1274.2,0.00125574,1115
09261,Saint-Girons,09,province,95,31.6667,1392.17,1393.21,0.0267609,0.0112981,11.0465,8.95961,13.6195,commune,2.84455,0.0844298,0.326316,1133,0.15023,0.0502476,0.0170399,1.1477,42.9835,-0.0877567,-0.0105178,0.0305912,0.0585574,0.0975255,0.0194117,0.3065,0.587,-1792.7,-23799,146.235,9908.87,51510.4,0.0822874,0.035734,0.0282568,reel,978.5,1108.5,1256.2,0.00106376,1116
38179,Gières,38,province,198,66,3249.23,3248.53,0.0204243,0.00658289,17.0457,14.0789,20.6377,commune,1.23492,0.0142732,0,2316,0.0407817,0.0155199,0.00581845,5.78591,45.1832,-0.0804663,-0.00901823,0.0305788,0.0595562,0.0990802,0.0200663,0.2975,0.5805,-2382.78,-50484.8,309.581,22838.7,120222,0.0574131,0.0333829,0.0301208,reel,979,1107.5,1234.2,0.000932094,1117
86194,Poitiers,86,province,2401,800.333,2218.19,2218.21,0.0052151,0.000429192,13.9807,11.3397,17.2368,commune,1.82135,0.0273142,0.0578925,30442,0.10555,0.0281509,0.00985521,0.349156,46.5798,-0.0785053,-0.00783513,0.0305447,0.0604672,0.0984996,0.021466,0.2945,0.571,-1533.95,-35067.3,211.837,15706.5,82073.2,0.0675182,0.0354436,0.0315951,reel,1078,1115,1151.25,0.000235281,1118
64132,Bizanos,64,province,82,27.3333,2309.19,2303.3,0.0298353,0.0140455,13.8999,11.1313,17.3571,commune,1.70476,0.0246696,0,677,0.113901,0.0834702,0.0146126,-0.352709,43.2896,-0.0802806,-0.0090809,0.0305364,0.0601109,0.0985084,0.0204857,0.3085,0.587,-2258.42,-37229.7,232.817,16460.7,85440.1,0.0644375,0.0339155,0.0291913,reel,955.9,1116.5,1324.05,0.0013566,1119
31473,Saint-Cézert,31,province,32,10.6667,1916.27,1911.63,0.0467319,0.0344554,12.2687,10.3668,14.5195,maille,1.3431,,0,29,0.0748704,0.0117098,0.00459159,1.20997,43.7894,-0.0811989,-0.0103368,0.0305175,0.0594526,0.0980279,0.0200927,0.3115,0.5975,-1796.71,-30401.7,187.166,13483.2,70901.9,0.0674354,0.0338618,0.0297113,reel,838.85,1117,1385.15,0.00202367,1120
13085,Roquefort-la-Bédoule,13,province,57,19,4041.7,4035.34,0.0408816,0.0263689,20.3375,16.3624,25.2782,commune,1.83933,0.0278109,0,500,0.0537512,0.0220127,0.0041274,5.58842,43.2479,-0.0786631,-0.00866402,0.030509,0.0601764,0.0972698,0.0204025,0.2975,0.5705,-3391.85,-62461.6,391.642,28387.2,149543,0.0559293,0.0334019,0.0300371,reel,876.3,1116.5,1427,0.00191169,1121
13059,Meyrargues,13,province,31,10.3333,3226.25,3215.71,0.0548369,0.0474357,17.6605,14.25,21.8874,commune,2.41676,0.0481859,0,761,0.0208447,0.00842826,0.000237069,5.52784,43.6366,-0.0783848,-0.00925725,0.0305028,0.0594575,0.100566,0.0208933,0.2945,0.5725,-2559.6,-51440.6,315.411,22588,119371,0.060109,0.0336467,0.029849,reel,777.25,1112.5,1432.75,0.00262885,1122
19031,Brive-la-Gaillarde,19,province,1222,407.333,1932.1,1932.48,0.00880468,0.00122333,13.2201,10.6915,16.3467,commune,2.06206,0.0341206,0.0360065,9071,0.186115,0.0650579,0.0242881,1.53181,45.1586,-0.0836413,-0.00621604,0.0304918,0.0598933,0.0989244,0.0211132,0.2875,0.5875,-1553.61,-31360.9,187.847,13941.5,71487.8,0.0727916,0.0367749,0.0316372,reel,1062,1123,1189.25,0.000459155,1123
40001,Aire-sur-l'Adour,40,province,63,21,1630.57,1624.67,0.031436,0.0155919,11.9839,9.84403,14.5889,commune,2.3734,0.0461847,0,1024,0.155419,0.0434947,0.0165268,-0.2618,43.7013,-0.0785794,-0.0100603,0.0304806,0.0584407,0.0978824,0.0201525,0.296,0.5845,-1705.18,-26240.8,161.825,11728.8,60331.1,0.077155,0.0363176,0.0305204,reel,940.6,1115.5,1316.25,0.00143655,1124
13041,Gardanne,13,province,348,116,3622.02,3621.39,0.0167293,0.00441643,18.7115,15.3786,22.7667,commune,1.49478,0.0199474,0,3482,0.0787267,0.019552,0.00574816,5.47152,43.4551,-0.0819819,-0.00956643,0.0304736,0.0598805,0.0969237,0.0203696,0.299,0.584,-3060.14,-55642.9,346.059,25433.3,134015,0.0570227,0.033756,0.0305527,reel,1022.8,1115,1232.25,0.000731851,1125
78358,Maisons-Laffitte,78,grande_couronne,658,219.333,5848.46,5850.01,0.00923003,0.00134442,24.8918,20.3687,30.4194,commune,1.17807,0.0128736,0,4735,0.275155,0.125835,0.072139,2.14402,48.947,-0.0511202,0.00594265,0.0304565,0.0557739,0.0877416,0.0273006,0.2095,0.595,-5448.05,-86743.8,598.331,47137.5,216393,0.0479959,0.0300136,0.0302638,lmnp,1061.9,1120.5,1198.05,0.000511261,1126
44114,Orvault,44,province,410,136.667,3033.64,3032.62,0.0121439,0.00232725,16.0278,13.6878,18.7677,commune,1.03712,0.00823231,0.0365854,4483,0.0446996,0.0103794,0.00319296,-1.5911,47.247,-0.0848367,-0.00767707,0.0304479,0.0582652,0.0954956,0.0188037,0.2895,0.5775,-2757.66,-47383,292.446,21258.7,112245,0.0574667,0.0329895,0.029603,reel,1054.8,1123,1206,0.000521492,1127
52269,Langres,52,province,80,26.6667,1375.86,1378.82,0.0286547,0.0129474,11.3104,9.27997,13.785,commune,2.71491,0.0682511,0,2162,0.257393,0.0207942,0.0124295,5.33467,47.8643,-0.0831455,-0.00634534,0.0304399,0.0595,0.0981096,0.0208956,0.288,0.5815,-1349.92,-23336.7,133.44,9780.47,50906.7,0.0855646,0.0380706,0.0303894,reel,951.75,1135,1313.2,0.00129257,1128
26281,Romans-sur-Isère,26,province,918,306,1857.19,1856.97,0.00974393,0.00149829,12.4797,9.42203,16.5297,commune,1.94954,0.0309438,0.08061,7700,0.136885,0.0363918,0.0126011,5.05037,45.0468,-0.0845798,-0.00744124,0.0303988,0.0607374,0.100543,0.0213386,0.2915,0.5825,-1484.93,-30409.3,180.265,13139.8,68716,0.070944,0.0349349,0.0299109,reel,1070.95,1129,1185.1,0.00041157,1129
62160,Boulogne-sur-Mer,62,province,724,241.333,1895.55,1895.33,0.010264,0.0016625,13.3059,10.7236,16.5101,commune,2.53799,0.0544503,0.120166,12255,0.19244,0.0610231,0.0298428,1.60898,50.725,-0.0782933,-0.00690225,0.0303952,0.0604884,0.0998941,0.0208346,0.2895,0.586,-1435.55,-30896.5,184.531,13707,70135.2,0.0747389,0.0370326,0.0314233,reel,1072.85,1134,1196.05,0.000453925,1130
13102,Saint-Victoret,13,province,41,13.6667,3942.66,3942.34,0.0479588,0.0362858,19.2997,16.2288,22.9518,commune,1.25421,0.0147225,0,417,0.0838661,0.0149144,0.0116052,5.25023,43.418,-0.0804651,-0.00993023,0.0303789,0.0590564,0.097438,0.0198896,0.303,0.5755,-3747.34,-61147.1,384.231,27792.4,145878,0.0541758,0.0326622,0.0292531,reel,859.9,1113.5,1407.45,0.00214485,1131
54526,Tomblaine,54,province,132,44,2174.03,2177.15,0.0241165,0.00917772,13.761,11.3358,16.705,commune,1.56903,0.0215995,0.19697,1129,0.102372,0.0546528,0.0168127,6.2133,48.6852,-0.0729109,-0.00613777,0.0303724,0.0612163,0.0989146,0.0227632,0.2805,0.5695,-1260.24,-33188.4,207.977,15519.4,80439.2,0.0676768,0.0356739,0.0318226,reel,958.95,1137,1276,0.00109728,1132
44143,Rezé,44,province,936,312,2883.03,2882.6,0.00804257,0.00102075,15.5547,12.4212,19.4787,commune,1.03828,0.00828146,0.0502137,9375,0.0622785,0.0175271,0.023648,-1.55237,47.1842,-0.0842271,-0.00727719,0.030365,0.0592655,0.0967215,0.0197133,0.3005,0.5745,-2452.02,-46010.7,276.228,20579.7,106672,0.0584997,0.0332165,0.0296874,reel,1085,1131.5,1189.1,0.000355948,1133
06136,Sospel,06,province,107,35.6667,2772.63,2769.42,0.0320327,0.0161905,16.3623,13.5026,19.8276,commune,2.73289,0.0697248,0,450,0.167443,0.0502077,0.0320225,7.44869,43.8782,-0.0767556,-0.00916489,0.0303624,0.0603502,0.0966218,0.0206396,0.2975,0.582,-2574.2,-44334.3,274.294,19870.4,102587,0.0643243,0.034585,0.029974,reel,968.95,1123,1304.15,0.00129138,1134
66065,Elne,66,province,75,25,2336.65,2337.77,0.035851,0.0202793,13.9973,11.8556,16.5261,commune,1.91067,0.029829,0.28,671,0.0896686,0.0226316,0.00892068,2.97166,42.601,-0.0832142,-0.0100044,0.0303268,0.0585418,0.0953903,0.0200173,0.2975,0.5955,-2327.8,-37310.6,230.269,16498.4,86456,0.0641809,0.0335729,0.0292003,reel,918.9,1132.5,1375.55,0.00170518,1135
74081,Cluses,74,province,462,154,2533.63,2532.74,0.012272,0.00237661,15.3587,12.4995,18.8721,commune,2.15371,0.037333,0.0497835,4120,0.247226,0.0698784,0.0446118,6.573,46.066,-0.0783158,-0.00828029,0.0302966,0.0594564,0.0979341,0.0203564,0.3,0.5715,-2225.27,-40296.8,245.988,18388,93744.3,0.0656389,0.0353413,0.0303696,reel,1064,1136.5,1198.05,0.000505572,1136
26116,Donzère,26,province,30,10,1605.34,1593.1,0.0527545,0.0439007,12.0232,9.57981,15.0899,commune,2.59774,0.0581065,0,275,0.12171,0.0534702,0.00788917,4.71065,44.442,-0.0757314,-0.00689666,0.0302918,0.0616805,0.0977497,0.0227338,0.29,0.5775,-1171.9,-26019.3,161.252,11403.7,59397.4,0.078662,0.0366803,0.0312279,reel,827.9,1151,1481.35,0.00235885,1137
14327,Hérouville-Saint-Clair,14,province,558,186,2631.69,2631.3,0.0111016,0.00194491,14.4577,12.399,16.8582,commune,1.11659,0.0109643,0.530466,7666,0.0734095,0.0179947,0.00296731,-0.336153,49.2019,-0.0866622,-0.00972379,0.0302855,0.0572028,0.0970105,0.018494,0.3045,0.5945,-2928.76,-41382.9,259.835,18433.2,97372.5,0.0590846,0.0324809,0.0285387,reel,1065,1137.5,1206.1,0.000474252,1138
34172,Montpellier,34,province,11669,3889.67,3460.06,3460.06,0.00290263,0.000132959,17.9263,14.9278,21.527,commune,1.34484,0.0167704,0.106179,79623,0.0822849,0.0191773,0.00499835,3.86936,43.6091,-0.0802209,-0.00839884,0.0302797,0.0588466,0.0983113,0.020158,0.2955,0.5875,-2944.33,-53477.2,334.198,24260.5,128022,0.0569686,0.0335029,0.0302156,reel,1116.95,1139,1161,0.000125798,1139
74241,Saint-Jeoire,74,province,71,23.6667,2969.54,2962.67,0.0311025,0.0152649,17.0484,13.9604,20.8194,commune,2.28364,0.0421893,0,497,0.218192,0.0683022,0.059087,6.46647,46.1404,-0.0808836,-0.00825027,0.0302762,0.0591941,0.0980126,0.0210873,0.294,0.5895,-2598.14,-47826.4,286.762,21907.8,109873,0.0628314,0.0349591,0.0306884,reel,942.95,1143.5,1317.15,0.00138106,1140
75113,Paris 13e Arrondissement,75,paris,4070,1356.67,8616.86,8616.68,0.00421187,0.000279947,32.6724,26.4047,40.4279,commune,1.37587,0.017301,0.0223587,74084,0.245556,0.0725952,0.0364315,2.35499,48.8289,-0.0806424,-0.00562731,0.0302718,0.0597026,0.100653,0.0216991,0.2825,0.585,-4590.12,-141176,890.487,65825.5,318824,0.0434113,0.0286748,0.0304453,lmnp,1104,1137.5,1176.1,0.000241743,1141
44129,Pontchâteau,44,province,73,24.3333,2398.01,2392.53,0.0286281,0.0129319,14.0415,11.606,16.988,commune,1.43852,0.0186265,0,711,0.0765579,0.0348748,0.0140484,-2.0925,47.4366,-0.079448,-0.0100752,0.0302648,0.0580442,0.0964017,0.0194819,0.308,0.5935,-2473.94,-37487.5,234.572,17076.9,88726.4,0.0627593,0.0335856,0.0295448,reel,977.75,1135.5,1316.9,0.00128148,1142
78575,Saint-Rémy-lès-Chevreuse,78,grande_couronne,48,16,4601.02,4615.31,0.0338876,0.0181202,21.7121,18.3805,25.6476,commune,2.21491,0.0396617,0,553,0.128836,0.0439208,0.0149958,2.07172,48.7067,-0.0659941,-0.00346402,0.0302526,0.0551242,0.086935,0.0224805,0.266,0.5935,-6210.42,-67087.2,464.4,32492.4,170238,0.0527156,0.0315209,0.0293896,reel,966.85,1163.5,1338.35,0.00130831,1143
84087,Orange,84,province,451,150.333,2025.28,2024.91,0.015377,0.00373128,13.2706,10.5779,16.6487,commune,2.21607,0.0397613,0.208426,5428,0.122794,0.0550924,0.0144403,4.80818,44.1366,-0.0845891,-0.00924469,0.0302478,0.0587285,0.0973592,0.0206726,0.3045,0.5825,-1832.7,-32380.2,203.495,14351.4,74935.4,0.069742,0.035046,0.0301364,reel,1040.9,1137,1233.1,0.000639051,1144
25047,Baume-les-Dames,25,province,75,25,1553.67,1552.96,0.0348325,0.0191451,11.8015,9.40141,14.8143,commune,2.65371,0.0626179,0,813,0.115679,0.0536595,0.0148181,6.35587,47.3497,-0.0823948,-0.00731303,0.0302474,0.0605922,0.0980137,0.0197108,0.292,0.5805,-1487.74,-26102.6,158.418,11105.2,57485.7,0.0795652,0.0365573,0.0307439,reel,939.7,1145.5,1378.7,0.00161959,1145
06069,Grasse,06,province,1699,566.333,3389.97,3389.89,0.00809991,0.00103536,18.0838,13.7375,23.8051,commune,2.04872,0.033743,0.201295,9481,0.110963,0.0326043,0.0137074,6.92435,43.6542,-0.0841236,-0.0110837,0.030228,0.0594888,0.0985362,0.0201126,0.3065,0.583,-3113.14,-54588.6,331.783,23967.7,125429,0.0587042,0.0336265,0.0298712,reel,1092.95,1144,1189.1,0.000355611,1146
33281,Mérignac,33,province,1987,662.333,3526.14,3526.1,0.00525326,0.000435502,17.8426,14.7598,21.5694,commune,1.04553,0.00863305,0.00805234,14327,0.0703993,0.0134979,0.00469,-0.646587,44.84,-0.0822982,-0.00979139,0.0302263,0.0597029,0.0991392,0.0200186,0.3,0.588,-3118.93,-53928.8,339.226,24721.8,130467,0.0556166,0.0330593,0.0298069,reel,1109,1144.5,1177,0.000238705,1147
83011,Bargemon,83,province,42,14,1911.56,1897.67,0.0486308,0.0373101,13.346,9.88369,18.0211,maille,2.75145,0.0714286,0,217,0.184184,0.0673995,0.0208526,6.5508,43.6194,-0.079694,-0.00862795,0.0302261,0.0609461,0.100427,0.0207051,0.2995,0.58,-1678.63,-32113.9,191.956,13776.6,70727.7,0.0743642,0.0365245,0.0307473,reel,841.65,1109.5,1422.3,0.00216254,1148
31056,Beauzelle,31,province,122,40.6667,2928.83,2927.99,0.0242416,0.00927318,15.7622,14.2721,17.4079,commune,1.0551,0.00896593,0,1007,0.0245105,0.00645215,0.0031542,1.37293,43.6619,-0.081786,-0.00794664,0.0302108,0.0593691,0.0963721,0.0203542,0.302,0.5815,-2419.53,-44729.1,280.9,20548.7,108367,0.0584352,0.033319,0.0300849,reel,970.9,1140,1319.5,0.00125819,1149
37072,Chinon,37,province,94,31.3333,1718.8,1716.44,0.0284311,0.0127526,12.2039,9.34903,15.9305,commune,2.3953,0.0470227,0,2137,0.11357,0.0239874,0.00803223,0.239236,47.1667,-0.0814077,-0.00748388,0.0301977,0.0611169,0.0997217,0.0220028,0.2965,0.574,-1381.37,-27918,168.224,12185.7,63595.4,0.0747305,0.0355311,0.0304968,reel,953.65,1131,1329.25,0.00134247,1150
03321,Yzeure,03,province,126,42,1451.13,1458.22,0.0308248,0.014985,11.231,8.82308,14.2962,commune,2.03524,0.0332779,0,1079,0.143181,0.0318384,0.0181885,3.35611,46.559,-0.0826058,-0.00692961,0.0301976,0.0610135,0.0968829,0.0215237,0.2865,0.574,-1250.47,-24596.9,140.116,10474.3,53691.7,0.0804701,0.0369323,0.0312367,reel,981.65,1149.5,1332.15,0.00129296,1151
49015,Avrillé,49,province,270,90,3137.08,3137.54,0.0152688,0.00367884,16.4663,13.8688,19.5503,commune,1.00609,0.00543652,0,2120,0.0351436,0.0042225,0.00302894,-0.584692,47.4985,-0.0840466,-0.0105884,0.0301926,0.0607717,0.099556,0.0204455,0.3005,0.582,-2592.45,-48167.6,299.77,21978.9,116072,0.0572493,0.0332177,0.03001,reel,1039.7,1152.5,1238,0.000711708,1152
73171,Montmélian,73,province,87,29,2719.45,2713.16,0.0311015,0.0152635,15.3376,12.3248,19.0868,commune,1.74246,0.0254453,0,1571,0.0798318,0.0155983,0.00640787,6.0588,45.5016,-0.0867135,-0.010362,0.0301384,0.0590061,0.0991187,0.0201354,0.2975,0.582,-2640.14,-42742,264.663,19138.1,100620,0.0610604,0.0334587,0.0295433,reel,942.65,1152.5,1354.05,0.00138548,1153
66049,Céret,66,province,124,41.3333,2184.49,2184.11,0.0279931,0.0123648,13.7254,11.3987,16.527,commune,1.86862,0.0285201,0,656,0.0989179,0.0100069,0.00474256,2.74774,42.4868,-0.0855887,-0.00762332,0.0301302,0.0608075,0.0993026,0.0209276,0.2895,0.5805,-1628.7,-34464.8,210.779,15351.4,80826.2,0.0671573,0.034876,0.0309274,reel,974.45,1153.5,1301.1,0.00120597,1154
74103,Domancy,74,province,44,14.6667,3642,3632.89,0.0393262,0.0244034,18.8449,14.271,24.8847,maille,2.24072,0.0406302,0,134,0.286508,0.0792395,0.122798,6.65151,45.9123,-0.0817272,-0.0107094,0.0301294,0.0583437,0.0973241,0.0197354,0.303,0.5935,-4163.02,-61208.4,362.679,27496.2,134754,0.0571496,0.0328801,0.0284684,reel,961.9,1155.5,1359.8,0.00145124,1155
60282,Gouvieux,60,province,119,39.6667,3629.03,3633.26,0.0238515,0.00897702,19.2584,16.3778,22.6457,commune,2.30249,0.0429527,0,959,0.383093,0.0781976,0.0288332,2.42766,49.1871,-0.082787,-0.010099,0.0301278,0.0586185,0.095005,0.0193185,0.2925,0.5785,-3907.27,-58378.6,360.302,25807.4,134274,0.0587212,0.0339095,0.0295381,reel,1015.95,1153,1291.5,0.000966379,1156
01194,Jassans-Riottier,01,province,68,22.6667,2940.96,2942.48,0.0311223,0.015284,16.0415,12.624,20.3841,commune,1.03915,0.00828729,0,706,0.0701417,0.0166836,0.00627026,4.75752,45.986,-0.078046,-0.00671045,0.0301167,0.0608152,0.0993485,0.0219705,0.29,0.5715,-1761.17,-45508.4,276.709,20659.6,108816,0.0593334,0.0340686,0.0309787,reel,930.75,1143,1357.1,0.00152481,1157
69019,Belleville-en-Beaujolais,69,province,191,63.6667,2453.46,2452.04,0.0184399,0.00536582,14.193,11.1584,18.053,commune,1.59136,0.0220902,0.0104712,2254,0.176966,0.0258968,0.0138158,4.73663,46.1107,-0.0842927,-0.0103919,0.0301063,0.0580076,0.0986477,0.0196499,0.305,0.5865,-2655.21,-39518.1,241.073,17360.9,90778.1,0.0620822,0.0331552,0.0284267,reel,1045,1147.5,1271.15,0.000805847,1158
86115,Jaunay-Marigny,86,province,34,11.3333,2119.24,2121.71,0.0432087,0.0294292,13.3397,11.101,16.03,commune,1.69809,0.0245467,0,528,0.086592,0.033717,0.0113045,0.364049,46.6763,-0.0764498,-0.00773504,0.0300802,0.0609342,0.0977811,0.020181,0.291,0.5825,-1751.09,-34108.4,206.627,15011.3,78412.1,0.0670412,0.0346089,0.0304583,reel,911.9,1163,1392.25,0.00177792,1159
29235,Le Relecq-Kerhuon,29,province,89,29.6667,2883.94,2882.31,0.0279835,0.0123559,15.6049,12.6978,19.1775,commune,1.33875,0.0166534,0,1391,0.0446873,0.00839634,0.00305423,-4.407,48.4026,-0.0873194,-0.00956905,0.0300576,0.059783,0.0988023,0.0202003,0.2955,0.576,-2324.02,-44740.4,279.444,20223.5,106706,0.0586901,0.0329427,0.0293077,reel,1005.85,1163,1348.1,0.00124727,1160
61391,Saint-Georges-des-Groseillers,61,province,30,10,1062.59,1059.27,0.0580771,0.0531152,10.1306,8.26517,12.417,commune,2.08875,0.0350282,0,176,0.213402,0.0599517,0.018189,-0.567034,48.7571,-0.0825062,-0.00588043,0.0300344,0.0641741,0.103045,0.0231129,0.283,0.5625,-685.793,-19355.7,104.148,7819.97,39315.9,0.0974662,0.041174,0.0326805,reel,790.3,1199.5,1619.4,0.00302816,1161
31035,Auzeville-Tolosane,31,province,85,28.3333,3201.15,3201.71,0.0289843,0.0132562,16.2326,14.6177,18.0259,commune,1.04031,0.00830783,0,2034,0.00698515,0.00130372,0.000131252,1.49003,43.5294,-0.0800329,-0.0111567,0.0300339,0.0567849,0.0967763,0.0188422,0.309,0.5895,-3519.53,-49532.8,314.335,22416,118442,0.0552274,0.0318419,0.0281575,reel,970.7,1149,1358.05,0.00132841,1162
06018,Biot,06,province,143,47.6667,4870.24,4871.79,0.027765,0.0121641,22.1448,17.8703,27.4416,commune,1.37993,0.0173976,0,1045,0.0580208,0.0140462,0.00499609,7.07842,43.6197,-0.0689689,-0.00211347,0.0300283,0.057823,0.0969528,0.0239339,0.2615,0.5985,-3973,-77237.1,471.858,39102.8,180199,0.0508675,0.0300321,0.0288666,lmnp,948.7,1173.5,1411.7,0.00161625,1163
30007,Alès,30,province,791,263.667,1789.79,1789.88,0.0122476,0.00236717,12.4036,9.9323,15.4899,commune,2.45331,0.0500714,0.364096,7705,0.0812533,0.0123551,0.00221821,4.08349,44.1245,-0.0843842,-0.00816552,0.0300164,0.0590238,0.0982163,0.0201911,0.2945,0.588,-1685.89,-28774.1,176.6,12555.2,66222.3,0.0731054,0.0349935,0.0303098,reel,1091.95,1169,1250.25,0.000541218,1164
34162,Montagnac,34,province,41,13.6667,2260.46,2253.12,0.0480763,0.0364662,14.3966,10.9064,19.0036,commune,2.68735,0.0651438,0,349,0.0666016,0.00930717,0.0029905,3.48293,43.481,-0.0870713,-0.0066212,0.0299906,0.061918,0.0976637,0.0219494,0.286,0.5745,-1583.57,-36924.8,219.605,15889.3,83636.9,0.0684637,0.0349973,0.0308015,reel,818.55,1158,1452.75,0.00226367,1165
84007,Avignon,84,province,3068,1022.67,2353.39,2353.32,0.00590495,0.000550254,14.6749,11.6696,18.4542,commune,2.1685,0.0377812,0.110495,23700,0.156941,0.0593634,0.0339998,4.81429,43.9444,-0.0802074,-0.0075223,0.0299801,0.0585563,0.0992826,0.0206372,0.2875,0.584,-2014.48,-37460.8,228.501,17086.3,87075.3,0.0671795,0.0354705,0.0309337,reel,1125.8,1165,1208.1,0.000271189,1166
69040,Champagne-au-Mont-d'Or,69,province,180,60,3906.47,3904.81,0.0189918,0.00569186,18.7756,14.7411,23.9144,commune,1.09832,0.0104659,0,1608,0.11489,0.022679,0.010107,4.79078,45.7948,-0.0844949,-0.0102046,0.0299579,0.0585727,0.0954428,0.0189475,0.3085,0.5775,-4260.93,-62145.7,381.333,27544.7,144539,0.0530678,0.0319488,0.0282994,reel,1063.9,1175,1269.15,0.000732597,1167
15014,Aurillac,15,province,984,328,1419.59,1419.41,0.00995786,0.00156472,11.2466,8.71032,14.5215,commune,2.39298,0.046973,0.00304878,7656,0.21368,0.0790698,0.0476113,2.44115,44.9251,-0.0846002,-0.00851962,0.0299439,0.0599927,0.0973353,0.0203534,0.301,0.5795,-1658.23,-25193.7,142.016,10697.8,52524.9,0.0823897,0.0371447,0.0284612,reel,1110.95,1168.5,1223.1,0.000382734,1168
45234,Orléans,45,province,3621,1207,2575.05,2575.22,0.0043082,0.000292903,14.7548,12.2168,17.8201,commune,1.66212,0.0237416,0.0494339,35030,0.167043,0.055347,0.0264586,1.90345,47.9019,-0.085469,-0.00978965,0.0299394,0.0567289,0.0953988,0.0192636,0.2985,0.59,-3062.69,-41228.2,256.415,18420.8,95276.9,0.0617689,0.0334379,0.0288265,reel,1137.95,1169,1203.1,0.000202473,1169
33318,Pessac,33,province,811,270.333,3597.66,3597.74,0.00822018,0.00106633,17.6007,13.9068,22.2759,commune,1.06177,0.00924914,0.0727497,14586,0.0759252,0.0165427,0.00358062,-0.635709,44.8,-0.0838689,-0.010835,0.0299303,0.0569666,0.0950992,0.0184187,0.3075,0.5875,-4124.92,-56968,354.723,25219.9,133113,0.053704,0.0317689,0.0280078,reel,1114.7,1168,1222.1,0.000374465,1170
69087,Fontaines-Saint-Martin,69,province,30,10,3577.15,3566.32,0.0458755,0.0332062,17.8974,14.6566,21.8549,maille,1.47535,,0,193,0.139866,0.0679293,0.0114587,4.84225,45.8385,-0.0834537,-0.0108994,0.0299221,0.0594904,0.0975338,0.0192762,0.3065,0.5875,-3881.27,-57194.9,357.561,25279,132355,0.0550072,0.0321618,0.0282162,reel,895.8,1182,1470.5,0.0020098,1171
74031,Beaumont,74,province,75,25,5314.58,5310.22,0.030274,0.0144626,23.3943,18.6754,29.3054,commune,1.5145,0.0204734,0,457,0.0697892,0.0164174,0.010552,6.10481,46.0977,-0.0694803,-0.00243827,0.0298836,0.0565106,0.0951788,0.022856,0.2655,0.5925,-5297.76,-86859.7,527.239,42309.6,196640,0.0494359,0.029421,0.0279462,lmnp,909.8,1167.5,1401.15,0.00176722,1172
31032,Aussonne,31,province,59,19.6667,2635.38,2635.24,0.0346889,0.018987,14.4573,12.8738,16.2355,commune,1.17285,0.0127448,0,437,0.0351549,0.00790338,0.000580094,1.32024,43.687,-0.0826579,-0.00913986,0.0298714,0.0576692,0.0957527,0.01854,0.305,0.5905,-2901.56,-41745.9,259.527,18453.7,97509,0.0590001,0.0323547,0.028523,reel,960.7,1179,1393.8,0.00153975,1173
56121,Lorient,56,province,1846,615.333,2805.59,2805.3,0.00568571,0.000510152,15.5441,12.5784,19.209,commune,1.49362,0.0199381,0.0422535,24158,0.102596,0.0246685,0.00786771,-3.37168,47.7496,-0.085276,-0.0089883,0.0298503,0.0586095,0.0975029,0.01993,0.2975,0.593,-2660.69,-43440.5,273.668,19774.7,103807,0.060069,0.0334446,0.0296253,reel,1132,1174.5,1216,0.000258714,1174
73023,Aussois,73,province,55,18.3333,3856.7,3839.65,0.0389449,0.0239316,19.6252,11.0835,34.7496,maille,1.85006,0.0280899,0,274,0.519114,0.101884,0.0370362,6.74179,45.2311,-0.0822403,-0.00824355,0.0297961,0.0602635,0.10687,0.0220971,0.2955,0.5785,-3460.12,-68795.2,382.445,27666.6,142698,0.0563959,0.0333498,0.0288804,reel,963.95,1171.5,1448.2,0.00167282,1175
33293,Montussan,33,province,32,10.6667,2979.14,2977.92,0.0408591,0.0263411,15.925,13.8379,18.3269,commune,1.41009,0.0179319,0,177,0.0276476,0.00381059,0.00161506,-0.424563,44.8811,-0.0905243,-0.00880439,0.0297798,0.0579688,0.0970937,0.0191242,0.3045,0.58,-3081.02,-46971.6,290.791,20876.7,110228,0.058104,0.0327603,0.0291141,reel,951.9,1173,1431.1,0.00174576,1176
59043,Bailleul,59,province,132,44,2651.22,2655.4,0.024375,0.00937557,14.8148,12.5443,17.4964,commune,1.47622,0.0195512,0,935,0.10012,0.030397,0.0140874,2.73377,50.7311,-0.0857153,-0.0096438,0.0297739,0.0583428,0.09568,0.0192991,0.296,0.59,-2793.25,-41457,263.507,18749.1,98095.1,0.0602658,0.0329473,0.0287853,reel,1050.95,1180,1330.4,0.000980614,1177
13027,Châteaurenard,13,province,173,57.6667,2681.36,2682.13,0.0236747,0.0088444,14.7068,12.1161,17.8515,commune,1.96027,0.0311744,0.017341,2008,0.0463632,0.0145568,0.0025454,4.853,43.8834,-0.0868838,-0.0123528,0.0297418,0.056878,0.094399,0.017101,0.316,0.5985,-3839.18,-43076.4,272.308,18791.3,99210.4,0.0591051,0.0315308,0.0268776,reel,1023.55,1178.5,1310.1,0.000999194,1178
31282,Launaguet,31,province,125,41.6667,2641.2,2640.39,0.0239516,0.00905264,14.7728,13.2252,16.5016,commune,1.05481,0.00896152,0,1115,0.0125916,0.00322347,0.00110996,1.44826,43.6618,-0.0784273,-0.00716781,0.0297312,0.059343,0.0982486,0.0207038,0.2965,0.5775,-1888.07,-40160.9,252.583,18503.1,97724.6,0.0603036,0.0335373,0.0303541,reel,1024.65,1199,1355.25,0.00119709,1179
21054,Beaune,21,province,544,181.333,2648.17,2648.3,0.0123469,0.00240564,15.8275,12.6657,19.7787,commune,2.57193,0.0561105,0,5911,0.104661,0.0379231,0.0182945,4.84056,47.0224,-0.0828861,-0.00725886,0.0297287,0.0594725,0.0971652,0.0209008,0.299,0.5815,-2438.76,-41945.7,261.56,18806.3,97982.5,0.0649241,0.0347191,0.0304639,reel,1103,1192.5,1267.05,0.000552406,1180
33013,Artigues-près-Bordeaux,33,province,104,34.6667,3127.87,3128.52,0.0228727,0.00825551,16.0172,13.9135,18.439,commune,1.0757,0.00980392,0,731,0.0101486,0.0049787,0.000439312,-0.490489,44.8529,-0.0877135,-0.0095457,0.0297244,0.0578702,0.0960197,0.0182602,0.3085,0.5975,-3582.43,-48692.3,307.443,21879.3,115731,0.055695,0.0319136,0.0282116,reel,1036.65,1190,1313.05,0.000991778,1181
69115,Limas,69,province,62,20.6667,2656.93,2653.85,0.032187,0.0163477,14.5856,11.4787,18.5335,maille,1.04321,0.00852757,0,724,0.0944165,0.0240693,0.00471523,4.70804,45.9791,-0.0841529,-0.0103831,0.0297244,0.0594222,0.099077,0.0195655,0.3025,0.5815,-2523.14,-42725.3,259.05,18695.7,98306.4,0.059101,0.0327136,0.0288149,reel,992,1170,1362.25,0.00136621,1182
79329,Thouars,79,province,32,10.6667,1367.3,1372.17,0.0570437,0.0511719,10.9272,8.80984,13.5535,commune,2.25029,0.0409926,0.03125,1789,0.122876,0.0432279,0.021014,-0.21624,46.9801,-0.0781234,-0.008532,0.0297016,0.0615466,0.100133,0.0220041,0.295,0.5745,-1174.12,-22591.8,134.405,9929.39,50590.2,0.082737,0.0368103,0.0306046,reel,823.4,1158.5,1550.25,0.00275994,1183
38087,Chasse-sur-Rhône,38,province,39,13,2919.82,2918.3,0.0454171,0.0325473,15.7303,12.3584,20.0221,commune,1.25029,0.014652,0.0769231,455,0.139534,0.025587,0.0240208,4.80038,45.581,-0.0828829,-0.0113857,0.029687,0.0593853,0.0983223,0.019299,0.3005,0.588,-3030.35,-47818.6,285.318,20805.5,108033,0.0584841,0.0330491,0.0291041,reel,946.6,1208,1494.45,0.00199182,1184
59646,Wasquehal,59,province,178,59.3333,3275.46,3279.33,0.0210158,0.00696955,16.9674,14.7527,19.5147,commune,1.06787,0.00945862,0,2845,0.0763882,0.0171593,0.0127285,3.13089,50.6691,-0.0828633,-0.0091138,0.0296849,0.0568051,0.0975928,0.0193641,0.3005,0.597,-3379.22,-50252.2,317.313,23072.8,121192,0.0566667,0.0331257,0.029759,reel,1069.95,1196,1314,0.000883125,1185
31186,Fonbeauzard,31,province,60,20,2625.09,2624.47,0.034404,0.0186765,14.5107,12.9863,16.214,commune,1.03132,0.008,0,368,0.0337119,0.00927356,0.000680664,1.43021,43.679,-0.0809256,-0.00981249,0.0296513,0.0582157,0.0963563,0.018972,0.302,0.586,-2475.69,-39972.2,255.401,18388.1,97128.2,0.0594755,0.0328674,0.0293209,reel,975.65,1197,1409.05,0.00152523,1186
38264,La Morte,38,province,32,10.6667,2045.85,2033.27,0.0499623,0.0393866,13.6345,11.4132,16.2881,maille,1.85992,,0,94,0.384466,0.0920138,0.0213716,5.85946,45.0258,-0.0766653,-0.00866452,0.0296498,0.0588408,0.0986571,0.0206054,0.292,0.5805,-1911.21,-33174.8,200.907,14630.7,75696.4,0.0711752,0.0368601,0.0301243,reel,907.85,1218,1527.25,0.00221522,1187
74005,Allinges,74,province,33,11,3933.41,3926.87,0.0452272,0.0322754,19.1748,14.8332,24.7874,maille,1.17372,0.0127563,0,210,0.141614,0.0708136,0.0547451,6.46023,46.3353,-0.0799288,-0.00898697,0.029623,0.0584388,0.0982897,0.0184041,0.2965,0.589,-4125.68,-64076.9,385.003,28415,145536,0.0539222,0.0325555,0.0291749,reel,961.95,1176,1454.15,0.00173771,1188
33056,Blanquefort,33,province,136,45.3333,3136.95,3137.21,0.0200209,0.00632533,16.1659,13.0646,20.0035,commune,1.10615,0.0106784,0,2873,0.043308,0.00922797,0.00252646,-0.637126,44.9071,-0.0912574,-0.0122841,0.0296222,0.0583227,0.0982118,0.0177103,0.312,0.5905,-3401.22,-50492.8,306.44,21959.7,116067,0.0561027,0.0322117,0.0285181,reel,1084.9,1202.5,1323.05,0.000888138,1189
83033,Carnoules,83,province,31,10.3333,2440.67,2429.85,0.0562369,0.0498887,14.6199,11.6402,18.3624,commune,1.75377,0.0257657,0,261,0.121971,0.0194078,0.00395395,6.18907,43.3018,-0.0762186,-0.00680141,0.0296147,0.0610471,0.101069,0.0217508,0.2805,0.581,-1492.84,-38060.1,234.943,17148,90304.7,0.0645065,0.0346439,0.0307912,reel,888.5,1203.5,1581,0.00246049,1190
38193,L'Isle-d'Abeau,38,province,255,85,2798.24,2797.94,0.0180106,0.00511896,15.3626,13.1521,17.9447,commune,1.32657,0.0164002,0.027451,2065,0.0151187,0.00115022,0.00126496,5.21836,45.6214,-0.0806726,-0.00952236,0.0296102,0.0582191,0.0971947,0.0183564,0.303,0.5835,-2635.96,-43267.8,270.73,19599.8,103535,0.0594485,0.0331877,0.0297484,reel,1094.95,1208.5,1318.15,0.000782208,1191
55545,Verdun,55,province,267,89,1479.58,1481.38,0.0184813,0.00538897,11.2335,8.8688,14.2286,commune,2.66067,0.0631057,0.205993,4415,0.128426,0.0441147,0.0228319,5.38638,49.1605,-0.0896631,-0.0105853,0.0296087,0.0588798,0.0968465,0.0178361,0.3045,0.5975,-1911.28,-26168.9,151.882,10719.1,54744.3,0.0789427,0.0350557,0.0281645,reel,1091.85,1188.5,1314.05,0.000801971,1192
38382,Saint-Égrève,38,province,397,132.333,2808.83,2808.88,0.0144477,0.00329403,15.1299,11.9964,19.0818,commune,1.07135,0.00961274,0,2748,0.0970748,0.0296651,0.00923329,5.68168,45.2375,-0.0797206,-0.00942476,0.0296027,0.0593886,0.096945,0.0188675,0.3025,0.586,-2757.48,-44988.9,273.966,19799.8,103927,0.0582302,0.0326701,0.0287985,reel,1104.8,1193,1271.05,0.000616244,1193
47001,Agen,47,province,1084,361.333,1812.74,1813.05,0.00858919,0.00116419,12.4527,9.95636,15.575,commune,2.57599,0.0564285,0.0968635,11683,0.0898261,0.0301358,0.0101015,0.624285,44.2021,-0.0788635,-0.0118903,0.0295929,0.058336,0.0992805,0.0194638,0.3135,0.587,-2053.03,-29338.4,182.243,12888.8,67071.3,0.072505,0.0345735,0.0293383,reel,1142.9,1196.5,1251,0.000354591,1194
76447,Montivilliers,76,province,160,53.3333,2644.52,2647.23,0.0251437,0.00997578,14.6908,12.0731,17.8759,commune,1.2036,0.0135429,0,2771,0.110157,0.0350737,0.0277266,0.188561,49.5441,-0.08119,-0.00903898,0.0295862,0.0573913,0.0979673,0.0197,0.307,0.59,-2735.02,-41474.6,259.086,18905.4,97847.2,0.0598555,0.0329996,0.0288734,reel,1038.55,1197,1366.2,0.00112584,1195
29232,Quimper,29,province,1900,633.333,2325.62,2325.5,0.00609205,0.000585675,13.9289,11.3458,17.1,commune,1.92952,0.0303814,0.0947368,13485,0.102738,0.0270019,0.00994007,-4.10594,47.9935,-0.0808439,-0.00968471,0.0295794,0.0578096,0.0965936,0.0193752,0.297,0.5965,-2546.59,-36461.4,231.64,16419.8,86047.9,0.0641319,0.0334423,0.0289052,reel,1159,1198,1235,0.00025296,1196
30062,Calvisson,30,province,128,42.6667,2991.27,2997.27,0.0302628,0.0144512,16.0609,12.3493,20.8881,commune,1.38138,0.0174226,0,429,0.064257,0.00994853,0.000343964,4.19574,43.7608,-0.0858362,-0.00758731,0.029579,0.0604085,0.0976981,0.0201299,0.2915,0.5805,-2658.99,-47047.8,290.256,20951.5,110677,0.0584137,0.0330768,0.0294658,reel,979.6,1199,1412.85,0.00145903,1197
21231,Dijon,21,province,7299,2433,2697.4,2697.44,0.00337444,0.000179695,15.336,12.6067,18.6563,commune,1.68677,0.0242764,0.0219208,55247,0.148087,0.0530474,0.0293194,5.04056,47.3228,-0.0819803,-0.0101762,0.0295655,0.0594111,0.0996974,0.0198932,0.3,0.59,-2569.09,-41643.9,265.134,19368.6,99803.7,0.0615528,0.0338092,0.0295671,reel,1179.95,1202,1227,0.000137408,1198
90008,Bavilliers,90,province,54,18,1677.98,1686.49,0.045564,0.0327328,11.9272,9.45349,15.0481,commune,1.95592,0.0311033,0,635,0.126448,0.0536083,0.00252942,6.83633,47.6222,-0.080383,-0.00871,0.0295624,0.0618524,0.0989926,0.0211285,0.296,0.591,-1489.66,-27899.6,168.654,11770.6,62085.3,0.0745692,0.0357411,0.0306789,reel,936.45,1182,1510.15,0.00205194,1199
64445,Pau,64,province,4317,1439,2234.06,2233.94,0.00414029,0.000270516,13.8271,11.3207,16.8884,commune,2.02987,0.033098,0.0132036,31072,0.134188,0.0331816,0.00840239,-0.366208,43.3032,-0.0812831,-0.0124391,0.0295253,0.0596152,0.0961479,0.0193547,0.3095,0.573,-2188.95,-34996.1,220.521,15828.4,82660.3,0.0662138,0.0342508,0.0296664,reel,1175,1207,1234,0.000182937,1200
03023,Bellerive-sur-Allier,03,province,81,27,1910.02,1927.74,0.0382928,0.0231176,12.8271,10.5274,15.6291,commune,1.80046,0.0268805,0,1380,0.0828281,0.0285878,0.0114688,3.41548,46.1164,-0.0798404,-0.00692972,0.0295219,0.0611471,0.100461,0.0210889,0.295,0.581,-1415.25,-30547.5,184.553,13571.1,70670.7,0.071164,0.0358315,0.0318347,reel,950.9,1200,1526.7,0.00193772,1201
94052,Nogent-sur-Marne,94,petite_couronne,1139,379.667,6248.2,6248.99,0.00671032,0.00071058,26.5833,21.7846,32.4391,commune,1.62616,0.0229856,0,8839,0.177129,0.0698938,0.0402428,2.48183,48.8371,-0.0731778,-0.00158088,0.0295165,0.0588367,0.0975067,0.0229151,0.2615,0.601,-4642.97,-101830,635.002,49237.6,231183,0.0481739,0.0295826,0.0296448,lmnp,1159,1204,1258.05,0.000334884,1202
33366,Saint-André-de-Cubzac,33,province,114,38,2480.74,2479.97,0.0218543,0.0075368,14.3837,12.1001,17.0983,commune,1.44171,0.0186751,0,1077,0.0449169,0.0214894,0.00752874,-0.440492,44.9991,-0.0787636,-0.010536,0.0294854,0.0582724,0.0977206,0.0197889,0.299,0.5775,-2155.04,-38644.3,240.548,17473.4,91787.4,0.0623219,0.0337017,0.0300229,reel,1091.8,1208.5,1354.2,0.000918051,1203
63014,Aubière,63,province,106,35.3333,2315.83,2317.13,0.0267937,0.0113273,13.9328,11.4698,16.9246,commune,1.84629,0.0280134,0,1653,0.122616,0.0575583,0.0279833,3.11123,45.7507,-0.0839639,-0.010967,0.0294843,0.0594282,0.0976185,0.0197356,0.3085,0.5815,-2391.99,-37252.2,229.408,16652.1,85685.6,0.0644233,0.0337269,0.0288936,reel,1057.8,1217.5,1373.1,0.00109099,1204
85226,Saint-Hilaire-de-Riez,85,province,754,251.333,3089.94,3089.25,0.0100007,0.00157827,16.5482,13.2965,20.5951,commune,1.07889,0.00989874,0,1711,0.175048,0.135661,0.0939667,-2.02682,46.7567,-0.085018,-0.00849981,0.0294834,0.0592868,0.0956221,0.0194459,0.3025,0.588,-3387.98,-50432.7,303.5,23200,114328,0.0584409,0.0338644,0.0298413,reel,1145.85,1207.5,1263.05,0.000395304,1205
01376,Saint-Maurice-de-Beynost,01,province,76,25.3333,2923.13,2924.96,0.0294623,0.0136972,15.8573,12.791,19.6585,commune,1.17619,0.0128205,0,443,0.147197,0.0259601,0.013985,4.98348,45.8298,-0.0855102,-0.0096138,0.0294565,0.0597589,0.099108,0.0197362,0.3,0.5885,-2798.95,-46257.3,281.895,20662.9,108156,0.0589393,0.0335093,0.0298104,reel,1037.95,1203.5,1419,0.00133472,1206
01399,Ségny,01,province,46,15.3333,4676.68,4673.16,0.0377029,0.0224298,22.6115,17.4339,29.3269,commune,2.34919,0.0450297,0,626,0.0421102,0.00652308,0.00551054,6.07484,46.2957,-0.0836007,-0.00938927,0.0294366,0.059331,0.097675,0.0188404,0.306,0.59,-4853.73,-74372,460.338,32829.9,173037,0.0541706,0.0325239,0.0286565,reel,988.85,1209,1443.05,0.00158284,1207
31547,Seysses,31,province,122,40.6667,2518.85,2518.45,0.0242416,0.00927318,14.173,12.4642,16.1161,commune,1.19548,0.0133129,0,658,0.016595,0.0126321,0.000393756,1.30851,43.4961,-0.084638,-0.00934383,0.0293967,0.0593232,0.0959308,0.0195561,0.3005,0.5895,-2473.07,-38559.2,247.481,17635.2,93197.6,0.0603751,0.032795,0.0291396,reel,1064.9,1212.5,1381.2,0.00114721,1208
83046,Cotignac,83,province,42,14,2314.23,2305.85,0.0486308,0.0373101,14.2069,11.029,18.3006,maille,2.50899,0.0528805,0,166,0.104559,0.0288146,0.0109725,6.14982,43.5287,-0.0827943,-0.0110722,0.029394,0.0591679,0.0992623,0.0191552,0.305,0.5915,-2497.08,-38621,233.568,16386,85626.5,0.0658893,0.0337574,0.0289196,reel,882.9,1231,1474.95,0.00215259,1209
38006,Allevard,38,province,191,63.6667,1855.1,1852.65,0.0207927,0.00682251,13.1502,9.78501,17.6727,commune,2.26392,0.0415477,0,845,0.245341,0.131897,0.0853144,6.07515,45.3927,-0.074653,-0.00658122,0.0293865,0.0611096,0.100474,0.0216865,0.2865,0.5805,-1737.61,-32230.6,183.541,14438.4,68638.6,0.0753611,0.0376054,0.029959,reel,1100.85,1223,1341.4,0.000800723,1210
69149,Oullins-Pierre-Bénite,69,province,927,309,3514.01,3513.8,0.00838796,0.00111031,17.2983,13.7425,21.7743,commune,1.38776,0.0175386,0.0614887,8146,0.196452,0.0542011,0.0220836,4.80644,45.7151,-0.08415,-0.0109798,0.0293851,0.0577977,0.0953222,0.0180897,0.3185,0.601,-4602.72,-57425.8,354.999,25074.6,130018,0.0539497,0.0313211,0.0269491,reel,1165.9,1215,1263.05,0.000329836,1211
13069,Pélissanne,13,province,95,31.6667,3675.98,3677.14,0.0318337,0.01599,18.1879,14.9824,22.0792,commune,1.31874,0.0162413,0,639,0.0560361,0.0129548,0.00476461,5.14974,43.6319,-0.0800472,-0.0102784,0.0293847,0.0590298,0.0961274,0.0191557,0.3065,0.5895,-3885.47,-57021.9,361.759,25762.5,136011,0.0544765,0.032211,0.0285441,reel,1030.95,1226.5,1393.55,0.00127252,1212
69266,Villeurbanne,69,province,5377,1792.33,3744.64,3744.6,0.00348438,0.000191594,18.0704,14.5729,22.4073,commune,1.27291,0.015165,0.024921,49141,0.109357,0.0330713,0.0164234,4.88257,45.7672,-0.0913307,-0.0127245,0.0293726,0.0583932,0.0965575,0.0175851,0.3175,0.5945,-4622.41,-60811.7,372.516,26470.9,138552,0.0531012,0.0313954,0.0274012,reel,1193.95,1218,1242.05,0.000147164,1213
69282,Meyzieu,69,province,476,158.667,3525.33,3525.02,0.0116995,0.00216003,17.1799,14.0734,20.9722,commune,1.0406,0.00833995,0.0693277,4293,0.0479274,0.0122943,0.00498619,5.00176,45.7665,-0.0832707,-0.0133528,0.0293688,0.0572271,0.0961912,0.0177372,0.322,0.5915,-4330,-55860.7,348.172,24754.9,130437,0.0533734,0.0313611,0.0274726,reel,1147.95,1226,1289.2,0.000471187,1214
84031,Carpentras,84,province,437,145.667,1936.9,1936.38,0.0156205,0.00385036,13.0631,10.4682,16.3012,commune,2.25116,0.0410112,0.343249,4601,0.170851,0.0856606,0.037533,5.04741,44.0532,-0.0806395,-0.0103604,0.0293536,0.0568768,0.0981791,0.0194148,0.3005,0.605,-2262.28,-32139.1,196.784,14067.5,71665.4,0.0716388,0.0356453,0.0296355,reel,1139.9,1222,1329,0.000624465,1215
64348,Lons,64,province,262,87.3333,2525.9,2524.63,0.0167715,0.00443874,14.1037,12.1755,16.3371,commune,1.11949,0.0111001,0,1971,0.0272504,0.00600373,0.00166474,-0.391611,43.3213,-0.0822481,-0.0114007,0.0293441,0.0584847,0.0989385,0.0185892,0.2955,0.5885,-2606.43,-40030,247.432,17698.5,93458.2,0.0598773,0.0325635,0.0288271,reel,1105.9,1218.5,1327,0.000756004,1216
31446,Ramonville-Saint-Agne,31,province,363,121,3028.28,3028.21,0.0140968,0.00313591,15.8638,13.7522,18.2996,commune,1.20592,0.0136094,0,2924,0.0854493,0.0198683,0.00584662,1.47971,43.5423,-0.0806365,-0.0109176,0.0293321,0.0583804,0.0960007,0.0190146,0.3075,0.591,-3300.96,-46766.3,298.589,21230.4,112046,0.0569186,0.0323248,0.0284394,reel,1134.95,1216.5,1299.25,0.000570931,1217
38486,Seyssins,38,province,144,48,3505.68,3506.18,0.0239202,0.00902919,17.3542,14.3755,20.95,commune,1.01392,0.00669507,0,768,0.0747791,0.0142979,0.00457404,5.69322,45.1652,-0.0863903,-0.0106327,0.029327,0.056397,0.0982798,0.0178312,0.291,0.5945,-3879.79,-56320,343.137,24596.4,129710,0.0542692,0.0320244,0.028358,reel,1094.5,1219,1337.8,0.000915568,1218
69385,Lyon 5e Arrondissement,69,province,1601,533.667,4011.13,4010.94,0.00638413,0.000643184,19.1062,14.8542,24.5753,commune,1.36688,0.0171131,0,20414,0.153013,0.0442256,0.0335333,4.80156,45.756,-0.0887477,-0.0108083,0.0293,0.0575663,0.0941966,0.0176997,0.3,0.586,-5231.13,-65388.4,402.132,28674.7,148412,0.0526719,0.031526,0.0276431,reel,1184.95,1224,1261.05,0.000260491,1219
84124,Saumane-de-Vaucluse,84,province,49,16.3333,3313.22,3312.47,0.0459612,0.0333229,17.7517,14.0874,22.3692,maille,2.11304,,0,89,0.127827,0.0226415,0.00684995,5.09677,43.9235,-0.0828584,-0.00935544,0.0292942,0.0583646,0.0989113,0.0193524,0.307,0.596,-3599.13,-52861.6,326.874,23332.4,122589,0.0588614,0.033431,0.0294967,reel,927.95,1214,1523.1,0.00208089,1220
38261,Morestel,38,province,58,19.3333,2453.78,2451.63,0.0374418,0.0221211,14.2689,11.4851,17.7274,commune,2.12761,0.0364221,0,860,0.0468244,0.0128199,0.00522481,5.46874,45.6787,-0.0854068,-0.00991851,0.0292922,0.057065,0.100573,0.0187745,0.306,0.6025,-2822.76,-39790.1,247.106,17270.8,90789.8,0.0624453,0.0326267,0.0281289,reel,1000.8,1221,1446.3,0.00163339,1221
83137,Toulon,83,province,7176,2392,3092.87,3092.84,0.00379086,0.000226782,16.6004,12.9327,21.3082,commune,1.77204,0.0262481,0.156215,38796,0.113622,0.0303314,0.00762764,5.93471,43.1255,-0.0806664,-0.00989163,0.0292921,0.0594479,0.096818,0.0198017,0.308,0.5875,-3033.19,-48897.4,304.255,21738.5,114436,0.0585879,0.0330144,0.02902,reel,1200.9,1225,1255.05,0.000161874,1222
14437,Mondeville,14,province,190,63.3333,2632,2630.27,0.0189898,0.00569045,14.8221,12.6775,17.3295,commune,1.52668,0.020751,0,2352,0.18806,0.0396671,0.0179834,-0.322939,49.1743,-0.0810708,-0.0098928,0.0292914,0.057621,0.0946569,0.0184525,0.306,0.587,-3245.82,-41881.8,261.998,18702.9,97383.9,0.0607392,0.0331395,0.0285552,reel,1099.5,1237,1342.1,0.000882097,1223
86062,Chasseneuil-du-Poitou,86,province,41,13.6667,2283.94,2287.09,0.0394431,0.0245279,13.8527,11.5155,16.6643,commune,2.02958,0.0330959,0,1339,0.101036,0.0100906,0.00314677,0.36151,46.6501,-0.0826526,-0.00964071,0.029289,0.0591801,0.0974554,0.0192737,0.2955,0.5915,-2413.46,-36788.8,224.035,16060.8,84505.6,0.0649021,0.033602,0.0291635,reel,1001.95,1228,1416.2,0.00158634,1224
02173,Chauny,02,province,38,12.6667,1625.86,1642.1,0.0474434,0.0354918,12.1253,9.73469,15.1031,commune,2.34484,0.0447884,0.236842,1968,0.289031,0.0930896,0.017885,3.2171,49.6147,-0.0834818,-0.00996016,0.0292785,0.0581971,0.0989618,0.0194257,0.3,0.5915,-1981.48,-27921.9,165.993,11698.1,60156.9,0.0784223,0.0372355,0.0293016,reel,963.35,1251.5,1504.1,0.0019496,1225
73011,Albertville,73,province,743,247.667,2479.07,2478.14,0.0107146,0.00181166,14.989,12.1522,18.488,commune,2.41734,0.0482266,0.0188425,6341,0.180633,0.0464563,0.0140102,6.38556,45.6716,-0.0808306,-0.00837715,0.0292581,0.0595882,0.0949602,0.0202768,0.301,0.581,-2424.68,-39648.9,246.21,17552.8,91725.7,0.0652938,0.0343965,0.0295862,reel,1159.95,1229,1304.1,0.000488019,1226
71153,Le Creusot,71,province,283,94.3333,1161.82,1161.09,0.0189304,0.00565483,10.7006,8.2737,13.8395,commune,2.67343,0.0639488,0.0282686,4243,0.248451,0.0912406,0.0340889,4.4274,46.8023,-0.0844637,-0.00836034,0.0292468,0.0619456,0.104541,0.0214815,0.288,0.5765,-1178.92,-21354,116.374,8683.72,42987.3,0.0950301,0.0406503,0.0302963,reel,1108.5,1233,1364.1,0.000869912,1227
32013,Auch,32,province,509,169.667,1700.35,1700.49,0.010475,0.00173146,11.8567,9.5369,14.7408,commune,2.27726,0.0420242,0.00392927,5676,0.0897748,0.0220719,0.00917483,0.587704,43.6479,-0.0819037,-0.00932204,0.0292338,0.0601916,0.0981345,0.0195063,0.2965,0.598,-1783.34,-28073.2,170.81,12067.3,62912.8,0.0730915,0.0343428,0.0291152,reel,1158.95,1237,1291.05,0.000461742,1228
38340,Les Roches-de-Condrieu,38,province,30,10,2940.71,2927.65,0.0515335,0.0419024,16.7125,12.6565,22.0684,commune,2.12616,0.0363636,0,160,0.161441,0.054788,0.0244741,4.76993,45.4538,-0.0805039,-0.00740973,0.0292101,0.061543,0.101419,0.0208801,0.288,0.582,-2236.39,-47961.7,288.188,20992.9,108806,0.0620768,0.0345361,0.0305413,reel,932.7,1234,1576.25,0.00236522,1229
83104,Rians,83,province,30,10,2182.21,2172.86,0.0571194,0.051466,13.5487,11.0343,16.6359,commune,2.06148,0.0341002,0,210,0.0395562,0.0193653,0.00896084,5.75659,43.6065,-0.0873171,-0.00852038,0.0291982,0.059311,0.100171,0.0196654,0.297,0.581,-2099.98,-35946.4,216.992,15415.6,80741.6,0.0662559,0.0338885,0.0296652,reel,887.8,1267,1606.4,0.00252601,1230
63193,Lempdes,63,province,69,23,2199.65,2201,0.0331105,0.0172963,13.5983,10.9729,16.8519,commune,1.43097,0.018424,0,1161,0.316845,0.0192028,0.0109957,3.19021,45.7692,-0.079246,-0.0118798,0.0291645,0.0589383,0.0964382,0.0191925,0.3045,0.5845,-2403.98,-35690.7,210.858,15572.5,81387,0.0660013,0.0348141,0.0293181,reel,1046.9,1216.5,1442.05,0.00139591,1231
49099,Cholet,49,province,682,227.333,2207.62,2207.8,0.00961762,0.00145967,12.9775,10.3306,16.3025,commune,1.27088,0.0151018,0.0527859,8458,0.0892506,0.0214513,0.00795384,-0.878732,47.0583,-0.0843991,-0.0116875,0.0291287,0.0573929,0.095373,0.0179141,0.316,0.597,-2880.95,-34979.7,221.237,15574.4,81681.8,0.0623884,0.0323973,0.027859,reel,1180.8,1235,1292.1,0.000402527,1232
93048,Montreuil,93,petite_couronne,2372,790.667,5968.96,5969.67,0.00529527,0.000442492,25.4871,20.1489,32.2395,commune,1.84107,0.0278804,0.0885329,31501,0.140782,0.0592892,0.0382723,2.43988,48.8594,-0.0927357,-0.00998843,0.0291077,0.0585307,0.0981762,0.0176728,0.2955,0.6005,-6458.35,-98851.2,610.942,42463.1,220852,0.0482236,0.0302757,0.0279686,reel,1207,1241,1275.05,0.000207959,1233
42187,Roanne,42,province,1489,496.333,1360.9,1360.59,0.00838327,0.00110906,11.1792,8.62614,14.4878,commune,2.41647,0.0481753,0.0584285,13377,0.165714,0.0559303,0.0237012,4.06929,46.0391,-0.0890418,-0.00788716,0.0290938,0.062959,0.100404,0.0208091,0.2975,0.5785,-1196.93,-23533,133.538,9962.32,50353.3,0.0853478,0.0382662,0.0314472,reel,1184,1242,1298.05,0.000367314,1234
2B042,Borgo,2B,province,219,73,3383.15,3388.76,0.0217958,0.00749629,17.4839,14.4128,21.2095,commune,1.92256,0.0301968,0,1033,0.0373769,0.0100715,0.00216439,9.44615,42.5651,-0.0832543,-0.0116382,0.0290799,0.057783,0.0964119,0.0183275,0.307,0.593,-3818.18,-53242.8,335.798,23687.9,125177,0.0566948,0.0323016,0.0282854,reel,1122.7,1244,1389.3,0.000906616,1235
25127,Charquemont,25,province,89,29.6667,1922.84,1923.04,0.0320237,0.0161822,13.293,10.5481,16.7521,commune,2.34107,0.0446852,0,414,0.343508,0.0883671,0.0146209,6.82,47.2144,-0.0815475,-0.00957295,0.0290741,0.0591875,0.0994149,0.0198762,0.2955,0.5855,-1925.67,-32565.6,191.838,13695.9,71145,0.0735972,0.0367951,0.0296853,reel,1055.9,1254,1433.2,0.00133948,1236
31232,Grenade,31,province,111,37,2252.77,2251.73,0.0254028,0.0101828,13.4227,11.3605,15.8594,commune,1.54292,0.0210784,0,800,0.0691775,0.0116758,0.00394085,1.29109,43.7697,-0.0835614,-0.00855184,0.0290386,0.0590826,0.0970039,0.0195034,0.2995,0.6005,-2350.36,-35728.9,222.841,15857.2,83352.4,0.0635098,0.033122,0.0289332,reel,1103.9,1246.5,1418.1,0.00109674,1237
84091,Piolenc,84,province,31,10.3333,2059.66,2059.24,0.0572394,0.0516719,13.0225,10.4155,16.282,commune,1.69229,0.0244073,0,240,0.156339,0.0433124,0.0326487,4.76617,44.1772,-0.0871509,-0.00938367,0.0290336,0.0584076,0.0974567,0.0192982,0.2965,0.593,-2336.5,-34513.2,203.496,14946.1,76207.4,0.0671326,0.0342457,0.0290667,reel,907.75,1252.5,1582.45,0.00240439,1238
06130,Saint-Vallier-de-Thiey,06,province,31,10.3333,3466.13,3473.38,0.0583747,0.0537498,17.6398,14.3447,21.692,commune,1.42749,0.018302,0,236,0.193129,0.0567657,0.020191,6.84864,43.698,-0.0849426,-0.0134509,0.0290085,0.0584835,0.0958783,0.0178227,0.3085,0.5965,-4455.9,-57213.8,345.284,24611.2,128247,0.0558773,0.0325883,0.0286794,reel,903.85,1244,1613.15,0.00247992,1239
06084,Mouans-Sartoux,06,province,137,45.6667,4463.29,4465.82,0.028359,0.0126901,20.6816,16.9131,25.2897,commune,1.40197,0.0178069,0,1558,0.0348693,0.0107681,0.000233497,6.97046,43.6209,-0.0866107,-0.0105812,0.0289955,0.0584455,0.0967696,0.0178944,0.3135,0.602,-5371.18,-71501.2,440.808,31252,165142,0.0515715,0.031471,0.0276572,reel,1095.9,1262.5,1439.1,0.00118567,1240
31205,Gagnac-sur-Garonne,31,province,80,26.6667,2688.98,2689.96,0.0298641,0.0140731,14.3823,12.5266,16.5129,commune,1.03364,0.00808625,0,695,0.00885152,0.000952934,0.00727021,1.37305,43.7035,-0.0871967,-0.011075,0.028995,0.0578466,0.095216,0.0186146,0.3135,0.5925,-3204.27,-42212.2,265.389,18902.4,99492.2,0.0574894,0.0316482,0.0277097,reel,1075.75,1244,1439.05,0.00130357,1241
13030,Cuges-les-Pins,13,province,32,10.6667,2796.9,2791.35,0.054013,0.0460215,15.8462,12.4998,20.0885,commune,2.03886,0.03342,0,421,0.107512,0.0347378,0.00263309,5.70175,43.2758,-0.0819189,-0.00982571,0.0289938,0.0587846,0.0968749,0.0203088,0.304,0.5825,-2885.75,-45068.1,277.644,19652.8,103485,0.0615521,0.0337158,0.0296584,reel,953.7,1249.5,1616.05,0.0024206,1242
84039,Courthézon,84,province,37,12.3333,2128.89,2130.51,0.0526116,0.0436585,13.1298,10.7639,16.0157,commune,2.03422,0.0332681,0,469,0.0906041,0.0374636,0.0196696,4.88455,44.0864,-0.0860405,-0.0100105,0.0289832,0.0574452,0.097222,0.0183043,0.3055,0.5965,-2608.61,-35451.1,215.584,15289.6,78768.8,0.0655544,0.0330456,0.0279624,reel,986.2,1234.5,1552.7,0.00211108,1243
42123,Lorette,42,province,60,20,1979.81,1977.9,0.0412271,0.0268149,12.7588,9.65411,16.862,commune,2.20824,0.0394322,0,702,0.0979908,0.0298607,0.00787139,4.58001,45.5123,-0.089145,-0.00955324,0.0289695,0.0577776,0.0992603,0.0183616,0.3055,0.6005,-2487.28,-33313.8,200.699,13960.5,73252.9,0.068242,0.0335964,0.0285247,reel,973.35,1270,1550.65,0.00194129,1244
38140,Crolles,38,province,113,37.6667,3465.63,3466.31,0.0269695,0.0114778,17.2116,13.8884,21.3299,commune,1.09368,0.010275,0,527,0.0496836,0.0133029,0.00296244,5.88487,45.2784,-0.086374,-0.0107504,0.028955,0.0583502,0.098713,0.0185606,0.304,0.5935,-3590.24,-55244,339.571,24313.5,128228,0.0544026,0.0319156,0.0282013,reel,1082,1252,1412.85,0.00113814,1245
13088,Le Rove,13,province,30,10,4405.3,4407.19,0.0556997,0.0489395,20.5975,16.3901,25.8849,commune,1.74652,0.0255898,0,546,0.0286252,0.0254631,0.00379778,5.25365,43.3688,-0.0810162,-0.011714,0.028915,0.0562998,0.0948607,0.0183015,0.3115,0.5855,-5650.17,-69906.2,443.169,30928,162996,0.0520213,0.0312846,0.027264,reel,936.5,1251.5,1620.6,0.0024048,1246
74281,Thonon-les-Bains,74,province,1520,506.667,3828.34,3828.19,0.0067713,0.000723562,18.9054,15.1929,23.5251,commune,1.50145,0.0201744,0.00526316,12734,0.226574,0.0801469,0.0349529,6.48069,46.3704,-0.0780408,-0.0120995,0.0289148,0.0568188,0.0961625,0.0184222,0.3115,0.594,-4848.22,-60695.8,383.936,27406,141649,0.0545576,0.032383,0.0285539,reel,1216.95,1260.5,1304.25,0.000289335,1247
01034,Belley,01,province,142,47.3333,2136.57,2135.85,0.0216226,0.00737787,13.7253,10.4923,17.9543,commune,2.5728,0.0561504,0.0352113,1648,0.120158,0.038307,0.0158611,5.68642,45.7588,-0.0815583,-0.00951928,0.0289137,0.0592732,0.0985555,0.0198615,0.3015,0.5875,-2331.47,-35141.8,214.05,15236,79053,0.068663,0.0345012,0.029463,reel,1123.9,1256,1391.25,0.00092528,1248
06114,Saint-André-de-la-Roche,06,province,117,39,4105.41,4107.66,0.0306543,0.0148272,19.6885,16.8007,23.0726,commune,1.53364,0.0209261,0,442,0.0389246,0.0298722,0.00714151,7.28709,43.7405,-0.0862838,-0.0125447,0.0289134,0.0580628,0.0950015,0.0175596,0.3125,0.597,-4915.89,-64388.5,408.981,28809.9,151900,0.0531644,0.0318686,0.0281224,reel,1107.7,1271,1461.2,0.00126949,1249
33449,Saint-Médard-en-Jalles,33,province,238,79.3333,3659.01,3659.43,0.0151548,0.0036243,17.6442,14.5396,21.4116,commune,1.08005,0.00993988,0,2520,0.0626365,0.0210936,0.0028762,-0.739718,44.8947,-0.0859929,-0.0117884,0.0289108,0.0576114,0.0945414,0.0176249,0.3075,0.5865,-4596.24,-57983.2,364.953,25660.4,135383,0.0529461,0.0313211,0.0274208,reel,1176,1264,1348.3,0.000615552,1250
69204,Saint-Genis-Laval,69,province,420,140,3706.06,3705.63,0.0124532,0.00244733,17.8305,14.1135,22.5265,commune,1.08179,0.00995783,0.0214286,3201,0.111789,0.029139,0.0144089,4.79388,45.6941,-0.0884502,-0.0104975,0.0289016,0.0568126,0.0949165,0.0174803,0.3055,0.5975,-4797.46,-60091.8,368.711,26118.4,137124,0.0528772,0.0313787,0.027449,reel,1180.9,1263.5,1353.05,0.000556274,1251
31526,La Salvetat-Saint-Gilles,31,province,80,26.6667,2665.37,2666.82,0.0298641,0.0140731,14.1835,12.5422,16.0395,commune,1.00145,0.0035482,0,545,0.00594322,0.00294066,0.000471138,1.26437,43.5738,-0.0843949,-0.0134816,0.0288861,0.0578239,0.0972916,0.0176696,0.314,0.6025,-3251.47,-41943.4,265.302,18663.1,98618.6,0.0571034,0.0312929,0.0272709,reel,1072.9,1252,1420.3,0.00120517,1252
33227,Langon,33,province,130,43.3333,2115.15,2113.75,0.0204748,0.00661533,13.473,10.9692,16.5482,commune,2.18155,0.0382135,0,1178,0.0883469,0.0196927,0.0027602,-0.256545,44.5382,-0.0776892,-0.00880728,0.0288688,0.0609928,0.0990451,0.0209348,0.292,0.584,-1710.34,-32657.1,208.318,14835.3,78260.6,0.0679269,0.0344522,0.0300837,reel,1124.3,1272,1395.45,0.000963901,1253
38314,Pontcharra,38,province,117,39,2883.43,2883.07,0.0265096,0.0110897,15.5602,12.1049,20.0019,commune,1.83556,0.0276904,0,897,0.085948,0.0241745,0.0158038,6.02176,45.4335,-0.0805147,-0.0120879,0.0288657,0.0581922,0.097577,0.018347,0.3145,0.5925,-3509.18,-46400.4,289.895,20432.8,106687,0.0585145,0.0321133,0.0276573,reel,1099.9,1260.5,1413.45,0.00105052,1254
38298,Le Péage-de-Roussillon,38,province,90,30,1918.13,1913.93,0.0301757,0.0143689,13.0768,10.1606,16.8298,commune,2.3431,0.0447504,0.344444,596,0.159223,0.0965011,0.0473643,4.7984,45.3734,-0.0833801,-0.00926576,0.0288655,0.0587721,0.0976468,0.0197317,0.3045,0.594,-2147.21,-32635.2,195.498,14211,70971,0.0724252,0.0358973,0.0297031,reel,1076.85,1241,1463.05,0.00126677,1255
75112,Paris 12e Arrondissement,75,paris,4521,1507,9023.58,9023.56,0.00399632,0.000252028,32.3178,26.1959,39.8703,commune,1.32918,0.0164821,0,57415,0.267842,0.100171,0.0517206,2.39446,48.8433,-0.0917162,-0.00908315,0.028847,0.0578307,0.0995138,0.0175831,0.3075,0.605,-9861.45,-157056,986.238,68880.8,333873,0.040983,0.0271068,0.0275825,lmnp,1234.85,1266,1298,0.000200039,1256
38517,Tullins,38,province,112,37.3333,1948.07,1945.54,0.0270882,0.0115791,12.8753,10.0555,16.4859,commune,2.36369,0.0456808,0,1113,0.116075,0.0414783,0.022441,5.49091,45.3014,-0.0833814,-0.0101459,0.028847,0.0592447,0.0963378,0.0183143,0.2995,0.598,-2097.19,-32643.7,194.387,13987.8,72078.5,0.0700715,0.0344079,0.0290679,reel,1103.55,1262,1461.65,0.0012448,1257
72264,Sablé-sur-Sarthe,72,province,58,19.3333,1446.72,1445.67,0.0365876,0.0211065,11.0161,8.79441,13.7991,commune,2.29669,0.0426985,0,1724,0.119487,0.0375458,0.0229953,-0.331756,47.8405,-0.0881107,-0.0117951,0.0288414,0.0601249,0.0986868,0.0191321,0.317,0.585,-1794.95,-25110.5,146.206,10502.2,53528.5,0.0789329,0.0352406,0.0288198,reel,1022.95,1261,1465.1,0.00154368,1258
13110,Trets,13,province,121,40.3333,3488.87,3490.3,0.0282551,0.0125974,17.4391,13.8545,21.9511,commune,1.58585,0.0219759,0,948,0.0925236,0.0160192,0.00428172,5.68479,43.447,-0.0835725,-0.0108333,0.0288369,0.0573789,0.0957138,0.0182204,0.304,0.5855,-4506.3,-55734.3,348.409,24485.3,129088,0.0548227,0.0316505,0.0274952,reel,1090.75,1258.5,1449.65,0.00125588,1259
56185,Quéven,56,province,42,14,2735.53,2725.56,0.0372922,0.0219416,14.8768,12.0325,18.3934,commune,1.1221,0.0111968,0,493,0.0737834,0.00894955,0.00822964,-3.41579,47.7896,-0.0886449,-0.00937299,0.0288343,0.0600457,0.0990323,0.0191364,0.304,0.5895,-2681.1,-43622.9,266.334,19228.2,101215,0.0586803,0.0326324,0.0287945,reel,1050.8,1266,1501.95,0.00159951,1260
31484,Saint-Geniès-Bellevue,31,province,36,12,2766.84,2766.85,0.0441433,0.0307447,14.8938,12.7183,17.4413,commune,1.1018,0.0105448,0,136,0.0386588,0.010186,0.00163195,1.48182,43.6852,-0.0808741,-0.0107473,0.0288251,0.0588417,0.0964552,0.019313,0.31,0.5885,-3012.99,-42989.3,272.057,19403.6,102373,0.0580899,0.0323472,0.0285857,reel,955.85,1304.5,1573.6,0.00211283,1261
13216,Marseille 16e Arrondissement,13,province,251,83.6667,3292.66,3291.44,0.0196817,0.00611274,17.8367,13.6064,23.3822,commune,2.33556,0.0443601,0.175299,2152,0.115714,0.0443019,0.00787696,5.32742,43.3607,-0.0762272,-0.0104152,0.0288126,0.0605728,0.0985165,0.020783,0.3035,0.586,-2894.82,-51379.9,324.819,23146,121829,0.0595384,0.0335498,0.0295398,reel,1128.75,1282,1398.05,0.000852598,1262
07010,Annonay,07,province,398,132.667,1307.59,1306.68,0.0163748,0.00423122,10.7302,7.94165,14.4979,commune,2.82802,0.0820851,0.103015,4586,0.130594,0.0393822,0.0155465,4.67094,45.2419,-0.0842599,-0.00799847,0.0288047,0.0616117,0.0999221,0.0205684,0.3035,0.592,-1559.61,-23434.1,131.511,9450.5,48380.8,0.0847074,0.0360007,0.028795,reel,1168.95,1269,1376,0.000714858,1263
83086,Le Muy,83,province,163,54.3333,2752.11,2750.1,0.0250319,0.00988749,15.6826,12.6821,19.393,commune,2.11369,0.0359893,0.386503,997,0.0900618,0.0171837,0.00404148,6.56462,43.4724,-0.0792097,-0.00868468,0.0288036,0.0586708,0.0990444,0.0198042,0.2945,0.5855,-2388.09,-43936.4,269.025,19321.8,101828,0.0618404,0.0336293,0.0295463,reel,1103.8,1266,1455.1,0.00113396,1264
82037,Caussade,82,province,54,18,1592.08,1593.85,0.034046,0.0182818,11.4705,9.38146,14.0247,commune,2.14501,0.0370172,0,850,0.100273,0.0373327,0.00723719,1.5374,44.1602,-0.0843805,-0.00973899,0.0287984,0.0578216,0.0979445,0.0195599,0.2995,0.6035,-1769.42,-26109.4,161.891,11274.7,58906.8,0.0751507,0.0347922,0.0293905,reel,1004.7,1262,1477.05,0.00165018,1265
50129,Cherbourg-en-Cotentin,50,province,884,294.667,2459.44,2458.91,0.00953033,0.00143329,14.2077,10.7424,18.7908,commune,1.69577,0.024504,0.0271493,18832,0.112376,0.023746,0.00998929,-1.6242,49.6397,-0.0876368,-0.0113669,0.0287832,0.059453,0.0973922,0.0175723,0.304,0.5915,-2945.15,-41055.8,243.101,17408,90999.4,0.0620027,0.0329731,0.0285099,reel,1221.95,1271.5,1333.05,0.000400386,1266
73003,Grand-Aigueblanche,73,province,65,21.6667,2829.47,2816.84,0.0358899,0.0203246,16.426,12.6583,21.3151,commune,2.29553,0.0426325,0,455,0.240847,0.0886038,0.0788845,6.50401,45.505,-0.0783472,-0.0092263,0.0287802,0.0567814,0.0955846,0.0199822,0.3015,0.5935,-3359.15,-46447.2,281.817,20998.1,104691,0.0633023,0.0347467,0.0298197,reel,1066.3,1261.5,1482.5,0.00139255,1267
38547,Villard-Bonnot,38,province,163,54.3333,2713.33,2713.57,0.0224947,0.00798511,14.7472,12.0412,18.0613,commune,1.71172,0.0247718,0,1007,0.149155,0.0437895,0.0276279,5.8901,45.2408,-0.0823254,-0.0121915,0.0287792,0.0555934,0.094775,0.0167795,0.307,0.61,-3977.38,-44688.5,275.437,19417.7,100393,0.058587,0.0316391,0.0266064,reel,1124,1277,1408.4,0.000998213,1268
59527,Saint-André-lez-Lille,59,province,230,76.6667,3456.95,3460.2,0.0185026,0.00540234,17.5195,15.2564,20.1183,commune,1.23666,0.0143206,0,2373,0.0834857,0.0246913,0.0081541,3.05188,50.6577,-0.0822061,-0.0088251,0.0287721,0.0577914,0.0970647,0.0197137,0.2955,0.5895,-3471.72,-53228.7,337.209,24350.5,127907,0.0556079,0.0326154,0.029029,reel,1165.85,1280,1389.15,0.000792919,1269
84133,La Tour-d'Aigues,84,province,39,13,2681.4,2678.8,0.0513017,0.0415126,15.6379,12.3086,19.8675,commune,2.36601,0.0458554,0,275,0.15807,0.0350634,0.0157874,5.5479,43.7255,-0.0799852,-0.00887377,0.0287626,0.0585341,0.100189,0.019977,0.2965,0.6,-2685.15,-43849.3,266.463,18970.6,99212,0.0632707,0.0339872,0.0294557,reel,967.9,1248.5,1546.1,0.00207019,1270
54395,Nancy,54,province,4701,1567,2341.13,2341.24,0.00405918,0.000260022,14.1099,11.4138,17.4429,commune,2.04495,0.0336503,0.018294,49543,0.169743,0.0482792,0.0193348,6.17748,48.688,-0.0863268,-0.0111049,0.0287587,0.0580836,0.0969441,0.0185431,0.3045,0.6035,-2779.67,-38057.8,236.003,16659.6,86621.7,0.0646351,0.033727,0.0286854,reel,1244.95,1273,1297.05,0.000170467,1271
13007,Auriol,13,province,126,42,3448.7,3450.17,0.0276957,0.0121036,17.2791,13.718,21.7646,commune,1.82831,0.0274395,0,1397,0.0753245,0.0137819,0.00223372,5.63259,43.3696,-0.0796533,-0.0127133,0.0287404,0.0574982,0.0935221,0.0177717,0.3165,0.607,-4867.9,-54937.5,348.823,24180,127602,0.0549046,0.0312855,0.026879,reel,1113.65,1277,1435.05,0.00107937,1272
53062,Château-Gontier-sur-Mayenne,53,province,95,31.6667,1684.16,1681.1,0.026814,0.0113412,11.9914,9.07565,15.8438,commune,2.15545,0.0373763,0,1695,0.183625,0.028895,0.0159231,-0.70619,47.8275,-0.0824493,-0.0100968,0.0287197,0.0607713,0.10023,0.0200241,0.302,0.5765,-1736.58,-28614.7,165.206,11990,62314.1,0.074753,0.0355903,0.0296517,reel,1111.95,1273.5,1446.1,0.00112433,1273
26198,Montélimar,26,province,941,313.667,2025.21,2025,0.00962429,0.00146172,13.1282,10.0233,17.195,commune,2.4884,0.0518574,0.218916,6807,0.144379,0.0388048,0.0141007,4.75027,44.5551,-0.0814599,-0.0104104,0.0287142,0.0590719,0.0982854,0.0185743,0.3085,0.602,-2520.57,-33835.5,205.948,14331.8,74932.8,0.0689008,0.0339817,0.0284655,reel,1212.9,1278,1338,0.000402894,1274
83131,Solliès-Toucas,83,province,44,14.6667,2882.07,2878.9,0.0475528,0.0356747,15.7135,11.9777,20.6147,commune,1.39936,0.0177515,0,327,0.0798137,0.0382288,0.000421851,6.02468,43.2063,-0.0830667,-0.00973834,0.0287135,0.0604404,0.100361,0.0199682,0.301,0.59,-2457.18,-46183.2,282.572,20205.4,106637,0.0591805,0.0332184,0.0295117,reel,986.05,1275,1606.25,0.00215612,1275
85051,Chantonnay,85,province,35,11.6667,1781.32,1770.09,0.0456969,0.0329326,11.9294,9.50607,14.9706,commune,1.6656,0.0238154,0,670,0.139656,0.0059804,0.00370858,-1.04797,46.6876,-0.0906469,-0.00983495,0.0287101,0.0589442,0.0991454,0.0190558,0.3115,0.5925,-1981.41,-29560.3,174.532,12492.1,65908.7,0.0702589,0.034167,0.0292185,reel,966.85,1247,1539.2,0.00191328,1276
06104,Roquebrune-Cap-Martin,06,province,1226,408.667,6400.14,6400,0.00953335,0.00143423,27.1535,20.3981,36.146,commune,1.85963,0.0283762,0,4321,0.133848,0.054723,0.0101978,7.47932,43.7619,-0.0755327,-0.0053797,0.0287031,0.057425,0.0960471,0.0218028,0.2765,0.608,-7662.8,-107015,656.816,49890.4,236805,0.0480992,0.0291279,0.0278287,lmnp,1200.95,1286,1346.1,0.00050561,1277
13037,La Fare-les-Oliviers,13,province,58,19.3333,3787.28,3790.05,0.0405368,0.0259261,18.4459,14.8853,22.8582,commune,1.22013,0.0139165,0,588,0.0622785,0.0221145,0.000303433,5.19338,43.5502,-0.0819728,-0.00866147,0.0286928,0.0576308,0.0963345,0.0188656,0.303,0.595,-4556.81,-59795.2,374.212,26504.8,140129,0.0536931,0.0320062,0.0283445,reel,1039.2,1286.5,1519.1,0.00173354,1278
83116,Saint-Maximin-la-Sainte-Baume,83,province,118,39.3333,3046.25,3046.1,0.0293654,0.0136068,16.0143,12.8151,20.0121,commune,1.61601,0.0227455,0,1309,0.0668361,0.0154202,0.00309978,5.86223,43.4523,-0.0856736,-0.012874,0.0286876,0.0585051,0.0987866,0.0180557,0.3135,0.59,-3520.51,-48944.3,301.584,21357.8,112711,0.0571756,0.0320208,0.0278634,reel,1116.6,1284,1459.25,0.00121454,1279
34337,Villeneuve-lès-Maguelone,34,province,62,20.6667,3404.97,3409.06,0.0393377,0.0244163,17.213,14.1136,20.993,commune,1.40052,0.0177842,0,804,0.0470527,0.0150209,0.00135899,3.86191,43.5325,-0.0854025,-0.0121227,0.0286832,0.0579036,0.0949974,0.0171524,0.312,0.601,-4419.41,-55009.7,338.533,23898.8,125984,0.0553767,0.0320814,0.0282581,reel,1067.75,1269.5,1495.25,0.00154287,1280
83093,Plan-d'Aups-Sainte-Baume,83,province,30,10,3271.88,3274,0.0571194,0.051466,16.6049,13.243,20.8202,maille,1.38109,0.0174188,0,118,0.0303614,0.0111329,0.0212878,5.71288,43.3281,-0.0853715,-0.0120609,0.0286828,0.057063,0.0970372,0.0174806,0.32,0.6015,-4286.06,-53722.9,325.933,23253.2,121060,0.0553989,0.0317384,0.0277421,reel,934.5,1291.5,1638.3,0.00237908,1281
84132,Le Thor,84,province,64,21.3333,2654.32,2658.21,0.0403722,0.0257137,14.7708,12.199,17.8847,commune,1.51218,0.020418,0,565,0.114641,0.0415031,0.016496,4.99585,43.9288,-0.086092,-0.0118056,0.0286821,0.0564669,0.0962678,0.0179692,0.3145,0.595,-3508.74,-43644.4,266.363,18844.1,98209.8,0.0599963,0.0327082,0.0283422,reel,1026.05,1277.5,1534.9,0.00174853,1282
04143,Oraison,04,province,33,11,2442.26,2464.5,0.0534381,0.0450386,14.5466,11.4964,18.4061,commune,1.9942,0.0321072,0,493,0.0814733,0.027359,0.0125846,5.91809,43.9162,-0.080571,-0.00836779,0.0286818,0.0602943,0.100989,0.0207091,0.301,0.5915,-2106.91,-38995.7,242.016,17242.2,90363.7,0.0641042,0.0339853,0.0298061,reel,998.65,1290,1625.6,0.00226065,1283
59295,Hazebrouck,59,province,125,41.6667,2361.96,2365.08,0.0250417,0.0098954,14.0541,11.4469,17.2551,commune,1.83324,0.0276287,0.008,1883,0.11062,0.0550617,0.0478799,2.53767,50.7229,-0.0827727,-0.00695766,0.0286496,0.0567782,0.0939589,0.0194858,0.2975,0.5955,-2757.65,-38789.1,234.949,17396.5,87392.3,0.0637814,0.0335441,0.0286208,reel,1118.85,1286.5,1433.35,0.00109722,1284
49331,Segré-en-Anjou Bleu,49,province,65,21.6667,1541.66,1539.73,0.0309438,0.015106,11.2395,8.46725,14.9195,commune,1.7819,0.0264578,0,1442,0.16614,0.0605152,0.0118969,-0.872738,47.6854,-0.0834004,-0.00970887,0.0286383,0.0613914,0.0997046,0.020007,0.2945,0.585,-1725.87,-26584.5,156.72,10958.1,57041.2,0.075811,0.0352716,0.0288243,reel,1109.75,1289.5,1504.05,0.00133747,1285
04070,Digne-les-Bains,04,province,526,175.333,1878.46,1878.96,0.013673,0.00295015,13.1195,10.2251,16.8331,commune,2.69606,0.0661247,0.323194,3706,0.184853,0.0742261,0.0376289,6.23381,44.0915,-0.0845727,-0.00687558,0.0286324,0.0595575,0.100076,0.0205114,0.2885,0.5885,-1979.41,-31599.7,189.663,13726.8,69503,0.0742276,0.0362273,0.0299098,reel,1210.7,1286,1367,0.000546836,1286
72132,La Ferté-Bernard,72,province,83,27.6667,1491.51,1490.8,0.0306787,0.0148435,11.2227,8.85006,14.2315,commune,2.30771,0.0432156,0,1285,0.150252,0.03335,0.00633742,0.65342,48.1868,-0.0926836,-0.00877481,0.0286183,0.0593279,0.10221,0.0193333,0.304,0.6045,-1686.91,-25568.7,150.976,10513.2,55185.9,0.0782247,0.0353735,0.0291731,reel,1074,1273.5,1502.15,0.001478,1287
31467,Saint-Alban,31,province,37,12.3333,2747.9,2748.21,0.0435607,0.0299386,14.7933,12.9245,16.9324,commune,1.15864,0.0123288,0,708,0.0181807,0.0104212,0.00172209,1.41414,43.6941,-0.0805423,-0.0104848,0.0286078,0.0580555,0.0967292,0.0196719,0.307,0.59,-2797.29,-42904.8,272.364,19242.8,101672,0.0580516,0.0321588,0.0283549,reel,1001.6,1298,1553.7,0.00191028,1288
77018,Bailly-Romainvilliers,77,grande_couronne,124,41.3333,4486.99,4491.74,0.0196218,0.00607576,20.9728,18.0051,24.4297,commune,2.85876,0.0866824,0,1232,0.0272623,0.0016228,0.00124114,2.81998,48.8502,-0.0658941,-0.00529565,0.0285989,0.0518335,0.0860775,0.0200803,0.279,0.6325,-7805.51,-67104,465.234,31410.2,166019,0.052078,0.0300745,0.0270614,reel,1171.95,1283.5,1391,0.000737802,1289
42186,Rive-de-Gier,42,province,162,54,1483.77,1481.49,0.0253023,0.010102,11.4088,8.82293,14.7525,commune,2.71462,0.0682476,0.160494,3064,0.169596,0.0581312,0.0128513,4.61431,45.5283,-0.0857778,-0.0102364,0.0285883,0.0577459,0.0976958,0.0185407,0.3115,0.596,-2082.97,-25648.2,154.429,10559.4,54899.4,0.0801375,0.0358745,0.0286688,reel,1122.85,1295.5,1446,0.00106283,1290
38229,Meylan,38,province,530,176.667,3800.77,3801,0.0125094,0.00246945,18.1817,14.7058,22.4791,commune,1.12442,0.0112723,0,3233,0.123406,0.0264817,0.00724796,5.77249,45.2088,-0.0844673,-0.0126356,0.028587,0.0572286,0.0965588,0.0174224,0.308,0.6015,-4744.71,-60725.9,378.575,26677,140628,0.0526684,0.0313837,0.0274516,reel,1213.8,1289,1358.05,0.000478896,1291
49214,Montreuil-Juigné,49,province,41,13.6667,2722.46,2725.59,0.038794,0.0237387,14.946,12.5753,17.7636,commune,1.54423,,0,916,0.0323031,0.0465945,0.00159854,-0.610957,47.5279,-0.085554,-0.0113014,0.0285868,0.0579254,0.0960107,0.0184327,0.315,0.5945,-3430.96,-42655.1,273.875,19114.6,100731,0.0592668,0.0324215,0.0283539,reel,1061.1,1299.5,1546.5,0.00173698,1292
31424,Plaisance-du-Touch,31,province,171,57,2727.06,2727.46,0.020503,0.00663358,14.5435,12.8612,16.4458,commune,1.01189,0.00645554,0,1771,0.0191101,0.00315984,0.00126091,1.30556,43.5628,-0.0874534,-0.0102087,0.0285687,0.0569857,0.095345,0.018188,0.3095,0.593,-3163.22,-42616.8,269.282,19095.9,100901,0.0573958,0.0317746,0.0279051,reel,1167.75,1287.5,1424.3,0.000874141,1293
34113,Gigean,34,province,68,22.6667,2842.57,2846.05,0.0376024,0.02231,15.2561,12.3886,18.7873,commune,1.44896,0.0188478,0,613,0.0625847,0.00704109,0.000207463,3.71398,43.5019,-0.0830756,-0.0120059,0.0285629,0.0575652,0.0977332,0.0180876,0.313,0.596,-3477.15,-45381.7,281.559,19900.1,105175,0.058072,0.032162,0.0280939,reel,1076.9,1277.5,1537.1,0.00165176,1294
06090,Pégomas,06,province,135,45,4655.76,4659.7,0.0285656,0.0128757,20.97,17.5466,25.0612,commune,1.21578,0.0138114,0,734,0.0646236,0.00405717,0.00572093,6.92927,43.5939,-0.0667785,-0.00320659,0.0285593,0.0557932,0.0934909,0.022374,0.272,0.607,-5231.7,-74109.9,459.906,37706.9,172263,0.0501829,0.0294345,0.027504,lmnp,1054.95,1294.5,1529.4,0.00151982,1295
69009,Anse,69,province,83,27.6667,2978.02,2975.9,0.0278761,0.0122622,15.579,12.2641,19.7899,commune,1.08846,0.0101363,0,961,0.178799,0.0576672,0.0106511,4.71599,45.9366,-0.0853666,-0.0118082,0.0285086,0.0578398,0.0953934,0.0178171,0.323,0.592,-3960.27,-48977.5,298.974,21013.9,110187,0.0567316,0.0321631,0.0278712,reel,1131.5,1301.5,1484.1,0.0012208,1296
24520,Sarlat-la-Canéda,24,province,204,68,1951.16,1951.28,0.018338,0.00530613,13.0427,10.9478,15.5386,commune,2.5522,0.0551615,0,1556,0.137714,0.0765088,0.0109844,1.21623,44.8884,-0.083211,-0.0104548,0.0285054,0.0584769,0.0965915,0.018593,0.3055,0.5955,-2422.46,-32015.5,201.1,13809.4,72192.9,0.07099,0.0347822,0.0290724,reel,1169.6,1301,1418.05,0.000846525,1297
30344,Vergèze,30,province,37,12.3333,2845.82,2865.9,0.0553202,0.0482775,15.5315,12.8486,18.7745,commune,1.63718,0.0231763,0,356,0.0427305,0.01183,0.000409014,4.22094,43.7416,-0.0908922,-0.00892048,0.0284937,0.0584924,0.0964709,0.0189564,0.2915,0.589,-3158.17,-46447.7,281.77,19995.1,105295,0.0591667,0.0327289,0.0288337,reel,951.25,1308.5,1672.65,0.00252917,1298
63075,Chamalières,63,province,912,304,2449.41,2449.49,0.00917997,0.00132987,14.6835,11.8115,18.2539,commune,1.91676,0.0300221,0,5176,0.29012,0.114074,0.0584126,3.06509,45.7734,-0.0848638,-0.00850473,0.0284153,0.0574787,0.0946171,0.0185083,0.3025,0.61,-3283.61,-41136.7,248.24,18079.8,90628.1,0.0645879,0.0344996,0.0284269,reel,1247.95,1303,1355.05,0.000354466,1299
51230,Épernay,51,province,560,186.667,1915.97,1916.14,0.0117792,0.00218949,12.7977,10.3447,15.8324,commune,2.62384,0.0602833,0.05,7117,0.13515,0.0484313,0.0327377,3.95428,49.0403,-0.0821316,-0.010724,0.0284135,0.0573173,0.0978324,0.0189859,0.311,0.6,-2551.07,-31727.3,193.735,14003.6,70890.9,0.0707594,0.0341906,0.0281392,reel,1232.95,1300,1374,0.000495183,1300
38337,Rives,38,province,151,50.3333,2335.99,2335.12,0.0233641,0.00861422,13.8577,10.8635,17.6772,commune,1.97013,0.0313977,0,915,0.0980675,0.029005,0.0123281,5.502,45.3493,-0.0859508,-0.0114397,0.0284032,0.057955,0.0973128,0.0179463,0.308,0.6035,-2912.75,-38001.7,234.702,16582.4,86431.8,0.0634815,0.0329624,0.0282251,reel,1144.85,1305,1461.4,0.00107691,1301
01249,Miribel,01,province,172,57.3333,3486.57,3488.05,0.0196592,0.00609888,17.4988,14.325,21.3758,commune,1.38283,0.0174477,0,1173,0.102763,0.0476136,0.0154737,4.94908,45.825,-0.0839894,-0.00978539,0.0283999,0.0578411,0.0960381,0.0182547,0.3055,0.5995,-4264.78,-56073.7,347.234,24614.7,129003,0.0550644,0.0320922,0.0282045,reel,1183.95,1302,1432.05,0.000873356,1302
74224,La Roche-sur-Foron,74,province,282,94,3769.48,3768.64,0.0156958,0.0038877,18.743,14.9683,23.4697,commune,1.7761,0.0263684,0,2066,0.220414,0.0620206,0.0425281,6.31016,46.0669,-0.0794121,-0.0113197,0.0283913,0.0562346,0.0944027,0.0178632,0.3105,0.603,-4898.02,-60185.4,376.784,27027.9,139471,0.0548925,0.0321412,0.0280522,reel,1221.95,1305,1420.1,0.00068977,1303
38318,Pont-Évêque,38,province,107,35.6667,2408.72,2407.4,0.0277064,0.0121136,14.1512,11.2933,17.7325,commune,1.75783,0.0259189,0.17757,618,0.176966,0.0469286,0.0210649,4.91084,45.5301,-0.0827173,-0.0116685,0.0283882,0.0585831,0.0962202,0.0176489,0.312,0.5925,-2798.46,-39437.6,237.714,17229.8,89122.6,0.0630273,0.0333648,0.0284136,reel,1138.8,1306.5,1479.2,0.00112262,1304
69010,L'Arbresle,69,province,125,41.6667,2682.39,2680.74,0.0227619,0.00817581,14.7224,11.0876,19.549,commune,2.10789,0.0357546,0,1271,0.136195,0.0400832,0.0211801,4.61445,45.8344,-0.0857257,-0.0131168,0.028374,0.0575829,0.0942105,0.0170522,0.31,0.6055,-4001.58,-44980.3,276.569,19095,99248.5,0.0591522,0.0313612,0.02606,reel,1170.9,1309,1437,0.000913313,1305
75120,Paris 20e Arrondissement,75,paris,5412,1804,8277.25,8277.2,0.00365264,0.000210544,30.963,24.9905,38.363,commune,1.33962,0.0166727,0.0306726,72473,0.235386,0.0814079,0.0424684,2.39977,48.8671,-0.0841105,-0.00544362,0.0283589,0.0591191,0.100404,0.0205556,0.2795,0.6005,-5938.06,-140089,871.155,63579.3,306258,0.0427142,0.027956,0.0288411,lmnp,1281.95,1309,1335,0.000178163,1306
38468,Salaise-sur-Sanne,38,province,39,13,1842.84,1836.5,0.0454171,0.0325473,12.3525,9.58068,15.9263,maille,2.23898,0.0405844,0,269,0.112621,0.0147482,0.0322745,4.80129,45.3569,-0.0803865,-0.00848717,0.0283505,0.0580454,0.097639,0.0191724,0.2955,0.588,-2107.41,-30955.4,182.912,13390,68185.1,0.0706683,0.0341072,0.0285932,reel,1080.2,1327.5,1585.05,0.00177091,1307
62667,Le Portel,62,province,101,33.6667,2204.99,2206.65,0.0273422,0.0117964,13.4939,10.8687,16.7532,commune,1.94113,0.0306947,0.0792079,2183,0.191202,0.0400674,0.00389485,1.57209,50.7072,-0.0860086,-0.0113088,0.0283412,0.0583915,0.0964902,0.0176082,0.309,0.598,-2778.61,-37273.2,222.015,15445,81584.8,0.065273,0.0335071,0.0282184,reel,1138,1312,1506.15,0.00120722,1308
25356,Maîche,25,province,100,33.3333,2064.29,2066.45,0.0302379,0.0144278,13.3448,10.4023,17.1196,commune,2.26044,0.0413761,0,807,0.184609,0.0564337,0.116477,6.80369,47.252,-0.0794227,-0.00976154,0.028338,0.0562344,0.0968843,0.0181973,0.299,0.6025,-3087.74,-35726.1,202.491,16431.7,76378.8,0.0688552,0.0346258,0.0278486,reel,1156.7,1311,1492.05,0.00116059,1309
06027,Cagnes-sur-Mer,06,province,2462,820.667,4904.79,4904.92,0.00672979,0.000714717,22.1138,18.3487,26.6515,commune,1.37384,0.0172761,0,9960,0.107945,0.029039,0.00614322,7.15347,43.6598,-0.0700973,-0.0027542,0.0283248,0.0555769,0.0940604,0.0222687,0.2665,0.6125,-5490.21,-76830.4,489.307,39406.7,181477,0.0504335,0.0297764,0.0280825,lmnp,1256.9,1307.5,1369,0.000385063,1310
69235,Saint-Romain-en-Gal,69,province,45,15,2828.99,2825.53,0.0376652,0.0223852,15.0313,11.843,19.0781,maille,1.89008,0.0291165,0,197,0.159428,0.0358953,0.0200673,4.86315,45.5278,-0.0896077,-0.0136016,0.0283149,0.0549243,0.0953269,0.0150099,0.3215,0.609,-4697.95,-48353.6,292.542,20066.8,104673,0.0573972,0.0309963,0.0257583,reel,1114.9,1299.5,1499.15,0.00140582,1311
11206,Limoux,11,province,59,19.6667,1602.96,1606.12,0.0379135,0.0226752,11.5883,9.69245,13.855,commune,2.70766,0.0676414,0.322034,1055,0.0781621,0.0133191,0.00194711,2.2174,43.0539,-0.0852218,-0.0116398,0.0283,0.0579307,0.0963591,0.0176976,0.3125,0.6035,-2083.53,-26235.1,162.979,11230.1,59309.4,0.0755227,0.0341859,0.0287187,reel,1039.95,1301,1546.45,0.00169703,1312
83047,La Crau,83,province,163,54.3333,3678.13,3678.72,0.0250319,0.00988749,17.8658,14.1451,22.5651,commune,1.28567,0.0155048,0,1432,0.0605291,0.0134389,0.00352298,6.07281,43.1486,-0.0875642,-0.0115792,0.0282762,0.0584488,0.0964435,0.0178702,0.319,0.603,-4296.53,-59127.7,366.477,25775.2,136091,0.0533938,0.0314438,0.0274864,reel,1181.55,1321,1471.75,0.00106802,1313
25204,Doubs,25,province,62,20.6667,3268.89,3284.15,0.0382345,0.0230667,16.5652,12.9963,21.1142,commune,1.18939,0.0130944,0,222,0.220308,0.0326785,0.0217923,6.3501,46.9265,-0.088576,-0.0107678,0.0282713,0.0570197,0.0983275,0.0184772,0.308,0.598,-3930.92,-53129.4,322.179,23277.9,120949,0.055304,0.0319117,0.0275803,reel,1062.8,1305,1573.5,0.00164705,1314
31460,Roquettes,31,province,41,13.6667,2514.26,2514.94,0.0414414,0.0270969,13.9119,12.4922,15.493,commune,1.03016,0.00797267,0,273,0.0178791,0.00228012,0.000894073,1.36769,43.4972,-0.0858163,-0.0118523,0.0282626,0.0582087,0.0960885,0.0182238,0.3135,0.592,-2874.37,-39320.5,247.701,17598.5,93027.7,0.0592391,0.0321478,0.028349,reel,1019.8,1314,1568.5,0.0019017,1315
78646,Versailles,78,grande_couronne,2246,748.667,6574.7,6575.28,0.00499823,0.000394243,26.4012,21.3693,32.6179,commune,1.43677,0.0185673,0,24775,0.253381,0.0925461,0.0582843,2.1362,48.8041,-0.0563096,0.00173075,0.0282617,0.0513175,0.0864423,0.0239091,0.236,0.6225,-10237.3,-99593.2,693.854,51991.5,243264,0.0454491,0.0283057,0.0277042,lmnp,1277.95,1314,1353.1,0.000250634,1316
17421,Saujon,17,province,67,22.3333,2713.22,2706.9,0.0337027,0.0179206,14.9118,12.0459,18.4595,commune,1.51769,0.0205389,0,452,0.100248,0.0410325,0.0111236,-0.930346,45.6733,-0.0877765,-0.0119513,0.0282548,0.0584236,0.0957715,0.0178582,0.313,0.5975,-3409.63,-44536.2,273.318,19194.8,100389,0.0593174,0.0324565,0.0281323,reel,1132.4,1322,1546.65,0.00139531,1317
42316,Unieux,42,province,83,27.6667,1310.37,1306.26,0.0351821,0.0195294,10.5731,7.66636,14.5819,commune,2.25551,0.0411498,0,1518,0.15228,0.0509419,0.023102,4.26439,45.3988,-0.0904831,-0.0118822,0.0282511,0.0615285,0.104934,0.0199484,0.3065,0.589,-1588.06,-24076.1,132.632,9569.5,48483.6,0.0830891,0.0360316,0.028501,reel,1089.85,1326.5,1539,0.00147055,1318
51474,Saint-Brice-Courcelles,51,province,30,10,2877.78,2893.75,0.0499546,0.0393484,15.6719,13.0503,18.82,maille,1.94446,0.0307971,0,374,0.0740448,0.0176689,0.0123184,3.98481,49.2616,-0.0895113,-0.0109244,0.0282368,0.0565143,0.0939318,0.0177111,0.315,0.5925,-3966.55,-46975.2,288.255,20403.2,106478,0.059095,0.032367,0.0280005,reel,1025.65,1322,1608,0.00204399,1319
14118,Caen,14,province,4805,1601.67,3061.72,3061.67,0.00378641,0.000226249,15.9624,13.0962,19.4559,commune,1.17981,0.0128945,0.0151925,40222,0.169432,0.0497736,0.0248394,-0.365483,49.1824,-0.0845094,-0.0120937,0.0282352,0.0575802,0.0944887,0.0184441,0.3105,0.5935,-4146.02,-49074.9,305.316,21805.5,113284,0.0566836,0.0322991,0.0281159,reel,1296.95,1318,1342,0.000145691,1320
93055,Pantin,93,petite_couronne,1368,456,5971.81,5973.07,0.00697162,0.000766995,25.3964,20.4578,31.5271,commune,2.21926,0.039879,0.174708,29015,0.210776,0.0507643,0.01941,2.40626,48.8938,-0.0901124,-0.0127001,0.028227,0.0580741,0.0963243,0.0145565,0.3205,0.6045,-8499.33,-100405,621.887,42045.9,220957,0.0480183,0.029692,0.0269421,reel,1278.9,1317.5,1357.1,0.00027088,1321
73330,Yenne,73,province,32,10.6667,2237.44,2218.86,0.0506263,0.0404368,13.9467,11.2483,17.2925,commune,2.60064,0.0583851,0,523,0.117199,0.018034,0.0221682,5.75715,45.7034,-0.0831436,-0.0104891,0.0281822,0.0588074,0.0965185,0.0188494,0.306,0.5965,-2875.17,-37062.4,222.556,16091.6,82785.3,0.0667551,0.0337593,0.0286295,reel,1047.85,1314.5,1617,0.00202866,1322
76108,Bois-Guillaume,76,province,268,89.3333,2844.85,2846.98,0.0194665,0.00597973,15.1798,12.7477,18.0759,commune,1.31177,0.0160636,0,1902,0.106392,0.0280752,0.0117299,1.11029,49.4676,-0.0889412,-0.0111343,0.0281551,0.0579601,0.095634,0.0180783,0.322,0.6,-3756.93,-44653.7,282.795,20090.8,105259,0.0577035,0.0320844,0.0278349,reel,1208.8,1324,1440.05,0.000799486,1323
08362,Rethel,08,province,47,15.6667,1570.99,1577.7,0.0435258,0.0298647,11.5809,8.65378,15.498,commune,2.65908,0.0630137,0.106383,1528,0.145435,0.0432157,0.0195567,4.36529,49.5089,-0.0857328,-0.0110386,0.0281512,0.0606312,0.0987902,0.0185121,0.323,0.589,-2040.07,-27676.6,159.833,11300.8,58126.8,0.0770024,0.03493,0.0282084,reel,1069.85,1302,1588.75,0.00183883,1324
30258,Saint-Gilles,30,province,125,41.6667,2099.58,2103.6,0.0306185,0.0147929,12.8483,10.5536,15.642,commune,2.1424,0.0369323,0.248,1842,0.0584904,0.0109863,0.00275528,4.42126,43.676,-0.0866769,-0.0094717,0.0281483,0.0570766,0.093626,0.0175527,0.304,0.6045,-2874.35,-34012.2,215.068,14733.4,77684.5,0.0648605,0.032156,0.0271605,reel,1134.7,1307,1516.3,0.00134146,1325
56078,Guidel,56,province,196,65.3333,3223.88,3221.5,0.0174121,0.00478426,16.4463,12.6104,21.4489,commune,1.17952,0.0128932,0,995,0.0708182,0.0289567,0.0168821,-3.51895,47.7717,-0.0850097,-0.0109322,0.0281388,0.0593042,0.0965173,0.018592,0.306,0.593,-3782.66,-52224.1,318.57,22851.5,119284,0.0556334,0.0320359,0.0281553,reel,1234.9,1333,1451.2,0.000778572,1326
62041,Arras,62,province,832,277.333,2439.77,2440,0.00957574,0.00144701,14.3746,11.5688,17.8609,commune,2.01305,0.0326454,0.0180288,14512,0.192142,0.0923304,0.0164777,2.77726,50.2895,-0.0821004,-0.0119794,0.0281285,0.0567131,0.0965429,0.0170628,0.316,0.608,-3543.69,-39762.3,252.102,17376.3,90271.4,0.0633237,0.0333687,0.0279185,reel,1270.95,1325,1394.1,0.000411188,1327
33104,Castelnau-de-Médoc,33,province,30,10,2718.8,2718.22,0.0421623,0.028048,14.9338,12.4071,17.9749,commune,1.47796,0.0195822,0,212,0.106294,0.0445818,0.00551371,-0.797883,45.026,-0.0886545,-0.0107729,0.0281099,0.057943,0.096685,0.0180323,0.312,0.5945,-3523.91,-44105.9,274.771,19179.6,100596,0.0592928,0.0325189,0.0282471,reel,1047.9,1306.5,1612.55,0.00188648,1328
74200,Neuvecelle,74,province,57,19,4747.67,4746.45,0.034648,0.0189432,21.1518,16.0502,27.8749,commune,1.40893,0.0179211,0,327,0.173634,0.0924237,0.0788202,6.61168,46.3955,-0.0906071,-0.0127398,0.0280911,0.0565219,0.095933,0.0169765,0.317,0.6045,-7296.12,-79657.5,485.748,34670.1,175664,0.049671,0.0304696,0.0267449,reel,1139.9,1330.5,1533.2,0.00131227,1329
69003,Albigny-sur-Saône,69,province,31,10.3333,3379.72,3373.67,0.0451536,0.0321694,16.8714,13.6538,20.8474,commune,1.26595,0.0149673,0,448,0.205419,0.035875,0.013714,4.83153,45.8674,-0.0813684,-0.0132553,0.0280818,0.0567298,0.0944049,0.0175612,0.312,0.6005,-4664.01,-55246.9,340.07,23949.2,125050,0.0545776,0.0315867,0.0272596,reel,1053,1316,1555.15,0.00179741,1330
76540,Rouen,76,province,5161,1720.33,2664.28,2664.31,0.00444846,0.000312285,15.3816,12.3675,19.1302,commune,2.13602,0.0367501,0.0647161,55201,0.18458,0.0577618,0.0346483,1.09116,49.4431,-0.0790371,-0.0107635,0.0280769,0.0594588,0.096854,0.0190846,0.309,0.599,-3052.58,-42568.7,265.047,19126.6,98578.2,0.0625231,0.0337101,0.0288881,reel,1308,1332,1361.1,0.000187045,1331
29190,Plougonvelin,29,province,77,25.6667,2864.02,2863.14,0.0300565,0.0142541,15.2961,12.4464,18.7982,maille,1.46259,0.0191984,0,247,0.124551,0.0214123,0.00483776,-4.70594,48.3459,-0.0870921,-0.0110919,0.0280736,0.058313,0.0972401,0.017604,0.3145,0.6005,-3585.87,-46471.5,286.098,20085.3,105969,0.0578045,0.0320278,0.0276674,reel,1131.95,1325.5,1514.3,0.00131862,1332
61169,Flers,61,province,184,61.3333,1176.49,1176.52,0.0239689,0.00906298,10.4235,8.21309,13.2288,commune,2.70969,0.0678283,0.0163043,3129,0.178525,0.104574,0.0274603,-0.567182,48.7496,-0.0814962,-0.00912698,0.0280713,0.0582962,0.0981978,0.0193615,0.2985,0.6065,-1710.16,-21718.3,125.954,8678.18,43530.3,0.091018,0.0380291,0.0280464,reel,1192.65,1346,1488.25,0.000996422,1333
01071,Cessy,01,province,113,37.6667,5065.54,5066.02,0.0242161,0.00925378,23.16,17.635,30.4159,commune,1.904,0.0296507,0,727,0.0378128,0.0109368,0.0140223,6.06913,46.3182,-0.0855007,-0.00933629,0.0280531,0.0582859,0.094996,0.0183749,0.3055,0.6005,-6241.76,-81503.9,501.445,35663.3,187425,0.0513114,0.0315191,0.0276147,reel,1184.85,1334,1512.1,0.00109914,1334
94080,Vincennes,94,petite_couronne,1940,646.667,8449.84,8450.68,0.00514241,0.000417313,31.1333,24.7421,39.1755,commune,1.39559,0.0176645,0,13866,0.310518,0.13298,0.0879327,2.43599,48.8479,-0.0764373,-0.00554633,0.0280515,0.0570647,0.0950557,0.0204355,0.2855,0.61,-10411.7,-139956,924.18,65508.2,312644,0.0420836,0.0274544,0.0271815,lmnp,1296,1337,1376.1,0.000242706,1335
74169,Marnaz,74,province,87,29,3014.43,3012.33,0.0281367,0.0124927,16.1944,13.2597,19.7788,commune,1.75116,0.0256864,0,679,0.114228,0.0366647,0.0354567,6.52884,46.0603,-0.088847,-0.0110389,0.0280283,0.0580245,0.0948516,0.0176049,0.3065,0.6,-3758.39,-48939.2,297.964,21733.5,111534,0.0584964,0.0327043,0.0284419,reel,1157.85,1350,1528.7,0.0011909,1336
2B313,San-Nicolao,2B,province,145,48.3333,2963.49,2971.05,0.0267356,0.0112788,16.0013,13.776,18.5861,commune,2.59687,0.0580893,0,539,0.0294054,0.0188154,0.00580096,9.53139,42.3706,-0.0888335,-0.0129036,0.0280189,0.056932,0.0944462,0.0165269,0.322,0.607,-4409.98,-48402.2,306.82,20815.2,109649,0.0587199,0.0314983,0.0266401,reel,1156.55,1350,1499.1,0.00113485,1337
31395,Muret,31,province,487,162.333,2353.09,2353.04,0.0121753,0.00233931,13.4814,11.4067,15.9335,commune,1.38921,0.017555,0.252567,3787,0.0404552,0.0114464,0.00583466,1.32865,43.4649,-0.0837843,-0.0117768,0.0280023,0.0578201,0.0965827,0.0169906,0.3105,0.603,-3008.2,-37688,233.324,16547.1,87064.3,0.0611015,0.0321582,0.0278925,reel,1271.95,1340.5,1422.15,0.000498403,1338
62193,Calais,62,province,602,200.667,2119.64,2119.74,0.0112543,0.00199875,13.4823,10.8523,16.7497,commune,2.00609,0.0323931,0.0531561,8335,0.203243,0.0501697,0.0176473,1.85195,50.9533,-0.0884962,-0.00975143,0.0280012,0.0596966,0.0971933,0.0190167,0.3025,0.601,-2470.55,-35073.1,208.815,15159.7,78426.6,0.067836,0.0347027,0.0293446,reel,1261.75,1342.5,1421.2,0.00052184,1339
73248,Saint-Jean-de-Maurienne,73,province,197,65.6667,2147.77,2145.11,0.0207565,0.00679868,13.4339,8.60779,20.9658,commune,2.68474,0.0649918,0,2869,0.166889,0.138314,0.0777023,6.34587,45.2763,-0.0830151,-0.0104256,0.0279909,0.0575902,0.0969695,0.0179692,0.3,0.6085,-3575.13,-39323.5,229.11,16513.4,79467.4,0.066677,0.0329667,0.0254531,reel,1236.9,1348,1460.05,0.000772137,1340
31066,Bessières,31,province,31,10.3333,2161.38,2159.96,0.0474535,0.0355273,12.841,10.9623,15.0417,commune,1.59339,0.0221622,0,218,0.05007,0.0108503,0.00512461,1.60297,43.7995,-0.0846983,-0.0109892,0.0279878,0.0587482,0.095861,0.0177514,0.309,0.6045,-2785.2,-35633.4,219.278,15212.8,79971,0.0629655,0.0320337,0.0274135,reel,1057.95,1320.5,1614.35,0.00195763,1341
17028,Aytré,17,province,169,56.3333,4070.56,4067.89,0.0213347,0.00718229,18.9311,15.1389,23.6732,commune,1.51305,0.0204399,0,1814,0.0912795,0.00747162,0.00128069,-1.12682,46.134,-0.090062,-0.0139111,0.0279479,0.0575027,0.0942854,0.0159517,0.3205,0.603,-6139.19,-66742.6,409.608,28497.3,150611,0.0513868,0.0304984,0.0261169,reel,1213.9,1349,1474.4,0.000917874,1342
31116,Castelginest,31,province,152,50.6667,2645.79,2646.02,0.0217378,0.00745659,14.362,12.6356,16.3243,commune,1.11746,0.0110279,0,1257,0.0244113,0.00286781,0.000987493,1.43617,43.6947,-0.0830208,-0.0127315,0.0279145,0.0568731,0.0961458,0.0183593,0.3085,0.6005,-3156.8,-41244.3,260.968,18532.6,97894.3,0.0583358,0.031978,0.0280834,reel,1205.95,1352.5,1479,0.000905994,1343
63063,Cébazat,63,province,38,12.6667,2357.61,2365.01,0.0443097,0.0309695,13.6543,10.9666,17.0007,commune,1.84687,0.0280269,0,756,0.0462633,0.0265529,0.0128447,3.10213,45.8307,-0.0868641,-0.0119163,0.027908,0.0582514,0.0965795,0.0169642,0.3145,0.6045,-3182.17,-39551.6,240.528,16749.9,87231.6,0.0618642,0.0320798,0.0273673,reel,1053.15,1363.5,1615.35,0.00188031,1344
69287,Saint-Bonnet-de-Mure,69,province,48,16,3761.8,3759.41,0.0364945,0.0210155,17.801,14.8002,21.4103,maille,1.12848,0.0114138,0,325,0.135747,0.0398542,0.0269163,5.02801,45.6938,-0.0857555,-0.0134882,0.0278965,0.0560273,0.0928674,0.0168282,0.319,0.605,-5806.72,-61621.7,381.925,26866.3,139187,0.0519996,0.0307844,0.0266171,reel,1110.55,1339,1561.2,0.0015391,1345
64422,Oloron-Sainte-Marie,64,province,221,73.6667,1569.65,1567.4,0.0182537,0.00525789,11.4878,9.48645,13.9115,commune,2.58034,0.0566994,0,1988,0.129102,0.03519,0.00809273,-0.610626,43.192,-0.0859039,-0.0102785,0.0278898,0.057626,0.0961599,0.0181347,0.3105,0.6045,-2248.68,-26739.1,162.76,11022.9,58076.9,0.0763573,0.0345916,0.028381,reel,1247.15,1349.5,1463.15,0.000771007,1346
31557,Tournefeuille,31,province,331,110.333,3159.5,3160.21,0.0147603,0.00343804,15.5617,14.0348,17.2547,commune,1.03393,0.00810553,0,3345,0.0119755,0.00198248,0.000969157,1.34466,43.5864,-0.0850814,-0.0144908,0.027881,0.0558632,0.0950141,0.0157603,0.321,0.618,-4935.96,-50345.9,319.033,22106.9,116901,0.0534072,0.0303355,0.0260294,reel,1251.8,1347,1461,0.000662305,1347
31203,Frouzins,31,province,102,34,2712.78,2713.65,0.026488,0.0110713,14.435,13.1011,15.9048,commune,1.05568,0.00898276,0,870,0.0104637,0.00521209,0.00252323,1.32324,43.523,-0.0848139,-0.0120043,0.0278616,0.0564225,0.0933682,0.0173603,0.315,0.6055,-3627.93,-42231.3,270.89,18996.2,100373,0.0572183,0.0315175,0.0275368,reel,1156.8,1353.5,1513.15,0.00119166,1348
59421,Mouvaux,59,province,130,43.3333,3907.07,3915.09,0.02456,0.00951843,18.4741,15.1601,22.5126,commune,1.19722,0.0133406,0,1008,0.100786,0.0224789,0.00731629,3.13614,50.7018,-0.0896907,-0.0105151,0.0278526,0.056508,0.0953977,0.017365,0.305,0.609,-5329.02,-62771,389.109,27493.2,144561,0.0521336,0.0311189,0.0271107,reel,1188.3,1336,1503.4,0.00103371,1349
31458,Roques,31,province,61,20.3333,2734.05,2735.76,0.034126,0.018376,14.4634,13.0105,16.0785,commune,1.35702,0.0169719,0,496,0.0160026,0.0032146,0.00431731,1.36428,43.5044,-0.0877601,-0.0131348,0.0278453,0.0558437,0.0949369,0.0169371,0.323,0.6135,-4020.61,-43509.1,276.562,19192.3,101160,0.0568975,0.0309566,0.0265706,reel,1126,1351.5,1577.3,0.00151367,1350
01266,Montrevel-en-Bresse,01,province,36,12,2014.51,2014.13,0.0424875,0.0284828,12.8816,10.0884,16.4482,commune,1.98898,0.0319744,0,376,0.114838,0.0277811,0.0187559,5.12765,46.337,-0.0836275,-0.0102625,0.0278386,0.0581734,0.0967215,0.0185672,0.315,0.594,-2417.93,-32793.9,198.834,14428.2,74536.8,0.0677978,0.033908,0.0289099,reel,1071.65,1364,1619.55,0.00191056,1351
59560,Seclin,59,province,97,32.3333,2898.24,2904.87,0.0283869,0.0127155,15.5849,13.4988,17.9934,commune,1.61891,0.0228137,0.113402,1864,0.123873,0.0170713,0.00717756,3.0312,50.5479,-0.0869598,-0.0119668,0.0278273,0.056802,0.0962612,0.0175414,0.3105,0.605,-3819.97,-46464.2,289.005,20397.3,107235,0.0583178,0.0323272,0.0280132,reel,1178.7,1362,1546,0.00118356,1352
69264,Villefranche-sur-Saône,69,province,1266,422,2603.46,2603.25,0.00717867,0.00081324,14.658,11.5376,18.6223,commune,1.94722,0.0308787,0.0173776,10146,0.122857,0.0388314,0.0145986,4.71823,45.9876,-0.0863262,-0.0117739,0.0278242,0.0574949,0.0953276,0.0174851,0.317,0.599,-3615.57,-42999.5,263.285,18474.5,96327.9,0.0606485,0.0323273,0.0274995,reel,1312.8,1356,1403.05,0.000287959,1353
69283,Mions,69,province,105,35,3903.13,3901.73,0.024816,0.00971797,18.3128,14.598,22.973,commune,1.02204,0.00740284,0,942,0.0434054,0.018671,0.0139458,4.95347,45.6652,-0.0847433,-0.0132621,0.0278158,0.0572802,0.0951018,0.0169835,0.3185,0.5985,-5255.34,-63071.9,389.218,27530.5,144416,0.0516904,0.0309924,0.0270922,reel,1226.55,1353.5,1498.35,0.000994548,1354
04116,Les Mées,04,province,32,10.6667,1971.08,1984.67,0.054229,0.0463808,13.0857,10.3728,16.5082,commune,2.82599,0.0817156,0,307,0.179853,0.0572961,0.0729429,5.97733,44.0298,-0.0846494,-0.0110056,0.027808,0.0569593,0.095828,0.018252,0.3105,0.6,-2901.09,-34390.1,200.304,14978.3,72930,0.0705343,0.034158,0.0270478,reel,1070.8,1355.5,1637.15,0.00197969,1355
35297,Saint-Méen-le-Grand,35,province,59,19.6667,2021.84,2015.25,0.0297192,0.0139367,12.8334,10.2747,16.0292,commune,2.10905,0.0358079,0,407,0.136942,0.0315777,0.019134,-2.19313,48.1883,-0.0833319,-0.0109423,0.027804,0.0588288,0.0945331,0.018332,0.3105,0.5985,-2604.4,-33446.7,204.891,14442.2,74808.3,0.0672654,0.0333809,0.02793,reel,1140.8,1356,1526.25,0.00132981,1356
83073,Le Luc,83,province,205,68.3333,2651.75,2650.75,0.0223433,0.00787772,15.0594,11.9432,18.9888,commune,2.38167,0.0464003,0.24878,1189,0.0504458,0.0152975,0.00176423,6.31083,43.3925,-0.0865844,-0.0136078,0.0277991,0.0579516,0.097816,0.0173119,0.3275,0.605,-3495.12,-42758.7,269.13,18617.1,98114.6,0.0613608,0.0324405,0.027846,reel,1231.65,1368,1489.25,0.00084058,1357
38163,Le Haut-Bréda,38,province,49,16.3333,2017.79,2013.85,0.0406533,0.0260782,12.8532,8.25123,20.0217,maille,1.91096,0.0298364,0,94,0.360272,0.0678203,0.102017,6.05714,45.2742,-0.0902623,-0.0125124,0.0277981,0.0592538,0.101031,0.0181404,0.319,0.6,-3048.84,-38239.7,200.768,15652.8,74658.4,0.0675182,0.0338542,0.0253219,reel,1147.85,1357.5,1557.35,0.00141601,1358
05061,Gap,05,province,1204,401.333,2565.62,2565.17,0.00865655,0.00118254,14.6375,11.6457,18.398,commune,1.88457,0.02898,0.0116279,9358,0.231023,0.0955278,0.0761976,6.07702,44.5579,-0.0806685,-0.0117582,0.0277829,0.0557866,0.0968202,0.0170323,0.3115,0.608,-3877.53,-43333.6,263.066,19092.7,94928,0.0614472,0.0328255,0.0268376,reel,1309,1357,1410.15,0.000322429,1359
35236,Redon,35,province,145,48.3333,2120.07,2117.07,0.0190356,0.00571804,13.3631,10.4962,17.0132,commune,2.29437,0.0425659,0,1814,0.115425,0.0405637,0.023515,-2.08527,47.6508,-0.0796158,-0.0107427,0.0277817,0.0587862,0.0983426,0.0187355,0.311,0.5975,-2434.72,-34739.6,212.596,15228.4,78442.5,0.0671477,0.0337362,0.0285136,reel,1248.8,1373,1494.05,0.000802566,1360
69389,Lyon 9e Arrondissement,69,province,1730,576.667,3914.95,3914.85,0.00614164,0.000595253,18.4285,14.6016,23.2583,commune,1.41821,0.0181209,0.0913295,23492,0.107184,0.02764,0.0128627,4.80519,45.7765,-0.0885129,-0.0137241,0.0277689,0.0581106,0.0955547,0.0172615,0.318,0.6005,-5392.36,-63831.1,395.64,27583.1,144853,0.0518887,0.0306763,0.0263983,reel,1316.95,1359.5,1402,0.000255351,1361
31490,Saint-Jory,31,province,35,11.6667,2575.59,2578.29,0.04475,0.0315954,13.927,12.2681,15.8101,commune,1.24884,0.0146284,0,1003,0.0236373,0.00260491,0.0012303,1.36725,43.7417,-0.0848182,-0.0143127,0.0277499,0.0581768,0.098025,0.0170525,0.317,0.611,-3562.36,-41350.4,260.745,18084.6,95297,0.0578988,0.0311328,0.0268043,reel,1081.7,1357,1645.65,0.0018581,1362
71263,Louhans,71,province,61,20.3333,1466.03,1465.84,0.0403669,0.0257057,11.6181,9.11035,14.8161,commune,2.8109,0.0788253,0,838,0.238053,0.10469,0.0376287,5.22503,46.6299,-0.0826457,-0.0100855,0.0277419,0.0582218,0.0979721,0.0189314,0.303,0.5995,-2111.72,-26304.6,155.443,10834.7,54243.3,0.0828199,0.0373495,0.028145,reel,1100.5,1362,1596.25,0.00162189,1363
74278,Thyez,74,province,179,59.6667,3195.03,3194.03,0.0196788,0.00611109,16.7708,13.749,20.4567,commune,1.52726,0.0207662,0,939,0.0784183,0.0340509,0.0197511,6.5392,46.0794,-0.0850688,-0.0097279,0.027736,0.0583875,0.0967326,0.0180995,0.3035,0.5945,-3565.11,-50762.1,314.428,22690,118216,0.0573546,0.0327692,0.0289358,reel,1246.85,1360.5,1486.25,0.000809129,1364
33240,Lesparre-Médoc,33,province,41,13.6667,1975.9,1973.21,0.0362012,0.0206785,12.6033,9.83968,16.1431,commune,2.7065,0.0674735,0,445,0.079417,0.0269238,0.00701961,-0.927812,45.2991,-0.086225,-0.0126581,0.0277357,0.0559486,0.0952095,0.0171118,0.3175,0.6085,-3138.78,-33068.4,207.97,13886.5,73108.5,0.0674323,0.0321686,0.0263938,reel,1101.3,1360.5,1594,0.00166056,1365
69052,Chazay-d'Azergues,69,province,34,11.3333,3096.98,3094.83,0.0431765,0.0294145,15.626,12.8118,19.0582,commune,1.07251,0.00963173,0,308,0.169201,0.0684859,0.0578559,4.71208,45.8748,-0.0835326,-0.0147912,0.0277344,0.0554369,0.0947537,0.0169014,0.315,0.619,-4837.69,-51317.3,315.487,22589.4,114588,0.0547346,0.0310866,0.0263569,reel,1087.4,1349.5,1628,0.00192423,1366
76103,Bonsecours,76,province,162,54,2381.72,2382.32,0.0249895,0.00985383,14.4234,12.2107,17.037,commune,2.24797,0.0408922,0,996,0.207163,0.0362976,0.0123413,1.12295,49.4232,-0.0805607,-0.0101464,0.0277291,0.0579671,0.0972196,0.0190438,0.3055,0.5945,-2719.04,-37943.7,235.839,16833.8,88123.5,0.0651129,0.0339969,0.0288308,reel,1186.9,1367.5,1538.05,0.00111648,1367
07110,Joyeuse,07,province,33,11,1553.19,1545.01,0.055596,0.0487496,11.5273,9.17201,14.4875,maille,2.62732,0.0606488,0,257,0.138758,0.0863708,0.0305317,4.23742,44.4798,-0.0808678,-0.0111729,0.0277249,0.0571522,0.0950701,0.0180118,0.313,0.611,-2398.16,-27044.6,163.824,11319.4,57468.2,0.0774713,0.0350913,0.0275367,reel,1031.95,1366,1674.2,0.00222634,1368
26333,Saint-Vallier,26,province,79,26.3333,1371.07,1366.05,0.0329569,0.0171378,11.1684,9.08188,13.7342,commune,2.82715,0.0820173,0,842,0.146929,0.0576931,0.021108,4.81516,45.1793,-0.0777726,-0.00907221,0.0277158,0.0588708,0.0965947,0.0198253,0.306,0.5895,-1807.06,-23749,141.371,9995.76,50729.6,0.0846204,0.0370826,0.0298324,reel,1150.8,1364,1576,0.00144791,1369
24372,Saint-Astier,24,province,42,14,1455.12,1455.4,0.0400178,0.0252557,10.8165,8.95668,13.0626,commune,2.54205,0.0546601,0,330,0.0872641,0.00928582,0.0122811,0.5121,45.1429,-0.088829,-0.0126229,0.0277105,0.0577463,0.0944241,0.0166195,0.317,0.6015,-2292.98,-24973.6,149.94,10347.8,53839.5,0.076831,0.0333861,0.0271631,reel,1125.8,1372,1640.1,0.00171687,1370
06088,Nice,06,province,20645,6881.67,5049.08,5049.09,0.00232474,8.52866e-05,22.7448,17.7515,29.1428,commune,1.73956,0.0253612,0.0380237,90519,0.134406,0.0431601,0.0116332,7.25955,43.7029,-0.0860411,-0.0114499,0.027701,0.0578846,0.0947673,0.0174355,0.3085,0.606,-6670.86,-80792.6,508.958,35553.5,186816,0.0504919,0.0310918,0.0272067,reel,1349.95,1368,1388.05,9.15197e-05,1371
85128,Luçon,85,province,52,17.3333,1955.56,1947.83,0.0376899,0.0224074,12.5683,10.0156,15.7716,commune,1.82628,0.027419,0,1064,0.104899,0.0422178,0.0142559,-1.17288,46.4547,-0.0870464,-0.0097019,0.0276928,0.058265,0.0970304,0.0179516,0.3035,0.5965,-2415.78,-32991.1,198.363,13905.3,72355.7,0.067919,0.0337787,0.0287633,reel,1126.8,1338,1573.05,0.00161621,1372
33039,Bègles,33,province,640,213.333,3475.74,3475.89,0.00925211,0.00135086,17.0707,14.3852,20.2577,commune,1.27146,0.0151341,0.0765625,6714,0.023832,0.00812408,0.00360829,-0.550476,44.8083,-0.0830218,-0.0111617,0.0276787,0.0564353,0.0949874,0.0172345,0.3155,0.6025,-4836.54,-54452,346.561,24366.1,128602,0.053758,0.0312256,0.027195,reel,1313,1375.5,1443,0.000396758,1373
92044,Levallois-Perret,92,petite_couronne,2342,780.667,9090.5,9091.05,0.00484573,0.00037055,32.3045,25.7949,40.4569,commune,1.44751,0.0188204,0,19395,0.230767,0.106007,0.067813,2.28742,48.8935,-0.0833633,-0.00709255,0.0276696,0.0560279,0.0937918,0.018637,0.282,0.612,-12754,-157151,1006.65,69623.8,336348,0.0406638,0.02664,0.0259165,lmnp,1333,1371.5,1407.05,0.000230419,1374
13087,Rousset,13,province,72,24,4074.05,4079.59,0.0364742,0.0209907,18.8953,15.5677,22.9342,commune,1.2703,0.0150961,0,612,0.0568351,0.0150572,0.00340735,5.62278,43.4815,-0.0866451,-0.0145409,0.0276608,0.0553929,0.0947023,0.0163251,0.32,0.601,-6327.4,-66073.6,411.231,28650.9,150740,0.0512374,0.030691,0.0265592,reel,1132.9,1376,1617,0.00157916,1375
35139,Laillé,35,province,46,15.3333,2648.42,2643.31,0.0335921,0.0178052,14.0995,11.8172,16.8227,maille,1.39733,0.0177192,0,254,0.0311403,0.00281496,0.00127314,-1.72346,47.9813,-0.0928573,-0.0115235,0.027629,0.0563409,0.0941562,0.0161055,0.3155,0.607,-3884.7,-43105,269.89,18563.2,97991.6,0.0570884,0.0306634,0.02607,reel,1164.35,1362,1583.6,0.00132883,1376
33522,Talence,33,province,1133,377.667,3838.8,3838.84,0.00695573,0.000763512,18.3952,15.1381,22.353,commune,1.26334,0.0149042,0.0220653,17392,0.0646724,0.021168,0.00570166,-0.586981,44.8103,-0.0870511,-0.0129839,0.0276202,0.0574489,0.0955845,0.0166284,0.316,0.6015,-5150.76,-61705.8,383.421,26926.5,142035,0.052814,0.0314024,0.0274927,reel,1327.85,1374.5,1428,0.00032176,1377
75119,Paris 19e Arrondissement,75,paris,4264,1421.33,8068.61,8068.59,0.00411496,0.000267214,30.0204,23.8608,37.77,commune,1.4507,0.0189301,0.0558161,58465,0.179574,0.063669,0.0485868,2.38159,48.8832,-0.0892141,-0.0105248,0.0276009,0.0581202,0.0979918,0.018281,0.2995,0.6105,-8481.65,-138726,867.303,62188.9,298539,0.0424168,0.02731,0.0274278,lmnp,1344.95,1379.5,1415.05,0.000221735,1378
26324,Saint-Paul-Trois-Châteaux,26,province,74,24.6667,2046.88,2045.52,0.0340326,0.0182746,12.9292,9.98132,16.7478,commune,1.97419,0.0315146,0,729,0.11742,0.037297,0.0150279,4.76815,44.3494,-0.0869691,-0.0113429,0.0275981,0.0590158,0.0964232,0.0187397,0.311,0.6,-2722.03,-34722.7,206.549,14602,75734.5,0.0670049,0.0336011,0.0285315,reel,1158.9,1386,1599.05,0.00146871,1379
33466,Saint-Quentin-de-Baron,33,province,99,33,2250.66,2250.91,0.0234383,0.00866884,13.044,10.6197,16.0216,commune,1.40139,0.0178019,0,262,0.0195995,0.00955066,0.00114492,-0.296259,44.8236,-0.0868844,-0.0126983,0.0275865,0.0569768,0.0953931,0.0173915,0.315,0.605,-3119.55,-36218.2,226.701,15749.9,83274.4,0.0615497,0.0318527,0.0275561,reel,1257.95,1367,1526.4,0.000958913,1380
13040,Fuveau,13,province,89,29.6667,4161.4,4165.23,0.0328717,0.0170496,19.2839,15.7089,23.6726,commune,1.55713,0.0213486,0,718,0.0527916,0.019608,0.0015876,5.56106,43.4535,-0.0876474,-0.0140238,0.0275854,0.0561819,0.0949438,0.0162315,0.3195,0.612,-6258.87,-67358.1,422.548,29137.7,153972,0.0512826,0.0305394,0.0262383,reel,1186.65,1374.5,1572.3,0.00128899,1381
75114,Paris 14e Arrondissement,75,paris,4238,1412.67,9321.95,9321.91,0.00412756,0.000268853,33.1047,26.8445,40.8247,commune,1.37689,0.0173522,0,53999,0.270117,0.105209,0.0657071,2.32531,48.8305,-0.0859517,-0.0091902,0.0275793,0.0568022,0.0976102,0.0177554,0.298,0.6135,-10709.7,-162562,1023.02,71303.1,344912,0.0406842,0.0269475,0.0274422,lmnp,1346.95,1379.5,1412,0.000194438,1382
38150,Domène,38,province,129,43,2933.17,2933.49,0.0252595,0.0100685,15.5105,12.5295,19.2008,commune,1.67111,0.0239605,0,897,0.146358,0.0425132,0.0201188,5.8359,45.2012,-0.0860312,-0.0127546,0.0275741,0.0560123,0.0956261,0.0164544,0.3205,0.623,-4487.84,-48433.2,298.376,20829.6,108527,0.057319,0.0316438,0.0269155,reel,1221.55,1396,1535.05,0.00105322,1383
38537,La Verpillière,38,province,136,45.3333,2894.2,2893.97,0.0246072,0.00955524,15.57,12.8461,18.8716,commune,1.9536,0.0310446,0,1127,0.10862,0.0418407,0.015255,5.14584,45.635,-0.0809462,-0.0115333,0.0275733,0.0559008,0.0949712,0.0168449,0.312,0.6075,-4166.79,-47600.4,295.939,20548.2,107086,0.0583375,0.0318593,0.0271588,reel,1228.45,1374.5,1537,0.00100743,1384
69176,Soucieu-en-Jarrest,69,province,50,16.6667,3036.31,3035.92,0.0357722,0.0201919,15.2614,11.8681,19.6249,commune,1.24159,0.0144479,0,328,0.126229,0.0367269,0.0602103,4.70238,45.6783,-0.091332,-0.0143702,0.0275299,0.0564325,0.0956648,0.0159417,0.325,0.603,-4714.98,-51861.1,307.227,22277.8,112343,0.0543875,0.0303953,0.025464,reel,1186.75,1402,1602.4,0.00142215,1385
42189,Roche-la-Molière,42,province,131,43.6667,1854.35,1853.81,0.028104,0.0124627,12.135,9.22221,15.9677,commune,1.78799,0.0265999,0,1553,0.13691,0.0630815,0.0364889,4.3226,45.433,-0.0829003,-0.0115719,0.027524,0.0591883,0.0962619,0.018162,0.3115,0.6,-2475.98,-31402.8,187.397,13597.5,68610.9,0.0688218,0.0336096,0.0274683,reel,1213.95,1382.5,1552.15,0.00113484,1386
73270,Saint-Pierre-d'Albigny,73,province,72,24,2570.21,2562.94,0.0341342,0.0183849,14.8018,11.5686,18.9386,commune,2.5815,0.0567748,0,699,0.178067,0.0246541,0.0140727,6.15659,45.5695,-0.0848852,-0.0129441,0.0275201,0.0556147,0.0949247,0.0170621,0.318,0.6075,-3932.94,-42778.5,263.864,18195.7,95097.8,0.0621044,0.0322982,0.0267865,reel,1206,1384.5,1616.1,0.00136282,1387
38175,Froges,38,province,59,19.6667,2888.36,2892.1,0.0371301,0.0217544,14.8917,12.1448,18.2599,commune,1.0641,0.00930954,0,457,0.0794122,0.0234286,0.00749503,5.91807,45.2675,-0.0844449,-0.0124639,0.0275105,0.0569039,0.0953557,0.0170186,0.32,0.6055,-4246.27,-46988.4,290.984,20338.6,106869,0.0556374,0.0310299,0.0266484,reel,1145.05,1392.5,1587.7,0.00160903,1388
06157,Vence,06,province,715,238.333,4407.9,4408.28,0.0124772,0.00245674,20.6387,16.8359,25.3005,commune,1.63196,0.0231004,0.132867,3233,0.130362,0.0423229,0.00838823,7.11173,43.7227,-0.0875051,-0.0122767,0.0274956,0.056773,0.0942193,0.0176718,0.319,0.603,-5780.06,-70600.8,442.849,31038.2,163092,0.052103,0.0314923,0.0276002,reel,1318.95,1389,1461.05,0.00047814,1389
83061,Fréjus,83,province,3294,1098,4280.55,4280.57,0.00559448,0.000493914,19.7768,16.0571,24.3582,commune,1.3109,0.0160358,0.0209472,14351,0.0590705,0.0136741,0.00216609,6.74465,43.4286,-0.0831366,-0.0122052,0.0274906,0.0565763,0.0949758,0.0174129,0.312,0.605,-5729.91,-67416.3,426.63,29985.3,158380,0.0512368,0.0310228,0.0270392,reel,1350.9,1389,1424.3,0.00023652,1390
76312,Gournay-en-Bray,76,province,43,14.3333,1466.83,1463,0.0478627,0.0361383,11.2065,9.0526,13.8728,commune,2.68503,0.0650118,0,1491,0.105555,0.0382915,0.0444853,1.72369,49.4842,-0.0888483,-0.00983118,0.0274859,0.0591421,0.096755,0.0184969,0.3075,0.6075,-2031.51,-25611.3,148.335,11085.8,54272.6,0.0794079,0.035155,0.0281634,reel,1081.5,1403.5,1655.3,0.00202828,1391
76351,Le Havre,76,province,4597,1532.33,2387.19,2387.26,0.00471337,0.000350586,13.9014,10.6674,18.1157,commune,1.95505,0.0310497,0.120296,53169,0.188266,0.0619982,0.0274378,0.115238,49.497,-0.0865129,-0.0120796,0.0274467,0.0572672,0.094648,0.0172042,0.3135,0.6075,-3516.09,-39442.7,246.003,17074.5,88326,0.0623396,0.0324398,0.0266972,reel,1358,1395,1428,0.000188185,1392
83031,Le Cannet-des-Maures,83,province,38,12.6667,2512.08,2509.13,0.051027,0.0410761,14.3538,11.3421,18.165,maille,2.0393,0.0334225,0,239,0.113359,0.0172776,0.00427733,6.34025,43.3927,-0.0809656,-0.00876493,0.0274465,0.0574061,0.0952713,0.0182332,0.3025,0.599,-3189.69,-41385.9,254.196,17651.2,92947,0.0614013,0.0322963,0.0274784,reel,1064.95,1414.5,1695.25,0.00225563,1393
29260,Saint-Renan,29,province,72,24,2451.32,2450.86,0.0310674,0.0152289,13.7477,11.1151,17.0037,commune,1.34542,0.0167821,0,563,0.0885339,0.0234927,0.00731882,-4.62243,48.4337,-0.0913447,-0.0126283,0.0274416,0.0574603,0.09667,0.0167246,0.321,0.599,-3445.21,-40006.7,247.218,17214.7,90698.9,0.0599562,0.0319106,0.0273726,reel,1232.75,1407.5,1594.15,0.00124546,1394
34090,Le Crès,34,province,114,38,4291.69,4297.81,0.0291721,0.0134286,19.2743,16.4376,22.6005,commune,1.00319,0.00481867,0,796,0.0220847,0.00548114,0.000161499,3.93599,43.654,-0.0913307,-0.012705,0.0274262,0.0549406,0.0954346,0.0156768,0.3225,0.6185,-6673.96,-70088,433.563,30047.4,158793,0.0496988,0.0302506,0.0261187,reel,1235.95,1417.5,1563.05,0.00113126,1395
61006,Argentan,61,province,99,33,1466.51,1469.8,0.0325554,0.0167143,11.0538,8.56461,14.2665,commune,2.10093,0.0355318,0.0505051,2568,0.230547,0.0474788,0.0137594,-0.0216805,48.7454,-0.0859258,-0.012569,0.0274238,0.0581409,0.0993647,0.0175076,0.317,0.601,-2140.56,-25880.9,148.29,10547.6,54260.9,0.0781759,0.0353558,0.0276231,reel,1158.7,1398.5,1587.05,0.00141795,1396
06155,Vallauris,06,province,1599,533,4509.99,4510.18,0.00834908,0.00110003,20.8896,17.034,25.618,commune,1.5873,0.0219883,0.0700438,6287,0.101373,0.0253443,0.00765724,7.06249,43.5723,-0.0886634,-0.0113798,0.0273933,0.0586608,0.0963728,0.0179913,0.316,0.6025,-5783.14,-70945.7,450.45,31675.4,166870,0.0515912,0.0313319,0.0274017,reel,1346.85,1399,1453,0.000344864,1397
06079,Mandelieu-la-Napoule,06,province,2104,701.333,5096.06,5096.42,0.00727942,0.000836226,21.9513,17.9854,26.7917,commune,1.05423,0.00892983,0,7476,0.0602681,0.0117372,0.00151489,6.93796,43.542,-0.0756731,-0.00423695,0.027374,0.0563372,0.0954409,0.0211903,0.275,0.612,-5952.53,-82138,509.802,40668.7,188554,0.0481579,0.0291634,0.0276177,lmnp,1346,1402,1468.05,0.000393402,1398
91534,Saclay,91,grande_couronne,31,10.3333,5028.42,5071.61,0.0399394,0.0251686,21.0433,17.873,24.7758,commune,1.06671,0.00944032,0,222,0.0900223,0.0518741,0.0177704,2.17377,48.7319,-0.074878,-0.00505802,0.0273626,0.0513185,0.0846633,0.0193446,0.281,0.639,-9626.15,-77733.5,524.788,35421.9,186052,0.0466387,0.0289558,0.0265598,reel,1145.55,1381,1626.15,0.00160451,1399
66038,Canohès,66,province,33,11,2646.19,2663.91,0.0533693,0.0449296,14.0483,11.7385,16.8127,commune,1.14269,0.011878,0,255,0.0345884,0.0065429,0.00088911,2.82946,42.6568,-0.0948615,-0.0138849,0.0273531,0.0568478,0.0948865,0.0161728,0.3135,0.6065,-3937.09,-44046.6,268.433,18564.5,97909,0.0569045,0.0308617,0.0264651,reel,1017.3,1435,1733.05,0.00238668,1400
37261,Tours,37,province,4647,1549,2827.38,2827.4,0.00406858,0.000261226,15.4611,12.5947,18.9798,commune,1.60847,0.0225017,0.0144179,58976,0.114211,0.0398092,0.0178186,0.690436,47.3897,-0.084773,-0.00932567,0.0273411,0.0580961,0.094666,0.018554,0.3045,0.5985,-3602.18,-44986.3,282.46,20044.6,104613,0.0592537,0.0327604,0.028513,reel,1369.95,1404,1435.05,0.000176668,1401
77186,Fontainebleau,77,grande_couronne,516,172,4457.49,4458.97,0.00964108,0.00146684,20.1825,16.2315,25.0951,commune,2.21955,0.0399021,0,5233,0.209463,0.116483,0.0673696,2.7009,48.4073,-0.0653248,-0.00517152,0.0273378,0.0524452,0.0837386,0.0199549,0.2875,0.6265,-8670.42,-68954.5,479.634,32211.7,164927,0.0502951,0.0295201,0.0268648,reel,1343.9,1403,1462.1,0.000386884,1402
35360,Vitré,35,province,231,77,2782.25,2780.76,0.0150975,0.0035969,14.9597,11.7504,19.0456,commune,1.65719,0.0235985,0,4090,0.0880689,0.0239804,0.00906834,-1.20901,48.121,-0.0866387,-0.0118085,0.0273339,0.0569729,0.0946542,0.016978,0.3135,0.607,-4031.26,-45778.6,282.006,19623.9,102943,0.0580525,0.0316121,0.0270252,reel,1296.95,1403,1486.85,0.000623262,1403
35099,Domloup,35,province,35,11.6667,2814.26,2808.22,0.0384042,0.0232708,14.5111,12.3027,17.1158,maille,1.12761,0.0113712,0,135,0.0354172,0.00484514,0.00219135,-1.5188,48.0625,-0.089419,-0.0120378,0.0273178,0.055801,0.0934518,0.0159682,0.3235,0.605,-4362.78,-45407.7,285.867,19792.5,104128,0.0554792,0.0305315,0.0260747,reel,1172.4,1403,1653.25,0.00160096,1404
34032,Béziers,34,province,2436,812,2050.4,2050.34,0.00635128,0.000636581,13.1365,10.4635,16.4924,commune,2.567,0.055808,0.465107,21512,0.0898822,0.0212389,0.00520534,3.22074,43.3443,-0.0855458,-0.0111424,0.0273136,0.0582875,0.098989,0.0175948,0.307,0.606,-2469.4,-34238.9,208.125,14436.9,75864.7,0.0681032,0.0334716,0.0283463,reel,1366.95,1409,1446.25,0.00026999,1405
66028,Cabestany,66,province,50,16.6667,2585.17,2593.42,0.0436894,0.0301136,14.1944,11.8248,17.0389,commune,1.26276,0.0148955,0,318,0.0570623,0.00823197,0.00360171,2.93962,42.681,-0.0871566,-0.0127823,0.0272857,0.0571869,0.0965177,0.0172537,0.3145,0.5965,-3415.5,-42046.3,257.186,18142.2,95651.5,0.0589257,0.031934,0.0277499,reel,1124.8,1419.5,1669.05,0.00196228,1406
11116,Cuxac-d'Aude,11,province,48,16,1747.14,1755.04,0.0419269,0.0277275,11.6877,9.67769,14.1151,commune,2.31439,0.0435362,0,215,0.0685953,0.0263317,0.0208678,2.97747,43.2513,-0.0879375,-0.0135732,0.0272854,0.0559116,0.0957007,0.0160013,0.32,0.611,-2794.08,-30128.5,181.032,12519.4,64644.3,0.0699725,0.0325137,0.0266233,reel,1159.85,1435.5,1661.35,0.00171183,1407
51454,Reims,51,province,5234,1744.67,2713.41,2713.5,0.00385663,0.000234718,15.0178,12.0411,18.7305,commune,1.92894,0.0303725,0.0437524,95744,0.124375,0.0363474,0.038695,4.03278,49.2556,-0.0871487,-0.0123689,0.0272782,0.0572993,0.0942246,0.0171802,0.3135,0.6155,-4050.05,-44146.8,273.399,19648.8,100396,0.0597823,0.0322168,0.0273347,reel,1382.95,1407,1441.05,0.000157205,1408
42149,Montrond-les-Bains,42,province,74,24.6667,2147.65,2149.44,0.0372165,0.0218526,12.8334,9.94783,16.5561,commune,1.63834,0.0231959,0,948,0.0866353,0.0376872,0.0130489,4.22934,45.6438,-0.0882497,-0.0124841,0.0272596,0.0580985,0.0966961,0.0162284,0.321,0.6015,-3206.82,-36760.5,219.562,15290.3,79463.1,0.0633255,0.0321388,0.0270685,reel,1134.9,1417,1635.2,0.0016307,1409
74263,Sciez,74,province,93,31,4267.84,4268.73,0.0272248,0.0116961,19.3491,14.9507,25.0414,commune,1.61717,0.0227804,0,723,0.0889606,0.0238981,0.0333849,6.3862,46.3319,-0.0881541,-0.01317,0.0272576,0.0563338,0.0940517,0.0158741,0.3255,0.6235,-7092.28,-70065.5,437.812,30486,157910,0.0501867,0.0298424,0.025338,reel,1257.9,1397,1531.75,0.000988187,1410
46127,Gourdon,46,province,49,16.3333,1362.09,1365.44,0.0406424,0.02603,10.7967,8.29842,14.0472,commune,2.68097,0.06464,0,391,0.183271,0.0502565,0.0415906,1.38579,44.739,-0.0884502,-0.0109813,0.0272558,0.0582459,0.0997485,0.0180176,0.311,0.6015,-2053.2,-24600.8,139.535,10165.5,50397.4,0.081904,0.0352681,0.026441,reel,1161.8,1404,1660.35,0.00164005,1411
13074,Peyrolles-en-Provence,13,province,47,15.6667,3180.43,3185.47,0.0448964,0.0318009,16.2538,13.3708,19.7583,commune,1.89327,0.0292497,0,518,0.0556353,0.00851597,0.000342193,5.58286,43.6465,-0.0856784,-0.0150217,0.0272344,0.0566742,0.0931455,0.0159687,0.3225,0.6105,-5222.01,-52292.7,324.271,22306.4,117676,0.055667,0.0309742,0.02636,reel,1104.15,1396.5,1678.05,0.00192186,1412
74001,Abondance,74,province,86,28.6667,3630.19,3626.81,0.0282977,0.0126361,18.4759,13.1828,25.8941,maille,2.68242,0.0647233,0,294,0.370331,0.0617138,0.0467248,6.75553,46.2915,-0.0899544,-0.0137692,0.0272159,0.0571531,0.0959232,0.0162277,0.323,0.6095,-5748.36,-62793.6,372.252,26194,134317,0.0561157,0.0315032,0.0260618,reel,1246.9,1413,1570,0.0010484,1413
82121,Montauban,82,province,1189,396.333,2225.23,2225.53,0.00731774,0.000845037,13.3768,10.7724,16.6108,commune,2.03248,0.0332249,0.201009,9670,0.113221,0.0270982,0.011172,1.35778,44.0186,-0.0864367,-0.0107918,0.0271891,0.0564933,0.0956618,0.0172354,0.3045,0.6075,-3172.2,-36553.7,226.797,15712.6,82333.6,0.0640479,0.0325967,0.0274973,reel,1364.95,1415,1463,0.000297919,1414
51058,Bezannes,51,province,124,41.3333,3488.04,3494.88,0.0249383,0.00981247,17.046,14.1366,20.5542,commune,1.32396,0.0163332,0,1196,0.00890219,0.00337539,0.00079659,3.99858,49.2213,-0.0876244,-0.0124628,0.0271843,0.0567309,0.0923638,0.0165711,0.3235,0.5985,-5183.47,-55692.6,350.407,24380.8,129058,0.0534834,0.0309843,0.026863,reel,1244.65,1411,1567.2,0.00106462,1415
76655,Saint-Valery-en-Caux,76,province,95,31.6667,2396.93,2399.6,0.0325211,0.0166874,14.1122,10.7913,18.4552,commune,2.09136,0.0351151,0,898,0.132057,0.0670704,0.0405842,0.712822,49.8682,-0.0904302,-0.0129564,0.0271698,0.0572644,0.0983033,0.0173282,0.315,0.604,-3357.4,-40892.3,245.503,17368.6,88686.5,0.0631417,0.0328801,0.0274799,reel,1197.85,1415,1615,0.00132994,1416
40280,Saint-Perdon,40,province,30,10,2146.16,2142.52,0.0451743,0.0321908,12.7613,11.0128,14.7876,maille,1.74304,0.0254545,0,106,0.028028,0.0062013,0.00308248,-0.589487,43.8704,-0.0832217,-0.0127548,0.0271623,0.0559963,0.0934908,0.0169378,0.319,0.6115,-3301.08,-35185.4,218.283,15070.6,79407.8,0.0629665,0.0317033,0.0270239,reel,1145.95,1425,1707.3,0.00194061,1417
76462,Neufchâtel-en-Bray,76,province,30,10,1897.83,1901.05,0.056863,0.0509995,12.4015,10.1199,15.1975,commune,2.18474,0.0384068,0,981,0.0559338,0.0338688,0.0184591,1.4445,49.7323,-0.0817613,-0.00992189,0.0271494,0.0592939,0.100624,0.0199695,0.2995,0.5935,-2030.59,-31018.5,192.903,13586.2,70219.5,0.0689305,0.0334345,0.0282972,reel,1127.65,1438,1758.15,0.00235498,1418
38399,Saint-Jean-de-Bournay,38,province,39,13,2568.63,2567.3,0.0454171,0.0325473,14.4763,11.1857,18.735,commune,1.99536,0.0321248,0,298,0.145347,0.0378345,0.0141771,5.13917,45.5016,-0.0832264,-0.0126355,0.0271467,0.0574729,0.096058,0.0171872,0.3245,0.6035,-3862.29,-43477.8,263.084,18262.6,95039.2,0.0606223,0.0320701,0.0269994,reel,1111.8,1421.5,1661.4,0.00183738,1419
38416,Saint-Marcellin,38,province,242,80.6667,1976.02,1975.08,0.0184855,0.00539246,12.7983,9.87135,16.5931,commune,2.36543,0.0458343,0,1876,0.204446,0.0951782,0.0223767,5.31931,45.1517,-0.0819126,-0.0145769,0.027139,0.056744,0.0958008,0.0159225,0.328,0.615,-3254.01,-34314.6,211.286,14141.6,73112.7,0.0686125,0.0335781,0.0265792,reel,1312.65,1427.5,1529,0.000737978,1420
93063,Romainville,93,petite_couronne,568,189.333,5576.52,5580.02,0.0108137,0.00184528,23.306,18.207,29.8329,commune,2.06119,0.0340929,0.0827465,6325,0.135799,0.0288669,0.0256118,2.43679,48.8824,-0.0964138,-0.0137524,0.0271342,0.0563793,0.095117,0.0142456,0.323,0.61,-8761.43,-95424.7,589.678,39491.6,206331,0.0469238,0.0286865,0.0254564,reel,1352.95,1418.5,1481.1,0.000411182,1421
81004,Albi,81,province,880,293.333,2453.66,2454.07,0.00854105,0.00115117,14.2126,11.6404,17.3531,commune,1.96578,0.0313164,0.0204545,9500,0.120325,0.0383057,0.0164185,2.14568,43.9264,-0.0909302,-0.0123664,0.0271233,0.0572709,0.0941059,0.0175608,0.3105,0.605,-3539.93,-40307.9,249.477,17405,90785.5,0.0621727,0.0326669,0.0277876,reel,1364,1422,1475.1,0.000379595,1422
31187,Fonsorbes,31,province,129,43,2455.97,2456.53,0.0235806,0.0087744,13.5627,11.9548,15.3867,commune,1.05264,0.0088968,0,838,0.0166099,0.00194802,0.000312101,1.22447,43.5405,-0.0862686,-0.0114226,0.0271226,0.0579067,0.0959091,0.0177738,0.314,0.608,-3170.55,-38677.6,244.481,17176.7,90871,0.0589387,0.0315834,0.0275339,reel,1267.95,1438,1566.05,0.00100242,1423
37195,La Riche,37,province,326,108.667,2946.86,2947.66,0.0153351,0.00371082,15.4142,13.2348,17.9525,commune,1.63515,0.0231537,0.0889571,3560,0.0635395,0.0111367,0.00373422,0.6625,47.389,-0.0916044,-0.013162,0.0271208,0.0562877,0.0939763,0.016179,0.3205,0.6,-4494.74,-46995.1,300.81,20743.5,109034,0.0566603,0.0312536,0.0267553,reel,1345.55,1426.5,1522.05,0.000595303,1424
07349,La Voulte-sur-Rhône,07,province,54,18,1606.25,1601.96,0.0438745,0.0303671,11.6475,9.51031,14.2651,commune,2.37297,0.046173,0,965,0.132486,0.0369733,0.024887,4.78179,44.8084,-0.0849935,-0.0101164,0.0271037,0.0573761,0.0970692,0.0177894,0.3065,0.599,-2263.27,-27338.9,163.752,11681.8,59431.2,0.0758105,0.0350411,0.0288648,reel,1167.75,1425,1680.2,0.00178262,1425
14047,Bayeux,14,province,258,86,2584.93,2584.04,0.0163083,0.00419694,14.3349,11.3463,18.1108,commune,2.20737,0.0393892,0,3841,0.160413,0.0634169,0.0387074,-0.705649,49.2778,-0.0905881,-0.0138414,0.0270985,0.0560134,0.0922282,0.0158745,0.332,0.602,-4665.81,-43915,270.533,18790.9,95642.3,0.0595836,0.0310824,0.0251216,reel,1324.9,1424,1520.05,0.000619278,1426
13066,Noves,13,province,33,11,2663.86,2667.08,0.0532252,0.0446893,14.7026,12.1437,17.8007,commune,1.93315,0.030479,0,433,0.0788081,0.0316777,0.000405015,4.90057,43.8773,-0.0839603,-0.012899,0.0270743,0.056567,0.0960903,0.0169334,0.322,0.6055,-3937.33,-43539.3,274.208,18640,98563,0.0594742,0.0317624,0.0270582,reel,1081.75,1416.5,1717.2,0.0022532,1427
69143,Neuville-sur-Saône,69,province,213,71,3383.43,3383.47,0.0174664,0.00481427,16.2816,12.9887,20.4093,commune,1.26073,0.0148751,0,2020,0.107898,0.0366577,0.014905,4.84249,45.8771,-0.0906408,-0.01358,0.0270636,0.0560369,0.0953276,0.0154729,0.3195,0.619,-5468.23,-56438.4,348.55,23914.1,125187,0.0524259,0.029982,0.0252633,reel,1320.75,1423,1515.4,0.000661098,1428
76758,Yvetot,76,province,196,65.3333,2105.57,2106.84,0.0227381,0.00815844,12.9109,10.5182,15.8479,commune,1.62645,0.0229861,0,2050,0.217091,0.0308852,0.017626,0.754619,49.6172,-0.0868099,-0.0117033,0.0270451,0.0558302,0.0944501,0.0168309,0.3225,0.6115,-3254.34,-34422.8,213.05,14949.9,77906.2,0.0650325,0.0331283,0.0273492,reel,1292.9,1430,1545.1,0.00090513,1429
13208,Marseille 8e Arrondissement,13,province,3381,1127,4578.59,4578.73,0.00537773,0.000456383,20.3823,15.8465,26.2162,commune,1.68648,0.0242708,0,21881,0.0813057,0.0211157,0.00489195,5.38679,43.2685,-0.0856517,-0.0154083,0.0270404,0.0563243,0.0950363,0.015582,0.3365,0.6165,-7849.78,-74536.7,473.167,32079.6,169408,0.0494884,0.029753,0.0251823,reel,1389.95,1433.5,1460.05,0.000211575,1430
14271,Fleury-sur-Orne,14,province,77,25.6667,3215.81,3213.89,0.0297074,0.0139251,16.1014,13.6293,19.0218,commune,1.2355,0.0142965,0,899,0.0462427,0.0134413,0.00520601,-0.377941,49.1464,-0.091236,-0.0115797,0.0270402,0.0565815,0.0954105,0.0170482,0.3175,0.612,-4595.66,-51389.2,322.184,22574.5,118985,0.054486,0.0310707,0.0268696,reel,1235.85,1439.5,1610.25,0.00125913,1431
74220,Reignier-Ésery,74,province,211,70.3333,4446.27,4446.2,0.0181336,0.0051891,20.1379,16.4944,24.5861,commune,1.40241,0.0178117,0,1373,0.0905113,0.0456132,0.0150669,6.27048,46.1357,-0.0842905,-0.0130457,0.0270371,0.0538625,0.0949505,0.0149073,0.3215,0.613,-7135.45,-71892.4,453.904,31319.4,164512,0.0503016,0.0304898,0.0263919,reel,1303.95,1434.5,1538.15,0.000792184,1432
69206,Saint-Georges-de-Reneins,69,province,54,18,2577.3,2572.68,0.0344474,0.0187242,14.5286,11.223,18.8078,commune,2.22883,0.0402299,0,359,0.11617,0.0697898,0.0322758,4.72154,46.0647,-0.0905603,-0.0128579,0.0270343,0.0560386,0.0964203,0.0163872,0.3225,0.615,-4165.53,-43393,269.653,18514.3,95360.3,0.0606614,0.0318024,0.0263091,reel,1245.8,1438.5,1639,0.00135781,1433
50002,Agneaux,50,province,40,13.3333,2180.23,2171.92,0.0441555,0.0307459,12.8898,9.84888,16.8698,commune,1.70621,0.0246973,0,525,0.159702,0.0160302,0.00435659,-1.12292,49.1174,-0.0928982,-0.0132063,0.02703,0.0578907,0.0986282,0.0158828,0.319,0.605,-3273.53,-37860.5,219.673,15393.5,80668.6,0.0626897,0.031788,0.026289,reel,1141.8,1438,1693.05,0.00186006,1434
83035,Le Castellet,83,province,38,12.6667,4148.48,4155.71,0.051027,0.0410761,19.0081,14.8826,24.2772,commune,1.3402,0.0166818,0,265,0.0728593,0.0157548,0.01068,5.77423,43.1799,-0.0875844,-0.0128597,0.0270279,0.0577574,0.0951774,0.016006,0.3155,0.6065,-6315.9,-68645.4,416.901,29132.3,153494,0.0506444,0.0303015,0.0260037,reel,1121.4,1444.5,1671.7,0.00202405,1435
74164,Marignier,74,province,90,30,3280.33,3278.37,0.0276695,0.0120813,17.035,13.9628,20.7831,commune,2.21882,0.0398773,0,705,0.129234,0.0557759,0.035563,6.50375,46.0891,-0.0867431,-0.0123852,0.0270249,0.055428,0.0930542,0.016137,0.3155,0.608,-5408.45,-53855.5,337.233,23460.3,121372,0.0568296,0.0316994,0.026961,reel,1250.9,1430.5,1622.45,0.00120331,1436
73204,Le Pont-de-Beauvoisin,73,province,41,13.6667,1886.22,1873.16,0.0449245,0.0318431,12.5945,9.75553,16.2595,commune,2.68852,0.0652174,0,641,0.136827,0.0252948,0.00634723,5.6741,45.5363,-0.0825578,-0.0116192,0.0270178,0.0577222,0.0969903,0.0178429,0.3205,0.6025,-2686.17,-31740.6,193.087,13289.6,69790.2,0.0705821,0.0336879,0.0278953,reel,1160.7,1426.5,1674.65,0.00188298,1437
2A271,Sarrola-Carcopino,2A,province,48,16,3780.45,3811.55,0.0509044,0.0408611,18.532,14.982,22.9232,commune,2.49855,0.0522918,0,746,0.00724084,0.00712658,0.000275608,8.79,41.9524,-0.0877667,-0.0121327,0.0269867,0.0543845,0.0944158,0.0165367,0.3145,0.6145,-5954.38,-61011.3,389.393,26467.2,139877,0.0540634,0.0306171,0.0258302,reel,1112.6,1449,1720.15,0.00204297,1438
83140,Tourves,83,province,30,10,2466.64,2467.23,0.0571194,0.051466,13.8955,11.026,17.5117,commune,2.01943,0.0327983,0,286,0.112321,0.0305306,0.00364114,5.92448,43.4083,-0.089536,-0.0139647,0.0269864,0.0556336,0.0955744,0.0155809,0.33,0.6175,-4078.73,-41237.5,256.794,17315.8,91265.6,0.060303,0.0312809,0.0260314,reel,1076.35,1426,1729.2,0.00231078,1439
69088,Fontaines-sur-Saône,69,province,258,86,3521.2,3521.01,0.0158769,0.00397791,16.8836,13.666,20.8587,commune,1.07222,0.00961857,0,1417,0.125218,0.0325834,0.019043,4.856,45.8324,-0.086601,-0.0133729,0.0269807,0.0578524,0.0943377,0.0162771,0.319,0.603,-5100.12,-57786.2,355.673,24933.5,130284,0.052426,0.0305916,0.0262565,reel,1343.7,1424.5,1522.15,0.000609365,1440
01443,Villars-les-Dombes,01,province,53,17.6667,2837.08,2843.1,0.0351768,0.0195252,14.9474,11.9546,18.6895,commune,1.16589,0.0125251,0,459,0.146471,0.0455606,0.0135274,5.02933,46.0013,-0.086373,-0.0136791,0.0269665,0.0570697,0.0957311,0.0168868,0.3265,0.607,-4186.19,-45824.7,286.169,19973.7,104972,0.0568784,0.0316308,0.0270955,reel,1178.75,1444.5,1634.5,0.00153997,1441
73222,Saint-Alban-Leysse,73,province,109,36.3333,3942.54,3937.32,0.0278287,0.0122205,18.98,15.7982,22.8026,commune,1.25609,0.0147474,0,891,0.0681984,0.0238576,0.0154821,5.95778,45.5796,-0.0811853,-0.0108652,0.0269632,0.057296,0.0958961,0.0176622,0.3115,0.6075,-5020.01,-61020.8,388.659,27803.9,145874,0.0532042,0.031927,0.0282644,reel,1284.7,1433,1595.35,0.0010721,1442
34213,Poussan,34,province,67,22.3333,2857.86,2861.41,0.0378757,0.0226355,15.3101,12.435,18.8499,commune,1.66125,0.0237076,0,364,0.0742183,0.0241813,0.00287665,3.67101,43.4873,-0.0856997,-0.0119001,0.0269569,0.0583314,0.096513,0.0174769,0.308,0.608,-3758.64,-46209.2,287.566,20012.7,105741,0.0579879,0.0318653,0.0274952,reel,1171.95,1433.5,1661.2,0.00167195,1443
93070,Saint-Ouen-sur-Seine,93,petite_couronne,1546,515.333,6438.16,6439.65,0.0065583,0.000678747,25.5528,20.6446,31.6279,commune,2.17546,0.0379946,0.163001,10879,0.184068,0.0939086,0.0613955,2.33389,48.9079,-0.0939973,-0.0117105,0.0269552,0.0554502,0.0945503,0.0143158,0.323,0.6165,-11163,-110880,699.731,45963.5,238212,0.0448317,0.0278013,0.0249891,reel,1400.85,1437,1476,0.000231054,1444
06108,La Roquette-sur-Siagne,06,province,69,23,4440.18,4446.59,0.0397146,0.0248851,20.4466,17.4171,24.003,commune,1.60963,0.0225363,0,383,0.0541705,0.0147692,0.010583,6.9489,43.5803,-0.0884456,-0.0113312,0.0269307,0.0560285,0.095594,0.0170338,0.315,0.602,-6053.07,-70893.2,446.361,31212,164287,0.0512049,0.0309039,0.0267872,reel,1224.45,1441.5,1665.05,0.00152182,1445
27428,Le Neubourg,27,province,33,11,2201.47,2220.55,0.0451482,0.0321497,13.1075,9.88901,17.3736,commune,1.64255,0.0232897,0,587,0.149208,0.0180032,0.0122307,0.902687,49.1481,-0.0886024,-0.0131417,0.0269218,0.0569758,0.0969611,0.0171124,0.3185,0.6185,-3287.14,-37167.6,222.16,15568.3,81454.2,0.0632717,0.0324596,0.0273009,reel,1136.75,1468,1706.05,0.00203253,1446
69260,Vernaison,69,province,66,22,3585.26,3583.33,0.0312118,0.0153721,17.3091,14.1562,21.1642,commune,1.15487,0.0122087,0.121212,788,0.44033,0.0258536,0.0226837,4.81348,45.6513,-0.0884462,-0.0135486,0.0269187,0.0558185,0.0944446,0.0163122,0.321,0.6105,-5818.26,-59224.9,358.434,25508.2,132654,0.0529138,0.0310205,0.0258476,reel,1266.5,1434.5,1603.1,0.00112822,1447
73179,La Motte-Servolex,73,province,261,87,3803.67,3802.34,0.0180479,0.00514014,18.0774,15.3054,21.3514,commune,1.37239,0.0172353,0,1899,0.0786992,0.0259061,0.00842872,5.87246,45.5969,-0.0842891,-0.0139255,0.0269115,0.0557388,0.0946301,0.0160986,0.3225,0.6115,-5794.1,-60985.5,384.619,26732.9,140736,0.0522991,0.0308003,0.026581,reel,1335.9,1444,1540,0.000659614,1448
33167,Floirac,33,province,228,76,3320.28,3321,0.0154824,0.00378266,16.3022,13.3613,19.8904,commune,1.13225,0.0115223,0.0877193,4570,0.020592,0.00256278,0.0020292,-0.527842,44.8345,-0.0873859,-0.0114813,0.0269044,0.0577119,0.0970464,0.0171433,0.3145,0.6015,-4519.02,-52922.2,330.617,23270.1,122850,0.0534975,0.0307728,0.0266041,reel,1335.95,1446.5,1538,0.000692204,1449
59343,Lesquin,59,province,64,21.3333,3469.1,3487.26,0.034834,0.0191464,16.5178,14.0255,19.4531,commune,1.04292,0.0085044,0,1285,0.054461,0.0124206,0.00653559,3.11578,50.5914,-0.0912504,-0.0139082,0.0268823,0.0545685,0.0923354,0.0152044,0.3245,0.608,-5904.16,-55969.4,353.368,24427.6,128357,0.0519484,0.0301282,0.0257249,reel,1223,1451,1635.2,0.0014299,1450
54039,Baccarat,54,province,48,16,1105.68,1105.47,0.0396777,0.0248398,9.86478,7.88791,12.3371,commune,2.933,0.106921,0,611,0.136738,0.041096,0.00855844,6.74545,48.4498,-0.0922633,-0.0130441,0.0268792,0.0576869,0.0988281,0.0167624,0.317,0.608,-1910.6,-20726.3,118.171,7870.23,40910.3,0.0907831,0.0356188,0.0270288,reel,1222.9,1441.5,1650.15,0.00146527,1451
41269,Vendôme,41,province,238,79.3333,1828.95,1830.04,0.0191064,0.0057595,12.2766,10.0614,14.9794,commune,2.30829,0.043244,0.00420168,2761,0.121554,0.0464291,0.0195781,1.067,47.7948,-0.0819431,-0.0107961,0.0268782,0.0565526,0.0948244,0.0176276,0.3055,0.6045,-2599.71,-30428.5,188.104,13094.6,67671.1,0.0707065,0.0338849,0.0280624,reel,1316,1449.5,1544.65,0.000799231,1452
74213,Poisy,74,province,217,72.3333,5505.14,5506.61,0.0178824,0.00504634,22.309,17.7887,27.9778,commune,1.03944,0.00829354,0,1276,0.0528234,0.0199045,0.00929466,6.06992,45.9204,-0.0750892,-0.00939293,0.026877,0.0540374,0.0920535,0.0185546,0.295,0.6285,-9350.6,-90936.7,573.456,43615.3,203690,0.045359,0.0276667,0.0249802,lmnp,1278.9,1432.5,1563.05,0.000901144,1453
13044,Grans,13,province,39,13,3381,3386.35,0.0491278,0.0380758,17.0007,13.7093,21.0823,commune,1.78277,0.0264848,0,357,0.040021,0.00172288,0.00306853,5.06272,43.6098,-0.0860569,-0.0124816,0.026863,0.0570325,0.0951369,0.0171653,0.3205,0.6045,-4619.05,-54428.3,339.195,23703.7,125097,0.0550157,0.0312403,0.026883,reel,1123.5,1467.5,1741.95,0.0021442,1454
85109,Les Herbiers,85,province,42,14,2686.46,2682.4,0.0418281,0.0275953,14.2888,11.3605,17.9719,commune,1.11166,0.0108322,0,1142,0.0629347,0.0146641,0.00392151,-1.01534,46.8698,-0.0839505,-0.0135357,0.0268528,0.0575396,0.0958421,0.0175768,0.3175,0.607,-3756.65,-43355.1,270.618,18845.8,99399,0.0571255,0.0312541,0.0269064,reel,1187.75,1450.5,1660.1,0.00171576,1455
64269,Idron,64,province,45,15,2813.09,2808.28,0.0400462,0.0253018,14.6781,11.9097,18.0898,commune,1.04234,0.00845572,0,423,0.0188256,0.00444471,0.000730986,-0.31302,43.3026,-0.0825194,-0.0109181,0.0268456,0.0587419,0.0960061,0.0181545,0.318,0.5985,-3680.68,-44695.9,279.497,19699.1,104084,0.0562145,0.031198,0.0271122,reel,1154.95,1448,1687.05,0.00182918,1456
39300,Lons-le-Saunier,39,province,502,167.333,1778.52,1779.51,0.0138923,0.00304554,12.0664,9.19765,15.83,commune,2.68823,0.0651847,0.0537849,5735,0.166172,0.0263324,0.0149058,5.55296,46.6734,-0.0868753,-0.0130925,0.0268386,0.0574757,0.0968502,0.0168827,0.326,0.6035,-2857.87,-30819.5,182.918,12677.2,65805.3,0.0712935,0.0331645,0.0264498,reel,1355.95,1456,1548.15,0.000624399,1457
73067,La Chambre,73,province,35,11.6667,2248.75,2237.18,0.0484916,0.0370994,13.4236,10.2429,17.5921,maille,2.125,0.0363086,0,325,0.238904,0.0393601,0.0598845,6.30039,45.3593,-0.084791,-0.0111711,0.0268275,0.0557704,0.0938311,0.0170218,0.316,0.61,-3928.58,-38895.4,228.324,16782.9,83203.6,0.0636281,0.0322989,0.0255909,reel,1146.65,1434.5,1707.2,0.00193706,1458
05023,Briançon,05,province,659,219.667,3092.41,3091.56,0.0116952,0.00215841,16.3074,12.1837,21.827,commune,1.79437,0.0267908,0,3755,0.358478,0.0755125,0.0352294,6.63454,44.8986,-0.0876882,-0.0118404,0.0267773,0.0576231,0.0947585,0.0166573,0.3105,0.6095,-4640.38,-51368.3,311.72,22292.5,114419,0.0574598,0.0321456,0.0266089,reel,1384.85,1450,1519.1,0.000462214,1459
80021,Amiens,80,province,2156,718.667,2554.48,2554.6,0.00624751,0.000615941,14.3272,11.5893,17.7119,commune,1.98028,0.0316747,0.0705009,38992,0.126832,0.0371122,0.0166219,2.29861,49.8919,-0.0948558,-0.0117827,0.026689,0.0574583,0.0943462,0.0168059,0.3155,0.598,-3865.84,-41694.7,259.586,18106.7,94515.6,0.0602576,0.0317537,0.0266144,reel,1425,1463,1502,0.000257875,1460
31091,Bruguières,31,province,68,22.6667,2836.12,2840.47,0.0323523,0.0165156,14.2666,12.3635,16.4625,commune,1.01711,0.0070497,0,409,0.0351193,0.00385166,0.00972871,1.41029,43.7258,-0.0949308,-0.013655,0.0266825,0.0554152,0.0932331,0.0153433,0.3305,0.625,-4855.57,-46457,292.139,19960.4,104936,0.0540171,0.0296559,0.0248961,reel,1222.3,1464.5,1655.3,0.00138797,1461
29259,Saint-Pol-de-Léon,29,province,65,21.6667,1918.07,1915.28,0.032671,0.0168413,12.2961,9.80804,15.4153,commune,2.52871,0.0538178,0,753,0.132185,0.0216235,0.0183143,-3.98727,48.6841,-0.088269,-0.0137078,0.0266649,0.0565127,0.0956285,0.0155295,0.3225,0.6185,-3278.48,-32833.7,200.206,13671.7,70968.7,0.0675432,0.0320432,0.0257087,reel,1266.95,1467.5,1641.1,0.00130981,1462
13015,Bouc-Bel-Air,13,province,79,26.3333,5009.71,5019.99,0.0348529,0.0191664,21.0276,16.901,26.1617,commune,1.17314,0.0127495,0,883,0.0498227,0.0138738,0.00239597,5.41338,43.4514,-0.0857571,-0.0159973,0.0266577,0.0549005,0.092464,0.0147262,0.331,0.6205,-9404.64,-82599.6,517.153,35087.6,185359,0.0467754,0.0289164,0.0243138,reel,1228.75,1444.5,1649.1,0.00138012,1463
26193,Montbrun-les-Bains,26,province,56,18.6667,2149.54,2147.19,0.0390083,0.0240075,13.4223,10.846,16.6106,maille,2.50392,0.0526316,0,137,0.204321,0.0737031,0.0443485,5.44195,44.1739,-0.0868524,-0.0116872,0.0266542,0.0561454,0.0935894,0.0171478,0.3225,0.618,-3749.41,-36692.5,224.652,15834.1,79533.1,0.0665574,0.0331809,0.0264385,reel,1235.8,1480,1673.1,0.0014212,1464
34209,Portiragnes,34,province,48,16,2703.4,2711.25,0.0445506,0.0313148,14.4283,12.2556,16.9863,maille,1.33991,0.0166778,0,222,0.0723889,0.0259025,0.000529359,3.35521,43.2785,-0.0902789,-0.00974241,0.0266399,0.0556388,0.0959434,0.0162991,0.3125,0.612,-3936.18,-44703.4,274.749,18906.9,100026,0.0573869,0.031214,0.0266986,reel,1184.95,1453.5,1715.1,0.00186378,1465
83042,Cogolin,83,province,491,163.667,4531.81,4531.73,0.0144702,0.00330423,20.7299,16.2526,26.4406,commune,1.61224,0.0226008,0,2008,0.0738437,0.0155288,0.00399931,6.53448,43.2527,-0.0898517,-0.0104098,0.0266398,0.0569063,0.0941712,0.0162904,0.307,0.606,-6566.1,-73740.3,456.702,31775.6,167677,0.0509199,0.0308352,0.0266838,reel,1369.85,1465.5,1560.1,0.000627732,1466
34088,Cournonterral,34,province,31,10.3333,2967.68,2978.24,0.0549692,0.0476688,15.5141,12.4288,19.3652,commune,1.66937,0.023925,0,409,0.0506651,0.0125909,0.000303869,3.71838,43.558,-0.0875591,-0.0119331,0.0266377,0.0557101,0.0949407,0.0166738,0.3175,0.609,-4506.37,-48659.9,302.031,20813.5,109804,0.0566667,0.0312888,0.0268448,reel,1102.75,1444.5,1738.1,0.00228912,1467
75117,Paris 17e Arrondissement,75,paris,6839,2279.67,10048,10048,0.00324937,0.00016662,34.5588,27.481,43.4595,commune,1.54176,0.0210589,0,67141,0.316121,0.140035,0.083981,2.31458,48.8856,-0.0871437,-0.0109968,0.0266357,0.0566233,0.097608,0.0169353,0.309,0.626,-14282.4,-176632,1130.28,76869.3,371776,0.039481,0.0260429,0.0260159,lmnp,1446,1471,1495.05,0.000159298,1468
40279,Saint-Paul-lès-Dax,40,province,363,121,2762.61,2762.68,0.0131803,0.00274135,14.4531,12.018,17.3817,commune,1.38399,0.0174712,0,2260,0.0422759,0.0160888,0.00498656,-1.05821,43.7293,-0.0915223,-0.0130118,0.0266268,0.0557161,0.0939988,0.0156595,0.3185,0.6195,-4585.69,-45249.3,282.902,19379.8,102217,0.0562647,0.0305667,0.0259121,reel,1391.8,1468,1547.1,0.000514248,1469
33119,Cenon,33,province,647,215.667,3300.76,3300.92,0.00920199,0.00133627,16.4504,14.0752,19.2264,commune,1.17082,0.0126978,0.302937,7216,0.062203,0.0333686,0.00473838,-0.521277,44.8552,-0.0870847,-0.0123699,0.0266258,0.0564996,0.0967373,0.0171551,0.311,0.6035,-4433.72,-52375.9,331.958,23169.1,122128,0.0543525,0.0313123,0.0272385,reel,1406.9,1467.5,1522,0.000360226,1470
13206,Marseille 6e Arrondissement,13,province,2423,807.667,3973.38,3973.46,0.00635193,0.000636711,18.9733,14.8209,24.289,commune,2.24304,0.0406952,0,14768,0.129983,0.0364689,0.00866249,5.38241,43.2872,-0.0870309,-0.0156104,0.0266166,0.0557275,0.0938383,0.0158805,0.3305,0.621,-6806.79,-65154.2,411.855,27933.6,147015,0.0527711,0.0304182,0.0256498,reel,1427.95,1466,1505.05,0.000244043,1471
33069,Le Bouscat,33,province,588,196,3960.36,3960.71,0.00965197,0.00147015,18.2418,14.6564,22.7043,commune,1.15313,0.0121492,0,4352,0.0638346,0.0161544,0.00372759,-0.599403,44.866,-0.0903189,-0.0137187,0.026607,0.0562217,0.0940773,0.0159336,0.321,0.616,-5955.36,-64722.9,401.506,27780.2,146533,0.0507282,0.030222,0.0259324,reel,1416,1468,1527.1,0.000373838,1472
44020,Bouguenais,44,province,139,46.3333,3286.17,3284.68,0.0208099,0.00683354,16.0471,13.5688,18.9779,commune,1.04118,0.00841407,0,2107,0.0209309,0.00507357,0.00112768,-1.61489,47.1791,-0.0856593,-0.0139204,0.0266001,0.0560271,0.0934994,0.0158542,0.3215,0.6015,-4920.75,-52329.6,331.291,23019.5,121588,0.0531211,0.0305027,0.0262673,reel,1333.75,1471,1570.1,0.000834677,1473
15012,Arpajon-sur-Cère,15,province,58,19.3333,1529.77,1529.29,0.0405338,0.0258993,11.2878,9.08442,14.0257,commune,1.84397,0.0279523,0,520,0.166075,0.0613286,0.0344377,2.45966,44.904,-0.0795238,-0.01048,0.0265923,0.0599592,0.0958488,0.0194028,0.306,0.596,-1913.1,-26011.2,154.518,11231,56601.3,0.076779,0.0357126,0.0288408,reel,1216.8,1493,1677,0.00165204,1474
21295,Gevrey-Chambertin,21,province,66,22,2491.6,2497.6,0.0351467,0.0194888,14.2419,11.9098,17.0307,commune,2.63805,0.0616184,0,658,0.072368,0.0120653,0.00681356,4.99156,47.2283,-0.0851673,-0.0125571,0.0265902,0.0569848,0.093288,0.0162655,0.3195,0.6125,-3940.95,-40835.1,259.051,17572.4,92189.2,0.0613675,0.031287,0.0258917,reel,1168.9,1454.5,1629.15,0.00146313,1475
31506,Saint-Orens-de-Gameville,31,province,263,87.6667,3211.71,3212.75,0.0165515,0.00432312,15.6294,13.9923,17.4582,commune,1.01798,0.00708346,0,1643,0.0104109,0.00160841,0.000161927,1.53883,43.5487,-0.0861159,-0.0141123,0.0265863,0.0552811,0.0938629,0.0159339,0.3225,0.6165,-5297.17,-51106.7,326.655,22466.4,118833,0.0527922,0.0300547,0.0256634,reel,1371.95,1476,1573.15,0.000680922,1476
35207,Noyal-sur-Vilaine,35,province,93,31,3085.06,3082.54,0.0237313,0.00888682,15.4099,12.9188,18.3814,commune,1.11514,0.010917,0,615,0.0369672,0.0306968,0.022266,-1.52777,48.1142,-0.0884138,-0.0131055,0.0265768,0.0560517,0.0959022,0.0163799,0.328,0.612,-4722.49,-49745.5,314.694,22014.2,114147,0.0541056,0.0305143,0.0260845,reel,1309.85,1456.5,1600.05,0.00102668,1477
63430,Thiers,63,province,58,19.3333,1157.59,1152.96,0.0360558,0.0205094,10.389,7.92067,13.6265,commune,2.99159,0.149419,0.396552,2299,0.15387,0.0596267,0.0361082,3.54406,45.8554,-0.0857253,-0.0137849,0.0265689,0.0596644,0.0990041,0.0184894,0.3135,0.595,-1816,-20854.7,121.115,8747.35,42830.8,0.0921464,0.0377713,0.0285707,reel,1280.75,1475,1692.1,0.00147776,1478
03310,Vichy,03,province,1516,505.333,1902.62,1903.5,0.00894568,0.00126281,12.9861,9.93308,16.9775,commune,2.7529,0.071532,0.091029,9581,0.244489,0.102935,0.0592208,3.424,46.1272,-0.0868715,-0.0103139,0.0265581,0.0568507,0.0959158,0.0179809,0.307,0.6075,-2934.8,-33058.7,199.371,14237.4,70396.9,0.0724439,0.0350636,0.0271119,reel,1426,1476.5,1528,0.00033417,1479
38562,Vizille,38,province,151,50.3333,2052.1,2051.08,0.0233641,0.00861422,12.8604,10.2105,16.1981,commune,2.47738,0.0513811,0,1490,0.176101,0.0357959,0.0339803,5.77233,45.0773,-0.0821915,-0.0136483,0.0265463,0.0579657,0.0941072,0.0153624,0.3105,0.6125,-3389.04,-35547.4,211.084,14913.5,75927.7,0.066432,0.0324195,0.0258495,reel,1312.45,1471.5,1609.1,0.000968186,1480
35177,La Mézière,35,province,52,17.3333,3072.88,3068.04,0.0316269,0.0157831,15.4403,12.5988,18.9227,commune,1.21694,0.0138272,0,300,0.0328601,0.0145438,0.00109567,-1.75508,48.2163,-0.0834033,-0.0137242,0.0265053,0.0580582,0.0942003,0.0165648,0.3225,0.6125,-4558.68,-50057,312.657,21564.2,113696,0.0544389,0.0305926,0.0262097,reel,1279,1482,1667.65,0.0013328,1481
09029,Aulus-les-Bains,09,province,34,11.3333,1199.26,1198.39,0.0442974,0.0309411,10.6158,8.60672,13.0938,maille,2.57845,0.0566038,0,59,0.142893,0.0611005,0.144015,1.33536,42.7919,-0.0799746,-0.00886679,0.0264711,0.0589983,0.0954485,0.0203293,0.297,0.6015,-1941.87,-22063.7,117.018,10676.9,44372.5,0.0912142,0.0389771,0.0277508,reel,1239.85,1486,1727,0.00173533,1482
63103,Châtel-Guyon,63,province,143,47.6667,1872.83,1871.81,0.0231018,0.00842115,13.0684,10.3536,16.4952,commune,2.85325,0.0859305,0,983,0.221484,0.122281,0.121516,3.0638,45.9201,-0.0840453,-0.0134131,0.0264472,0.0553523,0.094855,0.0173834,0.321,0.6135,-3472.18,-32968.4,192.643,15201.8,69294.7,0.0741238,0.0358223,0.0270851,reel,1342.9,1488,1603.1,0.000874806,1483
64237,Gelos,64,province,47,15.6667,2126.4,2117.51,0.0392058,0.0242512,13.085,10.4938,16.316,maille,1.98173,0.0316843,0,432,0.18729,0.0368257,0.0223618,-0.374905,43.2834,-0.0884334,-0.0128694,0.0264166,0.0575391,0.0940031,0.0167278,0.3205,0.606,-3278.42,-35875.9,217.058,15200.7,78676.9,0.0653778,0.0329801,0.0271488,reel,1238.9,1465,1698.65,0.00162947,1484
62318,Étaples,62,province,104,34.6667,2724.5,2728.49,0.0269495,0.01146,14.8542,11.9696,18.4338,commune,1.87471,0.0287103,0,1062,0.140228,0.0628839,0.0207137,1.63414,50.5174,-0.0863768,-0.0132707,0.0264052,0.0566316,0.0937431,0.0152961,0.322,0.613,-4442.97,-45517.8,283.073,19425.6,100807,0.058818,0.0316301,0.0264817,reel,1314.85,1485.5,1650.2,0.00109683,1485
31341,Merville,31,province,55,18.3333,2443.34,2445.63,0.0359036,0.0203398,13.3476,11.6031,15.3543,commune,1.34919,0.016858,0,404,0.0355239,0.00620018,0.0052325,1.29312,43.7194,-0.0884553,-0.0134048,0.0264025,0.0564244,0.0931912,0.0160991,0.3245,0.61,-3853.4,-39861,250.184,17171.9,90403.6,0.058187,0.0305324,0.025764,reel,1283.35,1514,1705.2,0.00153672,1486
56195,La Roche-Bernard,56,province,36,12,2505.21,2495.16,0.0402074,0.0255053,13.9704,11.5486,16.9001,maille,1.5786,,0,190,0.111767,0.0394573,0.0241096,-2.30054,47.5181,-0.082303,-0.0141715,0.0264019,0.0560551,0.0936379,0.016689,0.3145,0.6175,-4014,-41449.1,255.522,17995.8,92692.8,0.0597336,0.0316933,0.0267019,reel,1258.7,1489,1668.4,0.00149058,1487
15187,Saint-Flour,15,province,65,21.6667,1373.01,1369.04,0.0383403,0.0231747,11.3057,8.6414,14.7915,commune,2.92604,0.10453,0,1225,0.318997,0.0890285,0.054136,3.09302,45.0333,-0.0879552,-0.0125585,0.0263859,0.0572589,0.0964512,0.0175047,0.32,0.616,-2514.09,-26073.6,142.65,10642.8,50801.4,0.0857011,0.0376873,0.0264676,reel,1265,1481.5,1696.05,0.00147696,1488
50099,Carentan-les-Marais,50,province,53,17.6667,2063.96,2056.06,0.038502,0.0233808,12.7644,10.1501,16.0521,commune,2.2297,0.0402865,0,1166,0.212905,0.0316862,0.0237608,-1.24202,49.3042,-0.0931079,-0.0150646,0.0263703,0.0544938,0.0960366,0.0141251,0.334,0.6335,-4025.2,-36101.8,214.649,14822.2,76366.4,0.0654923,0.0322169,0.0255741,reel,1270.9,1484,1691.05,0.00142577,1489
83092,Pignans,83,province,50,16.6667,2299.68,2299.73,0.0447035,0.0315287,13.3114,10.5886,16.7344,commune,2.48405,0.0517104,0,250,0.0624767,0.0165988,0.00053786,6.22778,43.3008,-0.0850938,-0.0143148,0.0263642,0.054707,0.0951939,0.0149445,0.3185,0.621,-3911.47,-39079,242.728,16106,85088.3,0.0616331,0.0306248,0.0250131,reel,1198.55,1474,1690.1,0.00164252,1490
31069,Blagnac,31,province,686,228.667,3176.8,3177.06,0.0102619,0.00166184,15.7768,13.8267,18.0019,commune,1.0786,0.00989605,0.0437318,5110,0.036268,0.0067492,0.00180368,1.38555,43.6379,-0.083972,-0.0135652,0.0263632,0.0567108,0.094715,0.0169669,0.3165,0.609,-4636.13,-50048.5,320.429,22233.2,117542,0.053929,0.0307297,0.0264966,reel,1429,1495.5,1553,0.000411355,1491
69289,Saint-Pierre-de-Chandieu,69,province,32,10.6667,3570.27,3571.44,0.0444647,0.0311955,16.7712,13.333,21.0959,maille,1.4449,0.0187696,0,215,0.0579186,0.0373397,0.00226646,5.01164,45.6461,-0.0944769,-0.0155813,0.0263507,0.0551814,0.0956567,0.0151916,0.327,0.6225,-6244.98,-60015.5,376.217,25006.4,132100,0.0513278,0.0294272,0.0245772,reel,1223.5,1521,1732.05,0.00176742,1492
73013,Albiez-Montrond,73,province,98,32.6667,2566.11,2559.59,0.029329,0.0135735,15.1126,11.2865,20.2358,maille,2.09223,,0,198,0.525486,0.0919861,0.0493815,6.33485,45.2092,-0.0841649,-0.0124024,0.0263424,0.0573544,0.0969306,0.018004,0.3075,0.606,-3952.93,-43568.6,257.98,18787.5,94945.9,0.0636573,0.0341447,0.0268525,reel,1326.2,1492,1638.1,0.0010118,1493
74058,La Chapelle-d'Abondance,74,province,88,29.3333,4368.75,4368.31,0.0279783,0.0123524,19.9758,14.756,27.042,maille,2.02871,0.0330818,0,304,0.362238,0.131722,0.0543079,6.79557,46.2941,-0.0934533,-0.0155967,0.0263379,0.0560679,0.0931042,0.0153297,0.331,0.624,-8247.07,-76285.5,468.52,31455.9,161644,0.0507488,0.0299364,0.0251399,reel,1345,1504,1645.1,0.000996003,1494
34199,Pézenas,34,province,167,55.6667,2073.97,2074.27,0.0241537,0.00920607,12.7515,10.4228,15.6007,commune,2.58266,0.0568608,0,2433,0.079676,0.0249807,0.00492627,3.42306,43.4597,-0.0901937,-0.0135055,0.0263282,0.0557719,0.0961397,0.015768,0.321,0.6225,-3488.56,-35102.5,216.373,14579,76736.9,0.0651015,0.0314572,0.0256778,reel,1342.85,1495,1619.05,0.000930435,1495
2A004,Ajaccio,2A,province,2011,670.333,3968.8,3969.62,0.00802316,0.00101582,18.9716,15.3326,23.4743,commune,2.1395,0.0368965,0.00944804,11832,0.0545961,0.0104982,0.00187269,8.73695,41.927,-0.0887781,-0.0126375,0.0263207,0.0567576,0.0943356,0.0162294,0.3245,0.6135,-6286.39,-63859,407.627,27779.1,146845,0.052827,0.0305804,0.0259328,reel,1451.85,1498,1553.05,0.000329074,1496
34299,Sérignan,34,province,89,29.6667,3056.08,3062.64,0.0329544,0.0171361,15.2876,12.9983,17.9803,commune,1.76914,0.026203,0,708,0.0301382,0.00884474,0.000180757,3.27654,43.269,-0.0928067,-0.0136118,0.0263105,0.0542277,0.0938594,0.0144907,0.329,0.6215,-5547.34,-50481.5,320.525,21383,113075,0.0541386,0.0295931,0.0245486,reel,1333.85,1496,1681.1,0.00121707,1497
39500,Salins-les-Bains,39,province,52,17.3333,1118.44,1117.74,0.0426131,0.0286462,10.1869,7.95386,13.047,commune,2.99333,0.15449,0,454,0.161114,0.104972,0.0225871,5.87808,46.9379,-0.0861023,-0.0134366,0.026309,0.0584463,0.0991476,0.0179164,0.3355,0.607,-2024.93,-21031.7,126.71,8173.64,41382.2,0.0932043,0.0375454,0.027065,reel,1270.75,1492.5,1726.25,0.0017556,1498
14101,Bretteville-sur-Odon,14,province,30,10,3367,3369.37,0.0470882,0.034978,15.9373,13.5018,18.812,commune,1.00638,0.00544554,0,474,0.0832529,0.0108868,0.00761187,-0.410462,49.1692,-0.0889301,-0.0144532,0.0263037,0.0547023,0.0930752,0.0147366,0.3305,0.622,-6047.7,-54859.7,345.037,23699.6,124579,0.0514545,0.0295162,0.0248001,reel,1253.8,1518,1700.2,0.00161842,1499
15162,Riom-ès-Montagnes,15,province,30,10,859.689,840.108,0.0557182,0.0488901,10.3112,7.5531,14.0764,commune,2.93619,0.107629,0,262,0.381306,0.136064,0.167605,2.65652,45.2834,-0.0833279,-0.00909431,0.0263021,0.0601353,0.109684,0.0218402,0.3095,0.595,-1609.92,-19371.7,85.0617,8796.37,31808.5,0.122991,0.0502493,0.0269768,reel,1237.85,1507.5,1757.35,0.00193968,1500
13060,Meyreuil,13,province,77,25.6667,4508.51,4516.8,0.0352939,0.0196545,19.8099,16.6918,23.5104,commune,1.31323,0.016092,0,594,0.0232182,0.0170942,0.00190308,5.50441,43.475,-0.0909082,-0.0156189,0.0262913,0.055379,0.0929709,0.0147234,0.3355,0.627,-8047.15,-73593.1,463.783,31557.5,166815,0.0487343,0.0295178,0.025023,reel,1234.75,1499.5,1678.55,0.00146384,1501
38544,Vienne,38,province,827,275.667,2523.82,2523.84,0.0100187,0.001584,14.1299,11.0854,18.0106,commune,2.14443,0.0370134,0.0870617,6693,0.192723,0.0671441,0.0302915,4.8733,45.5256,-0.0892724,-0.0126001,0.0262796,0.0558508,0.0939136,0.0158343,0.317,0.6155,-4385.65,-43467.7,264.977,18158.6,93381.3,0.0600516,0.0312127,0.0250477,reel,1449.95,1498.5,1554.05,0.000349717,1502
42275,Saint-Priest-en-Jarez,42,province,181,60.3333,2369.62,2370.82,0.02395,0.00905116,13.52,10.1657,17.9811,commune,1.9317,0.030445,0,1212,0.0827128,0.0200145,0.0231577,4.37806,45.4724,-0.0909665,-0.0142365,0.0262683,0.0578367,0.0958872,0.0160642,0.3285,0.604,-3763.51,-40403.8,244.323,16895.2,87676,0.0608704,0.0312905,0.0260139,reel,1345.95,1491,1642.25,0.000938719,1503
17291,Puilboreau,17,province,77,25.6667,3690.2,3688.48,0.0314742,0.0156296,17.0751,13.9618,20.8825,commune,1.04089,0.00839208,0,558,0.0379583,0.00472394,0.00231564,-1.11741,46.1821,-0.0966261,-0.0143095,0.0262619,0.0557055,0.0953041,0.0150994,0.3195,0.616,-6205.39,-60899.5,375.756,25866.3,136538,0.0506478,0.0297008,0.0252117,reel,1337.95,1502,1679,0.00120791,1504
13004,Arles,13,province,702,234,2731.24,2731.24,0.0117917,0.00219423,15.1934,12.4809,18.4954,commune,2.2384,0.0405644,0.0982906,9100,0.0745332,0.0248266,0.00451123,4.63227,43.676,-0.089083,-0.0123428,0.0262583,0.0575384,0.0948182,0.0180847,0.3195,0.6,-3780.65,-43226.2,278.035,19157.8,101056,0.0601635,0.0321304,0.0274342,reel,1437.85,1500,1574.05,0.000472122,1505
83126,La Seyne-sur-Mer,83,province,2383,794.333,3501.03,3501.19,0.00657686,0.000682604,16.7313,12.8359,21.8089,commune,1.45171,0.0189573,0.112883,12506,0.0751032,0.0198347,0.0040803,5.88118,43.0988,-0.0867151,-0.0131723,0.0262532,0.055016,0.0934955,0.0151849,0.325,0.6215,-5944.67,-58946.3,360.025,24608.4,129538,0.0522062,0.0298982,0.0251854,reel,1464.9,1504,1544.2,0.000254742,1506
69013,Arnas,69,province,41,13.6667,2833.7,2833.32,0.0394169,0.0245156,14.5856,11.4787,18.5335,maille,1.11021,0.010772,0,400,0.0888141,0.0119726,0.0105937,4.69994,46.0146,-0.0914051,-0.0149011,0.0262452,0.0570622,0.0957148,0.0158118,0.326,0.6105,-4634.74,-47762.9,289.207,19962.8,104847,0.0554142,0.030584,0.0259442,reel,1198.4,1501.5,1733,0.00172525,1507
69121,Lozanne,69,province,44,14.6667,3352.9,3353.47,0.0380811,0.0228823,16.1331,13.1271,19.8274,commune,1.07178,0.00961538,0,400,0.0632327,0.021275,0.00594252,4.68292,45.8548,-0.0927416,-0.0143613,0.0262439,0.055475,0.0950582,0.0153216,0.3275,0.623,-5584.83,-55848.6,342.988,23578,124057,0.0523717,0.030091,0.0256078,reel,1258.95,1516,1733.15,0.00163661,1508
38138,Crémieu,38,province,69,23,2703.42,2702.76,0.0343882,0.0186604,14.9402,11.9149,18.7336,commune,2.38776,0.046724,0,694,0.143196,0.0392399,0.0160913,5.25223,45.7248,-0.0887984,-0.0133327,0.0262373,0.0561152,0.0945635,0.0163833,0.3215,0.617,-4450.61,-45491,282.905,19212.4,100027,0.0596586,0.0314269,0.026018,reel,1283.9,1490,1700.2,0.00140674,1509
69388,Lyon 8e Arrondissement,69,province,2539,846.333,4157.89,4157.92,0.00507011,0.000405665,18.4561,14.7588,23.0796,commune,1.16676,0.0125486,0.0559275,31897,0.132903,0.032485,0.0139554,4.86657,45.7384,-0.0901587,-0.0165716,0.026226,0.0553407,0.0946067,0.0145484,0.325,0.6195,-7363.29,-69207,432.054,29276.4,153842,0.0489365,0.029238,0.0246013,reel,1472.95,1506.5,1539.05,0.000216569,1510
42094,Feurs,42,province,143,47.6667,1833.58,1833.95,0.026913,0.0114289,11.7372,8.82392,15.6123,commune,2.0493,0.0338041,0,1826,0.114617,0.0263244,0.00741479,4.22395,45.7432,-0.0867659,-0.0134027,0.0262144,0.0580006,0.0963138,0.016057,0.323,0.611,-3119.89,-31678.1,189.135,13006.1,67842.6,0.066998,0.0316419,0.0255932,reel,1332.9,1498.5,1678.2,0.00114681,1511
14076,Blainville-sur-Orne,14,province,75,25,2875.49,2876.77,0.0300954,0.0142911,14.2851,12.0835,16.8879,commune,1.05017,0.00882353,0,1130,0.0215168,0.00817839,0.00416929,-0.303759,49.2302,-0.0883556,-0.014723,0.0262017,0.0551446,0.0942692,0.014966,0.3235,0.614,-4920.38,-47164.8,297.984,20235.3,106393,0.0533548,0.0292663,0.0244156,reel,1317.95,1508,1671,0.00120861,1512
75111,Paris 11e Arrondissement,75,paris,6635,2211.67,9641.28,9641.3,0.00329893,0.000171742,33.2775,26.4345,41.892,commune,1.48666,0.0197592,0.0185381,55162,0.271673,0.111362,0.0743964,2.37887,48.8591,-0.084853,-0.00883127,0.0261741,0.0552365,0.0984461,0.0166758,0.295,0.621,-13049.8,-170797,1077.68,73724.8,356727,0.0395518,0.0259981,0.0256824,lmnp,1483.95,1510,1540,0.000163522,1513
34202,Pignan,34,province,66,22,3612.37,3623.37,0.0381551,0.0229705,16.9678,13.7583,20.9261,commune,1.44142,0.0186722,0,590,0.0278097,0.00407648,0.00182806,3.76914,43.5848,-0.0879402,-0.0146167,0.0261565,0.0552797,0.0947202,0.0151562,0.334,0.6205,-6392.02,-59034,374.142,25296.3,133658,0.0513827,0.029578,0.0248456,reel,1259.85,1488,1717.2,0.00154587,1514
40192,Mont-de-Marsan,40,province,542,180.667,2194.79,2194.68,0.0107912,0.00183766,12.7436,10.3887,15.6323,commune,1.62123,0.0228605,0.0424354,5036,0.0976731,0.0272095,0.0180456,-0.499189,43.8913,-0.0919298,-0.0152503,0.0261494,0.0557578,0.0963741,0.0150601,0.3265,0.618,-3855.71,-37273,226.202,15657.7,81207.3,0.0614742,0.0311078,0.025685,reel,1441.95,1510.5,1580,0.000451126,1515
2B033,Bastia,2B,province,1053,351,3116.37,3117.57,0.00996921,0.00156837,16.2974,13.5892,19.5453,commune,2.33063,0.0442076,0.0645774,6842,0.0439074,0.0111621,0.0035362,9.44366,42.6947,-0.0883929,-0.0143317,0.0261377,0.0550934,0.0942862,0.0155271,0.335,0.608,-5133.58,-50579.2,320.638,21846.1,115306,0.0569794,0.0311389,0.0263405,reel,1440.9,1509,1582.05,0.00045134,1516
50615,Valognes,50,province,32,10.6667,2541.9,2532.81,0.0491831,0.0381392,13.9637,11.0903,17.5816,commune,1.61369,0.0226378,0,1219,0.0749677,0.0263385,0.0107429,-1.46957,49.5104,-0.0917733,-0.0147794,0.026125,0.0579315,0.0950134,0.0151333,0.3315,0.6165,-3994.48,-42642.9,260.533,17978.2,94050.5,0.0588396,0.0311627,0.026289,reel,1198.05,1537,1789.9,0.00214473,1517
83130,Solliès-Pont,83,province,144,48,3212.1,3214.79,0.0266149,0.0111775,15.7607,12.5037,19.8661,commune,1.28045,0.0153901,0,1230,0.0559472,0.0155934,0.00646873,6.0416,43.1908,-0.0886919,-0.0149203,0.0261239,0.0556697,0.0962391,0.0157912,0.3245,0.6155,-5028.62,-52325.9,327.831,22504,118848,0.0532762,0.0300892,0.0254598,reel,1368.95,1521.5,1672.2,0.00102804,1518
25512,Le Russey,25,province,48,16,2365.27,2377.02,0.0433094,0.0295954,13.7379,10.0485,18.7819,maille,2.01218,0.0325914,0,228,0.265573,0.0435464,0.0096576,6.73039,47.1622,-0.0951093,-0.0123469,0.0261228,0.0565912,0.0973648,0.0161188,0.3155,0.6205,-3932.68,-41202.5,242.291,16676.7,87514.9,0.0620879,0.0320441,0.0257629,reel,1245,1531,1761.1,0.00186692,1519
74276,Taninges,74,province,180,60,3835.4,3834.46,0.0196244,0.00607734,18.7425,13.4122,26.191,commune,2.17372,0.0379133,0,622,0.262251,0.127293,0.118311,6.59421,46.1475,-0.0855476,-0.0124201,0.0261165,0.0562273,0.0966586,0.0164614,0.3205,0.623,-6222.81,-66249.1,398.617,28785,141910,0.0539473,0.0310745,0.0263602,reel,1410.95,1514.5,1621.05,0.00069934,1520
40282,Saint-Sever,40,province,43,14.3333,1821.63,1815.58,0.0379153,0.0226795,12.1838,10.132,14.651,commune,2.09948,0.0354556,0,379,0.0802245,0.0460718,0.0156949,-0.57065,43.7594,-0.0849521,-0.011884,0.0261165,0.0578428,0.0967798,0.0186143,0.3145,0.604,-2411.98,-30079.3,185.69,13017.4,67400.4,0.0703793,0.033927,0.0286249,reel,1243.85,1521.5,1683.3,0.00153367,1521
59508,Roncq,59,province,76,25.3333,3192.91,3208.1,0.032014,0.0161722,15.4382,13.3304,17.8792,commune,1.03074,0.00799848,0,1100,0.119129,0.0082594,0.019995,3.11856,50.748,-0.0900317,-0.0136573,0.0260875,0.0538386,0.0927893,0.0151827,0.3245,0.6295,-5661.7,-52466,327.177,22632,118137,0.0523843,0.0296698,0.0248224,reel,1303.9,1522.5,1691.05,0.00132002,1522
75118,Paris 18e Arrondissement,75,paris,8127,2709,8667.21,8667.2,0.00298082,0.000140217,31.6034,24.6764,40.4748,commune,1.70418,0.0246507,0.0446659,65312,0.267411,0.125116,0.080103,2.34312,48.8903,-0.106408,-0.0180856,0.0260807,0.0564132,0.0976808,0.0126916,0.342,0.6125,-13777.4,-154026,942.019,62012.6,320687,0.041679,0.0272525,0.0265032,reel,1498.95,1519.5,1539,9.97689e-05,1523
11379,Sigean,11,province,33,11,2011.85,2029.77,0.0502554,0.0398289,12.3526,9.68735,15.7511,commune,2.02813,0.0330601,0,354,0.056786,0.00898765,0.00550159,2.97858,43.0282,-0.0906515,-0.0118722,0.026064,0.0564398,0.0960306,0.0159855,0.314,0.615,-3152.06,-33863.6,207.052,14104.2,74438.6,0.0647318,0.0315685,0.0263305,reel,1173.75,1521,1777.1,0.00210413,1524
75115,Paris 15e Arrondissement,75,paris,8505,2835,9600.98,9600.98,0.00291383,0.000133986,33.4885,27.438,40.8732,commune,1.38718,0.0175302,0,92240,0.283799,0.105693,0.0606924,2.2956,48.8421,-0.0894304,-0.0101543,0.02605,0.0563845,0.0987886,0.0171594,0.3015,0.631,-12849.7,-167677,1065.69,73030.3,355236,0.0399816,0.0265254,0.0267058,lmnp,1500,1521,1544.05,0.000137885,1525
49007,Angers,49,province,4569,1523,3302.15,3302.21,0.00371804,0.000218152,16.5737,13.1287,20.9228,commune,1.48521,0.0197169,0.0619392,57760,0.120446,0.0354054,0.0181954,-0.55166,47.4707,-0.0844032,-0.0134562,0.0260481,0.057335,0.0962617,0.0163556,0.326,0.6075,-5007.12,-54107.5,335.617,23409.9,122180,0.0547779,0.031226,0.0268038,reel,1497,1523,1546.05,0.000136152,1526
76217,Dieppe,76,province,969,323,2268.85,2269.14,0.0102595,0.00166102,13.5084,10.5211,17.3439,commune,2.41966,0.0484594,0.0123839,10906,0.131543,0.0365985,0.0204519,1.07738,49.9252,-0.0864888,-0.0123603,0.0260461,0.0574061,0.0939248,0.0159471,0.332,0.6175,-3744.02,-38404.7,235.633,16162.6,83947.3,0.063513,0.0318939,0.0261139,reel,1457,1521.5,1582.05,0.000431142,1527
74096,Cruseilles,74,province,119,39.6667,4719.21,4719.92,0.0240983,0.00916407,20.6686,17.3677,24.5968,commune,1.7703,0.0262158,0,642,0.122005,0.0282668,0.0180637,6.10805,46.0338,-0.0899278,-0.0155641,0.0260398,0.0542619,0.0915748,0.0146152,0.3295,0.637,-8852.22,-77389.7,490.982,33354.3,174611,0.0487418,0.0293101,0.0246611,reel,1381.65,1519,1643.15,0.00092889,1528
05070,Laragne-Montéglin,05,province,52,17.3333,1688.64,1675.95,0.0411256,0.0266814,12.1254,9.46439,15.5345,commune,2.55771,0.0555296,0,558,0.253129,0.213971,0.0550053,5.82173,44.3156,-0.0863755,-0.0110531,0.0260248,0.0550315,0.0928973,0.0161482,0.311,0.627,-3369.34,-31210.3,192.228,12699,62479.6,0.0755072,0.0354669,0.0252118,reel,1296.45,1532.5,1711.1,0.00151521,1529
69034,Caluire-et-Cuire,69,province,1466,488.667,4126.08,4126.07,0.00667141,0.000702371,18.6025,14.7322,23.4896,commune,1.14878,0.0119958,0,11465,0.129899,0.0317658,0.0157943,4.84486,45.7913,-0.0888148,-0.0148081,0.0260198,0.055051,0.0931196,0.0151371,0.322,0.6135,-7162.19,-67894.5,424.41,29150.6,152665,0.0497397,0.0298068,0.0254026,reel,1487.95,1529,1564,0.000249881,1530
01031,Bellignat,01,province,68,22.6667,1643.29,1642.37,0.0311223,0.015284,11.5074,8.7448,15.1428,commune,2.54727,0.0549133,0,638,0.0443478,0.0064059,0.0128966,5.63536,46.2537,-0.0876896,-0.0108179,0.0259918,0.0587109,0.0976987,0.0174401,0.318,0.605,-2407.67,-28501.2,168.053,11752.6,60801.7,0.0730786,0.0332026,0.0277189,reel,1331.65,1530,1685.25,0.0012674,1531
48092,Marvejols,48,province,76,25.3333,1326.69,1323.75,0.0339181,0.0181429,11.0533,8.87972,13.759,commune,2.96172,0.119436,0,620,0.139567,0.11768,0.0732245,3.29114,44.552,-0.0868825,-0.0111103,0.0259839,0.0557802,0.096943,0.0182074,0.305,0.621,-2372.87,-23402.2,144.859,10416.4,49087.4,0.0864107,0.0372996,0.0272543,reel,1308.95,1534.5,1688.15,0.00127445,1532
71543,Tournus,71,province,84,28,1449.16,1450.26,0.0345194,0.0187995,11.2015,8.52272,14.7222,commune,2.73782,0.0700695,0,1013,0.212492,0.0583617,0.02748,4.91067,46.5617,-0.0870665,-0.0110691,0.0259647,0.0584565,0.0988933,0.0185436,0.3085,0.605,-2219.38,-25963.7,151.554,10584.1,53618.9,0.0803348,0.0354525,0.026921,reel,1328,1517,1678.4,0.00121285,1533
33273,Martignas-sur-Jalle,33,province,68,22.6667,3581.95,3585.19,0.0282253,0.0125711,16.9689,14.0372,20.5129,commune,1.01334,0.00663717,0,500,0.0145718,0.00148829,0.000630786,-0.768833,44.8403,-0.0914333,-0.012423,0.0259574,0.0557713,0.0943712,0.0156015,0.31,0.6155,-5673.78,-58601.3,361.28,25071.1,132532,0.0518229,0.0303626,0.0261592,reel,1331.75,1542.5,1694.35,0.00119994,1534
12089,Decazeville,12,province,33,11,1097.47,1084.15,0.0504879,0.0401959,9.91183,7.86786,12.4868,commune,2.97332,0.127731,0,864,0.151706,0.0507585,0.0152127,2.24943,44.5609,-0.0862252,-0.0132822,0.0259401,0.0585091,0.100148,0.0179618,0.3215,0.6135,-1770.97,-19989.6,117.762,7932.81,40606.5,0.0919768,0.0361639,0.0268813,reel,1219.8,1507,1814.45,0.00215475,1535
38538,Le Versoud,38,province,53,17.6667,3534.95,3544.11,0.0391275,0.0241576,16.4718,13.3915,20.2607,commune,1.03683,0.00823045,0,380,0.069936,0.00831638,0.0113417,5.85987,45.2156,-0.0890067,-0.0150686,0.0259223,0.0546535,0.0946899,0.0140664,0.326,0.6215,-6343.74,-58720.4,363.528,24958.7,130793,0.0508244,0.0294557,0.0247847,reel,1263.9,1523.5,1730.3,0.00165497,1536
01370,Saint-Laurent-sur-Saône,01,province,95,31.6667,2059.94,2060.36,0.0263878,0.0109879,12.8612,9.80055,16.8776,commune,2.3779,0.0463277,0,591,0.120168,0.0213835,0.0187036,4.8407,46.3052,-0.0839623,-0.0118676,0.0259194,0.0575097,0.097212,0.0177573,0.3095,0.618,-3157.21,-34440,209.294,14805.1,76217.9,0.0661835,0.0324568,0.026758,reel,1374.45,1531,1663.25,0.00103378,1537
01043,Beynost,01,province,42,14,3187.08,3199.96,0.0394156,0.0245136,15.562,12.5507,19.2959,maille,1.12935,0.0114236,0,288,0.0837242,0.035469,0.0302356,4.99943,45.8352,-0.0858574,-0.0153971,0.0259107,0.0545675,0.0930921,0.0154328,0.323,0.621,-5658.2,-52451.6,325.839,22917.9,117922,0.0529465,0.0299533,0.0252032,reel,1297.65,1538,1730.05,0.0015743,1538
84089,Pertuis,84,province,336,112,3171.34,3172.42,0.017804,0.00500197,16.4386,13.2725,20.3599,commune,1.99971,0.0322581,0.122024,2677,0.114596,0.0397836,0.0169247,5.50265,43.6933,-0.093771,-0.0139302,0.0259063,0.0563769,0.0949325,0.0162505,0.323,0.6005,-5040.04,-51966.1,324.535,22562.2,117339,0.056526,0.0314356,0.0267444,reel,1424.95,1534,1627.05,0.000731762,1539
07331,Vals-les-Bains,07,province,116,38.6667,1660.18,1658.16,0.0301782,0.0143696,11.8845,9.24743,15.2736,commune,2.88457,0.0916837,0,804,0.196431,0.051305,0.0440798,4.36613,44.6621,-0.0888328,-0.0118544,0.0259014,0.0556285,0.0964711,0.0160248,0.3205,0.626,-2989.13,-29603.7,172.764,12354.7,61426.6,0.0750606,0.0342298,0.0261982,reel,1360.85,1544,1684,0.00118669,1540
13091,Saint-Cannat,13,province,41,13.6667,4365,4380.91,0.0479588,0.0362858,19.3368,15.3663,24.3333,commune,1.65835,0.0236305,0,462,0.0335125,0.00542023,0.000381142,5.30625,43.6201,-0.0884582,-0.0157276,0.0258884,0.0532483,0.0947777,0.0150398,0.3255,0.6225,-8200.19,-71914.1,454.28,30551.5,161505,0.0490359,0.0291047,0.0242263,reel,1262.8,1548.5,1755.1,0.00176323,1541
33075,Bruges,33,province,574,191.333,3598.94,3599.38,0.0097688,0.00150595,16.8981,14.2636,20.0191,commune,1.03306,0.00806987,0,3644,0.0233324,0.00375307,0.00199628,-0.599576,44.8789,-0.0902774,-0.015548,0.0258702,0.0554516,0.0928122,0.0152195,0.326,0.616,-6014.93,-58214.2,365.329,25188.9,133161,0.0513421,0.0300156,0.0256562,reel,1479.95,1538,1599.25,0.000371326,1542
06070,Gréolières,06,province,85,28.3333,1938.58,1935.41,0.0358655,0.0202959,13.0493,9.91497,17.1745,maille,2.42633,0.0488095,0,219,0.254508,0.148995,0.222373,6.95955,43.8333,-0.077089,-0.0124552,0.0258635,0.0544677,0.0931047,0.0173349,0.3205,0.6285,-3958.76,-36090.5,194.76,17306.2,71727.3,0.0714915,0.0352527,0.0252517,reel,1353.05,1549,1686.45,0.00112128,1543
69292,Sathonay-Camp,69,province,159,53,3895.01,3895.65,0.0201996,0.00643878,17.5722,14.555,21.2148,commune,1.09339,0.010274,0,1237,0.179313,0.0206379,0.0138558,4.87175,45.8244,-0.0925088,-0.0142991,0.0258619,0.0550218,0.0928766,0.0146793,0.3235,0.625,-7272.58,-65085.4,402.878,27489.6,144115,0.0495161,0.0292394,0.0244688,reel,1416.65,1538,1662.05,0.00083677,1544
27467,Pont-Audemer,27,province,103,34.3333,1963.35,1966.43,0.0258343,0.0105305,13.095,10.4879,16.3503,commune,2.5319,0.0541063,0.00970874,2239,0.406814,0.0771741,0.0372615,0.513973,49.3568,-0.0856416,-0.0122384,0.0258618,0.0555977,0.0917366,0.0160519,0.323,0.6255,-3694.57,-34016.6,201.463,14265.8,72644.1,0.0708685,0.0348315,0.0262125,reel,1396.8,1538,1680.3,0.000930617,1545
38524,Varces-Allières-et-Risset,38,province,67,22.3333,3553.61,3560.48,0.0348881,0.0192067,16.5938,13.6768,20.1331,commune,1.192,0.0132013,0,657,0.0679385,0.0267973,0.0111355,5.67783,45.0939,-0.0915972,-0.0141027,0.0258522,0.0534137,0.094243,0.0137861,0.325,0.628,-6531.87,-58753.3,369.327,25046,131484,0.0509696,0.0294247,0.02469,reel,1333.25,1533,1734.1,0.00143205,1546
01420,Thoissey,01,province,43,14.3333,1934.03,1935.98,0.0389656,0.0239572,12.165,9.56588,15.4704,commune,1.60789,0.0224888,0,325,0.142604,0.065575,0.0242674,4.80177,46.1721,-0.085677,-0.0124142,0.0258422,0.0562152,0.0964251,0.0164649,0.326,0.6165,-3267.85,-33080.6,200.998,13986.7,71559,0.0661731,0.0326483,0.0265453,reel,1329.75,1550.5,1725.15,0.00147161,1547
06153,Valdeblore,06,province,54,18,2339.44,2337.54,0.0447399,0.0315793,14.2329,8.22985,24.6148,maille,2.61659,0.0597095,0,200,0.197271,0.143912,0.132047,7.20116,44.0719,-0.0844355,-0.00969709,0.0258136,0.0596237,0.10476,0.0191857,0.316,0.6115,-3570.67,-45904.7,245.904,18591.3,86559.4,0.0653126,0.0333221,0.0259408,reel,1234.6,1529.5,1759.05,0.00170863,1548
32160,L'Isle-Jourdain,32,province,103,34.3333,2362.9,2366.54,0.0232099,0.00849842,13.4783,11.1761,16.2548,commune,2.00667,0.0324074,0,854,0.054587,0.00559065,0.00266016,1.08884,43.6143,-0.0870389,-0.0143325,0.0258093,0.0545173,0.0939431,0.0158499,0.3125,0.622,-4029.37,-38462,243.792,16555.1,87427.4,0.0608319,0.0311143,0.0260722,reel,1407.8,1548,1672.2,0.000962807,1549
83023,Brignoles,83,province,387,129,2612.45,2611.94,0.0162918,0.00418847,14.9066,11.5122,19.3017,commune,2.48289,0.0516422,0.29199,3407,0.101686,0.032775,0.00964521,6.06346,43.4067,-0.0848347,-0.0133039,0.025792,0.0584037,0.0964339,0.0166854,0.315,0.619,-3778.27,-43343.2,268.531,18457.5,96660.7,0.0615816,0.0322689,0.0272332,reel,1444.95,1544,1635.1,0.000647018,1550
34077,Clapiers,34,province,32,10.6667,3953.89,3980.16,0.0541436,0.046248,17.9048,14.7235,21.7736,commune,1.06642,0.00942237,0,417,0.0139642,0.00341704,0.0047727,3.88614,43.6573,-0.0908785,-0.0134809,0.0257904,0.0550033,0.0947282,0.0153762,0.3275,0.6305,-6727.88,-65578.2,405.581,27797,146294,0.0497885,0.0296012,0.0251447,reel,1185.3,1536.5,1796.15,0.0022207,1551
38565,Voreppe,38,province,138,46,3001.45,3003.01,0.0244299,0.00941807,15.3035,12.2781,19.0742,commune,1.3022,0.015843,0,878,0.0767332,0.0103631,0.0128305,5.63722,45.2966,-0.0825051,-0.0113982,0.0257758,0.0559391,0.0952499,0.0161533,0.3095,0.6175,-4600.23,-48684.8,305.44,21188.4,111054,0.0551872,0.030795,0.0262583,reel,1385.9,1547,1690.15,0.00104986,1552
38111,Claix,38,province,88,29.3333,3665.21,3669.72,0.0305117,0.0146906,17.1076,14.158,20.6718,commune,1.05162,0.00885208,0,687,0.0720694,0.0326495,0.041353,5.67281,45.1206,-0.0851899,-0.0142154,0.0257241,0.0558884,0.0942749,0.0143383,0.328,0.613,-6204.59,-60090.1,375.712,26160.1,135613,0.0510998,0.0299711,0.0255713,reel,1361.95,1544.5,1687.45,0.00111865,1553
13050,Lambesc,13,province,81,27,3721.65,3729.49,0.034428,0.018702,17.2841,13.9232,21.4561,commune,1.47303,0.0194486,0,806,0.0591963,0.00797459,0.000224308,5.26265,43.6533,-0.0842287,-0.0154184,0.0257165,0.054849,0.091756,0.0149684,0.332,0.626,-6747.69,-61236.4,385.205,26032.9,137701,0.0508938,0.0294353,0.0246156,reel,1346.7,1547.5,1745.05,0.00139183,1554
38384,Saint-Étienne-de-Saint-Geoirs,38,province,48,16,2234.87,2236.56,0.0410634,0.0266071,12.865,9.85514,16.794,commune,2.12877,0.0364648,0,357,0.0895963,0.0320664,0.0120157,5.34478,45.3402,-0.0923536,-0.0152286,0.0257058,0.0546189,0.0947006,0.0138027,0.339,0.625,-4274.18,-39463.5,238.921,15808.7,82690.1,0.0610236,0.0302948,0.0243689,reel,1293.6,1559,1738.15,0.00155958,1555
73213,La Ravoire,73,province,225,75,3571.27,3570.44,0.0194303,0.00595766,17.0326,14.1732,20.469,commune,1.20911,0.0136386,0,1822,0.0565933,0.0194238,0.00607937,5.96309,45.5601,-0.0885727,-0.0147737,0.025705,0.0548854,0.0958381,0.0151129,0.32,0.6275,-6054.39,-58171.8,363.081,25073.4,132137,0.052192,0.0303717,0.0260162,reel,1447,1553,1656.1,0.000737104,1556
74119,Évian-les-Bains,74,province,546,182,4774.08,4773.94,0.0112906,0.00201171,21.2366,16.1113,27.9925,commune,1.79002,0.026685,0,3713,0.163235,0.0643856,0.0280895,6.58816,46.3989,-0.0940259,-0.0154337,0.0256747,0.0544539,0.0953858,0.0140527,0.3245,0.632,-8848.27,-80111.7,497.637,33869.4,176641,0.0496095,0.0300088,0.0257152,reel,1494.9,1557,1613.1,0.000437802,1557
13001,Aix-en-Provence,13,province,4794,1598,4969.17,4969.22,0.00451649,0.00032191,21.9474,17.6729,27.2559,commune,1.55046,0.0212183,0.0235711,43299,0.0883124,0.0221945,0.00561258,5.44346,43.526,-0.0832466,-0.0134557,0.0256654,0.0561347,0.0939518,0.016007,0.327,0.6155,-7717.51,-79779.1,504.879,34818.5,183859,0.0493783,0.0303857,0.0262078,reel,1525.9,1556.5,1582.1,0.000177378,1558
39059,Bois-d'Amont,39,province,52,17.3333,2638.54,2654.6,0.0426131,0.0286462,15.3327,10.9635,21.443,maille,2.37616,0.0462662,0,279,0.427117,0.0576257,0.0418517,6.14012,46.5376,-0.0837969,-0.01302,0.0256644,0.0579516,0.098631,0.0179084,0.313,0.6165,-4027.32,-46298,264.412,19082.7,97625.8,0.0629106,0.0335146,0.0268731,reel,1283.9,1557.5,1777.25,0.00182454,1559
38170,Fontanil-Cornillon,38,province,68,22.6667,3195.92,3200.09,0.0346354,0.0189296,15.8053,12.4616,20.0461,commune,1.23695,0.0143266,0,412,0.0852347,0.0190265,0.00373322,5.66479,45.2501,-0.0854289,-0.0155632,0.0256594,0.0558248,0.0950014,0.0154792,0.319,0.612,-5091.49,-52514.1,327.04,22407.9,118249,0.0537133,0.0304235,0.0258727,reel,1326,1549.5,1731.65,0.00144214,1560
44003,Ancenis-Saint-Géréon,44,province,80,26.6667,2595.36,2593.52,0.0273623,0.0118137,13.7186,10.7212,17.5541,commune,1.51073,0.0203746,0,1929,0.0963397,0.0193171,0.017565,-1.17945,47.3675,-0.0870726,-0.0157118,0.0256581,0.0547869,0.0914588,0.0136081,0.3345,0.625,-5199.23,-44230.4,271.08,18420.5,96028.4,0.0564943,0.0298152,0.024435,reel,1383.95,1546.5,1692.1,0.00108942,1561
33162,Eysines,33,province,517,172.333,3556.77,3557.41,0.0102924,0.00167171,16.5102,14.318,19.0381,commune,1.03567,0.00820721,0.0212766,4248,0.0766066,0.00579448,0.0103633,-0.650161,44.8823,-0.0933232,-0.0143677,0.0256539,0.0539385,0.0925973,0.0141752,0.34,0.6125,-6575.61,-57898.3,365.391,25101.1,131601,0.0506422,0.0293748,0.0246663,reel,1497,1559,1619,0.000430502,1562
73157,Modane,73,province,247,82.3333,2228.7,2226.31,0.0185497,0.0054299,13.8952,7.35605,26.2473,maille,2.62587,0.0605085,0,1762,0.374336,0.0937348,0.178158,6.65585,45.1748,-0.0892983,-0.0143544,0.0256456,0.0595724,0.111797,0.0177516,0.324,0.6155,-4141.22,-46445.4,225.481,18488.9,82461.8,0.0667396,0.0336513,0.0246277,reel,1465.9,1557.5,1647,0.000606082,1563
06126,Saint-Martin-du-Var,06,province,44,14.6667,4164.02,4178.68,0.0493885,0.0384803,19.2192,15.8176,23.3522,commune,1.61949,0.0228395,0,373,0.057996,0.00769152,0.00588286,7.19097,43.8215,-0.0937708,-0.0127535,0.0256132,0.0566619,0.0955147,0.0155041,0.3225,0.625,-6677.33,-68189,423.828,29220.3,154069,0.0510637,0.0303046,0.0258604,reel,1244.8,1567,1843.2,0.00212027,1564
81271,Saint-Sulpice-la-Pointe,81,province,32,10.6667,2291.41,2308.44,0.0441406,0.0307201,12.8216,10.7637,15.2728,commune,1.26798,0.0150143,0,345,0.0765367,0.024143,0.0145832,1.68961,43.7652,-0.0903567,-0.0151999,0.0256065,0.0545123,0.0939967,0.014373,0.321,0.624,-4140.8,-38365.2,236.168,16270.5,84782.1,0.0592906,0.0306015,0.0254584,reel,1311.8,1583.5,1788.35,0.00177669,1565
01109,Collonges,01,province,38,12.6667,4113.87,4118.47,0.0413851,0.0270243,19.8475,16.2695,24.2124,maille,2.50551,0.0527363,0,219,0.18323,0.0252174,0.0145177,5.90432,46.1367,-0.088923,-0.0122994,0.0256052,0.055772,0.0919039,0.0156575,0.3235,0.623,-7148.29,-67587.8,424.87,29067.9,152213,0.053519,0.0309056,0.0262004,reel,1306.4,1556.5,1732.4,0.00157062,1566
35120,Gévezé,35,province,41,13.6667,3211.19,3205.5,0.0355432,0.0199332,15.7751,12.8961,19.2967,commune,1.34078,0.0167015,0,476,0.0313119,0.0134376,0.000714569,-1.79229,48.2217,-0.0873399,-0.0133991,0.0255912,0.0552034,0.0936678,0.0149649,0.3185,0.6195,-5300.31,-52967,330.861,22467.1,118814,0.053345,0.0300611,0.0254591,reel,1357.75,1556,1715.4,0.00125259,1567
83100,Puget-Ville,83,province,32,10.6667,2815.76,2820.04,0.0553941,0.0484051,14.8924,11.834,18.7411,commune,2.23347,0.0404475,0,268,0.105683,0.0256633,0.000505372,6.13636,43.2893,-0.096465,-0.0158938,0.0255803,0.0544867,0.0929016,0.0132899,0.33,0.6265,-5496.66,-49156.2,299.748,19729.1,104183,0.0570746,0.0302356,0.0248214,reel,1279.1,1579,1828.95,0.00200681,1568
71105,Charnay-lès-Mâcon,71,province,149,49.6667,2401.25,2408.03,0.026024,0.010686,13.4628,10.8457,16.7115,commune,1.76595,0.0261244,0,1251,0.094949,0.0295638,0.0176906,4.81059,46.3104,-0.0904598,-0.0144741,0.0255709,0.0549618,0.0951872,0.0152607,0.323,0.62,-4221.87,-40521.1,250.609,17061.6,88846.3,0.0597829,0.0309046,0.025564,reel,1413.9,1564,1706.1,0.00104618,1569
76429,Le Mesnil-Esnard,76,province,135,45,2956.45,2962.74,0.027348,0.0118013,15.0328,12.6703,17.8359,commune,1.48013,0.0196078,0,890,0.0647273,0.00895795,0.0105024,1.1369,49.4145,-0.0856404,-0.0131939,0.0255619,0.0554099,0.0941008,0.0154285,0.3315,0.618,-4967.45,-47557.7,303.162,20852.1,109389,0.0549287,0.0302031,0.025369,reel,1388.9,1583,1707.25,0.00114023,1570
38563,Voiron,38,province,681,227,2507.14,2507.25,0.0110387,0.00192295,13.916,10.7026,18.0941,commune,1.82425,0.0273678,0.0264317,4397,0.126875,0.0744092,0.0184437,5.58917,45.3662,-0.089444,-0.0132842,0.0255617,0.0558271,0.0932346,0.0147054,0.3235,0.625,-4583.5,-42423.5,265.715,17887.9,92764.4,0.0594267,0.0311251,0.0255273,reel,1512,1563.5,1629.05,0.000422391,1571
74190,Morillon,74,province,227,75.6667,4140.59,4141.16,0.017486,0.00482511,18.8449,14.271,24.8847,maille,1.46723,0.0192711,0,589,0.439398,0.0888454,0.0276879,6.67206,46.0666,-0.0941148,-0.0152788,0.0255432,0.055263,0.0937685,0.0148398,0.336,0.613,-7386.23,-70324.3,431.791,29446.5,153202,0.0502678,0.0298508,0.0247295,reel,1472.7,1573,1664.3,0.000680898,1572
07324,Tournon-sur-Rhône,07,province,297,99,2011.57,2011.86,0.0189422,0.00566197,12.5434,9.64618,16.3108,commune,2.05742,0.0340351,0,1890,0.155637,0.046244,0.0160222,4.83632,45.064,-0.0894658,-0.0143977,0.0255376,0.0579157,0.0930432,0.0160951,0.325,0.6175,-3367.67,-34179.2,207.125,14400.2,74428.2,0.0658793,0.032364,0.0262404,reel,1432.95,1571,1661.45,0.000796861,1573
30341,Vauvert,30,province,81,27,2504.21,2516.85,0.0378854,0.0226466,13.5878,11.0292,16.7399,commune,1.86572,0.0284855,0.234568,1026,0.0459223,0.010006,0.00204345,4.27483,43.6919,-0.0876971,-0.0124613,0.0255044,0.0550015,0.0931418,0.0148166,0.313,0.628,-4469.44,-41862.3,262.037,17608.2,92655.9,0.0579236,0.0299398,0.0246635,reel,1359.45,1547.5,1743.65,0.00143302,1574
06038,Châteauneuf-Grasse,06,province,32,10.6667,4301.55,4319.35,0.0575032,0.0521577,19.7917,16.1895,24.1952,commune,1.57773,0.0218235,0,268,0.101921,0.0708043,0.0280899,6.97372,43.6763,-0.0910824,-0.0127611,0.0255016,0.0564646,0.0952683,0.0156788,0.3295,0.619,-6946.59,-72527.3,444.64,30477.9,159157,0.0510281,0.0305768,0.0264099,reel,1149,1560.5,1834.25,0.00254398,1575
33550,Villenave-d'Ornon,33,province,626,208.667,3337.29,3337.71,0.00935485,0.00138103,16.0151,13.8819,18.4761,commune,1.07396,0.00973693,0,7681,0.0247339,0.00490063,0.0013402,-0.567187,44.7776,-0.0922925,-0.0140766,0.0255008,0.0539815,0.0943581,0.0145566,0.34,0.619,-5950.12,-54380.6,341.581,23354.8,123480,0.0521924,0.0299073,0.0254256,reel,1503.85,1573.5,1626.05,0.000411064,1576
69072,Dardilly,69,province,71,23.6667,4311.98,4315.89,0.0301089,0.0143051,18.3216,14.3098,23.4582,commune,1.05046,0.00882872,0,996,0.075234,0.0264603,0.0132118,4.75427,45.8177,-0.0986695,-0.0163415,0.0254955,0.0549796,0.0903022,0.0131649,0.338,0.6365,-8903.72,-73156,456.514,30381.9,159543,0.0468137,0.0280406,0.0230615,reel,1386.95,1571,1714.15,0.00121911,1577
07186,Privas,07,province,178,59.3333,1472.72,1471.15,0.0244224,0.00941159,11.2031,8.83618,14.2041,commune,2.76885,0.0732461,0.134831,2934,0.177403,0.0893348,0.0225245,4.59624,44.7317,-0.0919991,-0.0107553,0.0254949,0.0569744,0.0967102,0.0162272,0.314,0.6245,-2664.11,-27011.1,158.562,10693.2,54490.7,0.0790627,0.0348361,0.0262534,reel,1421.7,1577.5,1693,0.00097467,1578
35352,Vern-sur-Seiche,35,province,69,23,3061.83,3059.32,0.0275089,0.011941,15.1048,12.8092,17.8118,commune,1.20882,0.0136377,0,647,0.0337427,0.00708929,0.00348829,-1.60311,48.0462,-0.0872417,-0.0147095,0.0254796,0.0554151,0.0934673,0.0151324,0.3285,0.613,-5302.57,-50112.7,315.747,21434,113288,0.0533203,0.0297208,0.0249952,reel,1393.9,1587,1727.05,0.00118829,1579
04205,Seyne,04,province,69,23,1385.74,1386,0.0373924,0.0220585,11.3508,8.72843,14.7609,maille,2.69287,0.0657895,0,165,0.398003,0.145173,0.06965,6.35931,44.3504,-0.084307,-0.0112829,0.0254586,0.0553725,0.0950892,0.0168768,0.3145,0.6335,-2822.95,-26039.1,147.72,10856.5,51272.3,0.0853041,0.0380955,0.0247804,reel,1364.25,1587,1739,0.00138396,1580
74112,Epagny Metz-Tessy,74,province,167,55.6667,5649.4,5651.62,0.0203691,0.00654733,22.5834,18.0446,28.2639,commune,1.01943,0.00715929,0,1226,0.0684613,0.0135313,0.00409142,6.09307,45.9383,-0.076337,-0.0082277,0.0254436,0.0519646,0.0918697,0.0176165,0.2965,0.6465,-9963.32,-92920.1,592.769,44557.1,209028,0.0447838,0.0274828,0.0247277,lmnp,1436.7,1582,1708.25,0.000961104,1581
06004,Antibes,06,province,5507,1835.67,5428.99,5429.16,0.00450063,0.000319653,22.7411,18.3775,28.1408,commune,1.33701,0.0166206,0,22584,0.0804534,0.0203458,0.00386357,7.11453,43.5791,-0.0773261,-0.00848528,0.0254405,0.0547758,0.0913268,0.0185205,0.2905,0.6295,-9097.47,-90230.2,565.003,43047.7,200873,0.0469504,0.0280984,0.0254828,lmnp,1539,1575,1606.05,0.000217393,1582
44109,Nantes,44,province,11217,3739,3562.65,3562.64,0.00232432,8.52559e-05,16.5688,13.2323,20.7467,commune,1.28306,0.0154401,0.0414549,118464,0.106628,0.0332577,0.0154473,-1.55479,47.2215,-0.0910586,-0.0163218,0.0254361,0.0542508,0.0917405,0.0121594,0.345,0.625,-7260.16,-59899.3,372.812,25192.5,131818,0.0507559,0.0291758,0.024228,reel,1557.95,1576,1596.05,9.00729e-05,1583
75110,Paris 10e Arrondissement,75,paris,4056,1352,9090.95,9090.9,0.00421913,0.000280913,32.7362,25.7643,41.5948,commune,2.00522,0.0323622,0,33400,0.260429,0.135098,0.0768797,2.36159,48.8739,-0.104772,-0.0194036,0.0254325,0.0566871,0.0974543,0.0107608,0.3505,0.627,-16533.2,-163313,1006.03,64754.1,336365,0.0412317,0.0267967,0.0259046,reel,1550,1576,1599.05,0.000130981,1584
01005,Ambérieux-en-Dombes,01,province,48,16,2933.5,2942.39,0.0369262,0.0215153,14.9685,12.2195,18.336,maille,1.25421,0.0147225,0,154,0.0577408,0.0341258,0.0142115,4.9059,45.9951,-0.0888638,-0.0139598,0.0254319,0.0573288,0.0937223,0.0159507,0.3235,0.6225,-4634.52,-48346.7,300.413,20878.6,108540,0.0550954,0.0305402,0.025913,reel,1300,1577.5,1756.15,0.00157424,1585
59462,Phalempin,59,province,64,21.3333,3187.86,3204.17,0.034834,0.0191464,15.6994,13.3647,18.4419,commune,1.45171,0.0189573,0,258,0.0750562,0.0428233,0.0159525,3.01525,50.5162,-0.0960387,-0.0155003,0.0254159,0.0536371,0.0926814,0.0149544,0.3275,0.6345,-5927.33,-52523.2,334.672,22490.9,117951,0.0534504,0.0299251,0.0250262,reel,1333.65,1558.5,1745.2,0.0015134,1586
81065,Castres,81,province,435,145,1810.31,1810.77,0.0121411,0.00232607,11.9478,9.61448,14.8475,commune,2.47071,0.0508893,0.163218,9176,0.128471,0.0304208,0.0131945,2.24162,43.6055,-0.0898077,-0.0128033,0.0254127,0.0553897,0.0939161,0.0155337,0.316,0.6285,-3348.84,-30376.4,188.466,12834.9,66981.6,0.0692553,0.0323767,0.0260079,reel,1498.95,1581,1644.05,0.000512536,1587
49328,Saumur,49,province,512,170.667,1831.28,1831.21,0.0110974,0.00194339,12.0676,9.38746,15.5129,commune,2.17894,0.0381105,0.03125,3799,0.21848,0.0773252,0.040092,-0.0780805,47.2584,-0.0879847,-0.013986,0.0254084,0.0561534,0.0970186,0.0160723,0.329,0.6165,-3365.74,-32102.2,189.916,13535.3,67757.3,0.0692472,0.0330581,0.0252767,reel,1517,1580,1639.05,0.000450394,1588
31488,Saint-Jean,31,province,148,49.3333,3230.17,3232.79,0.0220273,0.00765658,15.3836,13.6354,17.3559,commune,1.01218,0.00647948,0,1014,0.0272197,0.00353532,0.00121734,1.49905,43.6613,-0.0952862,-0.0160516,0.0253832,0.0543961,0.0926617,0.0141846,0.337,0.6295,-6098.38,-52955.4,334.44,22634.6,119516,0.051577,0.0291963,0.0244359,reel,1445.75,1591,1694.05,0.000907267,1589
31389,Montrabé,31,province,81,27,3152.47,3156.68,0.0296817,0.0139018,15.2427,13.1751,17.6348,commune,1.3431,,0,354,0.00889936,0.00179916,0.000705479,1.5308,43.6433,-0.0922785,-0.0150435,0.025383,0.0543438,0.0939641,0.0133096,0.3375,0.6305,-6243.57,-52355.8,330.695,22076.4,116641,0.0523122,0.0290946,0.0241592,reel,1405.95,1597.5,1707.2,0.00106743,1590
34111,Ganges,34,province,90,30,1552.99,1551.21,0.0327739,0.0169489,11.1486,8.87822,13.9996,commune,2.88399,0.0913877,0,996,0.0704113,0.0248805,0.00305399,3.70669,43.9344,-0.087306,-0.0113328,0.0253795,0.0558777,0.0961314,0.016508,0.315,0.6205,-2663.52,-26920.3,165.993,10899.6,57460.6,0.074555,0.0325279,0.0261761,reel,1325.35,1579.5,1756.05,0.00144901,1591
31451,Revel,31,province,40,13.3333,1785.01,1782.37,0.0419421,0.0277556,11.5968,9.4658,14.2076,commune,1.90342,0.0296415,0,895,0.0966674,0.0385847,0.0111037,2.00163,43.456,-0.087274,-0.0144481,0.0253615,0.0562306,0.0934039,0.0159234,0.3295,0.614,-3096.37,-30721.8,187.467,12657.4,66045.5,0.0678773,0.0320462,0.0261192,reel,1336.95,1574.5,1795.1,0.00165061,1592
25403,Montlebon,25,province,48,16,3316.52,3337.27,0.0433094,0.0295954,16.6429,12.567,22.0407,maille,2.19229,0.0387597,0,166,0.176111,0.118546,0.0433248,6.60717,47.0408,-0.0896025,-0.0132191,0.0253482,0.054285,0.0932865,0.0147248,0.3325,0.631,-6391.9,-58316.7,359.062,23906.5,122711,0.0547906,0.0303512,0.0248936,reel,1350.75,1612.5,1808.1,0.0016497,1593
75109,Paris 9e Arrondissement,75,paris,2983,994.333,10558.1,10557.9,0.00491954,0.000381921,36.2106,28.4752,46.0473,commune,1.94519,0.0308138,0,20959,0.299021,0.131846,0.0939105,2.34105,48.8791,-0.113528,-0.0176792,0.0253471,0.0564551,0.0972265,0.0101784,0.347,0.629,-18680.1,-191881,1173.93,75497.9,390648,0.0394511,0.0260361,0.0254415,reel,1564,1587,1610.05,0.000143372,1594
53130,Laval,53,province,1116,372,2187.78,2187.77,0.00786259,0.000975546,12.8585,10.1983,16.2127,commune,1.63863,0.0232021,0.0600358,11942,0.127026,0.0300571,0.0169953,-0.769521,48.0703,-0.0879365,-0.0139672,0.0253167,0.0556967,0.0967555,0.0145917,0.33,0.6165,-3701.56,-37215.1,225.36,15511.4,80947.8,0.0623018,0.0316515,0.0262368,reel,1543.85,1587,1639.3,0.000330738,1595
75103,Paris 3e Arrondissement,75,paris,1808,602.667,11577,11576.7,0.0063183,0.000629971,38.6988,29.9971,49.9248,commune,1.77088,0.0262227,0,14118,0.279485,0.123574,0.0934469,2.3599,48.8633,-0.092065,-0.0115892,0.0253007,0.0574614,0.0985747,0.0166448,0.3145,0.621,-16826.4,-204284,1322.78,87437.9,428349,0.038558,0.0255241,0.0255133,lmnp,1542.95,1591.5,1629,0.000291043,1596
14515,Port-en-Bessin-Huppain,14,province,32,10.6667,2518.68,2514.12,0.0456424,0.0328637,13.8429,11.3469,16.888,maille,1.846,0.0280091,0,164,0.15443,0.0798296,0.0610123,-0.758918,49.3403,-0.0922187,-0.0143935,0.025285,0.0540674,0.0942159,0.0136667,0.3295,0.6285,-5177.78,-43783.6,267.903,18581.5,93191.3,0.0588066,0.0306943,0.0244815,reel,1354.65,1582.5,1772.2,0.0016042,1597
06044,La Colle-sur-Loup,06,province,108,36,4698.79,4706.42,0.0318865,0.016043,20.6269,16.3707,25.9898,commune,1.68619,0.024265,0,713,0.133745,0.040511,0.0112662,7.10376,43.6863,-0.0957168,-0.0140977,0.0252603,0.0554772,0.0925321,0.0145083,0.3285,0.617,-8862.43,-79632.4,493.116,33054.4,173855,0.0488473,0.0294569,0.0248706,reel,1398.4,1577.5,1746,0.00121104,1598
85146,Montaigu-Vendée,85,province,58,19.3333,2779.64,2777.1,0.0357278,0.0201361,14.5232,11.6262,18.1421,commune,1.24478,0.0145206,0,1028,0.133043,0.106981,0.0156862,-1.31087,46.9782,-0.0900012,-0.0131887,0.0252492,0.0566058,0.0928283,0.0157147,0.327,0.621,-4894.35,-47289.6,298.28,19660.7,102847,0.0562227,0.0307939,0.0255649,reel,1376.75,1593,1759.4,0.00137713,1599
38034,Beaurepaire,38,province,46,15.3333,1493,1487.4,0.0419225,0.0277318,10.9846,8.5633,14.0905,commune,2.49246,0.0520279,0,740,0.141135,0.0472853,0.01513,5.0536,45.3389,-0.0878102,-0.0125165,0.025238,0.0557287,0.0994102,0.015359,0.3265,0.6195,-2653.25,-26791.6,158.393,10673.6,55241.1,0.0762324,0.0336063,0.026262,reel,1314.6,1598,1798.1,0.00169252,1600
44116,Paimbuf,44,province,42,14,2130.95,2123.16,0.0375652,0.0222644,12.8909,10.4022,15.975,commune,2.05539,0.0339744,0,472,0.0950785,0.0435104,0.0247208,-2.02955,47.2878,-0.0919799,-0.0142099,0.0252191,0.0571119,0.0937926,0.0145592,0.3215,0.6165,-3582.87,-36395.7,221.252,15383.9,78845,0.0641455,0.0319918,0.0263539,reel,1375.85,1594,1777.65,0.00153355,1601
42092,L'Étrat,42,province,35,11.6667,2248.28,2257.53,0.0534745,0.0451044,12.8018,9.68766,16.9169,commune,1.89965,0.0295008,0,387,0.0904779,0.0284366,0.0210116,4.37908,45.4855,-0.0896719,-0.0144401,0.025219,0.054612,0.0935105,0.0133256,0.333,0.629,-4470.03,-40339.1,238.092,16013.3,83186.4,0.0603222,0.0301974,0.0243289,reel,1313.6,1607,1825.3,0.00190026,1602
42323,Veauche,42,province,74,24.6667,2313.86,2320.94,0.0372165,0.0218526,12.629,9.78209,16.3043,commune,1.04524,0.00863102,0,733,0.0756609,0.0116095,0.00755158,4.28953,45.5667,-0.093021,-0.0145011,0.0252107,0.0549865,0.0946544,0.0138468,0.3365,0.624,-4286.25,-40028.5,238.588,16366.7,85613,0.0577162,0.0298592,0.0246914,reel,1373.9,1593.5,1786.85,0.00148154,1603
31409,Péchabou,31,province,31,10.3333,2918.63,2929.75,0.0474535,0.0355273,14.422,12.7752,16.2811,commune,1.09542,0.0103189,0,157,0.0182746,0.00369453,0.00144868,1.5091,43.5015,-0.0907331,-0.0140352,0.0252068,0.0554284,0.093195,0.0150373,0.3295,0.6245,-5324.4,-48347.5,303.344,20458.2,107989,0.053129,0.0292034,0.0243426,reel,1293.85,1598,1836.15,0.00197529,1604
06163,Tende,06,province,72,24,1726.12,1720.22,0.0388984,0.023873,12.5919,10.4328,15.1977,maille,2.97883,0.13236,0,323,0.267344,0.17592,0.168189,7.59286,44.0847,-0.0841195,-0.013239,0.0251962,0.053035,0.0915603,0.0165575,0.315,0.6395,-3777.89,-31369.7,180.624,15025.3,63866.5,0.0771109,0.0362642,0.0248662,reel,1412.35,1606,1762.2,0.0012572,1605
74238,Saint-Jean-d'Aulps,74,province,156,52,3944.71,3944.99,0.0210702,0.00700577,18.4759,13.1828,25.8941,maille,2.14849,0.0371219,0,463,0.444193,0.0932967,0.0611335,6.64261,46.2258,-0.0897608,-0.0165453,0.0251946,0.0552909,0.0930551,0.0141348,0.3295,0.6305,-7911.78,-68683,418.269,28696.7,145954,0.0516415,0.029651,0.024003,reel,1490.8,1600,1704.2,0.000750261,1606
83094,Le Plan-de-la-Tour,83,province,51,17,4379.78,4386.77,0.0442766,0.0309296,19.5691,15.6461,24.4758,commune,1.46085,0.0191761,0,266,0.0523428,0.00556644,0.00726554,6.54773,43.3414,-0.0895522,-0.0163068,0.0251755,0.0562618,0.093949,0.0143233,0.326,0.617,-7779.7,-72699.8,450.111,30814.2,162052,0.0495069,0.0297141,0.02517,reel,1315.65,1611,1806.25,0.00183687,1607
44047,Couëron,44,province,262,87.3333,3104.54,3104.46,0.0151816,0.0036371,14.8886,12.8124,17.3012,commune,1.05452,0.00895127,0,2336,0.0197504,0.00585047,0.00609038,-1.72525,47.2173,-0.0948785,-0.0165694,0.0251701,0.0538736,0.0919831,0.012722,0.3345,0.63,-6022.8,-51865.6,323.449,21825.9,114868,0.0517511,0.0288719,0.023942,reel,1509.75,1603.5,1688.15,0.000626772,1608
13112,Velaux,13,province,34,11.3333,4204.14,4228.35,0.0524708,0.043432,18.5109,14.8089,23.1382,commune,1.23782,0.0143453,0,391,0.100922,0.0182108,0.00282072,5.25415,43.5228,-0.0923013,-0.0160725,0.0251501,0.0544536,0.0926991,0.0140635,0.3225,0.6245,-8177.99,-70691.7,439.307,29507.5,155553,0.0485547,0.0289521,0.0241688,reel,1256.85,1632.5,1841.65,0.00212008,1609
35032,Bourgbarré,35,province,53,17.6667,2753.18,2750.24,0.0313318,0.01549,14.0995,11.8172,16.8227,maille,1.0873,0.0101237,0,357,0.0176843,0.00464974,0.0112702,-1.62213,47.9926,-0.0889253,-0.0137283,0.025136,0.0551928,0.0939524,0.0153031,0.317,0.618,-4603.48,-45117.1,282.397,19474.6,101867,0.0549163,0.029904,0.0252202,reel,1398.85,1588,1752.15,0.00125122,1610
34057,Castelnau-le-Lez,34,province,807,269,3962.25,3963.22,0.0110277,0.00191911,18.0351,15.3452,21.1966,commune,1.02117,0.00731468,0,6022,0.0154068,0.00339184,0.000848215,3.90809,43.6315,-0.0880165,-0.012527,0.0251318,0.0554857,0.0936004,0.0151532,0.321,0.6225,-6369.84,-63697.7,401.658,27732.7,146603,0.0500781,0.0298923,0.0255649,reel,1540.9,1608.5,1662.1,0.000423492,1611
31291,Léguevin,31,province,170,56.6667,2559.81,2561.53,0.0205628,0.00667234,13.2745,11.7438,15.0047,commune,1.00174,0.00381862,0,1102,0.0136196,0.0023771,0.00112271,1.23964,43.5999,-0.0934517,-0.0180503,0.0251214,0.0545198,0.0920084,0.0137852,0.339,0.627,-5041.47,-41644.8,265.979,17932.4,94713.1,0.055197,0.0293445,0.024489,reel,1479.85,1606,1698.6,0.000803937,1612
06023,Breil-sur-Roya,06,province,47,15.6667,1824.99,1819.24,0.0478446,0.0361128,12.5919,10.4328,15.1977,maille,2.94577,0.113052,0,327,0.213928,0.123529,0.0346521,7.51462,43.9385,-0.0876675,-0.0128061,0.0251136,0.0566475,0.094873,0.0160124,0.319,0.612,-3242.17,-32231.5,199.615,13271,67524.5,0.0729335,0.0343573,0.0260836,reel,1315.6,1600,1825.15,0.00181787,1613
33200,Le Haillan,33,province,262,87.3333,3544.23,3545.61,0.0144464,0.00329339,16.3483,14.2698,18.7297,commune,1.00435,0.00498649,0,1926,0.0213308,0.00193701,0.000170919,-0.677507,44.8722,-0.0956718,-0.0146994,0.0251132,0.0552501,0.0938496,0.0145314,0.328,0.6245,-6588.04,-57384.2,364.401,24791,131136,0.0502733,0.0291003,0.024388,reel,1522,1606,1686.05,0.000597473,1614
69255,Vaugneray,69,province,42,14,3566.77,3570.63,0.0389562,0.0239459,16.396,12.0908,22.2339,commune,1.24855,0.0146245,0,350,0.147869,0.0398638,0.0356718,4.66059,45.738,-0.09271,-0.0155933,0.0251059,0.0540129,0.0943112,0.0135225,0.346,0.632,-7423.49,-61846.9,377.267,25413.4,131971,0.0501157,0.0287454,0.0235828,reel,1377.95,1611,1767.4,0.00145524,1615
83120,Saint-Zacharie,83,province,77,25.6667,3613.27,3621.84,0.0362223,0.020702,16.5963,13.2305,20.8185,commune,1.21665,0.0138249,0,557,0.0757981,0.0113248,0.00366372,5.70689,43.3847,-0.0859834,-0.0152734,0.025097,0.0535715,0.092496,0.0137073,0.338,0.6385,-7117.21,-60378.2,375.256,25327.8,133691,0.0501363,0.0289156,0.0239719,reel,1390.85,1592.5,1760.15,0.00136797,1616
85191,La Roche-sur-Yon,85,province,1081,360.333,2599.96,2599.93,0.0083542,0.00110137,13.5995,11.0492,16.7383,commune,1.13631,0.0116279,0.114709,11328,0.0734072,0.0194741,0.00586336,-1.42666,46.6698,-0.0961806,-0.0147072,0.0250956,0.0559552,0.0930853,0.0141857,0.3255,0.622,-4689.14,-43301,269.695,18294.2,96198.4,0.0558446,0.0298515,0.0248396,reel,1549.95,1606,1651.05,0.000312165,1617
73064,Challes-les-Eaux,73,province,149,49.6667,3807.92,3805.78,0.0238409,0.00896922,18.0222,14.7078,22.0834,commune,1.65023,0.0234614,0,948,0.105123,0.038827,0.0278722,5.98589,45.548,-0.0880376,-0.0145655,0.0250949,0.0544974,0.0946908,0.0156229,0.331,0.628,-6864.61,-61581.6,394.772,27022.1,140893,0.0520667,0.0302892,0.0257345,reel,1461,1595.5,1715.05,0.000903294,1618
06075,Levens,06,province,39,13,3509.65,3524.03,0.0523311,0.0432005,17.1745,14.0875,20.9379,commune,2.02204,0.0328707,0,473,0.135929,0.0697807,0.0285702,7.22645,43.857,-0.0907094,-0.0144143,0.0250796,0.055153,0.0927712,0.0149711,0.33,0.6295,-6420.18,-59346.5,371.858,25047.2,129857,0.0535933,0.030229,0.0251887,reel,1251.2,1617,1820,0.0021565,1619
69081,Écully,69,province,375,125,4388.31,4388.7,0.0131773,0.0027402,18.8941,14.7849,24.1455,commune,1.24449,0.0145205,0.0266667,4308,0.149421,0.0410669,0.0185697,4.7784,45.7768,-0.0923935,-0.0160948,0.0250714,0.0551048,0.0941128,0.0138035,0.3315,0.626,-8624.83,-73506.1,462.273,30968,162368,0.0475649,0.02852,0.0236606,reel,1532.95,1612,1675,0.000515954,1620
40088,Dax,40,province,1007,335.667,2606.86,2606.84,0.00792024,0.00098993,14.0623,10.9798,18.0103,commune,1.90864,0.0297811,0.0923535,6755,0.116111,0.0378546,0.0205482,-1.05341,43.7085,-0.0891055,-0.013903,0.025065,0.0546232,0.095129,0.0159034,0.3225,0.6265,-4787.85,-43273.5,273.037,18614,96453.7,0.0578275,0.0303166,0.0247339,reel,1556,1609,1652.05,0.000317336,1621
40281,Saint-Pierre-du-Mont,40,province,157,52.3333,2467.6,2468.36,0.0200059,0.00631557,13.0976,11.2989,15.1827,commune,1.48318,0.0196764,0.216561,1168,0.0357361,0.00571233,0.0028541,-0.515415,43.8799,-0.0910204,-0.015725,0.0250612,0.0537261,0.0903578,0.0134381,0.3395,0.6305,-5127.25,-40673.2,260.682,17300.8,91301.3,0.0563993,0.0291377,0.0238002,reel,1502.85,1618,1705.2,0.000751289,1622
35085,Combourg,35,province,39,13,2397.51,2392.03,0.0364247,0.020934,13.2248,10.3599,16.8819,commune,2.03393,0.0332473,0,377,0.129837,0.0363623,0.0205444,-1.74178,48.4137,-0.0929941,-0.0155168,0.0250548,0.0540284,0.0912539,0.0130924,0.3325,0.6245,-5007.55,-42789.4,256.257,17096.7,88708,0.0586848,0.0296929,0.0234656,reel,1430.2,1608.5,1767.45,0.00123014,1623
17274,Périgny,17,province,91,30.3333,4079.92,4081.68,0.0289865,0.0132569,17.5111,14.3435,21.3782,commune,1.03451,0.00812425,0,672,0.0303696,0.0039568,0.0033641,-1.10454,46.1593,-0.0968646,-0.0168144,0.025049,0.0538384,0.0928661,0.0137927,0.335,0.64,-8256.06,-68292.4,428.984,28552.1,150957,0.0470924,0.0278444,0.0227295,reel,1459.85,1603.5,1743,0.00109085,1624
31135,Cazères,31,province,66,22,1785.72,1784.67,0.0328306,0.0170075,11.4662,9.46604,13.889,commune,2.4623,0.0505576,0,596,0.0677594,0.020273,0.00682253,1.08701,43.2118,-0.0878649,-0.015477,0.0250245,0.0545078,0.0936122,0.014762,0.328,0.6245,-3547.96,-30324.5,190.258,12574.2,66071.8,0.0669726,0.03049,0.0241254,reel,1415.25,1592,1755,0.00125601,1625
33051,Biganos,33,province,85,28.3333,3623.91,3628.7,0.0252771,0.0100823,16.4627,13.8076,19.6284,commune,1.10731,0.0107046,0,483,0.0325986,0.00933488,0.00455032,-0.96125,44.6466,-0.0909669,-0.0159512,0.0249987,0.0540315,0.0920758,0.0136723,0.33,0.6325,-7237.26,-59533.4,379.349,25426.3,134085,0.0495466,0.0286263,0.0236933,reel,1461.7,1618,1728.1,0.000917822,1626
11266,Port-la-Nouvelle,11,province,346,115.333,2445.41,2448.16,0.0158028,0.00394069,13.3909,10.5132,17.0563,commune,1.90255,0.0296155,0,1212,0.0666714,0.0116355,0.00572674,3.05717,43.0125,-0.0959386,-0.0167427,0.0249947,0.0557219,0.0922158,0.0134432,0.3415,0.634,-4963.07,-41701.8,258.429,17185.7,90480,0.0583504,0.0298941,0.0244243,reel,1524.95,1611,1689.3,0.000635604,1627
35281,Saint-Jacques-de-la-Lande,35,province,461,153.667,3281.95,3281.82,0.0106966,0.00180559,15.3297,12.912,18.2001,commune,1.03654,0.008227,0,3120,0.0545536,0.00850776,0.00233701,-1.69887,48.0885,-0.0918928,-0.0165066,0.0249795,0.0538276,0.0913579,0.0135355,0.336,0.6305,-6526.33,-54444.8,344.239,23004.1,121432,0.0505665,0.0285566,0.0234934,reel,1554,1616,1673.05,0.000432256,1628
13072,Peynier,13,province,55,18.3333,4215.79,4227.48,0.0415985,0.0273016,18.8817,15.3966,23.1557,commune,1.84513,0.0279683,0,221,0.0736579,0.0185926,0.000747099,5.63938,43.4481,-0.0930093,-0.0170903,0.024953,0.0531184,0.0926135,0.0132205,0.3405,0.6385,-8824.16,-70936.3,444.628,29532.6,155984,0.049476,0.0289496,0.0239214,reel,1379.75,1624,1819.15,0.00165839,1629
31118,Castelnau-d'Estrétefonds,31,province,124,41.3333,2547.37,2549.59,0.0240471,0.00912497,13.2788,11.1682,15.7883,commune,1.38312,0.0174572,0,452,0.0257621,0.00350804,0.000562042,1.36083,43.7869,-0.0930566,-0.0158643,0.024948,0.0544148,0.0948912,0.0135045,0.329,0.632,-4945.64,-42980.2,268.761,17826.5,94252.6,0.055487,0.0289971,0.0237581,reel,1483.9,1616,1721,0.000876986,1630
44103,Montoir-de-Bretagne,44,province,40,13.3333,2677.67,2673.79,0.0384717,0.0233516,14.0081,11.283,17.3914,commune,1.20128,0.0134855,0,763,0.045056,0.0161945,0.00177786,-2.15659,47.3293,-0.0907243,-0.0127587,0.0249411,0.0553631,0.0934943,0.0147368,0.326,0.627,-4629.29,-44516,275.32,18763.6,99073.8,0.0560553,0.030284,0.0255834,reel,1411.65,1629.5,1823.2,0.0015166,1631
73206,Pralognan-la-Vanoise,73,province,78,26,4663.52,4664.26,0.0328181,0.0169948,19.6252,11.0835,34.7496,maille,1.75754,0.0259155,0,265,0.341731,0.125332,0.0585051,6.71856,45.3843,-0.0951705,-0.0154408,0.0249375,0.0562387,0.094643,0.0144877,0.3325,0.632,-10193.7,-87616.4,508.795,33634.6,172550,0.0466391,0.0276833,0.0225257,reel,1469.25,1608.5,1748.2,0.00106021,1632
74255,Sales,74,province,36,12,4119,4124.51,0.0433599,0.0296656,18.5933,15.178,22.7772,maille,1.66299,0.0237467,0,70,0.119873,0.0499527,0.0313883,5.95486,45.8689,-0.0888034,-0.0161096,0.0249331,0.0535737,0.0935187,0.0131333,0.3375,0.628,-8220.58,-70014.5,434.812,29374.7,152403,0.0497985,0.0292253,0.0243929,reel,1360.85,1614.5,1829.25,0.00178375,1633
34095,Fabrègues,34,province,69,23,3507.35,3516.9,0.0373349,0.0219938,16.7369,13.728,20.4054,commune,1.36659,0.0171114,0,564,0.0441784,0.00762192,0.00359158,3.78434,43.5512,-0.0890037,-0.0143206,0.0248982,0.0541815,0.0925544,0.0146451,0.332,0.6185,-6381.73,-56543.5,360.72,24611,129772,0.0521315,0.029965,0.0253665,reel,1345,1616,1786.45,0.0015893,1634
2B148,Lucciana,2B,province,129,43,3149.78,3160.17,0.0283256,0.01266,16.2914,14.0098,18.9447,commune,2.4243,0.0487062,0,1182,0.0344321,0.00635805,0.00107322,9.45273,42.5496,-0.090598,-0.0148012,0.024895,0.0555094,0.0949417,0.0145089,0.3255,0.6085,-5556.81,-51781.7,325.844,22034,116542,0.0563521,0.0306657,0.0256853,reel,1465.55,1628.5,1756.05,0.00102609,1635
34003,Agde,34,province,4283,1427.67,3522.39,3522.62,0.00479055,0.000362161,16.2002,12.2745,21.3813,commune,1.44055,0.018666,0.0541676,10525,0.091354,0.0233565,0.00702353,3.50763,43.2851,-0.0970737,-0.0165765,0.0248893,0.0536464,0.0948234,0.0135803,0.334,0.641,-7168.11,-60150.6,371.592,24741.7,130329,0.0500801,0.0283746,0.0230519,reel,1597.95,1627,1650,0.000178513,1636
84080,Monteux,84,province,107,35.6667,2857.82,2862.99,0.0313841,0.0155407,14.9152,12.3102,18.0713,commune,1.82454,0.0273726,0.046729,1075,0.100644,0.0449722,0.00526257,4.99399,44.032,-0.0920578,-0.0137379,0.0248713,0.0541072,0.092693,0.0142065,0.3295,0.632,-5561.35,-48229.1,302.182,20087,105739,0.0563302,0.0304114,0.0252316,reel,1431.4,1622,1767.4,0.00127663,1637
27056,Bernay,27,province,109,36.3333,2023.67,2028.48,0.0251203,0.00995659,12.6054,10.2473,15.5062,commune,2.44316,0.0496395,0,2438,0.267853,0.039752,0.0350674,0.59789,49.0894,-0.0921988,-0.0166573,0.0248681,0.0550532,0.0930234,0.0137826,0.332,0.624,-4163.81,-36094.5,213.125,14640,74875.7,0.0658532,0.0318331,0.0240847,reel,1459.75,1621,1737.45,0.00101302,1638
44172,Sainte-Luce-sur-Loire,44,province,220,73.3333,3247.26,3246.75,0.0165618,0.00432844,15.6249,13.3185,18.3307,commune,1.00667,0.00550073,0,2096,0.0186874,0.00415908,0.00207424,-1.46741,47.2553,-0.0910985,-0.0139992,0.0248671,0.0539019,0.0934747,0.0138787,0.3305,0.6205,-5762.39,-52622.6,333.656,22756.9,120149,0.0521975,0.0297271,0.0251987,reel,1514.85,1625.5,1711,0.000705895,1639
22222,Plouha,22,province,37,12.3333,2605.51,2595.73,0.0455216,0.0326858,13.9857,11.1916,17.4775,commune,1.70128,0.024588,0,174,0.0820435,0.0488786,0.0420215,-2.93315,48.6767,-0.087096,-0.0153551,0.0248072,0.0547014,0.0915193,0.01388,0.3285,0.6275,-5172.16,-44145.9,274.915,18992.5,96403.8,0.0575046,0.0303571,0.0248518,reel,1307.25,1616,1802.5,0.00185657,1640
63300,Riom,63,province,276,92,1929.8,1930.38,0.0166621,0.00438091,12.2243,9.7151,15.3817,commune,2.3315,0.0442652,0,4733,0.130036,0.0495214,0.0285736,3.11379,45.8926,-0.0917656,-0.0153399,0.0247957,0.0547292,0.0940752,0.0146771,0.332,0.62,-3790.33,-33144.9,204.553,13917.3,71402.4,0.0666869,0.0318405,0.0251904,reel,1534.95,1631.5,1710,0.000659345,1641
35353,Vezin-le-Coquet,35,province,104,34.6667,3326.11,3325.5,0.0224517,0.00795434,15.4804,12.4186,19.2972,commune,1.04611,0.00865052,0,709,0.0214396,0.00649452,0.00725517,-1.74819,48.1183,-0.0937613,-0.0154588,0.0247933,0.055426,0.0933544,0.0136771,0.339,0.6245,-6391.25,-56165.2,346.55,23400.3,123066,0.0504388,0.0285787,0.023598,reel,1511.85,1640.5,1742.05,0.000804598,1642
44043,Clisson,44,province,50,16.6667,2996.98,2996.99,0.03449,0.0187689,14.4872,11.7355,17.8841,commune,1.12355,0.0112518,0,623,0.117503,0.0349804,0.0205357,-1.28447,47.0871,-0.0969529,-0.0162108,0.0247814,0.0535599,0.0901313,0.0124642,0.3425,0.63,-6468.75,-51399.2,318.254,21277.7,110888,0.0520012,0.0286028,0.0231207,reel,1428.85,1627.5,1794.15,0.00132547,1643
33165,Fargues-Saint-Hilaire,33,province,50,16.6667,3241.87,3248.87,0.0328423,0.0170197,15.3656,12.5532,18.8082,commune,1.21984,0.0139141,0,359,0.0172829,0.00202774,0.00343012,-0.443831,44.8238,-0.0883345,-0.0172027,0.0247586,0.0536883,0.094135,0.0137112,0.3425,0.637,-6494.22,-53473.4,338.74,22717.8,119949,0.0513246,0.0287856,0.0237899,reel,1444,1621.5,1777.1,0.00124325,1644
22172,Plancoët,22,province,42,14,2323.58,2312.55,0.0428083,0.0289072,13.401,10.5849,16.9663,commune,2.12239,0.0362401,0,346,0.118981,0.0398171,0.0174798,-2.23505,48.5219,-0.0864773,-0.0136681,0.0247492,0.0565893,0.0928417,0.0149503,0.3255,0.619,-4242.6,-39432.5,244.21,16582.3,85972.5,0.0614619,0.0311767,0.0254525,reel,1411.25,1647,1847.7,0.00170342,1645
31417,Pibrac,31,province,70,23.3333,2978.26,2983.14,0.0318942,0.0160513,14.6393,12.8734,16.6475,commune,1.09107,0.0102255,0,488,0.0606513,0.00326424,0.00631449,1.27946,43.6145,-0.0945882,-0.017499,0.0247409,0.0550101,0.0930298,0.0140306,0.339,0.6215,-5619.58,-48328.8,308.254,20935.2,110196,0.0529408,0.0292876,0.024343,reel,1425.8,1644,1776.9,0.00133285,1646
31555,Toulouse,31,province,18129,6043,3454.93,3454.95,0.00199779,6.29844e-05,16.326,13.2539,20.1103,commune,1.44838,0.0188291,0.0832368,171233,0.0981964,0.0275698,0.0102665,1.44488,43.6024,-0.084912,-0.0150938,0.0247208,0.0553586,0.0926017,0.0150056,0.3335,0.631,-6424.48,-56668,361.681,24275.2,127832,0.0514952,0.0292467,0.0242181,reel,1621.95,1638,1653.05,7.3421e-05,1647
06007,Auribeau-sur-Siagne,06,province,45,15,4663.49,4687.63,0.0488574,0.0376574,20.1001,16.8223,24.0167,commune,1.16531,0.0125071,0,208,0.0729933,0.050839,0.00575963,6.91351,43.6067,-0.0901434,-0.0153931,0.0247083,0.0542524,0.0953572,0.0148114,0.3385,0.6255,-8423.7,-77037.7,485.94,32797.1,172549,0.0478615,0.0292682,0.0248286,reel,1345.25,1645,1870.2,0.0020423,1648
34157,Mèze,34,province,224,74.6667,3708.77,3712.25,0.0208797,0.00687957,17.1912,13.0231,22.6933,commune,1.58237,0.0219273,0,1703,0.155362,0.0222316,0.00700138,3.60382,43.4237,-0.0910173,-0.0143675,0.0246852,0.0535479,0.0930735,0.0139563,0.3265,0.6275,-7197.45,-61973.1,389.074,26063,137225,0.05077,0.0291797,0.0240962,reel,1544.6,1646.5,1729.05,0.000734193,1649
69250,La Tour-de-Salvagny,69,province,62,20.6667,4039.95,4042.81,0.032187,0.0163477,17.791,13.6054,23.2642,commune,1.12819,0.0113974,0,482,0.0706837,0.023727,0.0206158,4.71576,45.8151,-0.0942708,-0.0157365,0.024644,0.0543342,0.0911483,0.0143026,0.335,0.621,-8018.45,-67027.4,422.296,28581.9,149478,0.0483896,0.0286426,0.0238111,reel,1454.6,1642,1793.3,0.00126523,1650
22050,Dinan,22,province,443,147.667,2827.76,2826.95,0.0133544,0.00281427,14.6514,11.3964,18.8359,commune,2.08266,0.0348495,0.013544,4025,0.129158,0.0416698,0.0243089,-2.04917,48.4541,-0.0929257,-0.0168447,0.0246236,0.0526891,0.0935225,0.0133762,0.3365,0.624,-5771.99,-48919.8,302.068,20173.1,104627,0.0558098,0.0295615,0.0237473,reel,1570,1647,1716,0.000512362,1651
75104,Paris 4e Arrondissement,75,paris,1394,464.667,12313.1,12312.6,0.00719498,0.000816911,40.4291,30.1168,54.2724,commune,2.03292,0.0332326,0,12629,0.286923,0.13408,0.096302,2.35836,48.8555,-0.113773,-0.0198229,0.0246082,0.0556518,0.0966163,0.00950374,0.341,0.636,-24350.4,-229221,1402.9,87702.2,455583,0.0379393,0.0252773,0.0246601,reel,1606.75,1646,1683,0.000252872,1652
49063,Chalonnes-sur-Loire,49,province,39,13,2261.84,2266.16,0.0397525,0.0249257,13.0233,9.73725,17.4182,commune,1.41966,0.0181288,0,539,0.283934,0.0704365,0.0501093,-0.762563,47.3514,-0.0851963,-0.0152127,0.0246019,0.0558042,0.0956068,0.0151987,0.338,0.626,-4409.17,-39647.1,232.366,16788.2,83688.2,0.0611356,0.0315861,0.0245414,reel,1442.9,1643.5,1815.4,0.00141823,1653
38545,Vif,38,province,78,26,3227.26,3233.48,0.0323783,0.0165429,15.4303,12.726,18.7091,commune,1.57744,0.0218182,0,648,0.135212,0.0448521,0.0245576,5.67036,45.0533,-0.0939891,-0.0168321,0.0246006,0.0528734,0.0920599,0.0124474,0.336,0.639,-6917.94,-54792.2,344.642,22999.3,119409,0.0517971,0.0286542,0.0230734,reel,1497.55,1650.5,1805.2,0.00122281,1654
34240,Saint-Aunès,34,province,56,18.6667,3954,3967.77,0.0413378,0.0269618,18.0345,14.9463,21.7608,commune,1.23115,0.0141287,0,238,0.0270224,0.00569932,0.000497756,3.96262,43.6434,-0.0963608,-0.0143642,0.0245715,0.0544789,0.095578,0.0152174,0.3255,0.6195,-6992.37,-64645.8,405.682,27685.2,146298,0.0501806,0.0297011,0.0251884,reel,1386.35,1624,1822.05,0.00167411,1655
83049,Cuers,83,province,198,66,3123.78,3125.87,0.0227317,0.00815395,15.4049,11.8663,19.9988,commune,1.49884,0.0200809,0,1174,0.105061,0.0204715,0.00261678,6.07527,43.2386,-0.0919937,-0.0150759,0.0245699,0.0540924,0.0951571,0.0129521,0.3435,0.631,-6176.95,-52485.4,326.33,21893.1,115580,0.0534157,0.0296312,0.0245665,reel,1526.75,1648.5,1757.05,0.000855192,1656
06112,Le Rouret,06,province,32,10.6667,5045.08,5077.33,0.0575032,0.0521577,21.3734,17.4397,26.1943,commune,1.33382,0.0165517,0,191,0.083133,0.0366501,0.0152525,7.00771,43.6744,-0.0899953,-0.0150326,0.0245095,0.0551154,0.0925968,0.0141481,0.3355,0.6225,-9538.19,-84934.8,525.31,35631.8,186668,0.0472699,0.0291537,0.0247085,reel,1274.75,1661.5,1871.45,0.00213241,1657
76259,Fécamp,76,province,323,107.667,2057.14,2058.36,0.0177408,0.00496656,12.3436,9.95509,15.3053,commune,1.93068,0.0304211,0,3986,0.135595,0.0294426,0.0163501,0.377003,49.7557,-0.0920147,-0.0162302,0.0245049,0.0545087,0.0914851,0.0142324,0.3415,0.6245,-4047.45,-35203.7,217.553,14665.1,76114,0.0632547,0.0309827,0.0248196,reel,1555.95,1652,1721.15,0.000654668,1658
59636,Wambrechies,59,province,153,51,3773.22,3782.03,0.022655,0.00809915,17.2379,15.1352,19.6326,commune,1.26305,0.0148971,0,1510,0.105595,0.0326838,0.0231132,3.05413,50.6879,-0.0910522,-0.0130082,0.0244831,0.0533339,0.092798,0.014251,0.329,0.6405,-7453.03,-61849.1,395.008,26743.5,139609,0.0500513,0.0291744,0.0243471,reel,1534.55,1651.5,1760.15,0.000890467,1659
13207,Marseille 7e Arrondissement,13,province,1742,580.667,4940.67,4941.2,0.0074904,0.0008854,20.6418,15.5734,27.3598,commune,1.95186,0.031029,0,9935,0.122377,0.0324804,0.0122617,5.36148,43.2877,-0.0911978,-0.0189951,0.0244814,0.0525412,0.0913503,0.0124517,0.345,0.6355,-11400.9,-84121,534.52,34770.7,182805,0.046492,0.0277462,0.0225172,reel,1619,1655,1693.1,0.000268759,1660
44210,Trignac,44,province,53,17.6667,2840.01,2840.19,0.0335173,0.0177254,13.9599,11.2477,17.3262,commune,1.04495,0.0086159,0,956,0.0423219,0.0221523,0.0136002,-2.20534,47.2964,-0.0943425,-0.0176599,0.0244809,0.0540138,0.0916817,0.0123,0.342,0.629,-5926.67,-48069.5,299.319,20023.2,105080,0.0526474,0.0285959,0.0233324,reel,1433.6,1657,1806.4,0.00135447,1661
06103,Roquebillière,06,province,31,10.3333,2361.25,2360.06,0.0583747,0.0537498,14.1696,11.7538,17.0821,commune,2.8663,0.0877072,0,269,0.188536,0.100668,0.0547518,7.3063,44.0123,-0.0891878,-0.0142568,0.0244693,0.0542692,0.0940384,0.0146803,0.329,0.625,-4717.57,-41021.5,254.565,17452.1,87366.3,0.0643877,0.0323977,0.0255363,reel,1343.7,1658.5,1886.45,0.00213672,1662
83090,Ollioules,83,province,197,65.6667,3460.54,3463.59,0.0227888,0.008195,16.1944,12.6311,20.763,commune,1.41415,0.0180051,0,2016,0.109234,0.0252432,0.00642747,5.84774,43.1368,-0.0909741,-0.0172744,0.0244632,0.0529142,0.0931109,0.0133309,0.34,0.6335,-7107.26,-58264.8,366.512,24287.6,128040,0.0509554,0.028899,0.0237351,reel,1537.9,1668,1774,0.000930076,1663
69277,Genas,69,province,126,42,4303.27,4306.26,0.0226721,0.00811145,18.0312,14.5098,22.4071,commune,1.10847,0.0107223,0,840,0.0749311,0.0335037,0.0109831,5.01538,45.7325,-0.101175,-0.0190127,0.0244307,0.0528694,0.0901153,0.0114228,0.346,0.647,-10087.8,-73350.6,464.579,30261.2,159221,0.0460985,0.0274187,0.0221611,reel,1553.75,1670,1763.05,0.000812306,1664
73137,Jacob-Bellecombette,73,province,108,36,3968.03,3968.32,0.0279557,0.0123322,17.7125,14.7219,21.3106,commune,1.09223,0.0102564,0,1529,0.097377,0.0173014,0.0110706,5.9176,45.555,-0.0896328,-0.0160727,0.0244289,0.054716,0.0911927,0.0137012,0.3245,0.6205,-7942.82,-65062.1,410.768,27952.1,146817,0.0490294,0.0290243,0.0242844,reel,1495.95,1661.5,1791.05,0.00109142,1665
44209,Treillières,44,province,30,10,3045.39,3041.59,0.044253,0.030895,15.0162,12.7715,17.6555,commune,1.06468,0.00932744,0,503,0.0163779,0.00345631,0.000768934,-1.62204,47.3302,-0.091065,-0.0156244,0.0244266,0.0550725,0.0916494,0.014109,0.3365,0.6165,-5508.29,-49546,312.96,21317.5,112680,0.053259,0.0298012,0.0252304,reel,1396.85,1626.5,1858.2,0.00173985,1666
66210,Thuir,66,province,50,16.6667,2364.76,2372.23,0.0436894,0.0301136,13.4066,11.2085,16.0357,commune,1.93561,0.0305499,0,575,0.100591,0.0229169,0.00703041,2.75661,42.632,-0.0914299,-0.0158485,0.0244203,0.0551615,0.0936114,0.0142382,0.326,0.6325,-4469.71,-39716.6,247.849,16668.2,87496,0.0604201,0.0309246,0.025546,reel,1392.9,1666,1862.2,0.00169751,1667
06057,L'Escarène,06,province,64,21.3333,2604.78,2607.87,0.0411971,0.0267772,14.601,12.0352,17.7138,commune,2.73608,0.0699351,0,269,0.181848,0.0505006,0.0112736,7.35527,43.8343,-0.0929877,-0.0147337,0.0244089,0.0548643,0.0940251,0.0139619,0.3305,0.6365,-5234.86,-45153.1,278.242,18379.5,96376.9,0.0603552,0.0309784,0.0247899,reel,1411,1664.5,1854.5,0.00166539,1668
69089,Francheville,69,province,355,118.333,3883.23,3883.85,0.0135424,0.00289414,17.1959,14.0011,21.1198,commune,1.08324,0.0100115,0,2411,0.0598894,0.0189055,0.0129272,4.7709,45.7423,-0.0943077,-0.0159384,0.0244048,0.0544548,0.0927105,0.0135216,0.329,0.6345,-7608.33,-65600.5,406.57,27371.9,143679,0.0485038,0.0284589,0.0235202,reel,1586.9,1661,1731.4,0.000527333,1669
38189,Heyrieux,38,province,51,17,3485.11,3490.25,0.0398685,0.0250812,16.8288,13.1956,21.4624,commune,1.71955,0.0249764,0,437,0.102085,0.0479865,0.0228053,5.06356,45.6292,-0.0875522,-0.0162039,0.0243979,0.0556787,0.093556,0.0145016,0.3245,0.631,-6593.15,-58831.8,367.679,24759.6,128949,0.0527804,0.0299482,0.0250333,reel,1460.8,1666.5,1833.3,0.00155785,1670
44198,Les Sorinières,44,province,79,26.3333,3253.17,3253.21,0.0275328,0.0119615,15.2689,12.675,18.3936,commune,1.03335,0.00808285,0,696,0.0244207,0.0190664,0.00331934,-1.53077,47.1499,-0.088358,-0.0170825,0.0243842,0.0537486,0.0918351,0.0128633,0.33,0.637,-6595.15,-53888.7,340.483,22772.1,120367,0.0507893,0.0286427,0.0236594,reel,1525.8,1677,1788.05,0.00101026,1671
54328,Ludres,54,province,37,12.3333,2083.15,2107.15,0.0450276,0.0319883,11.8207,9.32146,14.9901,maille,1.09658,0.0103884,0,708,0.0455949,0.0113043,0.00336851,6.16596,48.6151,-0.088937,-0.0156765,0.0243798,0.0557303,0.0943048,0.0137819,0.3365,0.627,-3974.16,-35514.4,219.056,14621.1,77076.7,0.0594526,0.0295596,0.0242691,reel,1406.8,1686.5,1878.25,0.00180602,1672
22360,Trégueux,22,province,34,11.3333,2477.54,2471.9,0.0474201,0.0354676,13.1113,10.6656,16.1178,commune,1.14936,0.011999,0,500,0.0183714,0.0188136,0.00296678,-2.73851,48.4877,-0.0833193,-0.0148584,0.0243667,0.0542449,0.0935132,0.0150025,0.3405,0.6305,-4767,-40745.9,260.548,17417,91669.1,0.0562396,0.0295197,0.0245411,reel,1409.5,1674,1880.15,0.00186048,1673
62758,Saint-Martin-Boulogne,62,province,113,37.6667,2379.82,2383.6,0.0258657,0.0105569,13.4091,11.0081,16.3339,commune,1.80075,0.0268817,0,1324,0.18178,0.0278207,0.00636581,1.63119,50.7268,-0.0893178,-0.0148395,0.0243472,0.0548486,0.0946343,0.0141233,0.3255,0.621,-4433.72,-40342.7,248.642,16735.4,88053.2,0.0600506,0.0309321,0.025101,reel,1520.8,1667.5,1806.1,0.00108454,1674
2B305,San-Martino-di-Lota,2B,province,59,19.6667,3294.83,3323.28,0.0415759,0.0272708,16.2392,13.5269,19.4953,commune,2.192,0.0387507,0,228,0.0726033,0.0182401,0.00891761,9.45576,42.7234,-0.0907215,-0.0157437,0.024341,0.0540063,0.0923628,0.0131637,0.338,0.6305,-6531.74,-55362.8,347.967,23179.8,121909,0.0536812,0.029476,0.0241488,reel,1447.85,1671.5,1834.5,0.00147916,1675
76164,Rives-en-Seine,76,province,46,15.3333,2116.75,2123.51,0.0463297,0.0338612,12.8078,10.1662,16.1357,commune,2.0406,0.0334928,0,697,0.259352,0.0429729,0.0311722,0.726259,49.5258,-0.0903288,-0.0137279,0.0243132,0.0549821,0.0954991,0.0142625,0.3375,0.632,-4296.83,-37794.1,221.164,15289.1,78319.6,0.0641045,0.0318828,0.0247694,reel,1349.7,1658.5,1858,0.00186702,1676
37003,Amboise,37,province,148,49.3333,2338.9,2340.39,0.0227101,0.00813752,13.227,10.8279,16.1575,commune,1.96491,0.0313099,0.0405405,2552,0.125913,0.0363984,0.0152617,0.981955,47.4084,-0.0861817,-0.0165062,0.0242758,0.055168,0.0936509,0.0141822,0.3365,0.635,-4728.34,-39631.3,247.424,16617.5,86539.2,0.0601666,0.0305446,0.0246845,reel,1565.8,1677.5,1777.2,0.000874967,1677
14167,Colombelles,14,province,81,27,2992.64,2995.32,0.0289745,0.0132465,14.3216,12.1339,16.9036,commune,1.02639,0.00769579,0,1441,0.0563966,0.00712912,0.00260801,-0.298663,49.2009,-0.0927823,-0.0181422,0.0242744,0.0531695,0.0912177,0.012695,0.3445,0.627,-6535.29,-49453.4,317.468,20966.4,110728,0.0514124,0.0282609,0.022984,reel,1520.3,1659,1797,0.00111516,1678
64430,Orthez,64,province,237,79,1829.08,1827.5,0.0176298,0.00490467,11.9221,9.7482,14.5808,commune,2.6453,0.0620307,0,2108,0.200902,0.0266667,0.00950942,-0.776023,43.4878,-0.0926503,-0.0136816,0.0242704,0.0547916,0.0953578,0.0142077,0.332,0.63,-3511.89,-31786.9,192.167,12895.4,67676,0.0683761,0.0316366,0.0242152,reel,1571,1675,1765.1,0.000767807,1679
14228,Douvres-la-Délivrande,14,province,45,15,3059.23,3060.23,0.0386711,0.0235938,15.0355,12.4215,18.1997,commune,1.33498,0.0165822,0,391,0.161424,0.0534131,0.00911255,-0.373463,49.2966,-0.087867,-0.0163462,0.0242678,0.0535593,0.0938646,0.0133672,0.3395,0.629,-6444.95,-51589.1,325.602,21556.8,113192,0.0530938,0.0293805,0.0239538,reel,1399.95,1675.5,1866.1,0.00162653,1680
04226,Uvernet-Fours,04,province,326,108.667,2633.25,2637.04,0.0173524,0.00475146,14.2329,8.22985,24.6148,maille,1.39182,0.0176009,0,864,0.386589,0.173723,0.144946,6.60502,44.3694,-0.090866,-0.0133812,0.024257,0.0572269,0.0988573,0.0164433,0.325,0.625,-5329.4,-51948.7,280.654,20671,97430.2,0.0580253,0.0313041,0.0236218,reel,1607.85,1676.5,1730.2,0.000479297,1681
69244,Tassin-la-Demi-Lune,69,province,773,257.667,4334.53,4334.76,0.00918457,0.00133121,18.6647,14.6018,23.8581,commune,1.15632,0.0122313,0,4886,0.120055,0.0372555,0.0161829,4.77591,45.7593,-0.0917666,-0.0174939,0.024255,0.0533074,0.0906206,0.0134092,0.338,0.641,-9054.87,-72279.8,456.999,30560,160378,0.0475197,0.0284949,0.023649,reel,1618.9,1669,1722.1,0.000382592,1682
59350,Lille,59,province,7070,2356.67,3929.84,3930.01,0.00334593,0.000176671,18.0929,14.3803,22.764,commune,1.93358,0.0304813,0.167185,78409,0.16629,0.0541865,0.0266015,3.05751,50.6311,-0.0957661,-0.0171269,0.0242325,0.0543609,0.0932529,0.0140868,0.335,0.629,-8017.88,-66427.4,418.279,27951.9,145404,0.0506675,0.029167,0.0240407,reel,1656,1677,1697,0.000122917,1683
69027,Brignais,69,province,191,63.6667,3966.9,3968.64,0.0184399,0.00536582,17.1474,14.3279,20.5219,commune,1.01479,0.00682046,0.0732984,1651,0.0899405,0.0298324,0.00865871,4.75693,45.6736,-0.0966678,-0.0169255,0.0242305,0.053562,0.0907628,0.0119912,0.3435,0.6315,-8546.28,-67164.6,423.095,27927.2,146775,0.047334,0.0278248,0.0226432,reel,1595.85,1676,1750.35,0.000675698,1684
83081,Montauroux,83,province,74,24.6667,3617.29,3626.35,0.0369339,0.0215233,16.5891,13.2371,20.7898,commune,1.4971,0.0200154,0,326,0.057566,0.00181929,0.000423036,6.77261,43.6171,-0.0894046,-0.0168429,0.0242288,0.0519407,0.0942308,0.0129339,0.339,0.633,-7362.78,-60436.1,381.983,25338.5,133840,0.0500565,0.0285294,0.0233235,reel,1476.75,1683.5,1839.7,0.00149796,1685
74128,Fillinges,74,province,43,14.3333,4158.81,4165.11,0.0397696,0.0249568,18.5249,14.484,23.6931,commune,1.71462,0.0248514,0,155,0.129661,0.0864609,0.0602099,6.34982,46.1594,-0.0920553,-0.0169387,0.0242131,0.0536997,0.0913894,0.0131899,0.335,0.6325,-8802.41,-71216.7,448.02,30186.4,153876,0.0491242,0.0287378,0.0238267,reel,1474.4,1669.5,1833,0.00135245,1686
69387,Lyon 7e Arrondissement,69,province,3429,1143,4554.65,4554.76,0.00436302,0.000300406,18.7851,14.8358,23.7857,commune,1.1978,0.0133629,0.0096238,38519,0.115572,0.0331565,0.0165129,4.84274,45.7467,-0.0976459,-0.0186778,0.0242065,0.0534449,0.0915048,0.0117614,0.3455,0.639,-10229.3,-77470.1,488.95,32135.1,168522,0.0455404,0.0273126,0.0220731,reel,1652,1677,1700.05,0.00016049,1687
74189,Mont-Saxonnex,74,province,66,22,2762.97,2760.6,0.0322406,0.0164024,15.2675,12.5798,18.5293,commune,2.24768,0.0408759,0,250,0.492812,0.107126,0.0897815,6.48727,46.0497,-0.0886265,-0.0149933,0.0241895,0.0529752,0.0927968,0.0138035,0.3325,0.641,-6056.94,-48799.1,289.328,20840.8,102230,0.0597943,0.0319831,0.0244043,reel,1500.35,1674.5,1811,0.00115829,1688
13042,Gémenos,13,province,32,10.6667,4588.48,4615.97,0.054013,0.0460215,19.6238,15.538,24.784,commune,1.46143,0.0191884,0,435,0.0806196,0.0358425,0.00470435,5.62886,43.2967,-0.0914749,-0.0160777,0.0241888,0.0537929,0.0918495,0.0133235,0.3475,0.6365,-9658.29,-78001.4,487.049,32229.5,169774,0.0473982,0.0284691,0.0235408,reel,1370.8,1685,1876.1,0.00188435,1689
63178,Issoire,63,province,322,107.333,1880.86,1881.46,0.0154309,0.00375742,11.8952,9.51185,14.8758,commune,2.31555,0.0435838,0,2479,0.155984,0.0334279,0.0100024,3.24796,45.5437,-0.0943536,-0.016354,0.0241716,0.0541266,0.093844,0.0138599,0.3385,0.6225,-3786.24,-32366.2,200.387,13336.2,69591.8,0.0663221,0.0311651,0.0242958,reel,1612,1676.5,1758.1,0.000580778,1690
83054,La Farlède,83,province,144,48,3969.04,3974.98,0.0266149,0.0111775,17.4057,13.9941,21.6489,commune,1.08643,0.0101034,0,929,0.0630798,0.00693187,0.000157039,6.04243,43.1664,-0.0899589,-0.0170288,0.0241705,0.0538628,0.0921495,0.0124495,0.3345,0.635,-8178.87,-67139.2,416.284,27782.8,146854,0.0480892,0.0283205,0.0233094,reel,1552.7,1681,1802.2,0.000949076,1691
13035,Eyguières,13,province,60,20,3530.46,3538.61,0.0398725,0.0250835,16.9299,13.4203,21.3573,commune,2.15574,0.0374001,0,426,0.101948,0.019006,0.00699018,5.0318,43.6944,-0.0891867,-0.0168032,0.0241696,0.054328,0.0929728,0.0134667,0.339,0.633,-7251.88,-59873.7,374.224,24799.8,130627,0.0524461,0.0292715,0.0239457,reel,1402.75,1681,1853.1,0.00168031,1692
76647,Saint-Romain-de-Colbosc,76,province,46,15.3333,2643.63,2658.51,0.0463297,0.0338612,14.1438,11.1942,17.8706,commune,1.74449,0.0255383,0,426,0.141555,0.031231,0.01461,0.356669,49.5287,-0.0848085,-0.0165133,0.0241593,0.0540901,0.0942748,0.014961,0.335,0.6325,-5117.89,-44226.1,276.366,18775.6,97814.4,0.0573929,0.0303933,0.024922,reel,1413.85,1697.5,1893.05,0.00175117,1693
38239,Moirans,38,province,108,36,2300.9,2301.95,0.0275794,0.0120028,13.0257,9.96199,17.0315,commune,1.82309,0.0273471,0,764,0.124274,0.0294833,0.0159321,5.56367,45.327,-0.0918027,-0.016022,0.0241246,0.054103,0.095458,0.0133338,0.326,0.626,-4424.03,-40273.6,241.414,16389.4,85133.2,0.0601104,0.0304793,0.024677,reel,1537.8,1680,1799.05,0.00105155,1694
29256,Saint-Nic,29,province,48,16,2673.1,2673.08,0.0379072,0.0226707,14.4289,11.4702,18.1509,maille,2.42691,0.0488506,0,82,0.165184,0.0440285,0.0208934,-4.3007,48.1952,-0.0932406,-0.0137242,0.0241015,0.0546641,0.0941565,0.0144406,0.329,0.6235,-5256.3,-45776.5,285.191,19141.2,98904.5,0.0580402,0.0300608,0.023873,reel,1487.85,1682,1859,0.00154391,1695
35206,Noyal-Châtillon-sur-Seiche,35,province,199,66.3333,2966.77,2966.28,0.0162614,0.00417289,14.5323,12.1719,17.3505,commune,1.08237,0.00998858,0,973,0.00881738,0.00279108,0.000360491,-1.66467,48.0377,-0.0897075,-0.0157878,0.024086,0.0539352,0.0917495,0.0136947,0.341,0.63,-5631.72,-48348.6,309.065,20753.3,109771,0.0527131,0.0290841,0.0242291,reel,1599,1688.5,1772.2,0.00064987,1696
83016,Le Beausset,83,province,187,62.3333,3761.01,3763.63,0.0233852,0.00862946,17.3879,13.6348,22.1741,commune,1.43648,0.0185582,0,1014,0.0799746,0.0149882,0.00301782,5.8016,43.1978,-0.0908725,-0.0151985,0.0240582,0.0538818,0.092698,0.0141118,0.333,0.6235,-7052.24,-63383.7,389.11,26337.1,139157,0.0506925,0.0294196,0.024607,reel,1569.85,1681.5,1796.05,0.000894759,1697
31113,Castanet-Tolosan,31,province,375,125,3215.06,3216.35,0.0138701,0.00303587,15.0785,13.3997,16.9677,commune,1.01566,0.00691765,0,2960,0.0192031,0.00357554,0.00176284,1.50187,43.5184,-0.09519,-0.0167733,0.0240533,0.0532678,0.0937796,0.0136169,0.3395,0.632,-6569.1,-52557.8,336.944,22512,118957,0.0506809,0.0284643,0.0234348,reel,1631,1695,1760.05,0.000513748,1698
13051,Lançon-Provence,13,province,60,20,3797.66,3811.08,0.0398725,0.0250835,17.2118,13.8887,21.3301,commune,1.59629,0.0222275,0,543,0.0497175,0.0151252,0.000327263,5.13255,43.591,-0.0878212,-0.0182867,0.0240422,0.053507,0.0940392,0.0132843,0.342,0.633,-7872.36,-64426.3,402.397,26608.8,140513,0.0496469,0.0285289,0.0233539,reel,1506.95,1673.5,1868.1,0.00146528,1699
35115,Fougères,35,province,397,132.333,1963.37,1962.7,0.0115249,0.00209606,12.0271,9.24323,15.6494,commune,2.15255,0.0372951,0,6198,0.110765,0.0298329,0.0103342,-1.19783,48.3527,-0.0917635,-0.0146609,0.024038,0.055083,0.0950836,0.014524,0.326,0.6225,-3722.32,-33964,207.473,13855,72644.5,0.0643412,0.0306936,0.0244034,reel,1633.65,1692,1744,0.000438151,1700
69243,Tarare,69,province,219,73,1934.59,1933.87,0.0172266,0.00468299,11.9417,9.04572,15.7648,commune,2.59237,0.0577778,0,2818,0.150699,0.0407824,0.0149422,4.43473,45.8959,-0.0939253,-0.0183656,0.0240309,0.0547908,0.0949616,0.0129339,0.344,0.634,-4458.3,-35226,212.351,13759.9,71579.6,0.0647687,0.0300809,0.0226523,reel,1619.9,1690,1760.05,0.000597066,1701
69271,Chassieu,69,province,95,31.6667,4239.23,4243.28,0.0260762,0.0107299,17.8221,14.5743,21.7936,commune,1.03509,0.00816428,0,836,0.0302426,0.00940905,0.00295067,4.96954,45.7392,-0.0912429,-0.0195921,0.023997,0.0534899,0.0918308,0.0119443,0.349,0.6355,-9371.49,-71320.7,451.957,29754.9,156852,0.046203,0.0274658,0.0222308,reel,1545.95,1705,1817.2,0.00103409,1702
01074,Chalamont,01,province,32,10.6667,2178.65,2183.02,0.0449852,0.0319295,12.9748,10.1697,16.5538,commune,2.37123,0.0461237,0,279,0.18325,0.0656283,0.0181712,5.17095,45.9959,-0.0930157,-0.0156516,0.0239942,0.0554721,0.0933663,0.0141373,0.3325,0.634,-4514.74,-38612.1,230.956,15603.9,80609.9,0.0632034,0.0311536,0.0242887,reel,1453.5,1701.5,1861.25,0.00157813,1703
83008,Bagnols-en-Forêt,83,province,55,18.3333,3567.71,3575.18,0.0426838,0.0287448,16.9074,12.9012,22.1576,commune,1.81206,0.0271125,0,203,0.12229,0.0113634,0.000646355,6.69617,43.5434,-0.0914827,-0.0157078,0.0239865,0.055786,0.0941836,0.0136657,0.3395,0.626,-6783.65,-60313.3,373.458,24983.9,132005,0.0518227,0.0293365,0.0241696,reel,1485.5,1694,1857,0.00154235,1704
30156,Marguerittes,30,province,48,16,2476.3,2498.01,0.0488385,0.0376302,13.4359,10.8053,16.707,commune,1.65342,0.0235235,0,346,0.043867,0.0121446,0.00307947,4.44407,43.8597,-0.0987793,-0.0129113,0.0239724,0.0557478,0.0953967,0.0144369,0.329,0.6215,-4455.84,-42187.3,258.915,17442,91622.9,0.057841,0.0300271,0.0248808,reel,1395.75,1695,1915.05,0.00203153,1705
75102,Paris 2e Arrondissement,75,paris,1050,350,10728.7,10728.2,0.00828917,0.00108426,36.8717,28.2925,48.0524,commune,2.16241,0.0376123,0,9152,0.253883,0.110686,0.0884434,2.34763,48.8677,-0.112367,-0.0192737,0.0239672,0.0563514,0.099255,0.00964587,0.3475,0.627,-20373.4,-197974,1201.64,76459.3,396962,0.0395631,0.0259617,0.0250003,reel,1656.95,1697,1731.05,0.000300505,1706
76552,Sainte-Adresse,76,province,153,51,3376.61,3384.86,0.0257066,0.0104274,15.8222,12.3737,20.2317,commune,1.31729,0.0161785,0,976,0.146669,0.0469596,0.0334614,0.0851495,49.5078,-0.0907082,-0.017975,0.0239504,0.0538093,0.0888466,0.0126841,0.3425,0.6315,-7472.79,-57657,358.305,24090.9,124935,0.0508991,0.028743,0.0234018,reel,1580.8,1692.5,1814.2,0.000919451,1707
06085,Mougins,06,province,471,157,5142.19,5145.21,0.0153634,0.0037247,21.066,17.9443,24.7307,commune,1.19316,0.0132409,0,2569,0.0259224,0.0127355,0.00552935,7.01395,43.5891,-0.0910454,-0.0151471,0.0239469,0.0540964,0.0915812,0.0138725,0.342,0.636,-10294.5,-84617.6,538.491,36034.8,190261,0.0456599,0.0282173,0.0233788,reel,1625.95,1694,1770.1,0.000593592,1708
42019,Boën-sur-Lignon,42,province,35,11.6667,1115.94,1104.48,0.0534745,0.0451044,9.91174,7.68906,12.7769,commune,2.71259,0.0680686,0,546,0.214808,0.069198,0.0343088,4.00449,45.7454,-0.0888343,-0.0147774,0.0238947,0.0568265,0.0978347,0.0155389,0.331,0.6255,-2533.73,-21613.3,122.462,8415.57,41289.8,0.0904536,0.0361288,0.0248375,reel,1452.25,1709,1928.1,0.00191793,1709
37109,Fondettes,37,province,31,10.3333,2994.04,3009.41,0.0488923,0.0376924,14.9954,12.6335,17.7988,commune,1.24652,0.0145548,0,761,0.0380616,0.0100894,0.00430574,0.604861,47.4046,-0.0862344,-0.0138964,0.0238719,0.0550649,0.0935973,0.0153855,0.3205,0.6225,-5214.67,-48434.8,307.279,21026.8,110779,0.0540891,0.0300138,0.0253419,reel,1390.15,1707.5,1918.05,0.00200666,1710
26113,Die,26,province,79,26.3333,2125.27,2126.35,0.0329569,0.0171378,12.7037,10.1429,15.9109,commune,2.19577,0.0389447,0,534,0.209436,0.0998376,0.0698691,5.37204,44.7535,-0.0890682,-0.015565,0.0238405,0.0538639,0.0901344,0.0133894,0.3405,0.643,-5061.84,-38034.4,233.048,15964.7,78635.1,0.0632597,0.0310881,0.0231782,reel,1537.7,1715,1847.3,0.00120798,1711
83097,Pourrières,83,province,30,10,3335.16,3358.3,0.0571194,0.051466,15.6002,11.941,20.3809,commune,1.70244,0.0246233,0,215,0.0591571,0.00672517,0.00469633,5.73428,43.5039,-0.0953684,-0.0184883,0.0238193,0.0531578,0.0933753,0.0122566,0.346,0.6395,-7447.86,-58084.3,357.796,23439,123401,0.0507331,0.0280319,0.0224643,reel,1410.15,1687.5,1942.1,0.00213087,1712
27701,Val-de-Reuil,27,province,51,17,2385.86,2402.95,0.0365216,0.0210415,13.1771,10.784,16.1013,commune,1.2964,0.0157248,0.784314,2225,0.183619,0.0457242,0.00157265,1.2036,49.2697,-0.0930206,-0.0137856,0.0238172,0.0556415,0.092415,0.0143924,0.334,0.6165,-4653.48,-40458.9,249.52,16716,88276.6,0.0587317,0.0306978,0.0249549,reel,1525.35,1719,1890.1,0.00147885,1713
31169,Escalquens,31,province,72,24,3149.13,3155.77,0.0314551,0.0156123,14.8629,13.2156,16.7156,commune,1.02407,0.00753683,0,535,0.0202077,0.0029927,0.000479476,1.56082,43.5204,-0.0903346,-0.0141223,0.0238146,0.0521368,0.0921365,0.0136226,0.3335,0.6425,-6616.34,-52161.5,330.714,22055.6,116518,0.0509204,0.0284259,0.0233609,reel,1563,1711.5,1840.6,0.00114551,1714
44190,Saint-Sébastien-sur-Loire,44,province,570,190,3335.08,3335.06,0.0103028,0.00167508,15.5636,13.4742,17.977,commune,1.01363,0.00665457,0,5057,0.0447669,0.0117638,0.00479847,-1.51523,47.2029,-0.0959318,-0.0158307,0.0237845,0.0546508,0.0912519,0.0122408,0.341,0.6355,-7011.34,-55574.2,349.921,23376,123398,0.0506024,0.0287683,0.0238341,reel,1655.95,1710,1756.05,0.000392905,1715
35251,Saint-Aubin-d'Aubigné,35,province,30,10,2496.76,2492.58,0.0414017,0.0270444,13.1704,10.6824,16.2378,commune,1.31932,0.0162465,0,357,0.061612,0.0098177,0.00610225,-1.60655,48.2619,-0.0911518,-0.0157959,0.0237677,0.0540399,0.0922083,0.0133678,0.3375,0.6285,-5169.77,-42180.3,263.155,17612.3,92380.1,0.0560905,0.0292791,0.0239569,reel,1485.9,1698.5,1893.15,0.00155417,1716
56165,Ploërmel,56,province,114,38,2323.63,2321.07,0.0227923,0.00819735,13.1334,10.3626,16.645,commune,1.91531,0.0299853,0,970,0.122589,0.0536806,0.0273041,-2.39723,47.9327,-0.089838,-0.0158777,0.0237657,0.0543621,0.0931826,0.0140879,0.3285,0.6305,-4759.92,-40470.5,247.138,16723.8,85974.3,0.0600785,0.0304603,0.024374,reel,1573.85,1707.5,1807.1,0.000870743,1717
07019,Aubenas,07,province,300,100,1773.69,1773.5,0.0188478,0.00560567,11.8977,9.25866,15.2889,commune,2.71926,0.0685358,0.136667,2786,0.175363,0.0798254,0.0432396,4.38983,44.618,-0.0927802,-0.0142257,0.0237626,0.0541892,0.0927738,0.0142153,0.3295,0.641,-3783.89,-31256.4,190.159,13112.9,65626.4,0.0703462,0.0323811,0.0241504,reel,1625.95,1712,1789.2,0.000669548,1718
38013,Apprieu,38,province,39,13,2737.5,2747.94,0.0454171,0.0325473,13.8807,10.6706,18.0566,maille,1.66415,0.0237797,0,106,0.100542,0.0324244,0.00478001,5.49963,45.3988,-0.0953761,-0.0179507,0.0237436,0.0543033,0.0913268,0.0122361,0.3495,0.6325,-6281.05,-48370.1,296.991,19231,101287,0.0542716,0.0285994,0.0227606,reel,1450.9,1718.5,1888.15,0.00174246,1719
34270,Saint-Jean-de-Védas,34,province,161,53.6667,4175,4181.91,0.0245955,0.00954588,18.1313,15.546,21.1465,commune,1.13602,0.011622,0,1437,0.00970824,0.00172285,9.09329e-05,3.83116,43.5741,-0.0940378,-0.0164152,0.0237392,0.0527128,0.0931645,0.0132149,0.338,0.6355,-8596.58,-69686.6,437.02,29196.4,154475,0.0478025,0.0284475,0.0235363,reel,1579,1716,1805.15,0.00092779,1720
44184,Saint-Nazaire,44,province,1705,568.333,3040.55,3040.57,0.00596032,0.000560622,14.5497,11.74,18.0319,commune,1.14994,0.0120042,0.0621701,18245,0.110628,0.0281719,0.00866812,-2.22603,47.272,-0.0930822,-0.0186543,0.0237309,0.0521423,0.0910586,0.0115083,0.3415,0.642,-6878.67,-51179,323.648,21403.2,112500,0.0515026,0.0283471,0.0228468,reel,1682,1713,1738,0.000224534,1721
33080,Cadaujac,33,province,46,15.3333,3159.73,3170.08,0.0342154,0.0184724,14.6372,12.6887,16.885,maille,1.12384,0.0112564,0,470,0.0154461,0.00557758,0.00266863,-0.532558,44.7542,-0.0994461,-0.0175698,0.0237239,0.0519764,0.0897327,0.0119848,0.3445,0.648,-7390.86,-52615.9,338.889,22115.1,116910,0.0498926,0.0275606,0.0221241,reel,1565.8,1730.5,1863,0.0011875,1722
74043,Bons-en-Chablais,74,province,91,30.3333,4177.32,4181.46,0.0275188,0.0119501,18.3063,14.5041,23.1051,commune,1.86514,0.0284734,0,603,0.110565,0.129534,0.0507722,6.37005,46.2662,-0.0927727,-0.017514,0.0237223,0.0518255,0.0896962,0.011939,0.333,0.644,-9919.5,-72487.4,464.838,29998.4,154561,0.0482786,0.0279701,0.0227647,reel,1585.75,1718,1837,0.00096534,1723
14258,Falaise,14,province,126,42,2058.93,2057.27,0.0232858,0.00855611,12.4699,9.98298,15.5763,commune,2.28973,0.04238,0,1950,0.189879,0.0497409,0.0186042,-0.198836,48.8971,-0.0921494,-0.0173741,0.0236933,0.0554794,0.0923168,0.0141033,0.329,0.6315,-4325.62,-35284.3,219.767,14706.7,76180.3,0.0639355,0.0309494,0.0238468,reel,1605.35,1720,1829.05,0.000899072,1724
35173,Melesse,35,province,72,24,2941.88,2940.93,0.0269364,0.0114491,14.3435,11.9025,17.2851,commune,1.2732,0.0151665,0,603,0.0360882,0.0107416,0.00373076,-1.69703,48.2175,-0.0908773,-0.0167226,0.0236889,0.0529453,0.0930339,0.012593,0.3455,0.6425,-6291.3,-48833.8,311.249,20646.2,108850,0.0523889,0.0285071,0.0232385,reel,1600.5,1720,1828.25,0.000954758,1725
33555,Marcheprime,33,province,31,10.3333,3435.61,3445.68,0.0414954,0.0271678,16.16,13.5505,19.272,commune,1.05771,0.00906618,0,260,0.0266312,0.0130648,0.00115282,-0.851656,44.6918,-0.0907295,-0.0137545,0.0236837,0.0541933,0.0932851,0.0146197,0.322,0.6235,-6404.48,-56360.6,355.23,24031.4,127118,0.0512048,0.029455,0.0248316,reel,1480.95,1729.5,1895.65,0.00163624,1726
14762,Vire Normandie,14,province,137,45.6667,1734.22,1732.77,0.022339,0.00787454,11.2429,8.78001,14.3968,commune,2.29727,0.0427704,0,4514,0.185951,0.0203536,0.0081066,-0.887544,48.8379,-0.0885384,-0.0164843,0.0236827,0.0539638,0.0927859,0.0129517,0.3435,0.6315,-3815.91,-29737.2,186.133,12235.1,64166.1,0.0674167,0.0305415,0.0229047,reel,1616.55,1720,1811.2,0.000763809,1727
35095,Dol-de-Bretagne,35,province,107,35.6667,2463.32,2461.31,0.0221372,0.00773305,13.4351,10.9185,16.5318,commune,2.35383,0.0451549,0,984,0.086631,0.0165675,0.0190943,-1.75732,48.5489,-0.09086,-0.0148971,0.0236677,0.0535464,0.0912684,0.0128129,0.347,0.642,-5373.62,-41755.6,263.841,17539.5,91142.8,0.0581418,0.0292083,0.0230662,reel,1624.75,1711.5,1822.05,0.000850212,1728
30227,Saint-Ambroix,30,province,33,11,1320.17,1321.67,0.0584077,0.0538144,10.1984,7.93638,13.1052,commune,2.88428,0.0915214,0.757576,544,0.155913,0.0567358,0.00550153,4.19788,44.2601,-0.0949586,-0.0156168,0.0236583,0.0523507,0.0915261,0.0129902,0.3385,0.6365,-3233.73,-25081.4,148.889,9395.44,48846.4,0.079066,0.0320885,0.0228903,reel,1395.25,1712,1942.15,0.00217589,1729
38516,La Tronche,38,province,157,52.3333,3578.01,3581.21,0.0229171,0.00828775,16.579,13.1834,20.8494,commune,1.69287,0.0244147,0,2134,0.0945812,0.0556422,0.0123152,5.74619,45.2025,-0.0907333,-0.0159222,0.0236325,0.0527345,0.0946087,0.0126233,0.341,0.641,-7590.01,-61537.2,384.928,25269.9,132387,0.0505724,0.0285807,0.0232012,reel,1594.95,1722,1821.1,0.000905976,1730
73303,Ugine,73,province,65,21.6667,2351.46,2345.32,0.0358899,0.0203246,13.747,9.47147,19.9526,commune,2.61427,0.0595668,0,2096,0.285894,0.103938,0.0918434,6.4207,45.7529,-0.0924283,-0.0159845,0.0236262,0.0533059,0.092128,0.0137856,0.335,0.6425,-5778.9,-42907,254.214,18039.3,87004,0.0624992,0.0313665,0.0232952,reel,1577.85,1730.5,1859.2,0.00113613,1731
69133,Millery,69,province,38,12.6667,3886.84,3896.28,0.040904,0.0263999,16.8323,13.1056,21.6188,commune,1.27349,0.0151753,0,250,0.0971073,0.0183866,0.0162689,4.78323,45.6324,-0.0969542,-0.0182263,0.0236126,0.0521508,0.0915,0.0110792,0.3445,0.6415,-9176.32,-68334.5,418.971,27392.5,143813,0.0473361,0.027366,0.0218736,reel,1515.85,1731,1902.25,0.0015995,1732
38061,La Buisse,38,province,37,12.3333,2813.79,2823.68,0.0465877,0.0342464,14.261,11.4422,17.7743,maille,1.56787,0.0215779,0,199,0.0640775,0.0148896,0.0159392,5.61674,45.3339,-0.0908126,-0.0192993,0.0235597,0.0529244,0.0938508,0.0125635,0.3345,0.6405,-5853.47,-47681.7,297.021,19957.6,104110,0.054422,0.0291562,0.0237896,reel,1447.55,1727,1920,0.00176758,1733
71137,Cluny,71,province,35,11.6667,2183.95,2210.64,0.0527963,0.0439618,12.6341,9.71343,16.433,commune,2.07135,0.0344679,0,656,0.133571,0.0537482,0.0242882,4.65844,46.4341,-0.09657,-0.0151236,0.023541,0.0541388,0.0931432,0.0132933,0.334,0.6295,-4745.64,-39547.5,235.926,15678.2,80806.3,0.0611777,0.0301552,0.0235413,reel,1417.95,1741.5,1945.45,0.00200859,1734
35076,Chavagne,35,province,44,14.6667,3073.79,3073.51,0.0343332,0.0185994,14.5378,12.1761,17.3576,commune,1.56758,,0,332,0.0465299,0.0132581,0.014811,-1.79017,48.0519,-0.0988242,-0.0182537,0.0235009,0.0519619,0.0918676,0.011463,0.352,0.646,-7235.14,-52669.7,332.962,21762,113730,0.0508993,0.027497,0.0216844,reel,1538.15,1727,1878.05,0.00128823,1735
74256,Sallanches,74,province,652,217.333,3800.19,3800.52,0.0103338,0.00168521,17.5588,14.3355,21.5069,commune,1.84426,0.0279605,0,3605,0.234384,0.0684994,0.0267232,6.63342,45.9374,-0.0948337,-0.0170216,0.023497,0.0527127,0.0932408,0.0126304,0.3415,0.639,-8335.77,-65026.1,408.83,26915.9,140607,0.0507095,0.0290262,0.0235923,reel,1680,1732.5,1773,0.000359484,1736
2B353,Ville-di-Pietrabugno,2B,province,84,28,3803.51,3833.13,0.0349849,0.0193112,16.8436,14.0422,20.2039,commune,1.67024,0.0239443,0,403,0.0594264,0.0316535,0.0053135,9.45144,42.7117,-0.0974873,-0.0166581,0.0234899,0.0523655,0.089486,0.0118858,0.34,0.6415,-8991.11,-64936.3,411.999,26685,140730,0.0484088,0.027533,0.0219343,reel,1552.95,1736,1882.1,0.0013157,1737
17452,La Tremblade,17,province,41,13.6667,3035.81,3034.3,0.042844,0.0289558,14.9242,11.8185,18.8459,maille,1.60267,0.0223701,0,483,0.144872,0.0619448,0.00850214,-1.14209,45.7723,-0.0987819,-0.0174348,0.0234832,0.0530576,0.0934041,0.0124867,0.339,0.637,-6957.28,-52641.1,329.169,21392.2,112325,0.0530633,0.0289364,0.0232234,reel,1510.75,1726,1906,0.00160525,1738
69288,Saint-Laurent-de-Mure,69,province,55,18.3333,3930.63,3933.57,0.0341386,0.01839,17.5077,13.9273,22.0085,commune,1.67517,0.0240091,0,406,0.0852983,0.0370372,0.0196222,5.04509,45.6868,-0.0965548,-0.016131,0.0234725,0.0538575,0.0923947,0.0117076,0.3415,0.6415,-8743.28,-67848.3,422.728,27896.3,145433,0.0488706,0.0281452,0.0228224,reel,1570.35,1736.5,1877.5,0.00125941,1739
01427,Trévoux,01,province,128,42.6667,2817.18,2820.7,0.0227653,0.00817822,14.4505,11.2534,18.556,commune,1.37442,0.0172891,0,1106,0.162521,0.0521823,0.033992,4.7779,45.9408,-0.0907879,-0.0143692,0.0234665,0.0532466,0.0937159,0.0144755,0.338,0.641,-5827.98,-47801.8,294.173,20305.8,104236,0.0551638,0.029979,0.0244368,reel,1626.9,1728.5,1826.15,0.000855119,1740
74269,Seyssel,74,province,46,15.3333,3153.32,3159.52,0.0384821,0.0233672,15.2553,11.8736,19.6002,commune,1.65429,0.023539,0,253,0.169567,0.0989232,0.0358262,5.83736,45.9601,-0.0955728,-0.0161904,0.0234529,0.0523393,0.0894384,0.0124598,0.345,0.649,-7412.21,-54846.6,345.487,22786.1,116673,0.052346,0.0287331,0.022788,reel,1530.9,1740,1889.1,0.00147394,1741
42302,Sorbiers,42,province,67,22.3333,2327.12,2334.76,0.0390683,0.0240808,12.7067,9.40396,17.1693,commune,1.34803,0.0168402,0,636,0.0926866,0.0253124,0.0146574,4.44558,45.4871,-0.0957644,-0.0175376,0.0234397,0.0559794,0.0960027,0.0132398,0.3445,0.626,-4780.58,-41583.6,245.18,16512.5,86103.3,0.0577883,0.0295748,0.0239284,reel,1518.8,1727,1892,0.00144801,1742
31561,L'Union,31,province,94,31.3333,3397.42,3402.71,0.0275793,0.0120022,15.659,13.8373,17.7205,commune,1.10296,0.0105705,0,745,0.0353772,0.011214,0.00163988,1.4816,43.6588,-0.096863,-0.0160418,0.0234355,0.0535983,0.0926576,0.0121461,0.3375,0.6465,-7292.19,-56770.7,358.576,23793.4,125705,0.0500109,0.0283896,0.023308,reel,1602.95,1736,1856.05,0.00101137,1743
35240,Le Rheu,35,province,196,65.3333,3093.73,3093.19,0.0163849,0.00423649,14.9455,12.741,17.5313,commune,1.096,0.0103668,0,1364,0.0479511,0.00702973,0.0016941,-1.7958,48.0998,-0.0874463,-0.0148616,0.023426,0.0538021,0.0942168,0.0133388,0.332,0.6275,-5926.01,-50540,321.149,21641.8,114468,0.0521525,0.0290884,0.0241539,reel,1636.65,1736.5,1809,0.00067321,1744
43251,Vals-près-le-Puy,43,province,92,30.6667,1683.9,1682.95,0.0336017,0.0178107,11.5382,8.79849,15.1309,commune,2.13689,0.0368286,0,399,0.340306,0.0974312,0.0512364,3.879,45.0326,-0.0929045,-0.0148556,0.0234058,0.0530545,0.0944611,0.0135992,0.3225,0.6405,-3823.28,-30998.2,178.449,12600.2,62304.3,0.0715352,0.0332624,0.0230848,reel,1604.7,1744.5,1875,0.00110391,1745
35238,Rennes,35,province,8051,2683.67,3892.1,3892.09,0.00256176,0.000103565,17.1861,13.794,21.4124,commune,1.2297,0.0140939,0.063222,69910,0.125734,0.0342837,0.014346,-1.67733,48.1098,-0.0932307,-0.0171073,0.02338,0.0531014,0.0916126,0.0122607,0.329,0.6425,-8398.2,-66480.7,413.999,27479.2,144008,0.048363,0.0282016,0.0230193,reel,1723,1737,1755,0.000104391,1746
34120,Jacou,34,province,81,27,4144.71,4160.06,0.0345145,0.0187967,17.7985,15.1206,20.9508,commune,1.01595,0.00692308,0,593,0.00680897,0.00405685,0.00181926,3.91742,43.6673,-0.0921733,-0.0156142,0.0233548,0.052246,0.0912211,0.0124324,0.3465,0.6505,-9186.52,-68387.6,436.498,29032.3,153354,0.0471885,0.0280619,0.0230649,reel,1571.9,1745,1885.1,0.00130218,1747
25112,Chalezeule,25,province,38,12.6667,2492.12,2516.96,0.0484881,0.0370948,13.364,10.9377,16.3285,commune,1.99826,0.0322086,0,110,0.175127,0.00882126,0.00351187,6.06066,47.2476,-0.100502,-0.0203782,0.023349,0.0535423,0.0918711,0.0112928,0.351,0.6395,-5863.56,-43837.9,266.6,17484,92208.5,0.0571272,0.0291073,0.022733,reel,1492.75,1747.5,1925.25,0.00180633,1748
14536,La Rivière-Saint-Sauveur,14,province,44,14.6667,2705.49,2707.36,0.0390977,0.024117,13.7551,11.2175,16.8668,commune,2.15661,0.0374365,0,270,0.0598649,0.0216231,0.0127879,0.270172,49.4069,-0.0994894,-0.0171529,0.0233287,0.0523674,0.0901665,0.0112124,0.341,0.6445,-6451.13,-46549.2,297.092,19151,100103,0.0543568,0.027883,0.0216551,reel,1549.95,1748,1905.05,0.00134914,1749
01142,Dagneux,01,province,46,15.3333,3201.49,3213.63,0.0377029,0.0224298,15.562,12.5507,19.2959,maille,1.02929,0.00788732,0,361,0.0911108,0.0211743,0.00157267,5.06782,45.8517,-0.0872242,-0.0143879,0.0233076,0.0553654,0.0922194,0.0154832,0.3325,0.6245,-5770.95,-52041.6,328.528,22441,118455,0.0527081,0.0299446,0.0253073,reel,1492.95,1732,1895.2,0.00163183,1750
38249,Montbonnot-Saint-Martin,38,province,98,32.6667,4427.45,4437.03,0.0289347,0.0132114,18.3699,14.6719,22.9998,commune,1.00232,0.00427019,0,663,0.0558063,0.0236792,0.00671007,5.81181,45.2245,-0.0901501,-0.0183648,0.023307,0.0525695,0.0923668,0.0113202,0.3495,0.6495,-9928.3,-75126.7,471.738,31083.4,163816,0.0457234,0.0274611,0.0222832,reel,1590.95,1741.5,1861.05,0.00107737,1751
30003,Aigues-Mortes,30,province,78,26,3743.12,3772.46,0.0385904,0.0234971,16.4446,13.5872,19.9028,commune,1.53509,0.0209505,0,1016,0.032021,0.00627761,0.00206298,4.19057,43.5701,-0.099354,-0.0178922,0.0232998,0.0520023,0.0913305,0.0115413,0.338,0.649,-9018.28,-64178.7,405.436,26231.2,138496,0.0479105,0.0271803,0.0215221,reel,1579.7,1751,1903.5,0.00136976,1752
13021,Carry-le-Rouet,13,province,113,37.6667,5825.86,5836.87,0.0292253,0.0134772,22.6923,18.4599,27.8951,commune,1.36021,0.0169985,0,798,0.0972079,0.0322062,0.00505739,5.15257,43.3321,-0.0918732,-0.0178647,0.0232617,0.052472,0.0920266,0.0122828,0.339,0.642,-13277.8,-99511.7,626.524,40893.1,215557,0.0436516,0.0272621,0.0222118,reel,1609.9,1748.5,1878,0.00109632,1753
74280,Thônes,74,province,169,56.3333,4414.15,4415.6,0.020249,0.00647035,19.3627,15.3595,24.4093,commune,1.81758,0.0272228,0,1086,0.162175,0.109315,0.0628484,6.32352,45.8814,-0.0886297,-0.0170795,0.0232615,0.0531259,0.0906648,0.0129904,0.342,0.641,-9767.89,-74794.5,476.816,31923.7,163323,0.0485603,0.0286481,0.0238609,reel,1653,1746.5,1829,0.000759039,1754
69205,Saint-Genis-les-Ollières,69,province,31,10.3333,3533.43,3545.31,0.0451536,0.0321694,15.7075,12.2616,20.1219,commune,1.09745,0.0104612,0,895,0.0456109,0.00772782,0.00384355,4.72582,45.7574,-0.0992798,-0.0174101,0.0232482,0.052514,0.0913527,0.0117565,0.349,0.6375,-8138.98,-60724.6,378.306,24764.9,130737,0.0482505,0.0274279,0.0219835,reel,1509.05,1736,1923,0.00163826,1755
38412,Saint-Laurent-du-Pont,38,province,31,10.3333,1976.21,1974.16,0.0507297,0.0406056,12.2881,9.3714,16.1126,commune,2.39617,0.0470417,0,615,0.160735,0.0471468,0.0320156,5.73325,45.3873,-0.0858542,-0.0155772,0.0232347,0.0558922,0.0944974,0.0144946,0.337,0.6225,-3948.21,-34709.9,210.849,14297,73119.6,0.0655081,0.0312734,0.0241658,reel,1498.75,1763.5,1962.25,0.00188729,1756
2B185,Oletta,2B,province,46,15.3333,3322.32,3357.44,0.046907,0.0347103,16.4784,13.5883,19.9832,maille,2.62195,0.0601819,0,147,0.0719302,0.0491862,0.0186483,9.32367,42.6575,-0.0938825,-0.014934,0.0232177,0.0541046,0.0923202,0.0127296,0.337,0.637,-6979.18,-57728.3,360.825,23568.6,122926,0.054101,0.0293077,0.0236906,reel,1513.85,1731.5,1923.3,0.00164559,1757
42223,Saint-Genest-Lerpt,42,province,95,31.6667,1919.23,1923,0.0329253,0.0171047,11.3631,8.62005,14.979,commune,1.73608,0.0252926,0,1020,0.106409,0.0417696,0.0131065,4.33779,45.4447,-0.101254,-0.0185254,0.0231878,0.0524815,0.0918422,0.0105312,0.344,0.637,-4790.56,-34933.6,211.236,13629.1,71011.6,0.061669,0.0289728,0.0220312,reel,1591.05,1766.5,1877.05,0.00121509,1758
22093,Lamballe-Armor,22,province,158,52.6667,2485.67,2484.15,0.0223057,0.0078508,13.2679,10.4116,16.9078,commune,1.77001,0.0262123,0,1685,0.0878932,0.0227238,0.00791393,-2.51376,48.4684,-0.0915981,-0.0150442,0.0231573,0.0538709,0.094281,0.0137243,0.338,0.633,-5270.05,-42299.9,265.585,17503.2,91969.8,0.0568118,0.0291517,0.0233514,reel,1649.9,1757,1844.25,0.000809916,1759
62108,Berck,62,province,641,213.667,3146.71,3147.91,0.0109072,0.00187737,15.5134,12.2117,19.7079,commune,2.11601,0.0360934,0,3501,0.228584,0.0661765,0.0352929,1.56589,50.4063,-0.0945876,-0.0169041,0.0231296,0.0526672,0.0914038,0.0117766,0.337,0.644,-7530.65,-54759.4,343.427,22587.7,116428,0.0534403,0.028936,0.0226602,reel,1711.95,1757,1811.1,0.000408043,1760
13202,Marseille 2e Arrondissement,13,province,1090,363.333,4139.41,4139.9,0.00946677,0.00141427,18.8404,14.2458,24.9167,commune,2.74594,0.0709235,0.725688,10643,0.07294,0.0170212,0.00713834,5.36892,43.3017,-0.089073,-0.0160867,0.0231226,0.0522608,0.0916677,0.0127204,0.3445,0.6445,-9483.43,-70347.8,449.331,29063,153158,0.0502691,0.0283119,0.0227155,reel,1713.9,1760,1794,0.000337569,1761
14699,Touques,14,province,141,47,3694.14,3695.68,0.0220223,0.00765285,16.5492,12.8027,21.392,commune,1.28872,0.015544,0,886,0.0589077,0.0103569,0.0183803,0.096307,49.354,-0.0968597,-0.0175934,0.0231156,0.0540507,0.0913903,0.0123153,0.3445,0.6445,-8310.98,-63324.5,391.869,26181.5,136683,0.0488856,0.0280827,0.0228545,reel,1656.85,1765,1854.6,0.000835924,1762
85234,Saint-Jean-de-Monts,85,province,606,202,3408.7,3408.87,0.0111532,0.00196296,15.8434,12.6026,19.9175,commune,1.34861,0.0168513,0,1836,0.220128,0.0713753,0.0474791,-2.07107,46.7863,-0.0955933,-0.0165684,0.0230784,0.0535294,0.0916654,0.0126993,0.3455,0.6415,-7653.31,-58765.5,364.91,24599.6,126122,0.0504945,0.0284906,0.0227475,reel,1699,1757,1810.1,0.000440757,1763
44204,Thouaré-sur-Loire,44,province,102,34,3362.92,3363.69,0.0242631,0.00928934,15.3664,13.3872,17.6383,commune,1.00348,0.00485084,0,987,0.0233328,0.00869441,0.00335284,-1.44271,47.2665,-0.0920268,-0.0174789,0.0230774,0.0529378,0.0906779,0.0110434,0.35,0.645,-7793.8,-56738.9,357.318,23583,124428,0.0494799,0.0280076,0.0228355,reel,1642,1756,1881.2,0.000933867,1764
43041,Brives-Charensac,43,province,85,28.3333,1605.98,1606.58,0.0349329,0.0192492,10.8325,8.41162,13.9501,commune,2.02146,0.0328552,0,799,0.215912,0.0480072,0.020483,3.91894,45.0499,-0.0897693,-0.0162188,0.0230714,0.053682,0.0942979,0.0126735,0.343,0.631,-3629.01,-28913.1,172.987,11660.8,59421.4,0.0697329,0.0312045,0.0226078,reel,1620.85,1760,1898.1,0.00126906,1765
44035,La Chapelle-sur-Erdre,44,province,186,62,3471.22,3471.73,0.018005,0.00511562,15.6429,13.318,18.3736,commune,1.02291,0.00745904,0,2113,0.016206,0.000859643,0.000191247,-1.55139,47.3054,-0.0911768,-0.0200429,0.023069,0.0529723,0.0921515,0.0108422,0.3595,0.6395,-7917.12,-58119,367.324,24288.3,128435,0.0488919,0.0278374,0.0226249,reel,1694.9,1766,1836.05,0.000622124,1766
12174,Olemps,12,province,56,18.6667,2362.34,2366.7,0.0390751,0.0240845,12.8462,10.6111,15.552,commune,1.5728,0.0217149,0,538,0.0662409,0.0147501,0.0186623,2.55547,44.3394,-0.0888076,-0.016457,0.0230685,0.0526157,0.0929716,0.0138073,0.338,0.6415,-5041.32,-39608.1,249.688,16814.4,87406.7,0.0576353,0.0293566,0.0237069,reel,1540.5,1746.5,1928.05,0.0015215,1767
38130,La Côte-Saint-André,38,province,90,30,2174.75,2176.7,0.0301757,0.0143689,12.3666,9.55447,16.0065,commune,2.35963,0.0454722,0,768,0.153727,0.0381074,0.0108397,5.25978,45.3928,-0.0950329,-0.0194414,0.0230656,0.0527236,0.0936655,0.010818,0.3575,0.647,-5520.53,-39079.9,240.078,15332.9,80465.8,0.0599607,0.0287855,0.0215312,reel,1628.8,1766,1885.05,0.00109168,1768
48095,Mende,48,province,172,57.3333,2039.54,2041.76,0.0226571,0.00809862,12.3951,10.0472,15.2917,commune,2.58541,0.0570571,0,1899,0.112348,0.0536505,0.0308947,3.49965,44.5197,-0.0922624,-0.0165212,0.0230572,0.0546008,0.0923184,0.0131229,0.336,0.631,-4416.39,-35840.5,220.265,14739.4,75463,0.0641031,0.0304694,0.0234917,reel,1639.9,1754,1853.2,0.000878615,1769
64204,Eaux-Bonnes,64,province,186,62,1661.75,1659.44,0.0198873,0.0062411,11.5438,8.39585,15.872,maille,2.31729,0.0436528,0,552,0.26723,0.132326,0.15349,-0.333222,42.9593,-0.0924539,-0.0159319,0.0230552,0.0519944,0.0918756,0.0128706,0.344,0.651,-4678.26,-32467.9,176.522,14312.4,61484.9,0.0725292,0.0334225,0.0219054,reel,1683.95,1757.5,1830.05,0.000607442,1770
38001,Les Abrets en Dauphiné,38,province,57,19,2402.33,2406.19,0.0377615,0.0225005,13.1192,10.1665,16.9294,commune,2.36224,0.0456076,0,516,0.145923,0.0373804,0.0121796,5.58511,45.5384,-0.0978291,-0.0178272,0.0230316,0.0516708,0.0909752,0.0109826,0.3485,0.6475,-6026.02,-42987.1,265.656,17029.5,88886.4,0.0580396,0.0287898,0.0219628,reel,1573.85,1779,1914.2,0.00148201,1771
74067,Chavanod,74,province,34,11.3333,4817.67,4839.27,0.0445782,0.0313559,19.3587,15.4501,24.2562,maille,1.29959,0.0158133,0,181,0.0662907,0.018935,0.00539728,6.05599,45.8844,-0.0981553,-0.0186745,0.0230274,0.0512915,0.0927902,0.0106821,0.3475,0.651,-11858.4,-82184.1,520.388,33828,178254,0.044483,0.0267923,0.021338,reel,1545.7,1760.5,1925.45,0.00160767,1772
06161,Villeneuve-Loubet,06,province,1012,337.333,6057.56,6059.44,0.0104914,0.00173699,23.1077,18.3449,29.1071,commune,1.17836,0.0128769,0,3885,0.0662509,0.014074,0.00418156,7.12872,43.638,-0.0820311,-0.0118855,0.023026,0.0502217,0.08993,0.0149211,0.3215,0.664,-14150.5,-105550,666.611,47451.6,224130,0.0428048,0.0261209,0.022204,lmnp,1698.95,1759,1826.05,0.000493693,1773
42299,Savigneux,42,province,36,12,2302.15,2315.82,0.0527593,0.0439066,12.6504,9.66931,16.5506,commune,1.96172,0.0311948,0,307,0.067446,0.0114482,0.00522806,4.08007,45.6061,-0.0942079,-0.0157043,0.02302,0.0534225,0.0911063,0.0125136,0.3385,0.633,-5193.66,-40658.8,249.058,16196.2,85179.5,0.0581218,0.0288219,0.0228219,reel,1502.95,1769.5,1989.05,0.00209772,1774
43012,Aurec-sur-Loire,43,province,47,15.6667,1682.8,1686.67,0.0466246,0.0342789,10.8388,7.83244,14.9992,commune,1.84716,0.0280408,0,1031,0.235619,0.0629576,0.0160042,4.20121,45.3696,-0.0991204,-0.0202263,0.0230119,0.0517272,0.094172,0.0105868,0.3515,0.648,-4531.87,-31776.5,188.843,12046.7,62263.5,0.0665951,0.0300911,0.0211292,reel,1552.95,1761.5,1923.15,0.00157522,1775
69043,Chaponost,69,province,104,34.6667,4226.85,4231.69,0.0249339,0.0098105,17.4753,14.2557,21.4218,commune,1.17343,0.0127505,0,853,0.089683,0.031878,0.0119539,4.74488,45.7114,-0.100916,-0.0180777,0.0229994,0.0510247,0.0902985,0.0110953,0.347,0.649,-10426.4,-73150.5,461.491,29767.8,156393,0.0453536,0.0266485,0.0210486,reel,1641.9,1765.5,1853.15,0.000882288,1776
66020,Bolquère,66,province,210,70,3028.33,3032.6,0.0215648,0.00733827,14.857,10.9352,20.1854,maille,1.29234,0.0156011,0,470,0.223715,0.0857295,0.0505068,2.06043,42.5194,-0.0970708,-0.016391,0.0229527,0.0535354,0.0916544,0.0133475,0.3285,0.6375,-6682.74,-53123.8,322.718,22041.5,112048,0.0529283,0.0292024,0.0232146,reel,1673.65,1776.5,1855.15,0.000810712,1777
22162,Paimpol,22,province,120,40,3508.42,3506.65,0.0255636,0.0103112,16.2828,12.932,20.502,commune,1.81874,0.0272533,0,965,0.114308,0.0250967,0.0106255,-3.04889,48.7791,-0.0885878,-0.0166703,0.0229467,0.0525267,0.092694,0.0121513,0.341,0.6315,-7982.26,-59641.6,376.577,24728.1,129812,0.0505624,0.0282421,0.0226439,reel,1651.85,1777,1875.05,0.000959154,1778
33312,Parempuyre,33,province,100,33.3333,3486.76,3491.93,0.0233218,0.0085829,15.6301,13.4357,18.183,commune,1.12239,0.0112154,0,884,0.0128261,0.00414529,0.000365773,-0.602076,44.9493,-0.0942528,-0.0172207,0.0229427,0.0518284,0.0930018,0.0114304,0.3445,0.648,-8126.16,-58034,372.894,24390,129010,0.0486302,0.0275643,0.0222133,reel,1670.7,1771,1864,0.000833391,1779
38559,Vinay,38,province,72,24,2099.18,2101.1,0.0336772,0.0178968,12.1747,9.33223,15.883,commune,2.44127,0.0495627,0,583,0.13813,0.0284008,0.0157424,5.40542,45.2105,-0.0935895,-0.0183115,0.0229288,0.051771,0.0941346,0.0110959,0.3525,0.658,-5326.67,-37829.2,230.861,14868,77669.6,0.0610223,0.0289045,0.0216823,reel,1622.5,1777.5,1908.05,0.00118363,1780
75105,Paris 5e Arrondissement,75,paris,2340,780,11411.9,11412.1,0.0055542,0.000486816,36.2794,28.7909,45.7155,commune,1.67749,0.0240566,0,22050,0.29883,0.140594,0.0993699,2.34972,48.8431,-0.108955,-0.0204212,0.0229225,0.0534626,0.0959754,0.00927463,0.356,0.6395,-24951.4,-210727,1319.49,81358.4,422240,0.0365718,0.0243756,0.0235222,reel,1745.95,1774,1799,0.000182086,1781
40209,Ondres,40,province,128,42.6667,4075.52,4079.44,0.0221409,0.00773538,17.269,13.8266,21.5685,commune,1.17575,0.0128134,0,688,0.0192365,0.00953117,0.00336938,-1.44603,43.5643,-0.0929022,-0.0178638,0.022914,0.0514569,0.0916706,0.0116231,0.342,0.6525,-9782.84,-68340.8,436.553,28603.4,150794,0.0464304,0.0271764,0.0217464,reel,1666.85,1775.5,1863,0.000838716,1782
29117,Lannilis,29,province,35,11.6667,2208.69,2212.49,0.0442087,0.0308316,12.311,9.90573,15.3004,commune,1.78132,0.0264397,0,260,0.0706917,0.0342455,0.018414,-4.52097,48.5701,-0.0979213,-0.0172958,0.0229018,0.0518914,0.0933332,0.0118747,0.3405,0.6355,-5028.94,-38806.9,239.385,15834.7,81721.6,0.0587373,0.0289359,0.0226827,reel,1551.65,1781,1935,0.00152132,1783
34022,Baillargues,34,province,102,34,3839.52,3851.22,0.0308163,0.0149848,16.8604,13.964,20.3576,commune,1.16473,0.0124898,0,1098,0.0117394,0.00135409,0.00100479,4.02024,43.6611,-0.0944134,-0.0175456,0.022892,0.0531237,0.0939965,0.0121959,0.347,0.6485,-8452.36,-64921.2,406.058,26895.7,142062,0.0480073,0.0278943,0.0227113,reel,1625.85,1778.5,1913.05,0.00114243,1784
74218,Publier,74,province,151,50.3333,4765.18,4767.23,0.0214137,0.00723607,20.2351,16.263,25.1775,commune,1.75841,0.025924,0,1403,0.0579116,0.0251188,0.0140536,6.53745,46.394,-0.0903541,-0.0149483,0.02288,0.0528268,0.092972,0.0125363,0.335,0.643,-10205.7,-80035.6,508.321,33579.5,176312,0.04718,0.0282313,0.0231963,reel,1652.9,1765.5,1852.05,0.000802538,1785
63047,La Bourboule,63,province,190,63.3333,1788,1787.5,0.0200624,0.00635126,12.5123,9.24558,16.9333,commune,2.88863,0.0921909,0,573,0.387003,0.104263,0.167655,2.74081,45.589,-0.0902202,-0.0142781,0.0228624,0.0527241,0.0913016,0.0142081,0.334,0.643,-4720.66,-33685.3,182.616,15552.8,66156,0.0739082,0.034788,0.0231216,reel,1704.9,1784,1845,0.000600787,1786
33519,Le Taillan-Médoc,33,province,54,18,3627.48,3636.64,0.0316224,0.0157789,16.1779,14.1224,18.5326,commune,1.10644,0.0106794,0,503,0.0144898,0.00147991,0.000627236,-0.667682,44.9091,-0.0943996,-0.0177931,0.0228563,0.0531144,0.0916001,0.0121264,0.347,0.6475,-7923.42,-60386.7,383.514,25418.3,134217,0.0485558,0.0278855,0.0226861,reel,1623.85,1775,1909.05,0.00121577,1787
34058,Castries,34,province,40,13.3333,3782.63,3814.3,0.0486516,0.0373438,16.5373,13.6746,19.9993,commune,1.26189,0.0148908,0,347,0.0563448,0.0252717,0.0083114,3.98547,43.6751,-0.0985721,-0.0172347,0.0228428,0.0518879,0.0909837,0.0115377,0.3525,0.6505,-9157.76,-65008,410.681,26684.8,139957,0.0477044,0.027428,0.0219586,reel,1504.55,1757,1947.75,0.00189353,1788
42147,Montbrison,42,province,318,106,1882.89,1883.62,0.0181039,0.00517193,11.5046,8.74055,15.1428,commune,2.25087,0.0410095,0.00628931,3459,0.139217,0.0435248,0.0145491,4.06735,45.6059,-0.100242,-0.0169862,0.0228274,0.0532971,0.0919115,0.0120127,0.3475,0.6325,-4661.25,-34070,207.49,13378.9,69666.8,0.0637613,0.0294166,0.0219037,reel,1709.95,1780,1862.1,0.000609595,1789
66148,Port-Vendres,66,province,196,65.3333,2995.51,2999.9,0.0223159,0.00785831,14.8039,11.6712,18.7773,commune,2.25232,0.0410575,0,750,0.1011,0.0370061,0.00801717,3.10547,42.5175,-0.099443,-0.01738,0.0228259,0.0509907,0.0898875,0.0105819,0.3515,0.649,-7625.86,-52255.1,330.558,21103.9,110834,0.0532953,0.0281383,0.0219929,reel,1683.7,1782,1862.05,0.000788831,1790
83118,Saint-Raphaël,83,province,2999,999.667,4958.7,4959.02,0.00586304,0.000542472,20.2704,16.284,25.2327,commune,1.30887,0.0159842,0,10555,0.0755308,0.0156493,0.00265948,6.78147,43.427,-0.0948769,-0.0189285,0.0228141,0.0524246,0.0922033,0.0111988,0.358,0.633,-11327.1,-83289.4,527.52,34756.2,183472,0.0454242,0.0276813,0.0225658,reel,1753,1779,1810.05,0.000218888,1791
84054,L'Isle-sur-la-Sorgue,84,province,324,108,3512.95,3515.76,0.018129,0.00518626,16.6227,13.2326,20.8815,commune,1.93532,0.0305473,0.0154321,2501,0.110317,0.0358334,0.0181016,5.05297,43.9197,-0.0895397,-0.0183055,0.0227822,0.0519148,0.0930001,0.0127315,0.3295,0.645,-7742.93,-59985.7,375.242,24867.7,129979,0.0516582,0.0289213,0.0235246,reel,1682.95,1777,1853.15,0.000715273,1792
73051,Le Bourget-du-Lac,73,province,110,36.6667,4443.06,4446.13,0.0277035,0.0121107,18.4461,14.8898,22.8518,commune,1.37007,0.0171762,0,1451,0.0815738,0.0168621,0.013004,5.85952,45.647,-0.0946779,-0.0175721,0.0227747,0.0514396,0.089365,0.011379,0.3515,0.6455,-10993.2,-75926.2,478.7,31290.3,164393,0.0457688,0.0271185,0.0216938,reel,1670.7,1784.5,1885.15,0.000953336,1793
40046,Biscarrosse,40,province,434,144.667,3546.66,3547.59,0.0120567,0.00229391,15.8773,13.2363,19.0453,commune,1.35035,0.0168722,0,2068,0.0871362,0.0266174,0.0102094,-1.16886,44.3956,-0.093745,-0.0174565,0.0227619,0.0517812,0.0927069,0.0114628,0.351,0.6445,-8483.78,-59893.8,382.657,24996.2,131227,0.0486451,0.0274667,0.0218428,reel,1719.9,1782.5,1833.05,0.000445103,1794
73225,Saint-Baldoph,73,province,50,16.6667,3247.42,3251.45,0.0407973,0.0262619,15.1582,12.6108,18.2201,maille,1.22564,0.0140015,0,515,0.0381849,0.0127942,0.0133193,5.95605,45.5359,-0.0966005,-0.0159835,0.0227478,0.0527043,0.0921404,0.0119697,0.342,0.641,-7170.91,-54936.2,343.861,22930.2,120155,0.0504703,0.0281508,0.0228511,reel,1601,1787,1941.1,0.00149837,1795
05149,Saint-Léger-les-Mélèzes,05,province,71,23.6667,2207.95,2201.37,0.0353201,0.0196818,13.2922,9.73389,18.1513,maille,2.24014,,0,174,0.55804,0.151053,0.0556035,6.19922,44.6434,-0.0965039,-0.0179042,0.0227467,0.053087,0.0918477,0.0124271,0.3445,0.6545,-5733.54,-41590.7,246.802,16293.4,81694.1,0.0640896,0.0321955,0.0219619,reel,1638.7,1782.5,1897.35,0.00112386,1796
69383,Lyon 3e Arrondissement,69,province,3764,1254.67,4709.55,4709.69,0.0041644,0.000273676,18.8745,14.5802,24.4336,commune,1.22767,0.0140468,0.0156748,35383,0.144246,0.0429545,0.0195565,4.86626,45.7546,-0.0986001,-0.0214789,0.0227361,0.0518365,0.090722,0.0104765,0.353,0.6515,-12114.7,-81520.2,518.543,33289.2,174253,0.0442705,0.0265548,0.0211123,reel,1765,1784,1806.05,0.000139168,1797
06105,Roquefort-les-Pins,06,province,33,11,5668.65,5725.76,0.0566697,0.0506573,21.9978,17.7585,27.2492,commune,1.15197,0.0120968,0,326,0.0375629,0.0199429,0.00946852,7.04578,43.6735,-0.0944573,-0.0197249,0.0227007,0.0533737,0.0933315,0.0119332,0.347,0.6355,-12379.2,-97307.3,608.346,39922.1,209740,0.043392,0.0271296,0.0220251,reel,1540,1798,2008.4,0.00200823,1798
01269,Nantua,01,province,65,21.6667,1432.49,1431.19,0.0318212,0.0159782,10.668,8.11537,14.0234,commune,2.95824,0.117262,0,1036,0.188203,0.0527947,0.0296575,5.60568,46.1533,-0.0911317,-0.0174486,0.0226945,0.0534665,0.0922412,0.0124613,0.346,0.642,-3596.84,-27049.3,157.681,10521.8,53002.3,0.0768,0.0322489,0.0226844,reel,1649.55,1783.5,1919.4,0.00121561,1799
83098,Le Pradet,83,province,295,98.3333,4477.94,4481.85,0.018648,0.00548754,18.5076,14.7563,23.2125,commune,1.22651,0.0140108,0,1585,0.0783241,0.0245496,0.0069044,6.02129,43.1067,-0.0963091,-0.0194375,0.0226907,0.0518072,0.0922774,0.0116513,0.35,0.647,-10525.6,-75291.1,482.78,31427.8,165684,0.0455769,0.0271875,0.0218283,reel,1713.8,1792,1860.1,0.000674959,1800
43089,Espaly-Saint-Marcel,43,province,45,15,1461.47,1459.01,0.047614,0.035748,10.6243,8.08207,13.9662,commune,2.48869,0.0518639,0,537,0.253953,0.0560811,0.0123112,3.8696,45.0462,-0.0938717,-0.0159315,0.022688,0.0547795,0.0931814,0.0127986,0.3415,0.6465,-3504.34,-27783.6,159.409,10481.3,54074.2,0.0749192,0.0321956,0.0224688,reel,1561.9,1777.5,1951,0.00172132,1801
35047,Bruz,35,province,337,112.333,3247.63,3247.86,0.0125066,0.00246833,14.7468,12.3531,17.6045,commune,1.05742,0.00905923,0,3296,0.0228033,0.0077569,0.002514,-1.75362,48.0272,-0.0992464,-0.0171318,0.0226816,0.0521255,0.090425,0.0108867,0.352,0.652,-7812.12,-55247.7,350.501,22739.4,120162,0.0489471,0.0271989,0.0216473,reel,1726.95,1791,1852.05,0.000504743,1802
75108,Paris 8e Arrondissement,75,paris,1590,530,12060.6,12060.5,0.00673726,0.000716282,39.0674,29.526,51.6922,commune,2.51827,0.0532799,0,16187,0.286129,0.13679,0.105142,2.31562,48.8758,-0.110597,-0.0220575,0.0226719,0.0547124,0.096465,0.00827413,0.361,0.6305,-26268.2,-223761,1404.7,86073.8,446242,0.0373787,0.0243762,0.0233887,reel,1761.85,1793,1818.05,0.000213794,1803
34217,Prades-le-Lez,34,province,53,17.6667,3951.73,3974.35,0.0424594,0.0284446,17.2344,14.6024,20.3408,commune,1.10963,0.0107368,0,317,0.0352795,0.00440178,0.000384434,3.86721,43.6949,-0.0939033,-0.0169396,0.0226584,0.0534053,0.0924415,0.012498,0.336,0.64,-8693.1,-65974.4,418.634,27679,146214,0.0477798,0.0280239,0.0229111,reel,1608.75,1789.5,1935.4,0.00153957,1804
07281,Saint-Péray,07,province,69,23,2761.66,2771.9,0.038941,0.0239235,14.1954,11.3949,17.684,commune,1.38544,0.0175,0,535,0.116502,0.0421034,0.0101993,4.84422,44.9456,-0.0904687,-0.0174614,0.0226554,0.0547451,0.0918835,0.0141382,0.3305,0.634,-5816.23,-46271.8,291.489,19563,102181,0.0551641,0.0297344,0.0243813,reel,1592.5,1785.5,1949.1,0.00153902,1805
38205,Lans-en-Vercors,38,province,80,26.6667,3109.11,3116.47,0.0319776,0.016136,14.7748,11.1416,19.5928,commune,1.36601,0.0171021,0,346,0.302324,0.104813,0.148006,5.58953,45.1287,-0.0883914,-0.0181914,0.0226482,0.050243,0.0902356,0.0109619,0.3445,0.662,-8276.4,-56567.5,335.027,24255.5,115037,0.0512357,0.0281144,0.0213691,reel,1663.95,1796.5,1901.05,0.000981673,1806
35069,Châteaugiron,35,province,107,35.6667,3004.59,3004.97,0.0221372,0.00773305,14.1318,11.9603,16.6976,commune,1.21868,0.0138736,0,565,0.117385,0.0282344,0.0258178,-1.50282,48.048,-0.102294,-0.0195041,0.0225988,0.0516288,0.0898011,0.00976067,0.35,0.6565,-7792.15,-51964.4,326.2,21489.9,111170,0.0504499,0.0273408,0.0213329,reel,1697.95,1803,1881,0.000763762,1807
26064,Chabeuil,26,province,38,12.6667,2751.28,2765.96,0.0470897,0.0349817,13.9121,11.0334,17.5419,commune,1.79234,0.0267247,0,366,0.0912163,0.0235061,0.00102575,5.01909,44.8996,-0.0928019,-0.0176687,0.022594,0.0523523,0.0920792,0.0122095,0.35,0.636,-6356.07,-46954.4,296.886,19256.6,101797,0.0541368,0.0283921,0.0225046,reel,1593.2,1795.5,1968.25,0.00176355,1808
33063,Bordeaux,33,province,9435,3145,4350.23,4350.29,0.00241119,9.17478e-05,18.5384,14.3655,23.9234,commune,1.72361,0.0250718,0.0446211,95738,0.129779,0.0387686,0.0177965,-0.574999,44.8423,-0.0972532,-0.0190079,0.0225916,0.0518618,0.0927053,0.0111047,0.3495,0.6525,-10677.9,-73988.2,474.075,30695.7,160959,0.0469998,0.0274909,0.0220668,reel,1778.95,1796,1812,8.51192e-05,1809
01244,Meximieux,01,province,105,35,2937.93,2942.98,0.0251129,0.00995182,14.6626,11.5311,18.6444,commune,1.73695,0.0253008,0,1186,0.113178,0.0290125,0.0153083,5.19183,45.9037,-0.100393,-0.0174419,0.0225375,0.053459,0.0935716,0.0124559,0.339,0.6405,-6695.79,-50780.5,314.106,20740.1,108703,0.0537626,0.0289311,0.0232768,reel,1694.75,1814,1902.1,0.00091949,1810
83069,Hyères,83,province,2374,791.333,4217.32,4217.69,0.00658931,0.00068519,18.168,14.043,23.5047,commune,1.60934,0.0225225,0.0783488,12525,0.0783348,0.019725,0.00351658,6.13051,43.1159,-0.0949626,-0.018171,0.0225076,0.0524559,0.0906738,0.0116984,0.359,0.6465,-9707.29,-71979.5,453.112,29543.1,156041,0.0474273,0.0277042,0.0223121,reel,1772.95,1803,1831.05,0.0002454,1811
33019,Audenge,33,province,163,54.3333,3701.89,3705.55,0.0182972,0.00528311,16.0911,13.4908,19.1927,commune,1.13979,0.0117188,0,777,0.0132876,0.00345575,0.00289259,-1.00182,44.6891,-0.098941,-0.0187532,0.0224536,0.0518434,0.0929574,0.0112823,0.3485,0.6515,-8711.15,-62732.2,398.142,25920.7,136970,0.0472984,0.0270741,0.0215596,reel,1730.95,1811,1875.1,0.000664393,1812
22070,Guingamp,22,province,199,66.3333,2295.68,2293.86,0.0198913,0.0062434,13.0132,10.3646,16.3387,commune,2.61137,0.0594516,0.0502513,1779,0.136947,0.0458658,0.0246392,-3.14899,48.5631,-0.0933503,-0.018121,0.0224333,0.052053,0.0915619,0.0124818,0.3415,0.646,-5593.62,-39485.9,249.599,16554.5,84940.2,0.060182,0.0293657,0.0223749,reel,1719.9,1812,1888.05,0.000740711,1813
40284,Saint-Vincent-de-Tyrosse,40,province,159,53,3524.75,3526.88,0.0198804,0.00623663,15.9997,13.6973,18.6892,commune,1.32744,0.0164504,0,935,0.0567998,0.0102004,0.00354323,-1.30235,43.6629,-0.0942868,-0.0166783,0.0224205,0.0516826,0.0919404,0.0124479,0.338,0.643,-7861.42,-58354.9,375.384,24718.7,130416,0.0493642,0.0279777,0.0226262,reel,1725.9,1812.5,1887,0.000666407,1814
34169,Montferrier-sur-Lez,34,province,35,11.6667,4181.62,4222.48,0.0518734,0.0424522,17.597,14.5987,21.2111,commune,1.23434,0.0142494,0,231,0.0277471,0.00585218,0.000511105,3.86868,43.6749,-0.0906547,-0.0173325,0.0223987,0.0524152,0.0934693,0.0115967,0.3445,0.6515,-9671.74,-71107,447.826,29279.7,154720,0.0461935,0.0271335,0.0216668,reel,1538.9,1809,1995.05,0.00194005,1815
33214,Lacanau,33,province,282,94,4775.56,4777.91,0.0139263,0.00306053,19.2962,14.6248,25.4597,commune,1.13921,0.0117001,0,681,0.103689,0.0264259,0.011722,-1.20056,44.9975,-0.0963796,-0.0171273,0.0223951,0.0520513,0.0927976,0.0113893,0.3505,0.652,-11649.1,-82748.8,514.92,33573.8,176696,0.0447181,0.0270819,0.0218176,reel,1741,1809,1866.05,0.000483785,1816
74208,Passy,74,province,231,77,3636.34,3637.33,0.0173347,0.00474195,17.0026,12.8547,22.4889,commune,2.05452,0.0339443,0,1489,0.211315,0.0915045,0.105424,6.71077,45.9261,-0.0970539,-0.0167528,0.0223935,0.0531644,0.091449,0.0125895,0.3355,0.647,-8442.38,-63835,392.859,27146.6,134545,0.0511589,0.0287188,0.023119,reel,1741,1811,1880.1,0.000582886,1817
64417,Nay,64,province,55,18.3333,1934.05,1929.23,0.036306,0.0207971,11.9052,9.8315,14.4163,commune,2.41908,0.048329,0,535,0.0841204,0.0301123,0.0200551,-0.261453,43.1796,-0.0942474,-0.0163326,0.0223822,0.0532383,0.0912609,0.0129067,0.338,0.6415,-4419.1,-34072.6,208.364,13873.5,71559.8,0.06456,0.0301933,0.0235823,reel,1644.65,1804,1950.05,0.00134772,1818
12145,Millau,12,province,549,183,1959.99,1960.02,0.0126144,0.00251101,11.9031,9.35487,15.1455,commune,2.56032,0.0555886,0.1949,3752,0.157489,0.0506023,0.0173454,3.07875,44.1001,-0.0918421,-0.0190883,0.0223749,0.0527669,0.0931552,0.0123524,0.344,0.65,-4745.83,-34417.6,216.411,13996.7,72519.7,0.0636928,0.0295692,0.0218329,reel,1749,1813.5,1862.05,0.00049178,1819
12208,Saint-Affrique,12,province,112,37.3333,1453.97,1452.51,0.027795,0.012189,10.3822,8.51786,12.6545,commune,2.73115,0.0695978,0,944,0.0735368,0.017842,0.00780306,2.88722,43.9577,-0.0917391,-0.015567,0.0223723,0.05289,0.0932213,0.0122084,0.346,0.66,-3481.94,-25919.9,160.448,10306.6,53797,0.0733066,0.0304884,0.0232544,reel,1693.15,1795.5,1926.1,0.00107184,1820
35266,Saint-Erblon,35,province,42,14,3113.34,3114.67,0.0351258,0.0194679,14.4113,12.0331,17.2595,commune,1.07454,0.00978474,0,428,0.0105761,0.00174552,0.000789459,-1.65239,48.0183,-0.0954367,-0.0167111,0.0223518,0.0526041,0.0901478,0.0109354,0.3505,0.6505,-7378.54,-53591.6,334.441,21784.6,115194,0.0497651,0.0273706,0.0218933,reel,1654.95,1808,1947,0.0012876,1821
44074,Indre,44,province,46,15.3333,2928.86,2927.17,0.0359292,0.0203678,14.5327,12.5075,16.8858,commune,1.42256,0.0181715,0,604,0.0673966,0.0249877,0.0116874,-1.66897,47.1991,-0.0972274,-0.0175083,0.0223386,0.0530532,0.0905922,0.0118319,0.344,0.6355,-6570.84,-50446.7,310.717,20698.1,108368,0.0533971,0.0290273,0.0237194,reel,1639.5,1810.5,1953.3,0.00144931,1822
69189,Sainte-Colombe,69,province,76,25.3333,3035.15,3037.39,0.0291153,0.0133765,14.6683,11.5588,18.6143,commune,2.35586,0.0452567,0,483,0.226491,0.0431739,0.0283729,4.86581,45.5252,-0.0969696,-0.0204464,0.0223345,0.0510587,0.0884146,0.00946285,0.353,0.6555,-8210.17,-54935.6,338.654,21648.3,112300,0.0520633,0.0272505,0.0201924,reel,1684.95,1820.5,1911.05,0.000924312,1823
31541,Seilh,31,province,108,36,3318.55,3324.23,0.0257496,0.0104627,15.0899,13.1412,17.3275,commune,1.06714,0.00944882,0,391,0.0104925,0.00164104,0.000643478,1.35929,43.6855,-0.096504,-0.0170614,0.0223289,0.0515225,0.0921871,0.0121246,0.3525,0.654,-7706.93,-54949.8,354.996,23212.7,122786,0.0491416,0.0275474,0.0221873,reel,1683.85,1825,1923.3,0.000998663,1824
50025,Avranches,50,province,143,47.6667,2238.39,2237.42,0.0236101,0.00879502,12.517,9.7442,16.0789,commune,1.85528,0.0282618,0.0699301,2262,0.127677,0.0313686,0.00978094,-1.35845,48.6845,-0.0932382,-0.016633,0.0223028,0.0527536,0.0940952,0.0119624,0.345,0.6405,-5235.87,-39810.3,241.598,15812,82820.5,0.0590623,0.0292662,0.0228641,reel,1722.95,1819.5,1892.15,0.0008038,1825
69069,Craponne,69,province,229,76.3333,4162.42,4165.45,0.016848,0.00447941,16.7883,13.5976,20.7277,commune,1.05916,0.00915332,0,1891,0.0578813,0.0188174,0.00861805,4.72285,45.7468,-0.101685,-0.0221855,0.0222817,0.0516662,0.0887492,0.00889943,0.3685,0.6625,-11375.4,-72898.7,460.793,29232.5,154010,0.0440754,0.0256846,0.0197431,reel,1758.9,1818.5,1887.15,0.000545792,1826
83107,Roquebrune-sur-Argens,83,province,521,173.667,4773.18,4775.2,0.0140487,0.00311456,19.5797,14.9808,25.5905,commune,1.40081,0.017791,0,2077,0.0363045,0.00790112,0.00291913,6.67309,43.3682,-0.0990423,-0.0175938,0.0222808,0.0512858,0.0924882,0.0115515,0.343,0.648,-10775,-81574.5,511.81,33441.3,176608,0.0454533,0.0273503,0.0220349,reel,1739,1814.5,1874.1,0.000580265,1827
35055,Chantepie,35,province,274,91.3333,3423.94,3423.96,0.0138662,0.00303414,15.5221,13.1707,18.2932,commune,1.00261,0.00447857,0,2214,0.0132994,0.00347569,0.00149803,-1.61,48.0863,-0.0925478,-0.0160148,0.0222764,0.0520621,0.0927704,0.0123291,0.341,0.653,-7391.39,-56772.4,363.231,23978.8,126686,0.0491437,0.0279241,0.0227531,reel,1761.9,1824,1872.25,0.000500036,1828
29046,Douarnenez,29,province,208,69.3333,2513.68,2515.06,0.0183691,0.00532455,12.9728,10.281,16.3694,commune,1.86978,0.0285898,0,2750,0.198382,0.06904,0.0137914,-4.3301,48.0932,-0.102977,-0.019545,0.0222681,0.0520622,0.0906847,0.0100779,0.3555,0.655,-6733.81,-45631.1,281.351,17814.1,93006.1,0.0547699,0.0276513,0.0202646,reel,1729.95,1825,1888.1,0.000628462,1829
39097,Champagnole,39,province,177,59,1801.9,1805.09,0.0233315,0.00858959,11.9866,9.10876,15.7738,commune,2.50058,0.0524582,0,1713,0.300045,0.105454,0.0957729,5.91039,46.744,-0.0909473,-0.0163216,0.0222641,0.0525934,0.093232,0.013434,0.3455,0.658,-4742.19,-32911.6,193.986,14222.8,66670.2,0.0698373,0.0326654,0.0224817,reel,1724,1815.5,1900.15,0.000814207,1830
14312,Grandcamp-Maisy,14,province,91,30.3333,2454.83,2454.45,0.0273559,0.0118081,13.2632,10.5147,16.7303,maille,2.09194,0.0351625,0,290,0.277998,0.0827717,0.0276137,-1.05084,49.3879,-0.0993419,-0.0185758,0.0222512,0.0525638,0.0888214,0.0110348,0.3525,0.6475,-6485.95,-43842.2,273.185,17671.7,90828.7,0.0575025,0.0290581,0.0213052,reel,1692.8,1821.5,1927,0.00100492,1831
04006,Allos,04,province,698,232.667,2505.31,2507.46,0.0118737,0.0022248,13.0465,7.567,22.494,commune,1.37645,0.0173475,0,1333,0.421578,0.0633226,0.0305075,6.57056,44.2877,-0.0989011,-0.0177738,0.0222441,0.055841,0.101807,0.0139744,0.3395,0.6305,-5742.36,-49777.6,266.006,18074,92696.4,0.055306,0.0286573,0.0203986,reel,1769.85,1821.5,1871,0.000408832,1832
74010,Annecy,74,province,4481,1493.67,5460.38,5460.57,0.00394466,0.000245557,20.9202,15.6925,27.8894,commune,1.13196,0.0115095,0,33392,0.185267,0.0603792,0.0267829,6.12262,45.9077,-0.0925634,-0.0192722,0.0222376,0.0518481,0.0898015,0.0105236,0.356,0.647,-13655,-94325.8,598.543,38576.3,202034,0.0426788,0.0263934,0.0212837,reel,1804,1825.5,1842.05,0.000149593,1833
71176,Digoin,71,province,95,31.6667,898.491,896.817,0.0324944,0.016659,9.05634,6.93758,11.8222,commune,2.73231,0.0696881,0,1005,0.235391,0.096494,0.0363881,3.99124,46.4888,-0.0970555,-0.0187173,0.0221976,0.0562406,0.0978269,0.0134652,0.3515,0.643,-2543.49,-19322.8,103.041,6909.82,33244.1,0.10092,0.03661,0.0212801,reel,1702.95,1838.5,1945.05,0.00105244,1834
14514,Pont-l'Évêque,14,province,41,13.6667,3366.2,3370.08,0.0404676,0.0258361,15.6891,12.5046,19.6846,commune,1.80133,0.0268938,0,681,0.220759,0.0485048,0.0602481,0.182855,49.2849,-0.0918424,-0.0175769,0.022196,0.0511887,0.0894261,0.0116962,0.3555,0.658,-8666.59,-59384.5,367.013,24551.2,124549,0.0505821,0.0278893,0.0217005,reel,1647.8,1835.5,1965.35,0.00137975,1835
14488,Ouistreham,14,province,291,97,3721.2,3722.36,0.0153594,0.00372277,16.3109,13.486,19.7276,commune,1.12645,0.0113393,0,1324,0.189039,0.0328559,0.0168659,-0.259482,49.2851,-0.0926861,-0.0185481,0.0221872,0.0526107,0.0888797,0.011504,0.351,0.6425,-9052.2,-62371.6,401.11,26252.7,137684,0.0477618,0.0274853,0.0218242,reel,1765.7,1825.5,1885.05,0.000538671,1836
34198,Pérols,34,province,80,26.6667,4442.41,4461.52,0.0347255,0.0190272,18.2777,15.6445,21.3541,commune,1.04901,0.00879121,0,711,0.0462105,0.0155566,0.000180025,3.95334,43.5617,-0.101456,-0.0173793,0.0221534,0.0520152,0.0911734,0.01071,0.3455,0.655,-10648.9,-75855.7,476.118,31063.4,164369,0.0453205,0.0271287,0.0217719,reel,1649.85,1835,1951.15,0.00128219,1837
69268,Vourles,69,province,49,16.3333,4516.13,4529.2,0.0361279,0.0205955,17.983,14.0163,23.0724,commune,1.10064,0.0104987,0,254,0.0570072,0.00756421,0.00899748,4.7782,45.6592,-0.0983517,-0.0184906,0.0221473,0.0510413,0.0907828,0.0102945,0.3505,0.6655,-11675.8,-78446,494.645,31737.4,167097,0.0437978,0.0260377,0.0203002,reel,1668.95,1824,1943,0.00124852,1838
69384,Lyon 4e Arrondissement,69,province,1325,441.667,4986.88,4987.31,0.00701715,0.000777056,19.4838,15.0338,25.251,commune,1.44925,0.0188559,0,11789,0.220509,0.0599161,0.0291527,4.82811,45.7777,-0.100457,-0.0204779,0.0221468,0.0515306,0.0882094,0.0100392,0.35,0.6635,-13637.1,-88019.1,555.769,35412.1,184514,0.0432747,0.025955,0.0203511,reel,1797.85,1830,1860,0.000249494,1839
2A249,Propriano,2A,province,157,52.3333,4275.68,4293.55,0.028547,0.0128573,18.473,14.7081,23.2018,commune,2.43503,0.0492013,0,623,0.0560779,0.0314399,0.0125787,8.90385,41.6748,-0.0932219,-0.0191665,0.0221281,0.0507878,0.0900109,0.0113201,0.357,0.659,-11025.3,-72989.7,472.059,30192,158200,0.0476361,0.0270234,0.02117,reel,1702.95,1830,1928,0.00100856,1840
09122,Foix,09,province,189,63,1705.62,1708.09,0.0190249,0.00571103,11.1612,9.01673,13.8156,commune,2.40589,0.047619,0.248677,2262,0.130767,0.0446937,0.0186812,1.60623,42.9648,-0.0962804,-0.0170241,0.0221102,0.0524834,0.0932559,0.0121894,0.3435,0.6485,-4142.34,-30889.5,186.54,12275.6,63107.8,0.067972,0.0304577,0.0227966,reel,1761.9,1830.5,1887,0.000585647,1841
35363,Pont-Péan,35,province,51,17,2972.19,2972.52,0.0319306,0.0160876,14.1187,11.8438,16.8307,commune,1.13138,0.0114877,0,437,0.0232202,0.00385321,0.0050569,-1.70273,48.0146,-0.0937876,-0.0187808,0.0221071,0.0523229,0.0911963,0.0120466,0.349,0.6335,-6634.98,-50446.2,316.587,20875.4,109971,0.0509472,0.0277055,0.0222509,reel,1720.95,1829,1941,0.00104549,1842
11262,Narbonne,11,province,2027,675.667,2496.92,2497.49,0.00653949,0.000674864,13.075,10.6448,16.0599,commune,2.07831,0.0346731,0.225456,14307,0.0555769,0.0138419,0.00272809,3.00631,43.1827,-0.100914,-0.0199991,0.0220735,0.0525008,0.0917315,0.0101429,0.353,0.659,-6338.42,-43670.6,271.861,17507.7,92385.9,0.0556285,0.0279223,0.0217123,reel,1804.95,1835,1860.05,0.00023807,1843
35068,Châteaubourg,35,province,84,28,2882.33,2882.69,0.0249585,0.00982961,13.7902,11.2455,16.9107,commune,1.17198,0.0127368,0,691,0.0372314,0.0135915,0.00188845,-1.40063,48.1096,-0.0956731,-0.0187139,0.0220592,0.0519172,0.0912998,0.0110676,0.3575,0.648,-6884.08,-49175.5,310.795,20200.1,106646,0.0511677,0.0274842,0.0218206,reel,1714.8,1841,1925.15,0.000951968,1844
06127,Saint-Martin-Vésubie,06,province,78,26,2617.39,2622.55,0.0374065,0.0220771,14.2329,8.22985,24.6148,maille,2.77958,0.0744782,0,286,0.292318,0.130062,0.124591,7.25609,44.0703,-0.0977624,-0.0176414,0.0220174,0.0559471,0.0975805,0.0131512,0.345,0.6385,-6713.11,-52754.3,288.93,20546.5,96843.5,0.0583769,0.0295559,0.0213596,reel,1677.75,1842.5,1946.4,0.00116174,1845
83065,Gassin,83,province,76,25.3333,6810.4,6825.32,0.0364549,0.0209687,25.1816,19.7591,32.0922,maille,2.06497,0.0342047,0,394,0.0695601,0.0227539,0.00978915,6.59029,43.2619,-0.0999693,-0.0202479,0.0220007,0.0507765,0.0897108,0.00886711,0.358,0.66,-18613.1,-119509,759.6,47835.7,251985,0.0417272,0.0259133,0.0202695,reel,1684.85,1845,1967.05,0.0012656,1846
88415,Saint-Étienne-lès-Remiremont,88,province,38,12.6667,1831.41,1862.65,0.0536319,0.0453695,11.0188,8.76444,13.8529,maille,1.91763,0.0300512,0,758,0.141083,0.0219133,0.00457262,6.60257,48.0228,-0.0998207,-0.0181899,0.0219863,0.0515244,0.09197,0.0104387,0.35,0.6525,-4797.52,-33197.2,202.843,12886.7,67762.3,0.06237,0.0284163,0.0209325,reel,1578.35,1841.5,2017.1,0.00199594,1847
2B050,Calvi,2B,province,350,116.667,4621.37,4630.31,0.0172649,0.00470373,18.9244,15.6052,22.9497,commune,2.02088,0.0328327,0,1049,0.0646262,0.00806854,0.000278725,8.75465,42.5601,-0.0993795,-0.0183871,0.0219776,0.0506644,0.0881223,0.00918421,0.3585,0.6595,-12590.8,-80980.1,510.436,32313.7,170991,0.0452448,0.0263008,0.0203424,reel,1776.95,1842.5,1902.05,0.000570438,1848
34108,Frontignan,34,province,628,209.333,3551.58,3553.08,0.0124976,0.00246477,16.3293,13.2184,20.1724,commune,1.39269,0.0176301,0.0429936,3386,0.0428109,0.00688742,0.000624531,3.7577,43.444,-0.094178,-0.0153785,0.0219502,0.053254,0.0928206,0.0119636,0.3385,0.65,-7805.08,-59870.4,373.775,24856.7,131408,0.050105,0.0285258,0.0233821,reel,1784.9,1849.5,1901,0.000531386,1849
38269,La Mure,38,province,93,31,1714.01,1711.47,0.0296918,0.0139118,11.8057,8.8996,15.6606,commune,2.78509,0.0752508,0,871,0.408073,0.0814758,0.0639846,5.78701,44.9078,-0.0916643,-0.0160411,0.0218819,0.0531373,0.0902594,0.0120462,0.339,0.6505,-4712.01,-32466.8,186.013,12921.4,63418.3,0.0721512,0.0329317,0.0216567,reel,1738.8,1844.5,1932,0.000936028,1850
35188,Montfort-sur-Meu,35,province,64,21.3333,2622.16,2621.43,0.0285501,0.0128619,13.2563,10.7277,16.381,commune,1.29031,0.0155871,0,719,0.0678823,0.0357803,0.0165041,-1.95583,48.1384,-0.0924659,-0.0168499,0.0218711,0.051757,0.0904947,0.0107954,0.3525,0.6505,-6362.93,-44949.2,285.284,18571.7,97019.8,0.0538014,0.0282122,0.0223669,reel,1701.75,1830,1949.35,0.00118008,1851
01289,Péronnas,01,province,64,21.3333,2206.04,2212.74,0.0320649,0.0162238,12.0781,9.61516,15.1719,commune,1.52813,0.0207852,0,553,0.107417,0.0313536,0.0147769,5.20836,46.1887,-0.0993656,-0.0179275,0.0218669,0.0526678,0.0889741,0.0104824,0.3465,0.6645,-5785.86,-39363.9,239.076,15717.5,81623.5,0.0575407,0.0283798,0.0218681,reel,1729.75,1855,1987.2,0.00114681,1852
75116,Paris 16e Arrondissement,75,paris,6235,2078.33,11125.9,11126,0.00340309,0.000182758,35.491,27.928,45.1021,commune,1.66966,0.0239274,0,55324,0.351612,0.143735,0.0959477,2.27461,48.8564,-0.113759,-0.0208596,0.0218186,0.0537543,0.0951383,0.00872123,0.3505,0.6435,-24724.9,-205972,1284.99,79349.5,411657,0.0366615,0.0243766,0.0235363,reel,1834.9,1852,1866,0.00010626,1853
35066,Chartres-de-Bretagne,35,province,160,53.3333,3212.49,3212.8,0.0181262,0.00518476,14.7333,12.3388,17.5923,commune,1.01015,0.006032,0,1429,0.0197696,0.00603115,0.000933223,-1.70687,48.0362,-0.0961648,-0.0162311,0.0218014,0.052372,0.0923555,0.0112943,0.3465,0.651,-7231.84,-53615.7,344.043,22479.2,118862,0.0494318,0.0275139,0.0221143,reel,1791,1851,1918.6,0.000623408,1854
56010,Baud,56,province,39,13,2442.48,2438.88,0.0386676,0.0235896,12.9422,10.4137,16.0846,commune,2.21839,0.0398719,0,281,0.140157,0.0279119,0.0299167,-3.01742,47.8752,-0.0983196,-0.019093,0.0217975,0.0511269,0.089158,0.0101702,0.3495,0.654,-6625.77,-44314.6,270.781,17572,90371.7,0.0562159,0.0278773,0.0208244,reel,1703.95,1848,1993.05,0.00131477,1855
64499,Salies-de-Béarn,64,province,60,20,1948.93,1944.68,0.0347902,0.0190971,11.9222,9.72834,14.6108,commune,2.78335,0.0751263,0,727,0.160539,0.0475739,0.0321415,-0.925773,43.4681,-0.0937853,-0.0196083,0.0217377,0.052827,0.0918918,0.011653,0.362,0.653,-5082.4,-35036.1,217.202,14167.7,72110.3,0.064172,0.0294797,0.0213846,reel,1688.75,1856,1971.05,0.00131044,1856
2B134,L'Île-Rousse,2B,province,188,62.6667,4455.12,4470.26,0.0235099,0.0087216,18.7589,15.4794,22.7333,commune,2.29031,0.0424007,0,566,0.0482075,0.0146073,0.00218246,8.93385,42.6323,-0.0959019,-0.0201984,0.0217279,0.0506613,0.0910977,0.00991974,0.36,0.6635,-11782.7,-77692.1,493.617,31239.1,164839,0.0464875,0.0266548,0.0207175,reel,1746.6,1847,1932.25,0.000821855,1857
66171,Saint-Cyprien,66,province,972,324,3534.78,3536.56,0.0100522,0.0015946,15.1372,11.8823,19.2839,commune,1.22216,0.0139565,0,2765,0.0596986,0.0131895,0.00187957,3.03344,42.6228,-0.102022,-0.0207745,0.0216108,0.0509646,0.0890437,0.00899063,0.3655,0.6625,-9984.4,-61944.4,392.097,24735.1,130787,0.0462962,0.0258125,0.0196432,reel,1824,1866,1900.05,0.000357331,1858
22106,Langueux,22,province,50,16.6667,2592.08,2592.07,0.0393242,0.0243948,12.9708,10.7802,15.6067,commune,1.45621,0.0190601,0,420,0.0527486,0.00882497,0.00571643,-2.71824,48.494,-0.0937458,-0.0184953,0.0216076,0.0511328,0.0899805,0.011436,0.3365,0.6505,-6437.3,-44265.4,281.947,18279.8,95907.1,0.053104,0.0273335,0.0212914,reel,1689.65,1860.5,2003.3,0.00138088,1859
75101,Paris 1er Arrondissement,75,paris,759,253,12031,12031.4,0.00974763,0.00149934,38.1101,23.8665,60.8543,commune,2.29756,0.0427832,0,7851,0.273589,0.120837,0.086929,2.34133,48.8636,-0.117819,-0.0232937,0.0215982,0.0544916,0.0978833,0.00759032,0.365,0.6495,-29354.4,-234074,1408.65,85561.5,445147,0.0365158,0.0239379,0.0224822,reel,1832,1866,1903.05,0.000327093,1860
37214,Saint-Cyr-sur-Loire,37,province,346,115.333,2892.33,2894.29,0.0148868,0.00349707,14.0871,11.9487,16.6083,commune,1.40429,0.017855,0,3576,0.117889,0.0438105,0.00621349,0.669785,47.4068,-0.0949389,-0.0184717,0.0215673,0.0531951,0.0905124,0.0112874,0.352,0.65,-7025.64,-49445.9,313.992,20319.9,107016,0.0522229,0.0280304,0.0221096,reel,1803.8,1867,1913.2,0.000547922,1861
74305,Ville-la-Grand,74,province,294,98,4136.45,4139.22,0.0153734,0.00372961,17.0851,12.7334,22.9242,commune,1.46781,0.0192995,0,1811,0.0847297,0.0456248,0.040271,6.2455,46.2013,-0.0989596,-0.0202932,0.0215502,0.0504619,0.0886946,0.00883151,0.3665,0.669,-11774.9,-73612.7,460.009,29692,153049,0.0452131,0.0260571,0.0202343,reel,1803,1872,1927.05,0.000536624,1862
33527,Le Teich,33,province,105,35,3828.62,3835.18,0.0227644,0.00817753,16.2152,13.7877,19.07,commune,1.04814,0.00870362,0,594,0.0107741,0.00126409,0.000535764,-1.01958,44.6331,-0.101676,-0.0191455,0.0215193,0.0498941,0.0891934,0.00969775,0.3535,0.6605,-10021.1,-65377.2,415.375,26808.4,141659,0.0461216,0.0265733,0.0209168,reel,1772.9,1864,1951,0.000828948,1863
83091,Pierrefeu-du-Var,83,province,94,31.3333,3022.95,3028.75,0.0328447,0.0170218,14.7988,11.709,18.704,commune,2.2036,0.0392035,0,383,0.0883619,0.0306239,0.00278596,6.14511,43.227,-0.0985723,-0.0167044,0.0215098,0.0515354,0.0914622,0.0101051,0.3535,0.6545,-7445.79,-52916.6,333.721,21203.7,111849,0.0527914,0.0279297,0.0218128,reel,1711.95,1863.5,1977.1,0.00123435,1864
38501,Tencin,38,province,51,17,3630.97,3647.35,0.0398685,0.0250812,16.0133,12.9231,19.8426,maille,1.42053,0.018143,0,213,0.0521554,0.0263774,0.0109057,5.95542,45.303,-0.097674,-0.0190407,0.0214893,0.0524355,0.0899058,0.0104463,0.354,0.651,-9122.76,-62890.8,394.691,25620.5,134346,0.0479652,0.0270863,0.0213709,reel,1728.75,1867,2008.3,0.00139228,1865
69194,Saint-Didier-au-Mont-d'Or,69,province,101,33.6667,4976.83,4983.61,0.0252978,0.010099,19.2003,15.0578,24.4823,commune,1.38167,0.0174259,0,643,0.119153,0.0343956,0.0186557,4.79877,45.8079,-0.101129,-0.0231829,0.0214798,0.0506581,0.090709,0.0082976,0.364,0.664,-14046.8,-88082.1,556.226,35041,184143,0.0426784,0.0255641,0.0197784,reel,1775,1866.5,1943.05,0.000805349,1866
83115,Sainte-Maxime,83,province,1052,350.667,5623.08,5624.39,0.00989434,0.00154491,21.5453,17.2249,26.9493,commune,1.50986,0.0203722,0,3553,0.0567942,0.018322,0.00562395,6.63296,43.3107,-0.0936875,-0.0194483,0.0214793,0.0514665,0.0901683,0.0100667,0.36,0.6545,-14548.4,-96475.3,614.91,39444.7,208054,0.0427779,0.0262527,0.0206812,reel,1837,1873,1912,0.000350487,1867
38397,Saint-Ismier,38,province,73,24.3333,4763.94,4782.4,0.0334499,0.017656,18.603,14.9362,23.17,commune,1.39298,0.0176378,0,580,0.0404488,0.0105077,0.00762308,5.83156,45.2432,-0.0942103,-0.0200613,0.0214697,0.0503269,0.0922358,0.00949288,0.354,0.6615,-12547.8,-83127.4,528.226,33460.5,176266,0.0430812,0.0255652,0.0196077,reel,1734.8,1874,1984.25,0.00113036,1868
83036,Cavalaire-sur-Mer,83,province,858,286,5546.82,5548.93,0.0109541,0.00189356,20.6858,16.554,25.8489,commune,1.15371,0.0121793,0,2400,0.0545241,0.0200196,0.00253111,6.52955,43.1733,-0.100526,-0.0202921,0.0214381,0.0503643,0.0894022,0.00914002,0.358,0.6665,-15273.2,-95976.3,612.923,38828.7,205232,0.0415066,0.0255767,0.0198263,reel,1834.85,1876,1912,0.000378827,1869
17168,Fouras,17,province,51,17,3746.75,3750.5,0.0385226,0.0234111,16.4683,13.1664,20.5983,maille,1.47013,0.0193947,0,348,0.151639,0.0655494,0.0274116,-1.08763,45.9871,-0.0959981,-0.0194309,0.0214359,0.0524351,0.0921037,0.0113502,0.3555,0.64,-9506.74,-64883.2,413.288,26738.4,138630,0.0479402,0.0272853,0.0215339,reel,1695.75,1881,1994.05,0.00136595,1870
44018,Bouaye,44,province,52,17.3333,3322.63,3326.4,0.0338323,0.0180601,14.8826,12.3588,17.9217,commune,1.05191,0.00887837,0,544,0.0204345,0.00146727,0.00245617,-1.68854,47.1446,-0.0949839,-0.0190241,0.0214142,0.0524689,0.0893378,0.0100204,0.3645,0.65,-8214.83,-56815.3,357.386,23259.6,122937,0.0483325,0.0269633,0.021356,reel,1748.35,1872.5,1995.25,0.00119735,1871
66167,Saillagouse,66,province,41,13.6667,2981.53,3001.34,0.0480896,0.0364827,14.857,10.9352,20.1854,maille,2.46592,0.0506757,0,165,0.158245,0.13264,0.139761,2.03937,42.4593,-0.10075,-0.0164471,0.0213717,0.0500888,0.0918045,0.0111539,0.339,0.665,-8481.72,-55397.9,335.581,23084.4,110317,0.0537591,0.0281517,0.0212593,reel,1693.45,1882.5,2024.2,0.00152135,1872
35059,La Chapelle-des-Fougeretz,35,province,49,16.3333,3227.27,3228.05,0.0325651,0.0167333,14.8202,12.3201,17.8278,commune,1.01073,0.0060698,0,531,0.0460674,0.0174678,0.0202524,-1.73172,48.1766,-0.095155,-0.0182116,0.0213562,0.0531275,0.0909495,0.0113991,0.3495,0.654,-7594.28,-54547.4,344.231,22986.6,119409,0.0495288,0.0276329,0.0221831,reel,1743.95,1882.5,1989.05,0.00123497,1873
73128,Grésy-sur-Aix,73,province,59,19.6667,4299.89,4305.59,0.037632,0.0223454,18.041,14.7525,22.0625,commune,1.6221,0.0228742,0,473,0.0672182,0.0238028,0.0104553,5.92945,45.7188,-0.0926843,-0.0195018,0.0213228,0.0514659,0.0903664,0.0106242,0.354,0.6575,-11321.4,-73498.6,471.424,30349.3,159096,0.046162,0.0268939,0.0212625,reel,1734.4,1875.5,2005,0.00132045,1874
01093,Châtillon-sur-Chalaronne,01,province,90,30,2603.62,2609.28,0.0271027,0.0115912,13.4348,10.4298,17.3057,commune,1.6105,0.022578,0,846,0.183361,0.0482639,0.033807,4.95752,46.1195,-0.0946663,-0.0166151,0.0213048,0.0521923,0.09193,0.0117509,0.35,0.652,-6452.64,-45404.6,281.258,18729.6,96333.9,0.0550073,0.0286114,0.0219892,reel,1755.95,1874,1976,0.00100661,1875
83029,Callian,83,province,47,15.6667,3462.44,3481.51,0.0460622,0.0334738,15.6636,12.4698,19.6754,commune,1.92213,,0,281,0.0787572,0.0213751,0.00691511,6.75312,43.6205,-0.0976781,-0.0209896,0.0212924,0.0502085,0.0918362,0.0101181,0.3555,0.6555,-9247.88,-61095.4,384.953,24364.5,128110,0.0490878,0.0269067,0.0208287,reel,1701.95,1890,2029.15,0.00159652,1876
35228,Pleurtuit,35,province,101,33.6667,3107.48,3108.08,0.02278,0.00818867,14.3783,12.1665,16.9922,commune,1.4359,0.0185567,0,691,0.0400053,0.00665666,0.00327541,-2.06061,48.5791,-0.0996046,-0.0195898,0.0212812,0.0518712,0.0901815,0.010384,0.346,0.653,-7827.07,-53443.1,339.477,21786.7,114977,0.0497316,0.0268958,0.0209727,reel,1783.95,1879.5,1951.05,0.000811574,1877
13080,Le Puy-Sainte-Réparade,13,province,44,14.6667,4465.15,4500.01,0.0463519,0.0338956,18.097,14.3668,22.7956,commune,1.78161,0.0264404,0,645,0.0347972,0.0128396,0.00324077,5.42822,43.6623,-0.0951261,-0.0204085,0.0212712,0.0513619,0.0886235,0.00952606,0.366,0.671,-12601.6,-79331.6,500.544,31321.4,165211,0.0446041,0.0258405,0.0197892,reel,1706.55,1893,2018.15,0.00159039,1878
69381,Lyon 1er Arrondissement,69,province,1085,361.667,4915.77,4916.16,0.00775383,0.000948777,19.6723,14.6813,26.3601,commune,1.91386,0.0299287,0,12805,0.226193,0.0795597,0.0422715,4.83223,45.77,-0.0955966,-0.0192842,0.0212669,0.0517995,0.0911026,0.0103447,0.3595,0.657,-13085.4,-87310.6,554.246,35044.7,181884,0.0443609,0.0261822,0.0205935,reel,1854.9,1883,1914.05,0.000271711,1879
13033,Ensuès-la-Redonne,13,province,37,12.3333,5592.67,5641.85,0.0503868,0.0400515,21.0989,17.3586,25.6452,commune,1.50522,0.0202658,0,248,0.0701012,0.0311754,0.00427166,5.19684,43.3565,-0.0980976,-0.0206407,0.0212669,0.0493842,0.0906518,0.00914207,0.3595,0.6655,-15642.2,-97487.4,622.822,39262.9,206929,0.0420527,0.0256839,0.0199318,reel,1684.85,1898,2054.3,0.00172229,1880
34028,Bédarieux,34,province,85,28.3333,1480.35,1479.63,0.0337074,0.017928,10.5316,8.4744,13.0881,commune,2.90661,0.0970009,0.882353,1440,0.103566,0.0119234,0.00553292,3.15829,43.6163,-0.0905386,-0.016902,0.0212512,0.0522819,0.0940029,0.0128262,0.3595,0.656,-3480.77,-26473.4,161.585,10447.5,54772.8,0.0732118,0.0305084,0.0229312,reel,1741.85,1893.5,2008.35,0.00132365,1881
83121,Salernes,83,province,77,25.6667,1959.42,1961.44,0.0362223,0.020702,11.6319,9.21055,14.6897,commune,2.46056,0.0504816,0,456,0.093608,0.0198512,0.00854033,6.23258,43.5637,-0.0935907,-0.0186018,0.0212473,0.0522365,0.0932078,0.0109063,0.3515,0.6545,-5026.97,-34613.7,218.474,13858.8,72498.5,0.0620502,0.0285253,0.0214665,reel,1742.95,1895.5,2019.05,0.00127204,1882
85294,La Tranche-sur-Mer,85,province,66,22,3473.37,3479.96,0.0335327,0.0177387,15.2316,11.5997,20.0006,maille,1.02436,0.00754993,0,197,0.197178,0.0845211,0.0598943,-1.43698,46.3457,-0.09613,-0.0201126,0.0212371,0.0512952,0.0889835,0.00957923,0.3565,0.6615,-9822.1,-61491.4,384.796,25245.2,128515,0.0474406,0.0267392,0.0206034,reel,1751,1882,1985.05,0.00115532,1883
29006,Bénodet,29,province,176,58.6667,3637.8,3640.96,0.0199598,0.00628656,16.1163,12.5174,20.7497,commune,1.98144,0.0316827,0,590,0.160485,0.0515019,0.0118388,-4.10523,47.873,-0.0953974,-0.0179817,0.0212326,0.0508873,0.088534,0.0102796,0.349,0.6575,-9824.41,-64160.4,409.148,25623.5,134599,0.0482145,0.0266431,0.0203397,reel,1813.95,1893,1953.1,0.000629814,1884
21425,Montbard,21,province,36,12,1215.54,1215.45,0.0472121,0.0351585,9.68864,7.51958,12.4834,commune,2.83266,0.0826923,0,1119,0.159956,0.0385561,0.0127831,4.33783,47.6258,-0.0955702,-0.0171869,0.0211926,0.0528458,0.0910037,0.0103014,0.347,0.657,-3436.67,-23268.3,138.282,8724.26,44975,0.0808395,0.0313525,0.0214467,reel,1699.85,1903,2065.05,0.00179656,1885
59386,Marquette-lez-Lille,59,province,64,21.3333,3674.98,3703.46,0.034834,0.0191464,15.7809,14.0725,17.6966,commune,1.03973,0.00829434,0,1452,0.20217,0.0184434,0.00512436,3.06113,50.672,-0.0966894,-0.0200323,0.0211916,0.049327,0.0902174,0.00982223,0.351,0.665,-10003.3,-63442.5,401.573,25794.1,135974,0.0466316,0.0266174,0.0205475,reel,1739.95,1890.5,2004.1,0.00128223,1886
69044,Charbonnières-les-Bains,69,province,100,33.3333,4728.01,4735.96,0.0254227,0.0101989,18.2207,13.9208,23.8487,commune,1.03248,0.00804182,0,702,0.105451,0.03982,0.0239826,4.74071,45.7824,-0.098601,-0.0204841,0.0211783,0.049767,0.0909723,0.00968,0.3535,0.669,-13306.2,-83549.2,527.331,33463.8,174936,0.0424382,0.025397,0.0196141,reel,1810.9,1884.5,1972.15,0.000870558,1887
69382,Lyon 2e Arrondissement,69,province,1110,370,5127.18,5127.55,0.0076661,0.000927428,20.3085,15.6776,26.3072,commune,2.05191,0.0338572,0,14849,0.192902,0.068563,0.0357924,4.82882,45.7522,-0.0993646,-0.0178726,0.0211736,0.0511307,0.0907624,0.0104593,0.358,0.6615,-13612.5,-89888.7,575.062,36477.7,189706,0.0440207,0.0260564,0.0204593,reel,1862,1892,1921,0.00027432,1888
44009,Basse-Goulaine,44,province,33,11,3727.7,3732.25,0.0422524,0.0281655,16.2393,12.4283,21.219,commune,1.01508,0.00682057,0,577,0.020971,0.0013875,0.00726498,-1.46576,47.2146,-0.0944562,-0.0202398,0.0211702,0.0517565,0.0911363,0.0102925,0.352,0.6485,-9217.7,-65237.4,397.664,26280.9,137925,0.0474481,0.0273893,0.0220586,reel,1710,1899.5,2028.1,0.00155634,1889
44215,Vertou,44,province,204,68,3536.73,3537.97,0.0171962,0.00466635,15.365,12.9898,18.1746,commune,1.05394,0.00892551,0,2440,0.0302548,0.0104624,0.00421451,-1.4793,47.1768,-0.0958146,-0.0203071,0.0211445,0.0505795,0.0879001,0.00878839,0.357,0.6575,-9418.03,-60766.3,385.982,24806.3,130859,0.0470436,0.0265709,0.0208248,reel,1825.75,1895,1960.05,0.000615613,1890
42103,La Grand-Croix,42,province,53,17.6667,1884.01,1889.96,0.0437886,0.0302493,11.3121,8.5637,14.9425,commune,2.24884,0.0409222,0.245283,760,0.0794042,0.0327317,0.00855931,4.5682,45.5009,-0.0959363,-0.0197545,0.0211202,0.0524347,0.0923108,0.0105609,0.355,0.6615,-4902.73,-34341.4,209.982,13298.6,69708.3,0.0624969,0.0285067,0.0214424,reel,1725.8,1900,2040.1,0.00157124,1891
35208,Orgères,35,province,31,10.3333,3063.19,3066.4,0.0407461,0.0261949,14.0995,11.8172,16.8227,maille,1.22941,0.0140914,0,610,0.00913099,0.00437414,0.000564957,-1.66963,47.9962,-0.093245,-0.0194659,0.0211191,0.0517984,0.0899703,0.0107977,0.3505,0.6555,-7590.98,-52350.4,334.625,21431.1,113338,0.0493584,0.0267097,0.0208806,reel,1719.9,1887.5,2038.4,0.00151355,1892
80533,Mers-les-Bains,80,province,135,45,2758.43,2763.25,0.0248559,0.00974693,14.1032,11.078,17.9545,commune,1.96056,0.0311774,0,606,0.283407,0.157537,0.114183,1.38614,50.0663,-0.0977381,-0.0181518,0.0211036,0.050081,0.0893915,0.0101859,0.351,0.6645,-8051.8,-50705.5,313.64,21178.2,102062,0.0548275,0.0287138,0.0210102,reel,1810.9,1896,1965.35,0.000802897,1893
34129,Lattes,34,province,356,118.667,4841.54,4846.81,0.0165834,0.00433979,18.9736,16.2667,22.1309,commune,1.02088,0.00731011,0,1701,0.0174708,0.00377089,0.00181017,3.90324,43.5733,-0.0993331,-0.0196066,0.0210928,0.0495623,0.0894831,0.00975568,0.361,0.666,-12867.6,-82760.6,526.02,33880.4,179137,0.0433092,0.0262304,0.0206145,reel,1839,1900.5,1956.05,0.000590751,1894
66072,Estavar,66,province,33,11,3112.01,3144.04,0.0533693,0.0449296,14.857,10.9352,20.1854,maille,2.13283,,0,102,0.23377,0.0444297,0.05495,1.99682,42.4688,-0.100628,-0.0197437,0.0210781,0.050809,0.0902238,0.0101198,0.3545,0.654,-8805.48,-57669,343.749,22842,115144,0.0515051,0.0273817,0.0205112,reel,1719.9,1888,2048.3,0.00173506,1895
26220,Nyons,26,province,157,52.3333,2411.79,2414.47,0.0234774,0.00869753,12.9449,10.2838,16.2945,commune,2.42865,0.048929,0,987,0.149579,0.0406179,0.0121988,5.13616,44.3604,-0.0935532,-0.0195013,0.0210753,0.051777,0.09089,0.0102747,0.3525,0.6555,-6462.87,-42562.3,269.014,17029.1,89236.2,0.0569446,0.0279554,0.0207354,reel,1794.7,1898,1961.05,0.000844401,1896
74104,Doussard,74,province,84,28,4658.25,4669,0.0286283,0.012933,18.483,14.6195,23.3676,commune,1.0902,0.0102082,0,513,0.141781,0.0607648,0.0315632,6.22107,45.7762,-0.0929442,-0.0201071,0.0210446,0.0499136,0.090088,0.00924745,0.3735,0.657,-12757.6,-81057.6,518.34,33002.9,172355,0.0437496,0.0262301,0.0207864,reel,1784.95,1899,1982.3,0.000934904,1897
74014,Arâches-la-Frasse,74,province,498,166,4774.02,4775.82,0.0118211,0.00220519,18.8449,14.271,24.8847,maille,1.13486,0.0115985,0,1224,0.497598,0.130778,0.0399831,6.63901,46.0253,-0.0945325,-0.0203416,0.0210389,0.0499394,0.0883996,0.0101803,0.3555,0.6605,-13442.7,-84502.7,539.549,34113.5,176639,0.0435982,0.0262367,0.0205698,reel,1860.9,1899,1938,0.000355559,1898
13101,Saint-Savournin,13,province,30,10,4513.92,4565.42,0.0556997,0.0489395,18.2386,14.3639,23.1584,commune,1.77378,0.0262821,0,143,0.101087,0.0500968,0.0126446,5.53713,43.4054,-0.0969551,-0.01848,0.0210332,0.0500658,0.0907127,0.0101866,0.358,0.6635,-12620.2,-79198.3,508.26,31806,167015,0.0444986,0.0258487,0.0198906,reel,1646.9,1900,2059.05,0.0018574,1899
66004,Les Angles,66,province,255,85,3119.27,3123.45,0.0195823,0.00605112,14.857,10.9352,20.1854,maille,1.19432,0.0132597,0,710,0.267375,0.106574,0.0314235,2.07293,42.579,-0.0942751,-0.0173504,0.021023,0.0530464,0.0895601,0.0123823,0.3455,0.647,-7700.02,-55180.5,343.152,22331.7,115413,0.0513853,0.0284716,0.0221516,reel,1831.8,1902.5,1973.1,0.000704848,1900
14557,Saint-Arnoult,14,province,56,18.6667,3833.47,3841.05,0.0347454,0.0190475,16.4347,12.6689,21.32,maille,2.20418,0.0392157,0,163,0.0982356,0.0232484,0.00951493,0.091269,49.3379,-0.0995397,-0.0197881,0.0210106,0.0512178,0.0886917,0.00967335,0.361,0.657,-10674.4,-67955.7,435.072,26956.9,141838,0.0467505,0.0257684,0.0193351,reel,1760.95,1910,1998.1,0.00118736,1901
06029,Cannes,06,province,6727,2242.33,5900.54,5900.81,0.00407223,0.000261696,22.8003,17.4288,29.8272,commune,1.48115,0.0196218,0.00445964,34979,0.087331,0.0252535,0.00960812,7.01735,43.5532,-0.0988928,-0.0167732,0.0210018,0.0525249,0.0927183,0.011383,0.3525,0.6475,-14068.4,-100871,637.34,41401.2,218320,0.0433186,0.0269567,0.0217721,reel,1884.95,1903,1919.1,0.000147226,1902
42237,Saint-Jean-Bonnefonds,42,province,61,20.3333,1904.67,1909.23,0.0408967,0.0263869,11.4879,8.49581,15.5338,commune,1.81177,0.027112,0,709,0.175547,0.121594,0.0308009,4.44362,45.4501,-0.0975454,-0.0182472,0.0210001,0.0517715,0.0904605,0.0108053,0.3475,0.66,-5325.92,-35326.1,218.038,13937.5,70472.7,0.0629271,0.0296644,0.0211949,reel,1753.55,1888.5,2023.05,0.0013503,1903
56181,Port-Louis,56,province,56,18.6667,3601.63,3601.69,0.032384,0.016547,15.9894,13.0407,19.6049,maille,1.77784,0.0263839,0,457,0.071024,0.030145,0.0149982,-3.35111,47.708,-0.0959958,-0.0204825,0.0209807,0.051166,0.0904405,0.0100929,0.3645,0.651,-9388.92,-62787.1,397.681,25516.1,133260,0.0482763,0.0268346,0.0208631,reel,1788.7,1903,2002.05,0.00103663,1904
35136,Janzé,35,province,98,32.6667,2595.89,2595.59,0.0231232,0.00843723,13.1059,10.3321,16.6244,commune,1.91821,0.0300733,0,565,0.0854518,0.0215117,0.0140531,-1.4999,47.96,-0.0973164,-0.0209543,0.0209568,0.0516208,0.0909524,0.00918178,0.3595,0.666,-7174.66,-45790.5,287.178,18364.1,96048.1,0.0536505,0.0271682,0.0206146,reel,1828,1904,1992.1,0.000808173,1905
59352,Linselles,59,province,45,15,3632.06,3675.12,0.0413761,0.027012,15.3689,13.2378,17.8431,commune,1.0493,0.00879397,0,705,0.0715867,0.0195008,0.0116929,3.07694,50.7373,-0.100847,-0.0219245,0.0209187,0.0497044,0.0896122,0.00910066,0.363,0.6675,-10225.4,-63530.9,401.861,25632.4,134386,0.0458218,0.0258884,0.0198436,reel,1721.95,1905,2046.05,0.00140215,1906
38529,Vaulnaveys-le-Haut,38,province,61,20.3333,3561.54,3575.03,0.0365293,0.0210561,15.8067,12.5293,19.9415,commune,1.93315,0.030479,0,308,0.250514,0.163934,0.0936393,5.8243,45.1333,-0.096008,-0.0212257,0.0209128,0.0491898,0.0872005,0.00894813,0.3685,0.6765,-10894.3,-64717.8,414.045,26627.9,131777,0.0482041,0.0265012,0.0199209,reel,1768.9,1908,1999.15,0.00106621,1907
56164,Ploeren,56,province,66,22,3503.93,3507.42,0.029867,0.0140752,15.0236,12.3457,18.2824,commune,1.08759,0.0101241,0,480,0.0109582,0.00525611,0.00451785,-2.86397,47.6584,-0.0987452,-0.0194743,0.0209115,0.0506994,0.089195,0.00963381,0.3605,0.6575,-9536.14,-59647.2,386.121,24556.9,129645,0.0463147,0.0258952,0.0198974,reel,1807.55,1905.5,2015.15,0.00101732,1908
74282,Fillière,74,province,100,33.3333,5129.21,5137.45,0.0262654,0.0108863,20.0605,15.4821,25.9928,commune,1.78016,0.0264175,0,545,0.104326,0.0226005,0.0193719,6.16587,45.9737,-0.0987495,-0.0218687,0.0208802,0.051771,0.0914812,0.00856349,0.3595,0.6605,-13953.8,-89782.1,570.686,36106.8,189781,0.0434231,0.025902,0.0201367,reel,1808.85,1922,1987,0.000845033,1909
35196,Mordelles,35,province,123,41,3147.79,3148.18,0.0206575,0.0067339,14.5424,11.1139,19.0285,commune,1.23173,0.0141523,0,1113,0.0296097,0.00419899,0.00206612,-1.85038,48.0739,-0.0945133,-0.0177413,0.0208626,0.051845,0.0910962,0.0108529,0.3615,0.6505,-7733.24,-54049.6,339.877,22048.6,116468,0.0497202,0.027263,0.0216246,reel,1808.85,1912.5,1986,0.000848383,1910
01004,Ambérieu-en-Bugey,01,province,249,83,2519,2520.62,0.0163545,0.00422084,13.4363,10.244,17.6235,commune,2.08614,0.0349709,0.0562249,2434,0.131341,0.0431328,0.0205418,5.35189,45.9584,-0.0902441,-0.0171261,0.0208518,0.0526389,0.0924857,0.0123378,0.354,0.6525,-6118.2,-43049.9,275.845,17948.2,93202.8,0.0568621,0.0289308,0.0224892,reel,1857,1911,1973,0.000606291,1911
34344,La Grande-Motte,34,province,1937,645.667,5123.51,5124.57,0.00712196,0.000800443,19.5807,14.6939,26.0926,commune,1.06584,0.00935943,0,4838,0.0990637,0.0278405,0.010504,4.08455,43.5607,-0.106522,-0.0198799,0.0208464,0.04941,0.091425,0.00973221,0.352,0.667,-13954.2,-90569.7,565.008,35987.1,189570,0.0423475,0.0258212,0.0202026,reel,1886.95,1913,1937.1,0.000225002,1912
38442,Saint-Pierre-de-Chartreuse,38,province,44,14.6667,2575.43,2582.5,0.0428378,0.0289559,13.5268,10.7424,17.033,maille,1.86804,0.0285189,0,167,0.460273,0.083298,0.125127,5.81288,45.3426,-0.0955128,-0.0207734,0.0208414,0.048626,0.0880975,0.0096548,0.353,0.673,-7829.21,-47762.9,279.236,20144.6,95290.7,0.0560382,0.0288989,0.0200228,reel,1745.9,1918,2029.05,0.00132204,1913
29220,Pont-l'Abbé,29,province,153,51,2452.79,2454.46,0.0213975,0.00722477,12.8451,10.6284,15.5241,commune,1.96433,0.0312923,0,958,0.0946362,0.0201733,0.00742921,-4.22398,47.8649,-0.099308,-0.0182146,0.0208385,0.0511352,0.0897755,0.0100403,0.3475,0.6625,-6531.88,-42546.5,269.934,17209.9,90753.4,0.0555046,0.0277503,0.0212736,reel,1827.9,1912.5,1989.05,0.00073737,1914
37132,Loches,37,province,37,12.3333,2297.84,2307.23,0.0448873,0.0317744,12.6861,9.47932,16.9777,commune,2.2326,0.040416,0,1290,0.120535,0.0552884,0.0124287,0.999793,47.1282,-0.0933143,-0.0194162,0.0208275,0.0503279,0.0904387,0.0106714,0.354,0.663,-6363.07,-40872.1,258.095,16298.6,85020,0.0584172,0.0286348,0.0217228,reel,1687.9,1903,2041,0.00161102,1915
83063,La Garde-Freinet,83,province,41,13.6667,3577.38,3594.73,0.0491981,0.0381853,16.3841,12.821,20.9374,commune,2.37413,0.0461929,0,241,0.138352,0.0577405,0.0153159,6.46906,43.3176,-0.0980919,-0.0187891,0.0208014,0.051376,0.0900704,0.0105871,0.3545,0.6555,-9274.48,-63738.4,402.718,25305.5,132363,0.0499274,0.027286,0.0211088,reel,1701.7,1920.5,2062,0.00168132,1916
35334,Thorigné-Fouillard,35,province,75,25,3500.63,3504.84,0.0263981,0.0109962,14.699,12.3835,17.4473,commune,1.00203,0.00398162,0,637,0.0162576,0.00119857,0.000542087,-1.57778,48.1537,-0.103244,-0.02441,0.0207979,0.0490848,0.0884116,0.00707514,0.3775,0.67,-10581.5,-61423,389.187,24491.5,129523,0.0452455,0.0251687,0.0188897,reel,1812.85,1913.5,1995.15,0.000908717,1917
69116,Limonest,69,province,43,14.3333,4319.92,4335.62,0.0385112,0.023402,17.3165,13.521,22.1776,commune,1.50232,0.0202082,0,654,0.0602194,0.0192226,0.00519778,4.76973,45.8348,-0.0992525,-0.020707,0.0207832,0.0503752,0.0897543,0.00743356,0.362,0.6655,-12304.9,-77652.7,485.343,30346.3,159837,0.0439356,0.0253955,0.0192305,reel,1748.45,1916.5,2036.25,0.00135775,1918
69049,Chasselay,69,province,39,13,3712.7,3730.7,0.0403898,0.0257404,15.3785,12.6116,18.7523,maille,1.08469,0.0100464,0,172,0.139555,0.0304368,0.00769942,4.77126,45.8738,-0.100717,-0.0217325,0.0207829,0.0501315,0.0895964,0.00783119,0.3685,0.67,-10625.9,-65974.2,416.035,26096.9,137370,0.0448573,0.0253115,0.0188991,reel,1762,1913.5,2028.1,0.0013443,1919
05072,Laye,05,province,31,10.3333,2372.34,2369.61,0.0527949,0.0439613,12.8532,8.25123,20.0217,maille,2.24014,,0,84,0.445966,0.165042,0.0556414,6.07346,44.6438,-0.103714,-0.0204872,0.0207508,0.0511659,0.0940426,0.0100795,0.362,0.6625,-7326.17,-47504.3,277.38,17569.5,87776.7,0.0574276,0.0283425,0.0183048,reel,1725.85,1912,2051.15,0.00154534,1920
69191,Saint-Cyr-au-Mont-d'Or,69,province,46,15.3333,5291.14,5308.56,0.0372625,0.0219092,19.8059,14.7165,26.6555,commune,1.32802,0.0164534,0,591,0.104976,0.0582097,0.0540343,4.82223,45.8166,-0.097779,-0.0196649,0.0207481,0.0496267,0.0882628,0.00909897,0.3595,0.6685,-15071.8,-94728.4,598.317,37909.5,195772,0.0415168,0.0251302,0.0195811,reel,1782,1914.5,2037.05,0.00130699,1921
26108,Crest,26,province,148,49.3333,2127.59,2128.9,0.0241743,0.00922156,12.4112,9.92003,15.528,commune,2.39066,0.0469125,0,1049,0.169714,0.0475518,0.0253996,5.02152,44.7282,-0.0926327,-0.0178571,0.0207263,0.0516869,0.0911484,0.0105313,0.3495,0.6425,-5275.72,-37161.7,231.874,15339.1,78721,0.0615411,0.0295607,0.0221528,reel,1821.75,1918,1990.1,0.000830765,1922
26347,Tain-l'Hermitage,26,province,149,49.6667,2389.9,2392.98,0.0240938,0.00916023,12.7624,9.68267,16.8217,commune,2.15284,0.0372975,0,941,0.122679,0.0353331,0.0158663,4.84261,45.0713,-0.103528,-0.0172734,0.020715,0.0523328,0.0906297,0.0109702,0.347,0.6545,-6337.84,-42898.4,264.818,16876.6,88426.5,0.05655,0.0279195,0.021001,reel,1822.95,1912.5,1994.1,0.00086518,1923
40157,Lit-et-Mixe,40,province,41,13.6667,3203.44,3210.31,0.0388078,0.0237595,15.1171,11.6453,19.6239,maille,1.89385,0.0292659,0,119,0.139677,0.0325059,0.0296592,-1.24608,44.0344,-0.0956484,-0.0190283,0.0207124,0.0510001,0.0912733,0.0102792,0.3575,0.6535,-8604,-56286.7,351.308,22897,118527,0.0510093,0.0276058,0.021448,reel,1730.55,1922,2047.55,0.00153492,1924
33544,Le Verdon-sur-Mer,33,province,83,27.6667,2331.65,2335.05,0.0255767,0.0103227,12.2886,9.59585,15.737,maille,1.5435,0.0210949,0,179,0.0943687,0.0133435,0.00638429,-1.07967,45.5451,-0.0982065,-0.020945,0.020705,0.0507956,0.0909961,0.00984574,0.3625,0.653,-6179.95,-41312.8,255.283,16374.6,86270.9,0.0555244,0.0276403,0.0212687,reel,1816.75,1921.5,2008.1,0.0009622,1925
66025,Bourg-Madame,66,province,45,15,3139.26,3163.87,0.0459765,0.033348,14.857,10.9352,20.1854,maille,2.7732,0.0739405,0,243,0.182629,0.0947426,0.0522102,1.94538,42.4342,-0.104369,-0.0223238,0.0206984,0.0488698,0.0884511,0.00827445,0.3665,0.682,-10098.5,-59229.6,367.044,22790.7,116152,0.0510581,0.026362,0.0190573,reel,1775.9,1933.5,2054.25,0.00141498,1926
05132,Saint-Bonnet-en-Champsaur,05,province,69,23,2219.69,2215.5,0.0358182,0.0202408,12.8532,8.25123,20.0217,maille,2.24014,0.040625,0,447,0.360252,0.13588,0.191495,6.07458,44.6833,-0.0884524,-0.0185608,0.020685,0.052226,0.0942135,0.0117035,0.3495,0.657,-6647.36,-44849,240.085,18883.9,82128.7,0.0613769,0.0302916,0.0202054,reel,1828.9,1922.5,2009.05,0.000958737,1927
38511,Le Touvet,38,province,44,14.6667,3320.7,3336.51,0.0428378,0.0289559,15.268,11.8818,19.6192,commune,1.87848,0.028804,0,268,0.102932,0.0282205,0.0156043,5.95212,45.357,-0.0964732,-0.0193652,0.0206634,0.0492659,0.0913775,0.00867033,0.3485,0.673,-9141.46,-58489.6,367.881,23472.5,122866,0.0497533,0.0270521,0.0209122,reel,1754.95,1927.5,2046.05,0.0014161,1928
38052,Le Bourg-d'Oisans,38,province,47,15.6667,2967.4,2975.8,0.0414863,0.0271578,14.7389,10.9678,19.8065,commune,2.56148,0.0556362,0,421,0.305263,0.0696446,0.0391354,6.0301,45.0551,-0.092655,-0.0200799,0.0206394,0.0515824,0.0927506,0.00990982,0.36,0.6595,-8141.8,-54275.1,333.538,21371.5,109794,0.0535371,0.0278169,0.020323,reel,1774.55,1922.5,2047.2,0.0013284,1929
40133,Labenne,40,province,156,52,4240.38,4245.37,0.0200695,0.0063558,17.0346,13.628,21.2927,commune,1.11485,0.0109091,0,773,0.0284082,0.0060316,0.00176739,-1.43159,43.5943,-0.0981032,-0.0222552,0.0206291,0.0508085,0.0904544,0.00916635,0.364,0.6625,-11606,-73461,466.609,29662.2,156894,0.0439619,0.0256825,0.0197253,reel,1862.95,1930,2004.1,0.000692629,1930
17306,Royan,17,province,1137,379,4015.31,4015.7,0.00825018,0.00107412,16.6831,13.2108,21.068,commune,1.50812,0.0203426,0.0193492,5607,0.165393,0.0565509,0.0270288,-1.02998,45.6267,-0.0993193,-0.0227372,0.0206281,0.0507463,0.0899684,0.00882202,0.361,0.661,-11420.7,-71569.6,454.593,28465.2,148566,0.0453755,0.0258996,0.0197736,reel,1891,1924,1951,0.000273825,1931
38422,Saint-Martin-d'Uriage,38,province,73,24.3333,3674.17,3686.74,0.0334499,0.017656,15.9792,12.6671,20.1575,commune,1.8518,0.0281543,0,407,0.232663,0.108489,0.0701375,5.82856,45.1414,-0.101603,-0.0210048,0.020536,0.0501641,0.0890674,0.00914699,0.363,0.6595,-10792,-66844.6,424.164,26675.3,135944,0.0472899,0.0261965,0.0197084,reel,1849.95,1925,2034.15,0.000981784,1932
30351,Villeneuve-lès-Avignon,30,province,163,54.3333,3456.72,3469.1,0.026859,0.0113835,15.7611,12.9664,19.1582,commune,1.71404,0.0248278,0,1382,0.0555906,0.013149,0.00506932,4.78821,43.9659,-0.0990605,-0.0181158,0.0205071,0.0506629,0.0911498,0.0102653,0.3475,0.661,-8784.17,-59207.9,376.689,24250.7,127899,0.0495075,0.0274475,0.0216855,reel,1829.85,1932.5,2020.05,0.000984367,1933
38200,Jarrie,38,province,31,10.3333,3037.72,3057.26,0.0507297,0.0406056,14.4847,11.6501,18.0091,commune,2.23608,0.0405079,0,280,0.15056,0.0239023,0.0182261,5.74805,45.1053,-0.0980508,-0.0202866,0.0204535,0.0502128,0.0900572,0.00904379,0.3605,0.671,-8518.54,-54033.1,340.545,21599.1,112396,0.051294,0.0268468,0.0201025,reel,1754.85,1950,2079.6,0.00162511,1934
35001,Acigné,35,province,64,21.3333,3312.63,3315.05,0.0285501,0.0128619,14.6714,12.3633,17.4104,commune,1.05264,0.0088968,0,671,0.0297344,0.00256697,0.000515795,-1.52878,48.1349,-0.0983801,-0.0196019,0.0204497,0.0520985,0.0874215,0.00916976,0.3635,0.6515,-8828.41,-57200,361.735,23191.2,122567,0.0477134,0.0264634,0.0206314,reel,1808.75,1937,2028.35,0.00108867,1935
66130,Osséja,66,province,86,28.6667,3210.16,3224.61,0.0335229,0.0177314,14.857,10.9352,20.1854,maille,2.32642,0.044,0,264,0.200196,0.101581,0.0688891,1.98121,42.4147,-0.0996472,-0.0214163,0.0204383,0.0492704,0.0890729,0.00874097,0.3655,0.6815,-10297.9,-58962.3,372.697,23689,118776,0.0499303,0.0263133,0.0191849,reel,1816.8,1932.5,2011.2,0.000999952,1936
83027,La Cadière-d'Azur,83,province,38,12.6667,4147.16,4177.64,0.051027,0.0410761,17.4657,13.6643,22.3246,commune,1.68997,0.0243616,0,324,0.134162,0.0442024,0.0117249,5.7558,43.196,-0.0928917,-0.0189676,0.0204376,0.0517121,0.0921891,0.0108471,0.358,0.658,-10411.6,-72533.3,459.298,29213.6,153445,0.0461973,0.0265688,0.0207157,reel,1722.7,1929,2100,0.00199213,1937
42279,Saint-Just-Saint-Rambert,42,province,113,37.6667,2263.08,2269.49,0.0302301,0.0144193,12.0007,8.85355,16.2666,commune,1.81323,0.0271474,0,1184,0.103566,0.062486,0.0220444,4.25834,45.5008,-0.106484,-0.0211606,0.0204373,0.0510336,0.0913033,0.00861468,0.3705,0.664,-6550.54,-42645.9,257.603,16190.2,83733.9,0.0556802,0.0269782,0.0196004,reel,1815.95,1934,2038,0.00109081,1938
65025,Argelès-Gazost,65,province,107,35.6667,2632.6,2632.62,0.0296175,0.0138395,13.5746,9.89252,18.6272,commune,2.08686,0.0349741,0,804,0.149236,0.0677902,0.0190776,-0.100067,43.0046,-0.0978295,-0.020046,0.0204161,0.0519834,0.090798,0.0114202,0.3595,0.658,-6929.77,-46878,293.99,18745.4,97406.4,0.0550388,0.0281442,0.0213169,reel,1820,1937,2031,0.00102869,1939
83085,La Motte,83,province,36,12,3700.17,3737.24,0.052366,0.0432594,15.7102,12.454,19.8177,commune,1.64733,0.0233918,0,192,0.0607815,0.0254399,0.000678382,6.56506,43.4957,-0.0989281,-0.0198699,0.0203985,0.051258,0.0895957,0.00816491,0.3655,0.6705,-10364.1,-66541,417.679,25925.9,136906,0.046085,0.0255924,0.0192465,reel,1761.9,1944.5,2099.1,0.00180388,1940
31445,Quint-Fonsegrives,31,province,67,22.3333,3755.69,3769.3,0.0325888,0.0167579,15.822,13.9106,17.9961,commune,1.10035,0.0104932,0,678,0.0189511,0.00238824,0.000382633,1.52748,43.5817,-0.0957683,-0.0189273,0.0203938,0.0504807,0.0888447,0.00972059,0.3585,0.6615,-10242.5,-63767.4,412.758,26309.6,138960,0.0457611,0.0260789,0.02018,reel,1797.9,1939.5,2038.35,0.00119271,1941
38503,La Terrasse,38,province,42,14,3469.89,3483.97,0.0438158,0.030293,16.0133,12.9231,19.8426,maille,2.15139,0.0371972,0,163,0.0708485,0.0124856,0.0240937,5.93287,45.3266,-0.0938779,-0.0187032,0.020366,0.0508626,0.0912259,0.0105479,0.344,0.6505,-8827.81,-60143.6,380.6,24674.1,128386,0.0501918,0.0274663,0.0215492,reel,1743.35,1923.5,2057.4,0.00162627,1942
26166,Loriol-sur-Drôme,26,province,33,11,2076.01,2093.07,0.0503992,0.0400696,11.2283,9.01603,13.9833,commune,1.65226,0.0234875,0.545455,427,0.114052,0.0181804,0.00307702,4.82022,44.7521,-0.0991252,-0.020838,0.0203577,0.0489422,0.0911716,0.00778928,0.3675,0.672,-6366.51,-38044.6,234.218,14549.4,76812.3,0.0562325,0.026319,0.0188777,reel,1759.4,1947,2093.4,0.00174784,1943
30334,Uzès,30,province,288,96,3522.75,3530.66,0.0202561,0.00647474,15.6102,12.4731,19.5364,commune,2.10847,0.0357788,0.0486111,1804,0.0836936,0.017757,0.00881019,4.41764,44.0122,-0.0998769,-0.019526,0.0203475,0.0505754,0.0893392,0.00951767,0.3555,0.6725,-9828.79,-61850.5,395.901,24727,130342,0.0480655,0.0260976,0.0196947,reel,1883.95,1942.5,1999,0.000589818,1944
06059,Èze,06,province,88,29.3333,7868.15,7890.65,0.0352609,0.0196176,28.0105,20.3093,38.6319,maille,2.23521,0.0404889,0,390,0.0675533,0.0430945,0.0151686,7.35344,43.7303,-0.0985287,-0.0220532,0.0203321,0.0529753,0.0912661,0.0100889,0.359,0.654,-20846,-139636,883.042,55303.9,291121,0.0404321,0.0254342,0.0198196,reel,1839.9,1932,2047.15,0.00115067,1945
83101,Ramatuelle,83,province,32,10.6667,7277.15,7339.76,0.0553941,0.0484051,25.1816,19.7591,32.0922,maille,1.82483,0.0273834,0,237,0.0992265,0.0473695,0.00805468,6.61782,43.2152,-0.102153,-0.0228339,0.0203311,0.0488962,0.0898208,0.00735245,0.3765,0.6715,-22384.9,-130569,838.698,51130.9,269254,0.0390509,0.0244756,0.0185441,reel,1734.9,1947.5,2087.05,0.00187707,1946
40273,Saint-Martin-de-Seignanx,40,province,60,20,3909.97,3922.16,0.0321999,0.0163587,16.1285,13.2763,19.5935,commune,1.17778,0.0128571,0,566,0.024852,0.01316,0.00405909,-1.38707,43.5416,-0.102129,-0.0201548,0.0203276,0.0501672,0.089998,0.00881807,0.3615,0.6635,-10851.3,-68472.1,433.761,27406.2,144669,0.0448961,0.0256793,0.0196392,reel,1845.9,1936,2032.2,0.00103787,1947
34154,Mauguio,34,province,673,224.333,4637.84,4640.37,0.0120735,0.00230034,18.6084,15.1934,22.791,commune,1.3692,0.0171548,0,2785,0.0576348,0.0108446,0.00253407,3.97795,43.5468,-0.101327,-0.0188325,0.020327,0.0497738,0.0892355,0.00982729,0.345,0.6695,-12314.3,-79909.5,507.676,32472.1,171600,0.0442665,0.026296,0.0205699,reel,1896,1944.5,1986,0.000435718,1948
33199,Gujan-Mestras,33,province,199,66.3333,4278.69,4282.99,0.0165676,0.00433151,17.1713,14.2211,20.7336,commune,1.13051,0.0114635,0,1262,0.0353894,0.00835046,0.00180675,-1.07142,44.6372,-0.0976543,-0.0211811,0.0203183,0.0503964,0.0890554,0.0087908,0.363,0.6675,-12054.1,-74403.2,471.273,29955.2,158312,0.0439517,0.0257265,0.0197878,reel,1872,1945.5,2002.1,0.00063497,1949
74183,Mieussy,74,province,51,17,3323.76,3332.58,0.0365889,0.0211247,15.373,12.506,18.8972,maille,2.5493,0.0549974,0,221,0.246962,0.103567,0.0204734,6.54781,46.158,-0.102076,-0.0220136,0.0203059,0.0490372,0.0897836,0.00845769,0.361,0.6765,-10167.2,-60887.4,387.088,23685.5,122979,0.0500865,0.0265036,0.0192898,reel,1850,1944,2047.25,0.00111932,1950
73300,Tresserve,73,province,45,15,4826.1,4836.05,0.0429419,0.029095,19.3063,15.0003,24.8482,commune,1.45244,0.0189633,0,456,0.143644,0.0225778,0.010821,5.89932,45.6842,-0.0915499,-0.0192214,0.0202969,0.0512736,0.0902601,0.0101158,0.3545,0.6615,-12646.6,-83894.7,526.727,34032.8,178566,0.0442749,0.0264855,0.0209047,reel,1777.8,1951,2067.05,0.00147772,1951
33422,Saint-Jean-d'Illac,33,province,100,33.3333,3789.39,3797.15,0.0233218,0.0085829,15.8116,12.9118,19.3626,commune,1.01624,0.00694444,0,735,0.00878832,0.0010311,0.0017442,-0.772606,44.8069,-0.103772,-0.0207547,0.0202809,0.0504217,0.0891995,0.00836941,0.364,0.6565,-10811.2,-65649.2,415.993,26506.9,140207,0.0453211,0.0259131,0.020004,reel,1867,1946.5,2021.15,0.00081093,1952
69063,Collonges-au-Mont-d'Or,69,province,69,23,4335.16,4347.23,0.0305359,0.0147136,16.9686,13.4349,21.4319,commune,1.45737,0.0190896,0,517,0.0972396,0.0148962,0.0138122,4.84074,45.8241,-0.100782,-0.0233386,0.0202736,0.048396,0.0902622,0.00675562,0.373,0.678,-13516.7,-78716.9,492.464,30634.1,160401,0.0428182,0.024632,0.0182063,reel,1852.55,1939.5,2047.15,0.00101229,1953
14754,Villers-sur-Mer,14,province,837,279,4284.12,4284.81,0.00906737,0.00129745,17.4099,13.4205,22.5853,commune,1.0609,0.00921915,0,1953,0.203711,0.0718542,0.0594233,0.009244,49.3261,-0.101718,-0.0203612,0.0202661,0.0505617,0.088857,0.00880666,0.3655,0.663,-12226.8,-76518.3,475.765,30969,158512,0.0445643,0.0262739,0.0206785,reel,1914.95,1951.5,1983,0.00031268,1954
66182,Sainte-Marie-la-Mer,66,province,98,32.6667,3280.58,3295.19,0.0314373,0.0155941,14.7616,11.4786,18.9836,commune,1.43126,0.0184251,0,296,0.0179684,0.00878751,0.000777289,3.03457,42.7287,-0.103967,-0.0213365,0.0202631,0.051603,0.0913328,0.00912504,0.3575,0.653,-9017.59,-57537.1,362.082,22987.7,121382,0.0485095,0.026533,0.0205672,reel,1808.85,1949.5,2052.55,0.00131205,1955
66037,Canet-en-Roussillon,66,province,1033,344.333,3569.22,3570.79,0.00975138,0.00150058,15.4622,12.1733,19.6397,commune,1.7152,0.0248645,0,3455,0.0650955,0.0151692,0.00208132,3.03315,42.6948,-0.100734,-0.021502,0.0202391,0.049186,0.0870365,0.00788763,0.369,0.6705,-10709.2,-62199.5,399.937,24984,132061,0.0469419,0.0258343,0.0195133,reel,1910.9,1946.5,1987.1,0.000357415,1956
64140,Boucau,64,province,144,48,3967.5,3970.4,0.0225819,0.00804677,16.5747,13.6687,20.0985,commune,1.24942,0.0146444,0,1211,0.193012,0.0346603,0.0196061,-1.48246,43.5282,-0.0953785,-0.0216021,0.0202237,0.0505709,0.0901291,0.00980589,0.3585,0.6685,-11192.8,-68217.3,438.109,28104.7,146797,0.0455945,0.0262487,0.0202025,reel,1866,1946,2018,0.000725969,1957
40312,Tarnos,40,province,148,49.3333,4065.3,4069.66,0.0206013,0.00669706,16.8462,13.8839,20.4405,commune,1.07077,0.00958188,0,1384,0.0338132,0.0161551,0.00383254,-1.46051,43.5406,-0.0998884,-0.0202691,0.0201926,0.0507983,0.090431,0.00984694,0.36,0.654,-10829.4,-70024.5,444.28,28486.7,150416,0.045299,0.0264152,0.0207163,reel,1873.95,1950,2013.1,0.000716637,1958
2B143,Linguizzetta,2B,province,98,32.6667,2580.45,2597.14,0.032434,0.0165983,13.2034,10.62,16.4153,maille,2.61224,0.0594752,0,181,0.0366429,0.0223031,0.010904,9.55429,42.1981,-0.104868,-0.0212033,0.0201853,0.0498543,0.0890491,0.00800875,0.354,0.6605,-7488.5,-46329.8,295.455,18242.1,95476.8,0.0544249,0.0267619,0.0199277,reel,1826.8,1941,2036,0.00108348,1959
26301,Saint-Donat-sur-l'Herbasse,26,province,30,10,2299,2318.37,0.0527545,0.0439007,12.1,9.34702,15.6639,commune,1.83585,0.0276968,0,396,0.0988772,0.0312404,0.0126906,4.98273,45.1219,-0.100397,-0.0220679,0.0201735,0.0505649,0.0870854,0.00915639,0.3615,0.659,-6942.42,-42098.8,260.697,16256.6,85063,0.0553286,0.0269106,0.0198593,reel,1717.75,1950,2087.25,0.00185347,1960
74172,Maxilly-sur-Léman,74,province,34,11.3333,5125.45,5152.68,0.0445782,0.0313559,19.8204,15.0328,26.1327,maille,1.74855,0.025641,0,120,0.126582,0.0466352,0.0209255,6.63317,46.3993,-0.10093,-0.0208077,0.0201669,0.049692,0.0888521,0.00874014,0.371,0.682,-15035.5,-91605.3,578.644,36275.3,189642,0.0428928,0.0255367,0.0197167,reel,1807,1955,2077.1,0.00139409,1961
14409,Merville-Franceville-Plage,14,province,126,42,4307.26,4313.63,0.0232858,0.00855611,16.9426,13.6569,21.019,commune,1.14849,0.0119929,0,400,0.251069,0.0639231,0.0321776,-0.198024,49.2834,-0.101127,-0.0218594,0.0201621,0.0491078,0.0875358,0.007951,0.372,0.663,-13124.5,-76967.3,492.361,30618.6,159369,0.0430231,0.0250551,0.0187518,reel,1862,1950.5,2019.2,0.00077014,1962
75107,Paris 7e Arrondissement,75,paris,2166,722,13763.2,13764,0.00577287,0.000525903,39.1861,30.6217,50.1459,commune,1.96404,0.0312656,0,20161,0.30133,0.147953,0.0985136,2.30938,48.8564,-0.113201,-0.0247118,0.0201617,0.0509451,0.0939764,0.00577466,0.375,0.6605,-38902.8,-263453,1687.54,97858.9,509239,0.0328581,0.0218712,0.0202726,reel,1932.95,1954,1969.05,0.000173847,1963
34332,Vias,34,province,97,32.3333,3091.66,3102.16,0.0315884,0.015745,14.5404,11.9625,17.6739,commune,1.86224,0.0284221,0,539,0.074239,0.0185016,0.00902179,3.41727,43.3124,-0.0970506,-0.0198349,0.0201496,0.0519938,0.0892909,0.00969543,0.3585,0.6715,-8506.45,-53932.9,341.553,21722.7,114392,0.0506151,0.0269888,0.020776,reel,1832.9,1959.5,2052.1,0.0010884,1964
75106,Paris 6e Arrondissement,75,paris,1860,620,13772.2,13772.9,0.00622941,0.000612369,40.1732,30.271,53.3146,commune,2.067,0.0342793,0,16181,0.294439,0.14523,0.116655,2.33207,48.8498,-0.121137,-0.0233588,0.0201486,0.0515153,0.095723,0.00641263,0.365,0.66,-37229.8,-263698,1669.99,98350.9,509572,0.0336967,0.0224077,0.021153,reel,1933.95,1954,1975,0.00019466,1965
74250,Saint-Pierre-en-Faucigny,74,province,135,45,4005.34,4011.81,0.0226375,0.00808674,16.5237,13.3665,20.4267,commune,1.81961,0.0272678,0,850,0.131804,0.0590855,0.0456123,6.37364,46.0603,-0.0961553,-0.0211406,0.0201165,0.0498393,0.0883175,0.00866816,0.371,0.669,-11984.6,-70420,454.9,28801.1,148198,0.0450109,0.0252716,0.0189432,reel,1885,1959,2028.05,0.000749154,1966
66017,Le Barcarès,66,province,1272,424,3228.41,3229.56,0.00878887,0.00121897,14.4819,11.3059,18.55,commune,1.27059,0.0150979,0,2174,0.0825126,0.0330602,0.00601334,3.0373,42.8165,-0.102689,-0.0203986,0.020071,0.0513174,0.0904384,0.00950767,0.358,0.665,-8995.6,-56327.5,357.41,22697.9,119451,0.0482537,0.0263677,0.0202015,reel,1927.95,1956,1990.05,0.000300243,1967
31044,Balma,31,province,380,126.667,3531.9,3534.32,0.0137788,0.00299604,15.0533,13.3365,16.9912,commune,1.05133,0.00884605,0,2564,0.0178941,0.00296487,0.000104435,1.49466,43.6115,-0.0993723,-0.0217873,0.0200657,0.0502026,0.0878681,0.00823746,0.3615,0.669,-9910.65,-60646.6,388.421,24707.1,130680,0.0460489,0.0258065,0.0197794,reel,1908.95,1961,2004,0.000470918,1968
38548,Villard-de-Lans,38,province,495,165,3479.85,3481.67,0.012943,0.0026436,15.3607,11.5852,20.3665,commune,1.68503,0.0242387,0,1720,0.446671,0.105948,0.0449429,5.55674,45.0654,-0.0959761,-0.0196629,0.0200433,0.0485337,0.0891137,0.00797813,0.362,0.6785,-10895.5,-64220.3,400.196,25107.6,128755,0.0477974,0.0262722,0.0188561,reel,1920.9,1956.5,1995.1,0.000375156,1969
38281,Noyarey,38,province,32,10.6667,2733.51,2751.71,0.0499623,0.0393866,13.4374,11.2417,16.0618,maille,1.53886,0.0210124,0,100,0.0897981,0.0800747,0.0126929,5.63195,45.2441,-0.0882096,-0.0202609,0.0200369,0.0509175,0.090079,0.009951,0.3485,0.6525,-7168.22,-47757.9,309.168,19324.5,101140,0.0524046,0.0273499,0.0208925,reel,1771.9,1960.5,2086,0.00161236,1970
12133,Luc-la-Primaube,12,province,49,16.3333,2360.85,2369.15,0.0417026,0.0274307,12.4345,10.2696,15.0557,commune,1.90632,0.029684,0,794,0.106341,0.0320122,0.00436915,2.55848,44.2934,-0.102431,-0.0203245,0.0200361,0.0498235,0.0908735,0.00940627,0.362,0.672,-6726.13,-42720.4,264.318,16559,87351.4,0.0555789,0.0273699,0.020534,reel,1821.15,1945.5,2085.15,0.00148524,1971
73242,Saint-Jean-d'Arves,73,province,82,27.3333,3015.5,3014.34,0.0320209,0.0161792,15.1126,11.2865,20.2358,maille,2.40342,0.0474777,0,153,0.58913,0.0763542,0.066989,6.26343,45.2134,-0.0960715,-0.0199664,0.0199871,0.0500931,0.088599,0.00917544,0.357,0.674,-9195.23,-56366.4,331.948,22237,111573,0.0541706,0.0286529,0.0202735,reel,1869,1965,2044.1,0.000964092,1972
85288,Talmont-Saint-Hilaire,85,province,176,58.6667,3388.78,3391.63,0.0206471,0.00672657,14.8041,11.2697,19.4469,commune,1.12268,0.0112297,0,558,0.329523,0.0785481,0.0350272,-1.67693,46.4448,-0.101639,-0.0201094,0.0199648,0.0506205,0.0891549,0.00849636,0.363,0.672,-10258.4,-62111.5,381.844,24286.2,125385,0.0471112,0.0261464,0.0191466,reel,1898.85,1964,2017.15,0.000623748,1973
2B307,Santa-Lucia-di-Moriani,2B,province,55,18.3333,2896.51,2932.37,0.043019,0.0291963,13.98,11.9985,16.2888,maille,2.80887,0.0785219,0,221,0.0347875,0.0227329,0.00119818,9.53148,42.3805,-0.097383,-0.0211899,0.019937,0.0492401,0.0886982,0.00801984,0.3705,0.6735,-8696.01,-50983.2,334.146,20295.3,107171,0.0517037,0.0259198,0.0189677,reel,1811,1957,2068.1,0.00140434,1974
73008,Aix-les-Bains,73,province,1569,523,4462.49,4462.77,0.00737672,0.000858732,18.2791,14.2222,23.4933,commune,1.73637,0.0252956,0,10027,0.14764,0.0503105,0.022796,5.91147,45.691,-0.0946661,-0.0203724,0.0199288,0.050365,0.090282,0.00890636,0.368,0.6575,-12631,-77679,497.857,31548.8,165112,0.0451204,0.0262678,0.020481,reel,1941.9,1970.5,1995,0.000241032,1975
06128,Saint-Paul-de-Vence,06,province,32,10.6667,6255.74,6338.86,0.0575032,0.0521577,22.6709,18.8076,27.3278,maille,1.80394,0.0269474,0,277,0.108705,0.052442,0.0109798,7.12243,43.6961,-0.10032,-0.0218694,0.019913,0.050231,0.0896287,0.00877002,0.3635,0.6755,-18565.8,-110853,715.625,43939,231462,0.0406109,0.0249268,0.0190714,reel,1779.6,1968.5,2119.2,0.00187485,1976
14191,Courseulles-sur-Mer,14,province,468,156,3496.09,3497.52,0.01212,0.00231806,14.7451,12.1033,17.9635,commune,1.42488,0.0182292,0,1494,0.173858,0.0324717,0.0202338,-0.451819,49.3341,-0.103045,-0.0229028,0.0199115,0.0474953,0.0850313,0.00713017,0.3665,0.6875,-11482.9,-61975.6,399.427,24800.2,129355,0.0454626,0.0248619,0.0179298,reel,1924.95,1967,2006,0.00038619,1977
73040,Bessans,73,province,37,12.3333,5014.56,5029.53,0.0472099,0.0351646,19.6252,11.0835,34.7496,maille,2.12079,0.0362173,0,73,0.318551,0.106532,0.0122232,6.99632,45.3188,-0.0981822,-0.0212527,0.0199077,0.0532797,0.0938662,0.00999881,0.3665,0.654,-14445.9,-99219.1,576.751,35370,185539,0.0433741,0.0253684,0.0192412,reel,1783,1977.5,2086.05,0.00152569,1978
74085,Les Contamines-Montjoie,74,province,152,50.6667,5351.59,5361.69,0.0213436,0.0071888,19.1474,14.1224,25.9602,maille,1.27001,0.0150933,0,523,0.47014,0.0650909,0.0563089,6.72774,45.8179,-0.0972967,-0.0226249,0.0199037,0.0472348,0.0890644,0.00802185,0.365,0.687,-17178,-97602.3,619.141,38428,198009,0.039571,0.0237905,0.0175884,reel,1905.85,1973,2021.05,0.000638073,1979
44069,Guérande,44,province,167,55.6667,3869.28,3871.72,0.0189962,0.00569432,15.9205,12.6828,19.9849,commune,1.1192,0.0110922,0,1815,0.070314,0.0232207,0.00997823,-2.42776,47.328,-0.101796,-0.0227376,0.0198973,0.0484839,0.0884974,0.00729646,0.3625,0.6815,-11500,-68627.6,431.023,27253.2,143163,0.0447232,0.0255246,0.0194001,reel,1906,1963,2022.05,0.000612978,1980
69386,Lyon 6e Arrondissement,69,province,1672,557.333,5471.32,5471.87,0.0062472,0.000615889,20.0138,15.2834,26.2084,commune,1.67285,0.0239684,0,18423,0.19613,0.0587519,0.0309194,4.85059,45.7684,-0.0998891,-0.0220389,0.0198525,0.0478111,0.0876683,0.00760279,0.373,0.6875,-17200.1,-97667.3,635.49,38780.2,202439,0.0406056,0.0243107,0.0182245,reel,1948.95,1970,1993,0.000210818,1981
69064,Condrieu,69,province,61,20.3333,2525.49,2526.25,0.0324454,0.0166112,13.3354,10.7086,16.6066,commune,2.36978,0.0460274,0,497,0.142676,0.0723875,0.0371068,4.76648,45.4625,-0.0932257,-0.0192981,0.0198359,0.051147,0.0890118,0.0107316,0.3635,0.658,-7113.48,-44832.8,286.127,18228,93443.1,0.0562366,0.028123,0.0209153,reel,1866,1973.5,2061,0.00106856,1982
74013,Anthy-sur-Léman,74,province,33,11,5347.76,5381.01,0.0452272,0.0322754,20.0831,15.5849,25.8797,commune,1.42169,0.0181574,0,170,0.0999367,0.0449764,0.0206941,6.42658,46.3539,-0.0957735,-0.0224528,0.0198334,0.0505139,0.0895216,0.00830374,0.362,0.6695,-15377.4,-95608.8,601.909,37797.4,197867,0.0416993,0.0252387,0.0194536,reel,1819,1977.5,2113.25,0.00156862,1983
40184,Mimizan,40,province,203,67.6667,3948.07,3950.64,0.0176062,0.00489146,16.8161,12.9387,21.8555,commune,1.76508,0.0261078,0,992,0.17692,0.0340933,0.024872,-1.29232,44.2094,-0.101204,-0.0198601,0.0198071,0.0510066,0.0903976,0.00968702,0.356,0.66,-10900.3,-69457.1,438.732,28009.2,146079,0.0465528,0.0263571,0.0202294,reel,1916,1973,2028.3,0.000572023,1984
40150,Léon,40,province,51,17,3713.74,3726.28,0.034876,0.0191902,15.7513,12.3678,20.0604,maille,1.30249,0.015855,0,184,0.129962,0.0273055,0.0299963,-1.31764,43.8582,-0.0999746,-0.0217294,0.0197795,0.0497115,0.0892638,0.00882297,0.3625,0.6775,-10860.1,-65834.6,411.683,26405.4,137408,0.0460494,0.0259776,0.0198528,reel,1855,1980,2073.1,0.00117831,1985
09322,Ustou,09,province,58,19.3333,1425.98,1430,0.0341295,0.0183731,10.6158,8.60672,13.0938,maille,2.3605,0.0455531,0,161,0.270772,0.143654,0.129934,1.30062,42.7795,-0.0901324,-0.0184789,0.0197536,0.049365,0.0903802,0.0104156,0.359,0.6735,-4694.65,-27532.3,162.188,11984.9,52761.3,0.0767117,0.0331799,0.0196913,reel,1897,1974,2046.05,0.000796221,1986
83017,Belgentier,83,province,30,10,3010.07,3033.98,0.0571194,0.051466,14.4247,11.0999,18.7455,commune,1.92213,,0,181,0.125562,0.0172875,0.00545308,6.00065,43.2449,-0.0928553,-0.0198313,0.0197486,0.0515681,0.093595,0.0101411,0.356,0.6595,-7889.95,-53923.9,331.806,21164.2,111373,0.0515261,0.0273057,0.020986,reel,1764.35,1976.5,2129.15,0.00200748,1987
13028,La Ciotat,13,province,1476,492,5114.28,5115.35,0.00813676,0.0010448,20.0453,15.5467,25.8457,commune,1.7645,0.0260962,0,10643,0.0428641,0.0119617,0.00226623,5.60909,43.1843,-0.0973152,-0.0210048,0.0197437,0.0500791,0.0897476,0.00934386,0.367,0.666,-14418.5,-88634.1,567.932,35795.6,189229,0.0435142,0.0259675,0.0200834,reel,1945,1976,2005,0.000298177,1988
35131,L'Hermitage,35,province,45,15,3219.8,3225.32,0.0339566,0.0181936,14.0673,11.9854,16.5109,commune,1.14211,0.0118711,0,649,0.0174431,0.0041229,0.00347801,-1.81663,48.1257,-0.0987299,-0.0212175,0.0197432,0.0504894,0.0901753,0.0084855,0.372,0.6635,-9141.02,-56697.3,358.753,22589.9,119133,0.0468376,0.0254178,0.0191221,reel,1863,1984.5,2084,0.0012202,1989
56206,Saint-Avé,56,province,87,29,3597.04,3600.72,0.0260577,0.0107141,15.036,12.2275,18.4895,commune,1.23811,0.0143503,0,1081,0.0194318,0.00871342,0.00567426,-2.73942,47.6876,-0.100173,-0.0220519,0.0197039,0.0499277,0.0881392,0.00801535,0.374,0.666,-10666.9,-63329.4,403.466,25264.2,133090,0.0451572,0.0250936,0.0187304,reel,1911.6,1991.5,2058.1,0.000815419,1990
74239,Saint-Jean-de-Sixt,74,province,77,25.6667,5003.29,5017.49,0.0298838,0.0140922,19.0816,15.1358,24.056,maille,1.80017,0.0268788,0,247,0.332084,0.104676,0.137685,6.41276,45.9231,-0.0988456,-0.0214591,0.0196833,0.0492628,0.0869007,0.00853927,0.353,0.6735,-15465.1,-91282.4,577.077,37379.4,185122,0.042168,0.024793,0.0193526,reel,1890.85,1989.5,2059.05,0.000867434,1991
42059,Chazelles-sur-Lyon,42,province,46,15.3333,1693.91,1699.02,0.0468957,0.0346928,10.6786,8.09421,14.0881,commune,2.1949,0.0389076,0,813,0.128979,0.0401638,0.0234423,4.39249,45.6381,-0.0987246,-0.0206332,0.0196342,0.0520144,0.091893,0.00936559,0.357,0.6555,-4875.69,-31933.5,191.694,12266.2,62674.7,0.0650228,0.0285129,0.0202152,reel,1768.85,1991,2113,0.00171986,1992
11202,Leucate,11,province,913,304.333,3219.86,3222.25,0.00974002,0.00149707,13.968,10.8751,17.9405,commune,1.31235,0.0160645,0,1664,0.0654108,0.0167953,0.00301807,3.04122,42.8595,-0.0986013,-0.0215944,0.0196211,0.0485987,0.087683,0.00687414,0.3695,0.673,-9952.91,-57271.1,365.389,22557.7,119135,0.0464665,0.024948,0.018268,reel,1956.8,1983,2010.1,0.000292693,1993
35012,Bain-de-Bretagne,35,province,63,21,2531.33,2531.07,0.0287729,0.0130634,12.8447,10.266,16.0712,commune,2.27842,0.0420372,0,503,0.097268,0.00712842,0.0119354,-1.68356,47.8433,-0.103959,-0.0207904,0.0196184,0.0497554,0.0901721,0.00887906,0.3545,0.6615,-7484.39,-45631.7,287.432,17881.6,93659.2,0.0537805,0.0264837,0.0194547,reel,1882.7,1987.5,2068,0.00100369,1994
35210,Pacé,35,province,144,48,3492.74,3494.7,0.0191012,0.00575752,14.785,12.6769,17.2436,commune,1.02813,0.00777474,0,1262,0.0277429,0.00990669,0.00647181,-1.76562,48.1513,-0.100983,-0.0210808,0.0195888,0.0495066,0.0877996,0.00826972,0.372,0.67,-10109.5,-61154.5,387.615,24553.5,129231,0.0456431,0.0254216,0.0192165,reel,1918.95,1984,2042.05,0.000659376,1995
42305,La Talaudière,42,province,111,37,2452.16,2459.51,0.0304973,0.0146753,12.5769,9.2594,17.0829,commune,1.8373,0.0277499,0,1127,0.107804,0.0353138,0.0274519,4.43379,45.4802,-0.0965709,-0.0227033,0.0195707,0.0513142,0.0904333,0.00809034,0.359,0.658,-7238.98,-45643.9,274.077,17635.8,90729.9,0.0542063,0.0269548,0.0199411,reel,1888.75,1997,2075.4,0.00109271,1996
30133,Le Grau-du-Roi,30,province,1937,645.667,4971.88,4973.88,0.00783209,0.000968023,18.6416,13.9929,24.8345,commune,1.06323,0.00929172,0,4396,0.103365,0.0161695,0.00636192,4.13685,43.5266,-0.101322,-0.0205475,0.0195682,0.0489559,0.0902636,0.00853871,0.3615,0.676,-14827.9,-88141.7,557.605,34900.8,183959,0.0413725,0.0248922,0.0188198,reel,1965.95,1990,2012.05,0.000239791,1997
83153,Saint-Mandrier-sur-Mer,83,province,447,149,4769.04,4773.27,0.0151632,0.0036283,18.2485,14.9439,22.284,commune,1.49188,0.0198912,0,1521,0.0751086,0.014602,0.00138659,5.91337,43.0745,-0.0963776,-0.0236158,0.0195623,0.0490686,0.0888773,0.007692,0.369,0.6765,-14264.6,-83477.8,537.948,33398.4,176455,0.0421431,0.0247686,0.0184395,reel,1939.95,1990.5,2036.15,0.000513402,1998
35126,Guichen,35,province,111,37,2724.89,2725.24,0.0217376,0.00745646,13.2539,10.4887,16.748,commune,1.75087,0.0256805,0,602,0.0772845,0.0249991,0.0084835,-1.78359,47.9959,-0.102087,-0.0200502,0.0195558,0.0496559,0.0883581,0.00753845,0.3625,0.6805,-7985.68,-48420.7,307.782,19255.1,100821,0.0517624,0.0265702,0.0200036,reel,1932,1992,2045,0.000662667,1999
33011,Arès,33,province,79,26.3333,4678.09,4689.59,0.0262094,0.0108397,18.2703,13.9314,23.9604,commune,1.25,0.0146513,0,390,0.0421978,0.0280686,0.00793885,-1.14043,44.7648,-0.099535,-0.0203915,0.0195352,0.0500852,0.0887727,0.00883702,0.37,0.667,-13645.6,-82390.2,521.013,32925.5,173089,0.0430182,0.0255408,0.019632,reel,1887,1985,2054.05,0.000905216,2000
14066,Bernières-sur-Mer,14,province,65,21.6667,3725.15,3735.35,0.0322925,0.0164536,15.5006,12.0059,20.0125,maille,1.19751,0.0133618,0,235,0.248904,0.0848564,0.0371184,-0.404044,49.3336,-0.0955139,-0.0218688,0.0195321,0.0497098,0.0883487,0.00776394,0.3735,0.6725,-11596,-67840,427.293,26762.9,137831,0.0451007,0.0254033,0.0187546,reel,1885.95,1995.5,2075.2,0.00104619,2001
06147,Tourrette-Levens,06,province,32,10.6667,4520.94,4579.06,0.0575032,0.0521577,18.4622,15.7573,21.6315,maille,1.65661,0.0235849,0,277,0.121734,0.04267,0.0174944,7.27311,43.7896,-0.0935254,-0.0183458,0.0195312,0.0496973,0.0899347,0.0103366,0.3605,0.669,-12579,-77979.4,502.646,31900.1,167275,0.0450231,0.0263749,0.0206517,reel,1771.8,1992.5,2140.35,0.00201068,2002
34150,Marseillan,34,province,479,159.667,3996.03,4000.3,0.0143045,0.003229,15.9131,12.0674,20.9845,commune,1.49594,0.0199794,0,1220,0.0601936,0.0164219,0.00330672,3.54634,43.3192,-0.108906,-0.0242018,0.019494,0.0483171,0.0901659,0.00638297,0.377,0.689,-12649.7,-72828.4,457.237,28017.8,147853,0.0432823,0.024308,0.0176193,reel,1944.95,1993,2031.1,0.000466005,2003
12300,Villefranche-de-Rouergue,12,province,100,33.3333,1627.27,1627.25,0.0293944,0.0136318,10.5996,8.07837,13.9077,commune,2.95534,0.116367,0.18,1956,0.116629,0.0324159,0.0113797,2.03376,44.3516,-0.10163,-0.0220385,0.0194128,0.0503446,0.0904011,0.008857,0.3725,0.656,-5033.64,-30233.9,188.726,11542.6,60209.1,0.067103,0.0280339,0.0193359,reel,1898.95,1987.5,2085.15,0.00107125,2004
34079,Clermont-l'Hérault,34,province,156,52,2357.2,2361.48,0.0249827,0.00984883,12.4348,9.95457,15.533,commune,2.27581,0.0419537,0.474359,1799,0.0744899,0.0106766,0.00116643,3.43375,43.627,-0.101989,-0.0202918,0.0193876,0.0492693,0.0926319,0.00893949,0.356,0.67,-6648.04,-42494.9,263.774,16495.3,87216.6,0.0556666,0.0269214,0.0200795,reel,1909,2000.5,2069,0.000849806,2005
42097,La Fouillouse,42,province,61,20.3333,1939.11,1945.99,0.0408967,0.0263869,11.3073,8.5855,14.8919,commune,2.26653,0.0416476,0,481,0.15994,0.0466889,0.0308451,4.31785,45.5006,-0.0944131,-0.0224984,0.0193836,0.0497874,0.0910686,0.00801362,0.3605,0.664,-5929.33,-36656.6,219.554,14124.6,71747.2,0.0606913,0.0276492,0.0191815,reel,1877.75,1998.5,2082.2,0.00120065,2006
22055,Binic-Étables-sur-Mer,22,province,67,22.3333,3336.43,3340.56,0.034075,0.0183185,14.632,11.6909,18.313,commune,1.50957,0.0203677,0,513,0.110013,0.0349378,0.0286784,-2.82967,48.602,-0.0953128,-0.020604,0.0193833,0.0497403,0.0889528,0.00860799,0.366,0.673,-10119.4,-59151.7,378.274,23783.8,123448,0.0472314,0.0256509,0.0191239,reel,1869,1994.5,2095.15,0.00118971,2007
71118,Châtenoy-le-Royal,71,province,63,21,1687.98,1701.14,0.039737,0.02491,10.4204,8.23913,13.1792,maille,1.67343,0.023979,0,457,0.147083,0.0223229,0.00341209,4.81832,46.7948,-0.10279,-0.0202507,0.0193758,0.0519762,0.0906849,0.00892488,0.364,0.665,-4983.59,-31488.6,189.362,11917.8,62455.3,0.0634159,0.0280616,0.0201895,reel,1882,1990.5,2102.05,0.0013385,2008
56243,Séné,56,province,145,48.3333,3597.01,3598.93,0.0202271,0.00645613,15.1553,12.1753,18.8649,commune,1.2239,0.0139659,0,811,0.0114015,0.00199835,0.00155066,-2.72952,47.6511,-0.105261,-0.0203766,0.0193248,0.0496875,0.0911846,0.00822444,0.3635,0.668,-10234.3,-63662.9,399.283,25157.8,133089,0.0455557,0.0254096,0.019184,reel,1929.95,2001.5,2054.05,0.000685498,2009
74089,Cordon,74,province,44,14.6667,4765.53,4783.39,0.0393262,0.0244034,19.0816,15.1358,24.056,maille,2.029,0.0330827,0,148,0.438131,0.123569,0.0738136,6.60101,45.9151,-0.0956521,-0.0190452,0.0192854,0.0489232,0.0875724,0.00892388,0.359,0.672,-14152.9,-88110.2,548.941,34609.4,176325,0.0442718,0.0257877,0.0199368,reel,1887.55,2004.5,2102.05,0.00125405,2010
06011,Beaulieu-sur-Mer,06,province,297,99,8222.9,8232.04,0.0193263,0.00589398,27.9974,20.325,38.5662,commune,1.99681,0.0321701,0,849,0.169934,0.0365184,0.00611012,7.33056,43.7063,-0.0979326,-0.0228589,0.0192674,0.0485753,0.0865061,0.00711757,0.368,0.677,-25736.6,-146563,947.491,57619.3,304247,0.0386688,0.0245436,0.01875,reel,1948.9,2000.5,2050,0.000600113,2011
69112,Lentilly,69,province,59,19.6667,4198.76,4215.86,0.0329815,0.0171646,16.128,12.9632,20.0653,commune,1.1105,0.0107927,0,579,0.0544993,0.0166638,0.0189742,4.66427,45.8214,-0.103045,-0.0229936,0.0192301,0.0495002,0.0876304,0.00657057,0.3635,0.672,-13438,-75936.3,480.492,29793.8,155354,0.0418065,0.0239792,0.0174011,reel,1899.95,2006.5,2085,0.00104921,2012
73124,Gilly-sur-Isère,73,province,33,11,3102.59,3115.57,0.0498837,0.0392596,14.1911,11.4964,17.5175,maille,1.68968,0.024359,0,170,0.0690539,0.0348641,0.026295,6.3516,45.6599,-0.102583,-0.0221519,0.0192168,0.0488861,0.0875637,0.00853326,0.3695,0.6685,-9484.91,-55441.2,351.563,22177,114796,0.0490859,0.0260975,0.0196043,reel,1835.95,2010,2129.4,0.00170149,2013
74242,Saint-Jorioz,74,province,147,49,5736.21,5745.02,0.021701,0.0074315,20.7564,16.4351,26.2139,commune,1.28596,0.0155059,0,880,0.157129,0.0373574,0.0221306,6.16624,45.8321,-0.101004,-0.0225974,0.019186,0.0488588,0.0896923,0.00737533,0.3765,0.6725,-17685.8,-100398,648.569,40486.5,212240,0.0402838,0.0247165,0.0188837,reel,1944.8,2013,2067.05,0.000695241,2014
14333,Honfleur,14,province,252,84,3573.78,3575.56,0.0165005,0.00429644,15.567,12.71,19.0663,commune,2.25754,0.0412219,0,2142,0.190129,0.0679037,0.0436632,0.231825,49.418,-0.0989196,-0.0218773,0.0191859,0.048516,0.0864778,0.00791876,0.3685,0.679,-11377.6,-63754.9,414.278,25685,132230,0.0472342,0.0254502,0.0185193,reel,1965.8,2004.5,2046,0.000462511,2015
69127,Marcy-l'Étoile,69,province,37,12.3333,4464.63,4489.26,0.0414383,0.0270941,17.1683,13.7848,21.3823,commune,1.18823,0.013087,0,374,0.126708,0.0350204,0.00137446,4.7065,45.7808,-0.104044,-0.0213887,0.0191392,0.0479091,0.0880356,0.00732633,0.3705,0.6825,-13990.9,-80674.8,507.786,31318.9,165191,0.0421132,0.0245908,0.0182094,reel,1873.8,2012.5,2110.05,0.00137601,2016
66016,Banyuls-sur-Mer,66,province,201,67,3593.47,3601.85,0.0220387,0.00766433,15.4463,12.0432,19.811,commune,1.82251,0.027339,0,635,0.142643,0.0464131,0.0154186,3.12873,42.4794,-0.108654,-0.0235914,0.0191051,0.0494538,0.0876434,0.0077477,0.361,0.674,-11067.1,-65213.3,409.886,25372.3,132959,0.0465722,0.0255011,0.0188523,reel,1948.95,2014.5,2073,0.000688335,2017
13104,Sausset-les-Pins,13,province,183,61,6504.21,6518.31,0.0230242,0.00836514,22.5719,18.3496,27.7658,commune,1.29089,0.0155894,0,1068,0.081501,0.0206437,0.00108153,5.10989,43.3315,-0.0992315,-0.0248479,0.0191049,0.0489422,0.0896384,0.00760787,0.3765,0.674,-20013.1,-114068,740.101,45484.9,240656,0.0388768,0.0243163,0.0181669,reel,1941.95,2016.5,2069.25,0.000720388,2018
74019,Argonay,74,province,72,24,6304.02,6321.7,0.030889,0.0150561,22.379,17.2979,28.9527,commune,1.04785,0.00869565,0,595,0.0927798,0.0175924,0.0130221,6.14471,45.9449,-0.099328,-0.0208607,0.0190697,0.0503647,0.0898655,0.00802065,0.3655,0.67,-17942.6,-110921,700.302,44348.6,233249,0.0397441,0.025043,0.0193265,reel,1925.75,2012.5,2102.05,0.00103874,2019
26114,Dieulefit,26,province,36,12,2244.98,2254.56,0.0483336,0.0368535,12.4793,9.57444,16.2656,commune,2.33179,0.0442664,0,339,0.157511,0.0631665,0.0309111,5.06503,44.5243,-0.0947674,-0.0196153,0.0190409,0.0514729,0.090849,0.00961565,0.3565,0.662,-6489.67,-41281.9,254.378,16218.8,83064.4,0.0586874,0.0283624,0.020723,reel,1842.65,2012.5,2139.05,0.00157097,2020
56152,Le Palais,56,province,43,14.3333,4337.62,4344.56,0.0368653,0.0214423,17.214,12.9183,22.938,maille,1.54263,0.0210721,0,364,0.146164,0.0651792,0.0160003,-3.15515,47.3469,-0.0959518,-0.0217129,0.019032,0.0504304,0.0909408,0.00917855,0.3725,0.671,-12675.9,-77853,495.117,30619.5,160492,0.0434727,0.0250378,0.0187523,reel,1901.25,2021.5,2121.05,0.00120667,2021
85127,Longeville-sur-Mer,85,province,44,14.6667,3727.48,3745.25,0.0408916,0.0263741,15.2316,11.5997,20.0006,maille,1.12558,0.0113128,0,58,0.190448,0.0475713,0.0181364,-1.50916,46.4028,-0.106902,-0.0214145,0.0190242,0.0492465,0.0875634,0.0068292,0.3735,0.6695,-11934.5,-68698.6,425.81,26276.7,137917,0.0442064,0.0248093,0.0180643,reel,1909.55,2017,2117.2,0.00121411,2022
64496,Saint-Pierre-d'Irube,64,province,101,33.6667,3952.22,3958.24,0.0269182,0.0114335,16.0949,12.7836,20.264,commune,1.0116,0.00626613,0,476,0.0445218,0.0118843,0.00460699,-1.4491,43.4707,-0.0979191,-0.02126,0.019023,0.0489257,0.0881074,0.00726256,0.372,0.678,-11915.9,-70117.6,441.064,27740.1,146232,0.0443141,0.0255038,0.0194397,reel,1928.8,2013.5,2098,0.000969266,2023
01185,Plateau d'Hauteville,01,province,38,12.6667,1380.8,1378.91,0.0413851,0.0270243,10.3712,7.79317,13.8021,commune,2.77784,0.0744135,0,608,0.316026,0.117992,0.0479858,5.60186,45.9799,-0.102264,-0.0207196,0.0190081,0.0503171,0.0934447,0.00934431,0.369,0.6705,-4588.92,-28476.5,162.79,10437,51089.7,0.0770961,0.0319496,0.0187216,reel,1888.9,2015,2104.05,0.00120946,2024
14384,Luc-sur-Mer,14,province,77,25.6667,3839.38,3846.69,0.0297074,0.0139251,16.1041,12.3825,20.9443,commune,1.56439,0.0215008,0,308,0.251359,0.0754051,0.0527704,-0.355083,49.3187,-0.0997661,-0.0212986,0.0189659,0.0505519,0.0871624,0.00856768,0.3675,0.664,-11629,-69625.4,435.576,27743.9,142057,0.0456453,0.0256718,0.0191695,reel,1934.9,2025,2098,0.00093005,2025
74303,Villaz,74,province,60,20,5714.47,5737.48,0.0337866,0.0180131,20.5189,15.8334,26.5909,commune,1.65864,0.0236407,0,304,0.104753,0.0149559,0.00939768,6.18974,45.9498,-0.103087,-0.0216829,0.0189495,0.0494781,0.087046,0.00725975,0.3675,0.6885,-18058.8,-101292,655.682,40177.1,211435,0.0399384,0.0240789,0.0176764,reel,1892.9,2019.5,2104.05,0.00116418,2026
11144,Fitou,11,province,53,17.6667,2212.52,2233.63,0.0399516,0.0251775,11.8898,9.33626,15.1418,maille,2.10049,0.035503,0,105,0.109673,0.0626019,0.052686,2.99464,42.8775,-0.0955267,-0.0214442,0.0189401,0.0486813,0.0906179,0.00748434,0.367,0.6805,-7049.97,-40797.6,252.934,16398.2,81863.3,0.056351,0.026762,0.0188127,reel,1917.7,2023.5,2121.3,0.00127108,2027
83129,Six-Fours-les-Plages,83,province,1554,518,5175.87,5177.31,0.00814286,0.00104637,18.9636,15.5482,23.1293,commune,1.10006,0.0104812,0,6078,0.0861974,0.0285933,0.00526369,5.81772,43.0965,-0.100015,-0.0236656,0.0189278,0.0490377,0.089449,0.00731301,0.377,0.673,-15958.5,-90862.3,587.422,36262.8,191507,0.0404885,0.0244418,0.0182464,reel,1999,2023,2045.05,0.000258121,2028
13201,Marseille 1er Arrondissement,13,province,1824,608,3905.84,3906.45,0.00732024,0.00084563,17.0082,13.1015,22.0798,commune,2.71984,0.0685496,0.584978,13977,0.105839,0.0332453,0.009937,5.38331,43.2992,-0.0983895,-0.0217406,0.0189105,0.0499506,0.0884909,0.00760501,0.3735,0.674,-11995.4,-69646.1,448.822,27486.4,144516,0.0476462,0.0259916,0.0194823,reel,2000.9,2023,2046.05,0.000249528,2029
65059,Bagnères-de-Bigorre,65,province,472,157.333,1902.33,1902.03,0.0141763,0.00317128,11.3521,7.91823,16.2752,commune,2.59165,0.0577564,0,2820,0.186478,0.0577323,0.0343546,0.152207,43.0612,-0.099077,-0.0218601,0.0189066,0.0506847,0.0918622,0.00887352,0.379,0.665,-5968.91,-36836.1,217.536,13836.7,70386.1,0.0621479,0.0279071,0.0188481,reel,1982,2022,2056.05,0.000435334,2030
74267,Sevrier,74,province,83,27.6667,6425.01,6444.04,0.028798,0.0130868,22.0797,17.4951,27.8657,commune,1.23869,0.0143776,0,563,0.145004,0.0657593,0.044079,6.14107,45.8636,-0.0973554,-0.0226735,0.0188767,0.0480782,0.0896826,0.00736515,0.381,0.692,-20442.3,-115359,741.285,45651.1,237725,0.0384367,0.0239718,0.018318,reel,1931,2031,2107,0.000946382,2031
35278,Saint-Grégoire,35,province,173,57.6667,3823.04,3824.99,0.0174352,0.00479702,15.5859,13.048,18.6173,commune,1.07976,0.00993301,0,1109,0.0358594,0.00948152,0.00119541,-1.67307,48.1496,-0.102283,-0.0203484,0.0188712,0.0491721,0.0877391,0.00737552,0.365,0.6745,-11401,-67317.8,427.139,26794.1,141452,0.0442136,0.0250796,0.0187902,reel,1973.95,2022,2073,0.000589905,2032
40036,Bénesse-Maremne,40,province,50,16.6667,3952.22,3967.91,0.0352164,0.0195665,16.124,13.8122,18.8229,commune,1.42401,0.0182186,0,327,0.0330863,0.00516352,0.00117428,-1.36488,43.6318,-0.103988,-0.0223217,0.0188696,0.0483738,0.0890421,0.00730053,0.3765,0.678,-12262.2,-68875.7,443.286,27661.9,146232,0.0444025,0.025133,0.0187912,reel,1932.65,2033,2115.3,0.00111974,2033
43157,Le Puy-en-Velay,43,province,802,267.333,1650.92,1651.16,0.0114694,0.00207585,10.6692,8.13724,13.989,commune,2.62935,0.0608554,0.0610973,6336,0.194783,0.0519632,0.0267013,3.886,45.0429,-0.101386,-0.0211043,0.0188658,0.0497905,0.0904132,0.00823732,0.3635,0.673,-5326.78,-31783.8,189.726,11979.9,61084,0.0666479,0.0285129,0.0188351,reel,1988.75,2028.5,2063.05,0.000411837,2034
34301,Sète,34,province,2652,884,3734.4,3735.06,0.00608729,0.000584763,15.5417,12.4395,19.4177,commune,1.80887,0.0270589,0.181373,13860,0.0699238,0.0154447,0.00317735,3.69125,43.4048,-0.10262,-0.0227437,0.0187907,0.0474108,0.0873609,0.00703878,0.381,0.6855,-11984.8,-66407.2,428.62,26172.2,138173,0.0451212,0.0247804,0.01808,reel,2014,2030,2046,0.00018521,2035
73322,Villarodin-Bourget,73,province,102,34,3175.33,3181.96,0.0287558,0.0130482,13.8952,7.35605,26.2473,maille,1.52929,0.0208193,0,242,0.495628,0.117547,0.122276,6.69542,45.2018,-0.102398,-0.0220953,0.0187584,0.0495068,0.0953284,0.00794934,0.3685,0.67,-11079.4,-66404.3,367.35,24037.5,117487,0.0468432,0.0248478,0.0163504,reel,1963.9,2026.5,2083.25,0.000688009,2036
12096,Espalion,12,province,124,41.3333,1576.53,1576.06,0.0264312,0.0110224,10.5586,8.29242,13.444,commune,2.80539,0.0780879,0,732,0.187172,0.0674253,0.0204727,2.76272,44.5225,-0.101707,-0.024636,0.0187013,0.0497769,0.0901137,0.00777022,0.3795,0.6725,-5342.21,-30371.7,184.806,11380.8,58331.8,0.0689506,0.0289608,0.0190042,reel,1977.85,2039,2099.1,0.000762841,2037
30132,La Grand-Combe,30,province,48,16,1236.89,1239.94,0.0488385,0.0376302,9.50844,7.5049,12.0468,commune,2.91821,0.101231,0.770833,1351,0.146629,0.0453051,0.00590723,4.02833,44.2117,-0.0995975,-0.0204691,0.0186778,0.0497496,0.0919168,0.00918536,0.3625,0.675,-3952.04,-23917.9,146.269,8766.68,45765.1,0.0776956,0.0294002,0.0191238,reel,1887.75,2035.5,2149.15,0.00162264,2038
69238,Saint-Symphorien-sur-Coise,69,province,45,15,2130.86,2132.86,0.0376652,0.0223852,11.7667,9.15639,15.1213,commune,2.18271,0.0382667,0,461,0.216273,0.0614017,0.0377908,4.4558,45.6319,-0.0979199,-0.0238459,0.0186772,0.0497985,0.0883197,0.00813234,0.3715,0.669,-6862.84,-39772.8,246.276,15457.4,78841.7,0.0578176,0.0271654,0.0183906,reel,1910.4,2035.5,2133.05,0.00131903,2039
22113,Lannion,22,province,239,79.6667,2356.73,2356.84,0.01816,0.00520391,12.1272,9.71502,15.1384,commune,1.66328,0.0237633,0.0962343,2984,0.111724,0.0222201,0.0131295,-3.4596,48.7328,-0.0949413,-0.0204487,0.0186282,0.0508005,0.0899795,0.00915046,0.37,0.67,-6904.28,-42024.3,263.968,16719.5,87199.2,0.0541117,0.0265772,0.0195109,reel,1978.95,2038.5,2083,0.000631538,2040
80649,Quend,80,province,61,20.3333,3518.21,3544.43,0.0367665,0.021319,14.8526,12.0958,18.2376,maille,1.61514,0.0227188,0,157,0.241961,0.0652061,0.0728374,1.54816,50.3224,-0.0957793,-0.0220722,0.0186082,0.0473495,0.0856286,0.00720254,0.372,0.6965,-11747.7,-64505.1,405.389,25823,130174,0.0455433,0.0247731,0.017647,reel,1940.8,2037,2126,0.0010527,2041
44194,Sautron,44,province,87,29,3770.84,3776.66,0.0262508,0.0108735,15.3523,13.0645,18.0407,commune,1.04379,0.0085659,0,915,0.0145285,0.00300763,0.0057247,-1.67174,47.2624,-0.0989551,-0.0228138,0.0185148,0.0484695,0.0876152,0.00657287,0.3735,0.6745,-11549.6,-66964,423.432,26481.4,139521,0.0440824,0.0249012,0.0185781,reel,1957,2042,2116.3,0.000951275,2042
34023,Balaruc-les-Bains,34,province,605,201.667,3989.71,3993.25,0.0127323,0.00255823,15.725,11.2119,22.0548,commune,1.16705,0.0125487,0,2083,0.0933469,0.015394,0.0029027,3.67712,43.4406,-0.105954,-0.0202879,0.0184793,0.0476147,0.087516,0.00642797,0.3695,0.6815,-12843.1,-73105.7,454.351,27975.6,147619,0.0427851,0.0242598,0.0176195,reel,2012,2046.5,2081,0.000403556,2043
56162,Ploemeur,56,province,161,53.6667,4125.5,4127.68,0.0192019,0.00581826,16.4809,12.6956,21.3948,commune,1.23347,0.014226,0,1196,0.0575764,0.0127901,0.00269503,-3.43039,47.7335,-0.102221,-0.0225457,0.0184721,0.0507932,0.0872236,0.00757468,0.376,0.6685,-12456.9,-72853.6,463.288,28882.5,152644,0.0435754,0.0250543,0.0187734,reel,1995.95,2043,2095.25,0.00063263,2044
33203,Hourtin,33,province,79,26.3333,3163.59,3172.36,0.0262094,0.0108397,13.9195,11.5565,16.7658,maille,1.25058,0.0146529,0,384,0.192568,0.021229,0.00563845,-1.0822,45.1827,-0.101883,-0.0236,0.018453,0.0476192,0.0872795,0.00615847,0.383,0.685,-10343.8,-56617.4,355.358,22228.2,117053,0.0471093,0.0253231,0.0182866,reel,1970.7,2048.5,2111.05,0.000837535,2045
33097,Carcans,33,province,83,27.6667,4080.7,4092.77,0.0255767,0.0103227,16.0947,13.2516,19.5477,maille,1.22825,0.0140573,0,231,0.205835,0.102639,0.0281008,-1.14537,45.0731,-0.103207,-0.023487,0.0184431,0.0472209,0.0863857,0.00682752,0.376,0.682,-13445.8,-72399.8,477.442,28980.4,150986,0.0429181,0.0244779,0.0178694,reel,1989.95,2051,2108.05,0.000710642,2046
07201,Ruoms,07,province,37,12.3333,2642.27,2671.57,0.0526422,0.0437097,13.0115,10.3416,16.3708,commune,2.36891,0.0460186,0,265,0.0739784,0.0365709,0.00936472,4.34061,44.452,-0.100398,-0.0217937,0.0184345,0.0482155,0.0895163,0.00803409,0.3775,0.684,-8377.55,-47817,305.498,18686.6,97763.9,0.0522802,0.0258114,0.0186072,reel,1913,2053,2179,0.00171407,2047
56260,Vannes,56,province,1964,654.667,4003.82,4004.05,0.00551234,0.000479516,15.8834,12.5724,20.0664,commune,1.35789,0.0169868,0.0356415,13722,0.0630155,0.0180832,0.00882083,-2.76046,47.658,-0.103141,-0.0228258,0.0184051,0.0487991,0.0870277,0.00695671,0.376,0.676,-12956.2,-71627.3,456.106,28186.2,148141,0.043109,0.0243365,0.0177237,reel,2032.95,2049,2066.05,0.000168168,2048
56007,Auray,56,province,387,129,3701.19,3701.76,0.012406,0.00242877,15.6321,12.5993,19.395,commune,1.57483,0.0217709,0.00258398,3687,0.0658027,0.0109445,0.00653863,-2.98678,47.6683,-0.100241,-0.0216778,0.0183976,0.049966,0.0909711,0.00807829,0.378,0.674,-11062,-64988.3,417.04,25990.7,136944,0.0458191,0.0254763,0.0191236,reel,2013.95,2050.5,2081.05,0.000442317,2049
12202,Rodez,12,province,1186,395.333,2205.27,2205.59,0.00858814,0.00116392,11.9112,9.43989,15.0295,commune,1.99449,0.0321092,0.0489039,9768,0.172446,0.0494364,0.0232292,2.57299,44.3543,-0.0979902,-0.0210085,0.0183947,0.0492492,0.0893242,0.00848031,0.3645,0.6785,-6914.71,-39216.9,250.178,15857.5,81595,0.0566526,0.0270789,0.01909,reel,2025.95,2050,2072,0.00026436,2050
85012,La Barre-de-Monts,85,province,47,15.6667,3199.53,3213.48,0.0395977,0.0247323,13.8323,11.0006,17.393,maille,1.35644,0.0169548,0,166,0.213058,0.0468688,0.028551,-2.14254,46.8901,-0.106894,-0.0237983,0.0183402,0.047744,0.0862418,0.0060713,0.3755,0.694,-11094.5,-59699.4,370.755,22904.6,118383,0.046253,0.0246749,0.0172589,reel,1945.75,2053.5,2143.15,0.00124662,2051
13113,Venelles,13,province,85,28.3333,5060.67,5091.35,0.0336229,0.0178376,18.2625,14.848,22.4621,commune,1.01914,0.00709741,0,700,0.0513536,0.00913254,0.00710619,5.48003,43.597,-0.10806,-0.0225617,0.0183142,0.0471936,0.0877324,0.00601605,0.3785,0.6865,-16733.3,-91807,577.257,35526.1,187245,0.0397476,0.0238155,0.0173109,reel,1954,2051,2128.3,0.00106681,2052
74131,Frangy,74,province,36,12,3754.39,3782.83,0.0433599,0.0296656,15.3514,11.9666,19.6937,maille,1.42851,0.0183333,0,326,0.0898521,0.0280766,0.0256709,5.92605,46.0191,-0.101604,-0.0236594,0.0183051,0.0481017,0.0882744,0.00645417,0.3745,0.6825,-12266.1,-68339.6,428.865,26785.5,138912,0.0442727,0.0246008,0.0180021,reel,1908.95,2051,2144.15,0.00139659,2053
42110,L'Horme,42,province,63,21,1891.11,1893.38,0.040259,0.0255706,11.7529,8.79811,15.7001,commune,2.59194,0.0577596,0,983,0.318588,0.214075,0.00568791,4.54339,45.4862,-0.0903033,-0.020696,0.0183033,0.0499687,0.088784,0.00935756,0.376,0.672,-6156.41,-35238.3,236.063,13328.3,69970.9,0.0650599,0.0299084,0.0190103,reel,1926.95,2059,2134,0.00122488,2054
29039,Concarneau,29,province,393,131,3496.8,3499.22,0.0133802,0.00282516,14.6533,11.9348,17.9909,commune,1.779,0.0264001,0.00508906,3927,0.0827649,0.0244961,0.0101946,-3.92051,47.8733,-0.103602,-0.0225387,0.0182718,0.0478701,0.088319,0.00627243,0.3685,0.689,-11304.6,-62796.1,406.042,24641.2,129381,0.0451382,0.0242382,0.0172342,reel,2020.85,2058,2087.05,0.000408489,2055
17230,Meschers-sur-Gironde,17,province,32,10.6667,3575.63,3595.76,0.0483025,0.0367999,14.9242,11.8185,18.8459,maille,1.53944,0.0210305,0,166,0.210814,0.0498861,0.022253,-0.954365,45.559,-0.104313,-0.0231837,0.0182403,0.0484651,0.0879779,0.00661537,0.381,0.685,-12151.2,-66153.1,412.444,25438.6,132298,0.0450522,0.024636,0.0175178,reel,1921.95,2062.5,2150.1,0.0014185,2056
17333,Saint-Georges-de-Didonne,17,province,307,102.333,4220.13,4223.09,0.0158545,0.00396658,16.3039,12.8981,20.6091,commune,1.41038,0.0179404,0,968,0.203727,0.0598975,0.0374365,-0.995189,45.6019,-0.111601,-0.0233695,0.0182145,0.0472654,0.0878373,0.00542544,0.3795,0.683,-14490.1,-78035.9,490.534,30155.6,156145,0.0420952,0.0239348,0.0171521,reel,2019.95,2056,2106.05,0.000521583,2057
35152,Liffré,35,province,78,26,3246.99,3251.18,0.0258909,0.0105777,13.8886,11.2543,17.1396,commune,1.21462,0.0138033,0,597,0.030054,0.00924952,0.00376646,-1.50577,48.2103,-0.102445,-0.0255234,0.0182116,0.0490547,0.0883731,0.00639486,0.3795,0.685,-10272.4,-57409.5,367.941,22785.7,120139,0.0457849,0.0246258,0.0179521,reel,1982.7,2057.5,2119.1,0.00089118,2058
69154,Pollionnay,69,province,35,11.6667,3673.71,3698.02,0.0425731,0.0285981,14.8741,12.0409,18.3739,maille,1.77349,0.0262726,0,158,0.123351,0.05398,0.0561451,4.66233,45.7649,-0.101066,-0.0252108,0.0182056,0.0461893,0.0872426,0.00558081,0.385,0.6915,-13324.2,-67991,437.452,26545,135927,0.0436857,0.0236114,0.0164525,reel,1917.75,2057.5,2148.2,0.00136718,2059
14562,Saint-Aubin-sur-Mer,14,province,48,16,3769.68,3784.68,0.0374705,0.0221518,15.5006,12.0059,20.0125,maille,1.30162,0.0158337,0,207,0.240335,0.0864428,0.13855,-0.388726,49.3286,-0.0996332,-0.019473,0.0181856,0.0483295,0.087542,0.00853349,0.3635,0.6835,-12248.2,-69152.5,432.894,28625.2,139478,0.044568,0.0249922,0.0185717,reel,1959.9,2059.5,2136.1,0.0010958,2060
35189,Montgermont,35,province,43,14.3333,3695.53,3701.7,0.0347227,0.0190237,15.4441,12.3896,19.2516,commune,1.56758,,0,438,0.0210338,0.0166655,0.0093196,-1.71688,48.1548,-0.0964477,-0.0214246,0.0181695,0.0498028,0.0889644,0.00743098,0.38,0.6715,-11118.2,-65163,416.509,26041.6,136735,0.0452787,0.0250675,0.0186199,reel,1957.95,2055,2135,0.00115132,2061
05179,Veynes,05,province,66,22,1585.16,1576.52,0.0366066,0.0211414,11.4763,9.07579,14.5116,commune,2.42575,0.0487928,0,1203,0.26751,0.457271,0.177894,5.82283,44.5337,-0.0874145,-0.0165742,0.0181593,0.046371,0.0831855,0.0100431,0.35,0.697,-6221.41,-32580.2,217.586,14101.3,58651.1,0.0755222,0.0344689,0.0179143,reel,1998.75,2061.5,2120.15,0.00075344,2062
83034,Carqueiranne,83,province,318,106,5427.38,5434.79,0.0179645,0.00509266,19.5444,15.7735,24.2169,commune,1.29133,0.0155902,0,1115,0.060693,0.0197796,0.00362498,6.07526,43.092,-0.099609,-0.0242046,0.018137,0.0480317,0.0881266,0.00607343,0.3885,0.677,-17757.9,-96136.9,621.691,38023,200813,0.0398964,0.0240995,0.0177071,reel,2004.8,2065,2105.1,0.000623231,2063
56158,Plescop,56,province,139,46.3333,3640.3,3643.03,0.0206562,0.00673293,14.9944,12.3285,18.2367,commune,1.07947,0.00991736,0,887,0.0115471,0.00183273,0.00033163,-2.80502,47.6963,-0.105953,-0.0249758,0.0181254,0.049926,0.088387,0.00682456,0.3745,0.6765,-11313.5,-64703.1,407.495,25471.4,134691,0.0444833,0.0248607,0.0184712,reel,1997,2059.5,2105.1,0.000668736,2064
50147,Coutances,50,province,114,38,2014.66,2014.52,0.0264143,0.0110077,11.3732,8.65074,14.9524,commune,2.18881,0.0385597,0.0438596,2813,0.102228,0.0393587,0.028638,-1.44381,49.0494,-0.101277,-0.0229782,0.0181219,0.0498452,0.0910378,0.00819921,0.376,0.671,-6243.1,-37235.8,231.069,14505.2,74542.3,0.0588082,0.0270083,0.0191442,reel,1997.9,2066,2125,0.000817245,2065
14715,Trouville-sur-Mer,14,province,588,196,5150.73,5152.51,0.0108153,0.00184586,18.8328,14.623,24.2547,commune,1.76334,0.0260442,0,2412,0.219885,0.124688,0.113365,0.0867,49.3671,-0.100023,-0.0225381,0.018078,0.0478143,0.0864761,0.00722326,0.3705,0.6825,-17352,-94983.9,609.27,38048.7,190577,0.0403815,0.0236896,0.0179416,reel,2037.9,2067,2092,0.000333134,2066
84137,Vaison-la-Romaine,84,province,73,24.3333,2894.94,2914.99,0.037861,0.0226152,13.3507,10.6478,16.7397,commune,2.59861,0.0582192,0,661,0.139235,0.0545504,0.0301232,5.07429,44.2413,-0.102738,-0.0238736,0.0180681,0.0462473,0.0858382,0.00580146,0.373,0.7075,-10448.9,-54263.1,345.025,20721.9,107113,0.049123,0.0243111,0.0162965,reel,1970.85,2068,2144,0.00109829,2067
22187,Plérin,22,province,111,37,3143.19,3147.09,0.0265688,0.011138,13.683,11.1328,16.8175,commune,1.6627,0.0237439,0,1136,0.0709579,0.0119822,0.0107825,-2.76389,48.535,-0.0995533,-0.0218383,0.0180487,0.046566,0.0860451,0.00656975,0.378,0.694,-10527.3,-56220.6,360.624,22182.4,116298,0.0465122,0.0243481,0.0172875,reel,2005,2067,2135.05,0.000878829,2068
73154,Mercury,73,province,30,10,3181.81,3200.08,0.0522167,0.0430167,14.1911,11.4964,17.5175,maille,2.04147,0.0335227,0,214,0.113979,0.0203804,0.0338483,6.34486,45.6805,-0.101048,-0.0242229,0.0180294,0.0474548,0.0852999,0.00626492,0.381,0.6825,-10857.7,-57916.5,365.38,22722.9,117727,0.0478638,0.025045,0.0179874,reel,1889.7,2065,2169.05,0.00176511,2069
2A070,Casaglione,2A,province,35,11.6667,4402.33,4514.68,0.0591739,0.0552003,17.5203,14.1683,21.6652,maille,2.34513,0.0447977,0,54,0.0787963,0.0301217,0.00254609,8.73753,42.0662,-0.0991014,-0.0242302,0.0180076,0.0481839,0.0866261,0.00726162,0.374,0.683,-14250.9,-78837.3,513.522,30898.8,162886,0.0436685,0.0244552,0.0176765,reel,1890.8,2074.5,2183,0.00186338,2070
74123,Faverges-Seythenex,74,province,157,52.3333,3323.74,3329.2,0.0210034,0.00696146,14.3018,10.606,19.2855,commune,2.26218,0.0414905,0,1153,0.191029,0.114113,0.0229407,6.29501,45.748,-0.106232,-0.0241791,0.0180046,0.0468589,0.0859756,0.00508629,0.3855,0.697,-12126.9,-63040.4,400.735,23645.1,122978,0.0462196,0.0240253,0.0162001,reel,2019,2070,2114.05,0.000615668,2071
66067,Err,66,province,37,12.3333,3339.14,3379.75,0.0505237,0.040268,14.857,10.9352,20.1854,maille,2.15864,0.0375162,0,91,0.2137,0.122849,0.0434165,2.03329,42.4403,-0.0999406,-0.0246058,0.0179763,0.0489318,0.0858334,0.00720567,0.376,0.6765,-11416,-61995.8,395.211,24182.6,123548,0.0480016,0.0254896,0.0182093,reel,1925.55,2070,2155.15,0.00141037,2072
29058,Fouesnant,29,province,149,49.6667,3595.76,3602.62,0.0216808,0.00741729,14.8198,11.5073,19.0859,commune,1.60731,0.0224639,0,809,0.076878,0.0273316,0.00874858,-4.00612,47.8883,-0.107866,-0.0232748,0.0179694,0.0489239,0.0881361,0.00616327,0.3775,0.685,-11828.6,-65559.5,414.344,25283,133043,0.0444517,0.0241657,0.0172369,reel,1995.75,2067,2127.05,0.0008029,2073
13022,Cassis,13,province,210,70,6674.72,6686.5,0.0215047,0.00729747,23.2041,18.8294,28.5951,commune,2.00986,0.0325189,0,1744,0.118652,0.0313792,0.010816,5.53861,43.2164,-0.0985139,-0.0238206,0.0179597,0.0492975,0.0860343,0.00712351,0.3665,0.665,-21375.2,-118311,772.938,46906.3,246965,0.0390202,0.02388,0.0175462,reel,2007.8,2074,2122.05,0.000707615,2074
85114,Jard-sur-Mer,85,province,78,26,3709.87,3719.57,0.030887,0.0150507,15.2316,11.5997,20.0006,maille,1.16125,0.0123901,0,224,0.254958,0.0676625,0.0535276,-1.58032,46.4105,-0.10143,-0.0217562,0.0179596,0.0495386,0.0869813,0.00772576,0.3655,0.67,-11970,-67689.2,426.919,26733.9,137265,0.0444163,0.0248892,0.0180712,reel,1988.85,2074.5,2133.05,0.000971054,2075
35051,Cesson-Sévigné,35,province,312,104,3960.28,3961.82,0.0129967,0.00266558,15.5495,13.1175,18.4326,commune,1.03625,0.0082233,0,3145,0.0204233,0.00434628,0.00200364,-1.61413,48.1137,-0.104422,-0.0229836,0.0179486,0.0487461,0.0867688,0.00608281,0.3785,0.6785,-12566.8,-69738.9,448.916,27716.6,146531,0.0425713,0.0241713,0.0175806,reel,2035.9,2070,2105.05,0.000465959,2076
12176,Onet-le-Château,12,province,244,81.3333,2452.58,2456.01,0.0188926,0.0056321,11.7776,9.81169,14.1374,commune,1.57947,0.0218599,0.0655738,2839,0.104784,0.00640574,0.000906301,2.58049,44.3676,-0.105168,-0.0250895,0.0179463,0.0476855,0.0861311,0.00514688,0.3825,0.686,-8394.89,-44808.5,282.212,17159.5,90745.6,0.0502862,0.0243663,0.0167162,reel,2021.95,2070,2116.1,0.000599145,2077
76711,Le Tréport,76,province,141,47,2503.33,2510.58,0.0267664,0.0113048,12.8552,10.1028,16.3574,commune,2.50464,0.0526462,0,1239,0.205318,0.0545637,0.0619875,1.37014,50.0606,-0.0990137,-0.0234065,0.0179293,0.0482496,0.0889623,0.00726693,0.3815,0.6915,-8460.18,-46382.3,287.613,18527.8,92623.2,0.0544324,0.0265222,0.0182535,reel,2017,2077.5,2133.1,0.000743677,2078
14079,Blonville-sur-Mer,14,province,199,66.3333,4575.23,4580.91,0.0185578,0.0054345,16.9944,13.0986,22.0488,commune,1.24536,0.0145319,0,534,0.264113,0.0717853,0.0263056,0.028873,49.3368,-0.103141,-0.0220385,0.0179245,0.0471664,0.0857983,0.00660254,0.3705,0.6935,-15711.1,-83660.4,536.337,32451.1,169283,0.0406389,0.0235961,0.016811,reel,2026.9,2074.5,2116,0.000535996,2079
74160,Manigod,74,province,132,44,5221.25,5231.75,0.0228912,0.00826901,19.0816,15.1358,24.056,maille,1.57135,0.0216938,0,323,0.461721,0.073641,0.0202233,6.41243,45.8627,-0.10153,-0.025255,0.0179004,0.0476513,0.0854204,0.00612163,0.3785,0.688,-18073.6,-94997.3,611.053,36863.2,193186,0.0404077,0.0239792,0.0174422,reel,2014.9,2079.5,2128.05,0.000718633,2080
74215,Praz-sur-Arly,74,province,227,75.6667,5304.69,5311.16,0.017486,0.00482511,19.1474,14.1224,25.9602,maille,1.48811,0.0198155,0,633,0.473586,0.0512749,0.0379168,6.57183,45.836,-0.0963905,-0.0243989,0.0178877,0.0477829,0.086141,0.00640858,0.3805,0.6935,-18256.9,-97004.3,617.928,37710,196273,0.039921,0.0237926,0.0173118,reel,2034,2078,2112.05,0.000486673,2081
69094,Grézieu-la-Varenne,69,province,71,23.6667,3999.52,4013.31,0.0301089,0.0143051,15.5828,12.6188,19.2431,commune,1.05829,0.00908059,0,578,0.0940626,0.0282043,0.0107817,4.69105,45.7479,-0.101246,-0.0263951,0.0178698,0.0479001,0.0859619,0.00613309,0.3735,0.687,-13363.4,-71398.7,459.615,28232.3,147982,0.0422536,0.0239877,0.0173043,reel,1975.65,2077.5,2141.05,0.00101405,2082
40296,Seignosse,40,province,287,95.6667,5459.67,5464.83,0.0148177,0.00346477,18.9568,14.8895,24.135,commune,1.3866,0.0175278,0,1017,0.202304,0.0667081,0.0300088,-1.43213,43.7071,-0.105774,-0.025593,0.017835,0.0464182,0.0849988,0.00555302,0.377,0.701,-19915.9,-100250,648.263,38642.3,202008,0.0383689,0.0228969,0.0163009,reel,2037.9,2075.5,2109,0.000451432,2083
2A247,Porto-Vecchio,2A,province,241,80.3333,5417.51,5437.76,0.0230919,0.00841362,19.9308,15.5537,25.5397,commune,2.37587,0.0462448,0.0912863,1826,0.0261955,0.00836758,0.00496437,9.27848,41.5879,-0.0975642,-0.0221916,0.0177885,0.0483764,0.0878428,0.00706334,0.391,0.6865,-17958.9,-96856.1,632.221,37942.5,200448,0.040825,0.0237289,0.0168199,reel,2029,2083,2137.2,0.000750191,2084
73249,Saint-Jeoire-Prieuré,73,province,58,19.3333,4297.47,4313.34,0.0379477,0.0227219,16.8965,13.7869,20.7073,commune,2.09223,,0,209,0.0577857,0.0166227,0.0303724,5.99137,45.5323,-0.100736,-0.0219946,0.0177598,0.0474484,0.0831508,0.00583896,0.379,0.685,-14717.9,-77635.4,501.555,30486.8,159006,0.0429922,0.0240442,0.0172765,reel,2007.75,2082.5,2159,0.00109702,2085
53147,Mayenne,53,province,99,33,1598.8,1599.9,0.0262725,0.010888,10.048,7.84962,12.8621,commune,2.38312,0.0464656,0,2081,0.0965198,0.0127162,0.00732706,-0.617486,48.3018,-0.105313,-0.0222008,0.0177596,0.0478173,0.0895023,0.00542106,0.374,0.684,-5303.48,-30922.4,184.905,11320,59155.6,0.0641582,0.0264585,0.0180266,reel,2007.95,2077,2137.1,0.000859835,2086
06159,Villefranche-sur-Mer,06,province,381,127,8161.73,8170.74,0.0170744,0.0046005,26.9526,19.5315,37.1933,commune,2.07048,0.034451,0,1517,0.145684,0.0672913,0.0176928,7.30875,43.7041,-0.100552,-0.0254556,0.0176857,0.0481518,0.089618,0.0071996,0.3915,0.6855,-26860.1,-146687,956.84,57384,301984,0.0374223,0.0235306,0.0175422,reel,2042.95,2081,2122,0.000518275,2087
69141,Mornant,69,province,70,23.3333,3711.12,3723.25,0.0303201,0.0145065,14.9945,11.66,19.2828,commune,1.65951,0.0236665,0,452,0.116577,0.0293532,0.0115255,4.67277,45.6187,-0.101968,-0.0249004,0.0176285,0.0479924,0.0890747,0.00590748,0.3815,0.6835,-12549.4,-67330,431.196,26127.9,137311,0.0436349,0.0237812,0.0166302,reel,2001.85,2087,2145.05,0.000906191,2088
88372,Raon-l'Étape,88,province,35,11.6667,1122.3,1133.6,0.0557759,0.0490675,8.90966,6.88951,11.5222,commune,2.72361,0.068793,0,908,0.13558,0.0322684,0.00810578,6.84262,48.4068,-0.108943,-0.022293,0.0175953,0.0482972,0.0915931,0.00605331,0.3755,0.688,-3982.24,-22876.6,133.807,7986.21,41525.1,0.0792265,0.0281987,0.0174021,reel,1906,2087,2192.15,0.00187854,2089
40310,Soustons,40,province,204,68,4309.46,4314,0.0175632,0.0048676,16.8682,13.2253,21.5146,commune,1.41328,0.0180021,0,974,0.0765058,0.0137882,0.0034056,-1.33615,43.7563,-0.106275,-0.0226906,0.0175516,0.0473511,0.0885978,0.00645412,0.3775,0.6815,-13624.5,-77462.5,488.69,30254,159450,0.0427939,0.0246145,0.0181476,reel,2044,2094.5,2137.05,0.000611001,2090
56117,Locminé,56,province,37,12.3333,2334.61,2337.72,0.0396739,0.0248331,11.6803,9.05354,15.0691,commune,2.3721,0.0461538,0,534,0.0506892,0.0419869,0.0111775,-2.83682,47.8897,-0.105496,-0.0256578,0.0175439,0.0462146,0.0849624,0.0050604,0.382,0.696,-8496.89,-43728.4,279.669,16523.2,86380.6,0.0523271,0.0242323,0.0162031,reel,1980.9,2091,2166.1,0.00123849,2091
50165,Donville-les-Bains,50,province,76,25.3333,3742.22,3755.2,0.0322642,0.0164212,14.7908,11.2062,19.522,commune,1.24594,0.0145349,0,592,0.0974834,0.0287729,0.0119259,-1.57947,48.8505,-0.104425,-0.0235303,0.0175413,0.0473896,0.0872861,0.00499466,0.381,0.684,-12884.8,-70024,438.826,26389.6,138462,0.0426191,0.023519,0.0164541,reel,1989.95,2093,2166,0.00120204,2092
74137,Groisy,74,province,53,17.6667,5136.32,5161.31,0.0359061,0.0203438,18.9677,15.5307,23.1653,commune,1.98202,0.0317019,0,380,0.0975301,0.0268177,0.0149727,6.17044,46.0102,-0.101244,-0.0233533,0.0175335,0.0474007,0.0855401,0.0052946,0.3765,0.694,-17790.2,-93397.3,601.074,36159.8,190044,0.0408098,0.0237763,0.0171065,reel,1997.9,2085,2168,0.00123353,2093
74063,Châtel,74,province,311,103.667,5346.56,5352.51,0.0149488,0.00352646,18.4759,13.1828,25.8941,maille,1.33208,0.0165242,0,942,0.455748,0.160489,0.0875914,6.838,46.2659,-0.100545,-0.024225,0.0175209,0.045924,0.0854918,0.00558695,0.3735,0.7085,-19860,-101947,648.383,38929.8,197823,0.0381012,0.0226206,0.0165063,reel,2063,2091,2117,0.000391808,2094
83007,Aups,83,province,36,12,2010.03,2021.18,0.052366,0.0432594,11.2752,8.82753,14.4017,commune,2.61804,0.0597531,0,259,0.150496,0.0472238,0.0178221,6.22487,43.6284,-0.100433,-0.0248483,0.0174728,0.0481743,0.0896149,0.00610602,0.3765,0.6875,-6788.83,-38995.4,235.02,14344.4,74371.1,0.0583588,0.0260435,0.0171815,reel,1960.7,2084,2185.15,0.00158871,2095
69086,Fleurieux-sur-l'Arbresle,69,province,31,10.3333,3710.12,3741.7,0.0451536,0.0321694,14.6722,11.7792,18.2758,maille,1.29988,0.015814,0,88,0.120255,0.02668,0.00470579,4.65137,45.8371,-0.0989603,-0.024295,0.0174667,0.0456967,0.086793,0.00488645,0.382,0.697,-12990.9,-69315.9,433.842,26054.7,137274,0.0426042,0.0233782,0.0161298,reel,1968.85,2099,2176.3,0.00143699,2096
04203,Selonnet,04,province,51,17,1907.15,1926.32,0.0433271,0.0296134,11.3508,8.72843,14.7609,maille,2.43852,0.0493976,0,129,0.444091,0.0459671,0.0162374,6.29442,44.3471,-0.101099,-0.0239843,0.0174591,0.0487758,0.0885078,0.00751999,0.385,0.677,-6446.38,-36069.1,215.75,13593.8,70564.5,0.0619821,0.0280574,0.0169659,reel,1993.9,2086,2172.05,0.00122515,2097
17094,Châtelaillon-Plage,17,province,136,45.3333,5251.04,5262.44,0.0237623,0.00890953,18.0083,14.3714,22.5656,commune,1.20795,0.0136316,0,691,0.108626,0.02327,0.0129842,-1.09136,46.0757,-0.112188,-0.0276335,0.0174548,0.0466118,0.085837,0.00420457,0.393,0.6945,-19397.7,-96817.4,620.839,36900,194289,0.0377258,0.0223405,0.0152637,reel,2045.8,2097,2148.05,0.000726553,2098
11170,Gruissan,11,province,632,210.667,3486.56,3490.52,0.0117029,0.00216126,14.4294,11.3329,18.3719,commune,1.27784,0.0152831,0,1372,0.0576361,0.0131607,0.00435992,3.09694,43.1097,-0.104892,-0.0241659,0.0174137,0.0485459,0.0878696,0.00552041,0.375,0.6945,-11473,-62518.1,397.652,24451.9,129003,0.0445001,0.0242715,0.0174723,reel,2065,2097,2123,0.000380469,2099
2A269,Sari-Solenzara,2A,province,53,17.6667,3751.17,3812.26,0.0485358,0.0371495,15.9244,12.6679,20.018,maille,2.61746,0.0597315,0,212,0.0562764,0.00632324,0.005016,9.39999,41.858,-0.102106,-0.0218076,0.0174021,0.0483054,0.0871844,0.00764209,0.3795,0.685,-12095.3,-66448.9,432.181,26407.6,138793,0.0461437,0.0246839,0.0177051,reel,1951,2090,2174.05,0.00145075,2100
01344,Saint-Denis-lès-Bourg,01,province,40,13.3333,2261.97,2279.39,0.0403644,0.0257078,11.4545,9.12408,14.3802,maille,1.43794,0.0186212,0,359,0.0555895,0.0161418,0.0170049,5.20381,46.2056,-0.105606,-0.0223793,0.0173782,0.0491348,0.0875766,0.00713633,0.3745,0.674,-7266.86,-41166.9,257.087,16014.6,83693.1,0.0528097,0.0253195,0.0181523,reel,1975.75,2089,2168.05,0.00133011,2101
31042,Bagnères-de-Luchon,31,province,473,157.667,2428.85,2429.71,0.0123538,0.00240839,12.4489,8.33874,18.5848,commune,2.45534,0.0502078,0,1518,0.23412,0.118663,0.0880303,0.594498,42.7897,-0.104323,-0.0242227,0.017355,0.0485601,0.0879943,0.00718958,0.3745,0.6865,-8763.97,-47732.7,290,18480.5,89867.6,0.054094,0.0259457,0.0167472,reel,2072,2100.5,2124.05,0.000345796,2102
29031,Clohars-Carnoët,29,province,41,13.6667,4087.28,4120.45,0.0409375,0.0264389,15.6642,12.0582,20.3486,maille,1.39646,0.0177054,0,312,0.115499,0.0231906,0.00976625,-3.55402,47.7688,-0.102818,-0.026047,0.0173515,0.0477266,0.0869777,0.0059159,0.383,0.6945,-14208.5,-74855.4,476.047,28811.3,151229,0.0415852,0.0233175,0.0162207,reel,1971.9,2103,2171.2,0.00130729,2103
73197,Peisey-Nancroix,73,province,62,20.6667,5699.67,5725.75,0.03673,0.0212871,19.6252,11.0835,34.7496,maille,2.096,0.0353312,0,198,0.385135,0.157776,0.106399,6.76349,45.5485,-0.092764,-0.0224084,0.0173454,0.0497432,0.0887152,0.00774444,0.373,0.68,-20112.5,-110089,691.401,41724.3,210888,0.0381604,0.0223417,0.016352,reel,2019.65,2101.5,2161.1,0.00103818,2104
66008,Argelès-sur-Mer,66,province,845,281.667,3429.66,3431.6,0.0107799,0.00183382,14.9307,12.2689,18.1699,commune,1.38805,0.0175416,0,2669,0.082941,0.0269969,0.00379896,3.0412,42.5556,-0.105268,-0.0219285,0.017318,0.0502641,0.0886053,0.00792868,0.378,0.6725,-10384,-60435.5,385.247,24044.2,126898,0.0469923,0.0258716,0.0195731,reel,2076.9,2101,2128.05,0.000365969,2105
35275,Saint-Gilles,35,province,43,14.3333,3314.36,3322.88,0.0347227,0.0190237,13.9668,11.9746,16.2905,commune,1.13747,0.0116751,0,489,0.0170401,0.00346715,0.000696671,-1.83914,48.1526,-0.0982822,-0.0227932,0.0172852,0.0485556,0.0876904,0.00707768,0.3775,0.6775,-10563.4,-58106.9,376.381,23210.7,122631,0.0451374,0.0244223,0.0177484,reel,2006.75,2100,2169.1,0.00118027,2106
42052,Charlieu,42,province,58,19.3333,1451.23,1452.46,0.0419127,0.0277139,10.0044,8.0277,12.4679,commune,2.71592,0.068323,0,1144,0.12839,0.0296917,0.00746325,4.1701,46.1586,-0.101958,-0.0238169,0.0172755,0.0494971,0.0908763,0.00746234,0.383,0.6775,-4769.59,-27235.6,169.858,10302.5,53695.4,0.0703217,0.0283271,0.0192863,reel,2006.65,2103.5,2175.05,0.00126771,2107
34324,Valras-Plage,34,province,539,179.667,3627.6,3631.05,0.0134872,0.00287058,14.9363,11.2808,19.7762,commune,1.61166,0.0225905,0,1362,0.0835072,0.0125915,0.00512457,3.28593,43.2456,-0.0990659,-0.0238504,0.0172722,0.0472148,0.090216,0.00661647,0.379,0.6975,-12365.7,-65371.1,419.337,25448.3,134221,0.0444468,0.0242361,0.0173358,reel,2064.9,2101,2128.05,0.00041498,2108
83059,Forcalqueiret,83,province,40,13.3333,3687.23,3734.95,0.0497857,0.0391026,14.7338,11.7224,18.5188,maille,1.3605,0.0170006,0,124,0.126581,0.0236861,0.00747143,6.08461,43.3387,-0.102077,-0.0260134,0.0172715,0.0456928,0.0876415,0.00473418,0.3845,0.7035,-12955,-68239.3,429,25933.5,136428,0.0430691,0.0236118,0.0164243,reel,1954.9,2105,2186.05,0.00154088,2109
83112,Saint-Cyr-sur-Mer,83,province,540,180,5943.84,5949.06,0.0138001,0.0030053,20.3975,15.82,26.2995,commune,1.15806,0.0122815,0,2239,0.0685295,0.0209994,0.00535505,5.69666,43.1798,-0.103682,-0.0247875,0.0172207,0.0481226,0.088268,0.00662618,0.3765,0.6775,-19415.6,-106274,684.089,41661,219922,0.0381521,0.0234241,0.0168887,reel,2072.85,2110,2139,0.00045795,2110
83119,Saint-Tropez,83,province,223,74.3333,9027.87,9036.45,0.0214293,0.00724646,29.6806,23.2783,37.8438,commune,2.23289,0.0404235,0,1745,0.0836583,0.0279705,0.0147327,6.63569,43.2666,-0.102157,-0.0224965,0.0171853,0.0481177,0.0869747,0.00633776,0.388,0.679,-29504.7,-162856,1052.17,63339,334031,0.0374582,0.0237907,0.0175808,reel,2047.7,2107,2145.05,0.000658251,2111
33529,La Teste-de-Buch,33,province,395,131.667,4753.37,4756.37,0.011772,0.0021869,17.7165,14.7023,21.3486,commune,1.26682,0.0149895,0,3468,0.0762502,0.0145194,0.00438374,-1.14604,44.6313,-0.101192,-0.0238467,0.0171642,0.0467794,0.0872626,0.00591285,0.3755,0.6915,-15723.5,-83531.6,542.229,33272.4,175875,0.0409389,0.0240656,0.0175343,reel,2076,2108,2133.05,0.000379411,2112
07334,Les Vans,07,province,34,11.3333,2070.6,2088.2,0.0548111,0.0473837,11.6344,9.54827,14.1764,commune,2.60441,0.0587985,0,436,0.169149,0.0424644,0.0188038,4.13248,44.4059,-0.101707,-0.0208752,0.0171642,0.0477214,0.0874967,0.00795323,0.3705,0.69,-6933.79,-37753.1,240.061,14898,76612.2,0.0587333,0.0268024,0.0182239,reel,1963.75,2105.5,2202.25,0.00168756,2113
33229,Lanton,33,province,82,27.3333,4118.8,4134.75,0.0257306,0.0104473,15.3442,12.5309,18.7891,commune,1.19577,0.0133201,0,368,0.0369926,0.0120321,0.000839992,-1.03727,44.7084,-0.101596,-0.0277278,0.0171427,0.0453884,0.0859307,0.0046043,0.396,0.708,-15288.2,-73214.9,485.263,28786.8,152396,0.0403347,0.022633,0.0153696,reel,2053,2105.5,2163.05,0.000871176,2114
56107,Larmor-Plage,56,province,143,47.6667,4970.76,4976.12,0.0203672,0.00654583,17.7291,13.6653,23.0014,commune,1.2935,0.0156166,0,902,0.142263,0.0114599,0.00783702,-3.38404,47.7107,-0.102849,-0.0259034,0.0171203,0.0472834,0.0866582,0.00451046,0.3885,0.6955,-17944.7,-91409.3,580.605,34892.6,183918,0.0391791,0.0230112,0.0160433,reel,2054.95,2107,2148.05,0.000600269,2115
17300,La Rochelle,17,province,2568,856,4787.01,4787.51,0.00549129,0.000475859,17.2259,13.4198,22.1115,commune,1.33411,0.0165694,0.0397196,27283,0.0812184,0.0162479,0.00649367,-1.15471,46.1601,-0.110216,-0.0250471,0.0170986,0.0461462,0.0843704,0.00501456,0.38,0.698,-17363.3,-87207.3,562.097,33559.6,177120,0.0394214,0.0229062,0.0158989,reel,2097,2111,2124,0.0001646,2116
74083,Combloux,74,province,177,59,5423.49,5433.55,0.019789,0.00617971,18.8449,14.271,24.8847,maille,1.73521,0.0252727,0,634,0.385523,0.143065,0.0890645,6.63606,45.8958,-0.105552,-0.023155,0.0170758,0.0461725,0.0857096,0.00563799,0.381,0.694,-20018.2,-102459,661.401,39503.1,200669,0.0383773,0.0225438,0.0163306,reel,2073.9,2110,2142.1,0.000516367,2117
83048,La Croix-Valmer,83,province,276,92,6187.89,6197.29,0.0192755,0.00586309,21.4028,17.1226,26.753,commune,1.41241,0.0179782,0,751,0.0889801,0.0341199,0.00275365,6.56694,43.2083,-0.103799,-0.0239877,0.0170535,0.0473252,0.0885619,0.00561278,0.39,0.691,-20658.9,-111492,716.285,43341,228952,0.038597,0.0237398,0.0173499,reel,2062.9,2113.5,2154,0.000649935,2118
73142,Landry,73,province,51,17,5913.67,5952.37,0.0404057,0.0257602,19.6252,11.0835,34.7496,maille,1.14327,0.0118953,0,224,0.515003,0.0550111,0.0207047,6.76235,45.5561,-0.104235,-0.0247489,0.0170524,0.0479933,0.0879177,0.0056865,0.374,0.6885,-21722.2,-116716,701.462,41823.2,218806,0.0367795,0.0223714,0.0156086,reel,2004.95,2112,2173.1,0.00118156,2119
05046,Embrun,05,province,316,105.333,3362.87,3364.83,0.0168696,0.00449071,14.579,10.6874,19.8876,commune,1.85615,0.0282781,0,2197,0.475456,0.0753546,0.076939,6.49307,44.563,-0.10287,-0.0225175,0.0170183,0.0471649,0.087636,0.00652574,0.373,0.693,-11886.5,-63756.5,389.184,24678.7,124426,0.0466708,0.0249208,0.0167638,reel,2080,2114,2145,0.000468341,2120
04126,Montclar,04,province,66,22,2219.7,2239.93,0.0382139,0.0230381,12.0705,8.69105,16.7641,maille,2.50392,,0,142,0.410526,0.0366789,0.038266,6.3508,44.4129,-0.101199,-0.0228291,0.0169642,0.0465784,0.0915683,0.00654616,0.3865,0.7,-7850.94,-43144.8,252.804,16194.7,82129,0.0571457,0.0268408,0.0166944,reel,2026.7,2114.5,2169.25,0.00111071,2121
83019,Bormes-les-Mimosas,83,province,624,208,5351.82,5356.14,0.0128403,0.0026018,18.8369,14.8034,23.9694,commune,1.25899,0.0148371,0,1701,0.0672984,0.020016,0.00933021,6.35438,43.1238,-0.108901,-0.0265228,0.0169494,0.0480123,0.0865484,0.00512455,0.389,0.6835,-18602.6,-97105.1,621.682,37533.6,198017,0.0388733,0.0232752,0.016582,reel,2089.95,2117,2145.05,0.000394198,2122
85222,Saint-Gilles-Croix-de-Vie,85,province,322,107.333,4628.05,4632.41,0.0152875,0.00368788,16.6518,13.3926,20.7042,commune,1.05713,0.00904288,0,1386,0.117062,0.0191993,0.00536441,-1.93543,46.6919,-0.111246,-0.0250292,0.0168956,0.0475953,0.0850648,0.00353344,0.3895,0.693,-16557.1,-85573.4,540.229,32510.9,171238,0.0392869,0.0228338,0.0157832,reel,2077.9,2113.5,2143,0.00047657,2123
13096,Saintes-Maries-de-la-Mer,13,province,177,59,4627.46,4639.42,0.0234079,0.00864625,17.6494,14.4506,21.5562,commune,2.27697,0.0420079,0,484,0.0729341,0.0402077,0.0276022,4.4295,43.4549,-0.09871,-0.0249561,0.0168837,0.045705,0.0866549,0.00576386,0.3795,0.6995,-16558.1,-83838,547.718,32895.4,171216,0.0418788,0.0235774,0.0166998,reel,2057.75,2118,2157.05,0.000706777,2124
44182,Saint-Michel-Chef-Chef,44,province,72,24,3806.99,3817.25,0.0288236,0.0131092,14.8358,12.0263,18.3015,maille,1.06439,0.00932287,0,400,0.162161,0.0903307,0.0521159,-2.16287,47.1758,-0.10371,-0.0245547,0.0167881,0.0466342,0.0846814,0.00418562,0.386,0.695,-14245.7,-71295.5,452.326,27510.4,140859,0.0420356,0.0234083,0.0163779,reel,2057,2124,2169.1,0.000872147,2125
74236,Saint-Gervais-les-Bains,74,province,566,188.667,5123.33,5126.3,0.0110898,0.00194077,18.1651,13.3983,24.6277,commune,1.70186,0.0246177,0,1698,0.370363,0.101849,0.0538998,6.7088,45.8908,-0.104362,-0.0253867,0.0167632,0.0463926,0.0845869,0.00470757,0.385,0.698,-19516.7,-96124.8,618.216,36813.8,189563,0.0390334,0.0227135,0.0159555,reel,2102.95,2128,2144,0.000296866,2126
73155,Méry,73,province,39,13,4827.97,4864.82,0.0460247,0.0334215,17.5098,14.2064,21.5815,maille,1.27813,0.0152838,0,161,0.0670721,0.0155645,0.00659158,5.93063,45.6415,-0.103372,-0.0251284,0.0166869,0.0469939,0.0861343,0.00486146,0.3875,0.6835,-17098.6,-87654.7,561.132,33948,178635,0.0397927,0.0232959,0.0164738,reel,2035.95,2135.5,2199.1,0.00132044,2127
73307,Valmeinier,73,province,193,64.3333,3573.6,3577.25,0.0209691,0.00693861,15.1126,11.2865,20.2358,maille,1.94664,0.0308458,0,434,0.47804,0.0904587,0.0177996,6.49436,45.1732,-0.102418,-0.0239266,0.0166676,0.0472941,0.0872823,0.00568217,0.38,0.6965,-12941.3,-67350.7,421.139,25331.5,132223,0.0457106,0.0246776,0.0165908,reel,2087,2130.5,2157.05,0.000569174,2128
05133,Saint-Chaffrey,05,province,171,57,3749.74,3755.46,0.0228894,0.00826715,15.1126,11.2865,20.2358,maille,1.4768,0.0195571,0,833,0.558332,0.0832152,0.0537,6.58957,44.9356,-0.106467,-0.0270871,0.0166503,0.0465209,0.0856165,0.00494267,0.385,0.693,-13961.7,-71204.7,440.961,27125.7,138741,0.0435633,0.0240079,0.015995,reel,2080.95,2129.5,2164.05,0.000621858,2129
56251,Theix-Noyalo,56,province,37,12.3333,3731.58,3747.05,0.0396739,0.0248331,14.7364,11.654,18.6341,commune,1.40241,0.0178117,0,462,0.0215217,0.00951344,0.00265062,-2.65086,47.6271,-0.10006,-0.025439,0.0166383,0.0472251,0.0877435,0.00545457,0.3865,0.692,-12891.6,-67397.9,435.359,26154.9,138069,0.0425656,0.0232948,0.0161788,reel,2037,2132,2196.15,0.00122474,2130
2B123,Ghisonaccia,2B,province,33,11,2755.29,2817.78,0.0550097,0.0477314,13.2034,10.62,16.4153,maille,2.86949,0.0882474,0,168,0.0744023,0.0338685,0.00656941,9.41036,42.0137,-0.103936,-0.0255945,0.0166282,0.0474045,0.086019,0.00553719,0.3835,0.6985,-9883.16,-51110.6,328.927,19366.8,101946,0.0509713,0.02475,0.0170847,reel,1998.9,2138.5,2227.3,0.00178273,2131
74258,Samoëns,74,province,409,136.333,5131.76,5135.54,0.0130409,0.00268376,18.4759,13.1828,25.8941,maille,2.14646,0.037064,0,1104,0.326267,0.0696607,0.050387,6.72644,46.0814,-0.101794,-0.0253444,0.0166266,0.0454804,0.0851673,0.00490969,0.3975,0.703,-19110.8,-94956.9,617.532,36700.9,189875,0.039696,0.0227942,0.0158579,reel,2099.95,2130,2155,0.000398086,2132
83071,La Londe-les-Maures,83,province,500,166.667,5583.95,5589.65,0.0143398,0.00324495,19.3119,15.6868,23.7749,commune,1.22709,0.0140281,0,2214,0.0456745,0.0105382,0.000512745,6.24074,43.1272,-0.104099,-0.0245024,0.0166217,0.0461101,0.0867392,0.00449858,0.3895,0.701,-19654.4,-101085,649.857,39038.2,206606,0.0382782,0.0231064,0.0162779,reel,2095.8,2131.5,2156,0.000463356,2133
14220,Deauville,14,province,509,169.667,6527.71,6531.59,0.0116227,0.00213174,20.6954,15.951,26.8509,commune,1.44258,0.0186845,0,2446,0.226963,0.109244,0.0815171,0.072844,49.359,-0.102994,-0.0258352,0.0165867,0.0452768,0.0845232,0.00496404,0.3885,0.705,-24997.7,-121918,803.208,47013.5,241525,0.0352872,0.0215029,0.0153264,reel,2109.9,2132.5,2152,0.000351846,2134
64256,Hasparren,64,province,73,24.3333,3454.36,3463.35,0.0315939,0.0157498,14.4593,11.6374,17.9655,commune,2.04234,0.033535,0,771,0.0818077,0.0362215,0.0166431,-1.30946,43.3835,-0.10655,-0.0224139,0.0165835,0.0471184,0.0856742,0.00578663,0.3795,0.6865,-12049.5,-62682.9,407.681,24425.2,127811,0.0450189,0.0237528,0.0164442,reel,2045.4,2134,2187.05,0.00108164,2135
04019,Barcelonnette,04,province,215,71.6667,2433.39,2440.07,0.0213415,0.00718691,12.8633,9.24032,17.9069,commune,2.47651,0.0512894,0,877,0.306076,0.102876,0.0590758,6.64914,44.387,-0.100539,-0.0220381,0.0165741,0.0487841,0.0901594,0.00747892,0.373,0.6825,-8124.16,-47139.2,283.306,17907.2,90035.5,0.056037,0.0273513,0.0183059,reel,2083.9,2130.5,2161.2,0.000608085,2136
73194,Orelle,73,province,68,22.6667,2996.41,3002.35,0.0351049,0.0194454,13.8952,7.35605,26.2473,maille,2.73869,0.0701468,0,135,0.556429,0.157411,0.0379333,6.55152,45.2087,-0.102309,-0.0243635,0.0165511,0.0498984,0.0911348,0.00712636,0.378,0.6735,-11142.5,-63208.6,363.901,21767,110867,0.0496402,0.0248955,0.0151301,reel,2062.95,2128,2173,0.000828296,2137
51536,Sillery,51,province,34,11.3333,2460.9,2500.33,0.0470309,0.0348807,11.625,9.75493,13.8535,maille,1.6949,0.0244898,0,69,0.0496372,0.0215983,0.00986485,4.1336,49.197,-0.101981,-0.0254095,0.0165395,0.0461476,0.0837351,0.00476333,0.394,0.7005,-9127.94,-44914.9,290.704,17382.3,91053.4,0.0493721,0.0235924,0.0158008,reel,2034.7,2135.5,2208.05,0.00140683,2138
35037,Bréal-sous-Montfort,35,province,48,16,2920.29,2925.64,0.0328969,0.0170759,13.0947,10.3542,16.5606,commune,1.47767,0.0195789,0,403,0.0827802,0.0272505,0.00776345,-1.86454,48.051,-0.103061,-0.0231921,0.0165246,0.0480813,0.0851562,0.00623374,0.386,0.6845,-9707.18,-52387.2,336.392,20591.5,108051,0.0476448,0.0246184,0.0175024,reel,2059.85,2134.5,2183.1,0.0010004,2139
85035,Bretignolles-sur-Mer,85,province,74,24.6667,4166.36,4185.03,0.0316982,0.0158514,15.3233,12.3154,19.0659,maille,1.00696,0.00556968,0,306,0.139165,0.057102,0.120821,-1.86446,46.6228,-0.104139,-0.0245784,0.0164367,0.046321,0.0857175,0.00512733,0.3835,0.704,-15386.6,-77436.5,493.63,31198,154155,0.0398141,0.022509,0.015758,reel,2073.95,2137.5,2182.05,0.000887126,2140
09032,Ax-les-Thermes,09,province,184,61.3333,2485.96,2493.01,0.0192803,0.00586532,12.2874,9.56674,15.7817,maille,2.09513,0.035298,0,902,0.214289,0.0659205,0.0738384,1.83697,42.7185,-0.105118,-0.024071,0.0164106,0.046787,0.0866951,0.00554238,0.3785,0.695,-9246.25,-47216.4,292.566,18620.4,91980.4,0.0520719,0.0252331,0.0164947,reel,2103.95,2139,2167,0.000515567,2141
05114,Réallon,05,province,35,11.6667,2778.91,2788.12,0.0498103,0.0391338,13.2922,9.73389,18.1513,maille,1.58425,0.0219595,0,99,0.572404,0.0683313,0.0259156,6.36252,44.5778,-0.0954436,-0.0236605,0.0163951,0.0486459,0.0881363,0.00621793,0.382,0.6835,-9686.76,-53069.2,316.773,19991,102820,0.0509216,0.0263795,0.0170564,reel,2015,2141.5,2206,0.00141815,2142
73054,Bourg-Saint-Maurice,73,province,676,225.333,5336.22,5338.5,0.011232,0.00199086,18.748,12.9098,27.2265,commune,1.36485,0.0170851,0,3022,0.375757,0.109755,0.049233,6.77741,45.5956,-0.105458,-0.0236039,0.0163865,0.0470517,0.0888123,0.00585637,0.3825,0.6845,-19137.7,-99935,637.377,38071.8,197440,0.0387871,0.0230943,0.0167204,reel,2116.95,2138.5,2156.05,0.000315694,2143
01305,Pont-de-Vaux,01,province,32,10.6667,1910.28,1921.48,0.0449852,0.0319295,11.0505,8.33308,14.6541,commune,2.79727,0.0769848,0,400,0.150289,0.0541375,0.0246858,4.93795,46.4315,-0.108047,-0.0250691,0.016386,0.0482345,0.0886354,0.00567432,0.3905,0.6835,-6877.91,-37123,227.484,13837.4,70680.4,0.0599944,0.0261279,0.0168354,reel,2048.85,2141.5,2204.05,0.00135557,2144
83152,Rayol-Canadel-sur-Mer,83,province,35,11.6667,6895.69,6988.82,0.0530763,0.0444405,22.4994,18.8514,26.8534,maille,1.41589,0.0180529,0,138,0.0624612,0.0395694,0.000896433,6.46501,43.1582,-0.102751,-0.0253638,0.0163763,0.045699,0.085462,0.00395786,0.3925,0.7055,-25276.2,-125988,818.213,48335.1,255141,0.0365436,0.0227316,0.0159854,reel,2017.9,2136.5,2219,0.00164587,2145
85163,Noirmoutier-en-l'Île,85,province,36,12,4469.34,4510.71,0.045078,0.0320472,16.0288,12.7391,20.1681,commune,1.39994,0.0177702,0,375,0.24385,0.0621883,0.0483852,-2.30021,47.0236,-0.116489,-0.0262307,0.0163471,0.0461086,0.0829469,0.00292943,0.3915,0.6965,-17819.5,-86705.7,541.527,31984.9,165366,0.0390094,0.0220558,0.0146436,reel,2066.85,2144,2201.05,0.00120482,2146
42332,Villerest,42,province,36,12,1295.73,1299.7,0.0527593,0.0439066,9.07732,7.00109,11.7693,maille,1.48579,0.0197309,0,151,0.219499,0.0213152,0.00973401,4.04499,46.0215,-0.102607,-0.0244623,0.0162809,0.0480704,0.0890052,0.00595409,0.3885,0.688,-4591.14,-25819.1,146.864,9235.94,47942,0.0701751,0.0276183,0.0171022,reel,2018.8,2146,2220.05,0.0016025,2147
56013,Belz,56,province,37,12.3333,3710.72,3727.2,0.0396739,0.0248331,14.5737,11.7442,18.0849,maille,1.41444,0.0180085,0,149,0.120607,0.0373219,0.0128721,-3.17109,47.6746,-0.104208,-0.0248297,0.0161849,0.0471347,0.0842688,0.00502254,0.387,0.693,-13506.1,-69100,437.736,26184.1,137297,0.0422786,0.0230187,0.0156099,reel,2071.95,2147,2210.05,0.00112146,2148
29003,Audierne,29,province,63,21,2920.43,2933.87,0.0331768,0.0173666,12.9105,10.2341,16.2869,maille,2.2007,0.039093,0,498,0.107009,0.0510061,0.0101137,-4.54053,48.0185,-0.114528,-0.0253412,0.0161815,0.0465373,0.0856728,0.00338469,0.3835,0.6985,-11126.9,-55204.3,353.3,20567.7,108056,0.0468856,0.0232397,0.015129,reel,2071.85,2144,2190.1,0.00101931,2149
56176,Pluneret,56,province,48,16,3503.29,3517.68,0.0349311,0.0192517,13.7268,11.1632,16.8793,maille,1.2906,0.0155887,0,326,0.0297435,0.0243837,0.000854225,-2.9615,47.6733,-0.108183,-0.025403,0.0160979,0.0455,0.0847752,0.00324573,0.393,0.701,-13426.2,-65599.5,419.095,24563.5,129622,0.0418812,0.0223298,0.0147513,reel,2073.95,2149,2196,0.00101061,2150
74233,Saint-Félix,74,province,45,15,3729.03,3754.65,0.0388973,0.0238741,14.9602,12.207,18.3343,maille,1.50348,0.0202224,0,315,0.0724271,0.0231747,0.0206923,5.96983,45.8024,-0.101702,-0.0244615,0.0159877,0.0476864,0.087221,0.00549101,0.379,0.6975,-13069.1,-67769.7,434.775,26457.3,137974,0.0433148,0.0237464,0.0167803,reel,2052.95,2150.5,2207,0.00120998,2151
44154,Saint-Brevin-les-Pins,44,province,315,105,4100.09,4102.78,0.0138499,0.00302699,15.4355,12.5067,19.0501,commune,1.09513,0.0103147,0,1469,0.0818742,0.0305819,0.0176183,-2.16718,47.2343,-0.104434,-0.0231456,0.0159787,0.0468664,0.0867501,0.00488826,0.379,0.6965,-14615.1,-74545.9,480.872,28985.7,151703,0.0407858,0.0230362,0.0160287,reel,2128.9,2153,2173.05,0.000419673,2152
76192,Criel-sur-Mer,76,province,54,18,2703.33,2731.78,0.042867,0.0289902,12.684,9.87801,16.2871,maille,1.58324,0.0219484,0,192,0.205176,0.0821681,0.102082,1.31652,50.0334,-0.100713,-0.024027,0.0159721,0.0469277,0.0852645,0.00586849,0.3935,0.706,-10266.9,-51552.6,317.668,20674.9,100023,0.0496454,0.025104,0.0169158,reel,2066,2154,2209.05,0.00122876,2153
64547,Ustaritz,64,province,131,43.6667,4191.88,4202.39,0.0236665,0.00883825,15.1808,12.5222,18.4039,commune,1.10992,0.0107701,0,917,0.0470201,0.00635,0.00985337,-1.46444,43.4036,-0.101755,-0.0267926,0.0159611,0.044597,0.0847288,0.0038304,0.4,0.711,-15984.1,-75450.3,495.651,29506.8,155100,0.0391638,0.0219655,0.0144818,reel,2113.9,2156,2192,0.000690051,2154
83068,Grimaud,83,province,334,111.333,6426.61,6436.48,0.017531,0.00484988,21.1297,16.908,26.4053,commune,1.59687,0.0222456,0,1353,0.0748326,0.0250525,0.00444729,6.57396,43.2744,-0.105867,-0.0252091,0.0159145,0.046057,0.0866592,0.00370284,0.3815,0.699,-23627.8,-118098,765.334,44965.7,237785,0.0366532,0.0223137,0.0152643,reel,2121,2155.5,2182,0.000537811,2155
64160,Cambo-les-Bains,64,province,169,56.3333,3944.95,3949.86,0.0208571,0.00686459,15.5834,12.5553,19.3417,commune,1.83005,0.0275064,0,949,0.0914484,0.0378074,0.0125956,-1.39909,43.3608,-0.106096,-0.025105,0.0158928,0.04659,0.0861759,0.00485963,0.385,0.7005,-14160.2,-71922.8,465.301,27774.1,145963,0.0428396,0.0235299,0.0164124,reel,2111.95,2154.5,2188.1,0.000661604,2156
73329,Voglans,73,province,37,12.3333,4346.92,4387.76,0.0472099,0.0351646,15.9749,13.5214,18.8737,maille,1.21172,0.0137143,0,217,0.157129,0.0403758,0.0172429,5.89547,45.6282,-0.10049,-0.0265649,0.0158866,0.0447587,0.0827513,0.00427116,0.394,0.7075,-16472.1,-79791.3,517.508,30850.6,160836,0.0399591,0.0227452,0.0155418,reel,2051.85,2149,2224.2,0.00145424,2157
73010,Entrelacs,73,province,51,17,3829.06,3852.52,0.0404057,0.0257602,14.9602,12.207,18.3343,maille,1.91589,0.0299966,0,420,0.150691,0.0643841,0.0316866,5.94458,45.787,-0.105475,-0.0280904,0.0158862,0.0444093,0.0834752,0.00355064,0.3975,0.715,-15127.9,-71228.5,465.138,27264.6,141675,0.0421833,0.02271,0.0150912,reel,2092.9,2157,2206.25,0.00105045,2158
35024,Betton,35,province,149,49.6667,3614.61,3618.71,0.0187798,0.00556539,14.1176,12.1518,16.4013,commune,1.03103,0.00799851,0,1395,0.012522,0.00406979,0.00165724,-1.6421,48.1818,-0.106367,-0.0266274,0.0158552,0.046187,0.0850496,0.00357482,0.393,0.701,-13043.1,-65382.1,422.012,25309.2,133741,0.0418885,0.022879,0.0156799,reel,2125.95,2157,2184,0.000564966,2159
42224,Saint-Genest-Malifaux,42,province,32,10.6667,1641.8,1650.28,0.0558083,0.0491253,10.3565,7.80528,13.7417,commune,2.45998,0.0504313,0,278,0.252368,0.0255131,0.0122138,4.42023,45.3401,-0.108537,-0.0234902,0.0158166,0.0486927,0.0884546,0.00603628,0.3805,0.6875,-5763.11,-32080.7,187.534,11675.1,60746.5,0.0647328,0.0272857,0.0170911,reel,2005.65,2152.5,2231.05,0.00183408,2160
2A048,Calcatoggio,2A,province,36,12,4755.76,4895.13,0.0583902,0.0537493,17.5203,14.1683,21.6652,maille,2.32744,0.044044,0,96,0.0684039,0.0518272,0.0096339,8.74873,42.0455,-0.102656,-0.0250374,0.0157515,0.0459407,0.0865271,0.00497521,0.389,0.709,-17639.1,-88775.1,581.723,33497.7,175963,0.0404232,0.0226549,0.0153481,reel,2050.35,2160,2249.05,0.00175852,2161
14724,Varaville,14,province,30,10,4295.56,4343.9,0.0470882,0.034978,15.4727,12.4654,19.2055,maille,1.31961,0.0162482,0,101,0.175263,0.0647858,0.0445525,-0.156799,49.284,-0.109255,-0.0261216,0.0157201,0.046488,0.0837131,0.00373994,0.381,0.702,-16946.2,-82367.7,521.514,30808.6,158936,0.0390339,0.0218572,0.0143633,reel,2074,2163,2228.25,0.00135845,2162
06010,Le Bar-sur-Loup,06,province,41,13.6667,2848.89,2886.59,0.0510922,0.04118,13.0493,9.91497,17.1745,maille,2.04814,0.0337349,0,294,0.161643,0.0805546,0.0227494,6.99006,43.701,-0.105423,-0.0259302,0.0156827,0.0472033,0.0855144,0.00519547,0.3985,0.696,-10675.6,-54513.5,342.658,20444.6,105409,0.0486475,0.0244283,0.0164108,reel,2040.55,2157,2246,0.00168263,2163
64320,Laruns,64,province,42,14,2067.24,2067.05,0.0414147,0.0270601,11.5438,8.39585,15.872,maille,2.78741,0.0756646,0,189,0.20789,0.123349,0.0471741,-0.398274,42.8801,-0.102363,-0.024128,0.0156674,0.0483827,0.0864571,0.0067652,0.385,0.6805,-7575.18,-40198.7,253.385,15234.1,76488,0.0583026,0.026211,0.0161597,reel,2104.8,2164,2218.1,0.00103918,2164
2B043,Brando,2B,province,47,15.6667,3636.33,3705.93,0.0464223,0.0339969,14.8948,12.4192,17.864,maille,2.41154,0.0478856,0,143,0.114056,0.0329824,0.0132991,9.47385,42.7752,-0.104743,-0.0265105,0.015663,0.0457246,0.0851994,0.00434469,0.3905,0.7005,-13983,-67419,438.527,25690,134544,0.0442034,0.0232303,0.0155801,reel,2094.75,2162,2234.05,0.0012997,2165
2A130,Grosseto-Prugna,2A,province,145,48.3333,5547.75,5586.74,0.0296893,0.0139066,19.5083,15.6959,24.2467,commune,2.35992,0.0454919,0,590,0.0784176,0.0185971,0.00195786,8.8138,41.8858,-0.104871,-0.0253082,0.0156521,0.0458709,0.0853681,0.00434541,0.388,0.701,-20656.7,-101523,664.861,38785.4,205267,0.0389526,0.0225221,0.0151811,reel,2107,2161,2210,0.000947651,2166
05006,L'Argentière-la-Bessée,05,province,30,10,2244.69,2249.04,0.0536288,0.0453603,11.8829,8.17712,17.2682,maille,2.41763,0.0482529,0,400,0.476372,0.20422,0.0519607,6.55897,44.7954,-0.107211,-0.0259647,0.0156439,0.0452456,0.0871501,0.00417808,0.3945,0.703,-9415.24,-46115.2,285.78,16552.5,83053.4,0.0555068,0.0259304,0.0141226,reel,2075.75,2168,2224.05,0.00121755,2167
34192,Palavas-les-Flots,34,province,607,202.333,5127,5131.72,0.0127114,0.00254982,18.3347,14.4753,23.223,commune,1.7007,0.0245703,0,2268,0.0653795,0.0237282,0.00310418,3.93013,43.5289,-0.101608,-0.0242851,0.0155911,0.0460275,0.0875866,0.00482886,0.389,0.7015,-18249.2,-93358.7,603.721,35922.5,189699,0.0394024,0.0229934,0.0159837,reel,2146.95,2164,2186.05,0.000402453,2168
59107,Bray-Dunes,59,province,254,84.6667,3591.94,3601.72,0.0176112,0.00489438,14.0437,11.3995,17.3012,maille,1.49449,0.0199443,0,797,0.115618,0.0427245,0.0357851,2.5178,51.0789,-0.105184,-0.0239231,0.0153673,0.0440979,0.0848791,0.00409846,0.3855,0.718,-13801.7,-66714.4,432.391,25643.4,132902,0.0419061,0.0223715,0.0146696,reel,2143.95,2171,2198.1,0.000541494,2169
39434,Poligny,39,province,34,11.3333,1680.6,1706.53,0.052309,0.0431573,10.4987,8.26667,13.3334,commune,2.6859,0.0650549,0,659,0.194455,0.102767,0.0695677,5.70556,46.8358,-0.0958175,-0.0265577,0.0153115,0.0465125,0.0877283,0.00600714,0.387,0.702,-6684.38,-33213.7,203.95,12925.9,62182.4,0.0642534,0.0270446,0.015805,reel,2077.85,2170,2245.15,0.00146314,2170
2A041,Bonifacio,2A,province,87,29,4163.69,4211.06,0.0381555,0.0229647,16.3599,12.7655,20.9663,maille,2.50696,0.0527778,0,442,0.0669892,0.0307844,0.00892769,9.15984,41.387,-0.101782,-0.0242233,0.0153045,0.0464174,0.0853801,0.00527498,0.39,0.6995,-15163.8,-76796.5,497.516,29266.3,154056,0.0428271,0.0232569,0.0159131,reel,2095.65,2171.5,2229,0.00121439,2171
33005,Andernos-les-Bains,33,province,173,57.6667,5491.8,5500.89,0.0177632,0.00497925,18.9186,14.3443,24.9516,commune,1.28219,0.0154369,0,873,0.0617088,0.0119477,0.00812217,-1.09899,44.7428,-0.0989657,-0.025718,0.0152909,0.0467895,0.0850121,0.00459111,0.398,0.7045,-20106,-99363.6,643.468,38548.9,203197,0.0380609,0.0227953,0.0158782,reel,2142,2171,2198.05,0.00055672,2172
2B242,Poggio-Mezzana,2B,province,46,15.3333,3253.71,3315.77,0.046907,0.0347103,13.98,11.9985,16.2888,maille,2.62145,,0,114,0.0467476,0.0187914,0.0159774,9.53211,42.3937,-0.106761,-0.0263252,0.0152843,0.0447037,0.0860066,0.00308168,0.392,0.7125,-12604.5,-60550.9,392.928,23028.1,120387,0.0460276,0.0232807,0.0155812,reel,2097.75,2177.5,2250.15,0.00152777,2173
50218,Granville,50,province,517,172.333,3769.66,3771.54,0.0124558,0.00244824,14.8998,11.2814,19.6786,commune,1.67256,0.0239675,0,4149,0.104004,0.0239045,0.011586,-1.59148,48.8374,-0.101938,-0.0281049,0.0152704,0.047049,0.0870557,0.00386219,0.387,0.7,-13957.2,-69901.4,447.578,26552.4,139477,0.0426557,0.0231741,0.0158263,reel,2153,2176,2194,0.00038013,2174
74007,Amancy,74,province,48,16,4600.45,4639.04,0.0376902,0.0224154,16.2287,13.1223,20.0705,maille,1.90487,0.0296756,0,202,0.0990834,0.0732555,0.095426,6.33103,46.0709,-0.105978,-0.0272737,0.0152651,0.0442862,0.0837976,0.00234012,0.4025,0.716,-19134.6,-88403.2,571.182,33836.6,170217,0.0384189,0.0213544,0.0141191,reel,2123.65,2175.5,2230,0.00106391,2175
83123,Sanary-sur-Mer,83,province,964,321.333,6200.08,6204.03,0.0103354,0.0016857,19.8239,16.042,24.4975,commune,1.34049,0.0166934,0,4118,0.0743716,0.0213712,0.00365251,5.80351,43.1215,-0.107905,-0.0277103,0.0152374,0.0449018,0.0856221,0.00274633,0.3975,0.713,-24097.8,-115309,746.778,43463.8,229403,0.0354652,0.0214618,0.0140544,reel,2159.95,2176,2192.05,0.000310877,2176
43040,Brioude,43,province,47,15.6667,1503.36,1507.41,0.0466246,0.0342789,10.0049,7.82328,12.795,commune,2.87935,0.0902349,0,911,0.215719,0.0667354,0.0265467,3.38329,45.2932,-0.100817,-0.0259114,0.0152269,0.0466254,0.0870153,0.0049578,0.385,0.692,-5865.3,-29425.3,182.34,10964.4,55624.5,0.0678872,0.0270823,0.0156371,reel,2099.65,2177,2236,0.00133604,2177
17385,Saint-Pierre-d'Oléron,17,province,37,12.3333,4219.72,4256.36,0.045031,0.031986,15.4249,12.1298,19.615,commune,1.51653,0.0205017,0,389,0.136801,0.0472021,0.0318893,-1.33036,45.9199,-0.108282,-0.0264963,0.0152239,0.0441496,0.0839037,0.00415603,0.393,0.718,-16697.4,-80167.5,513.448,30031,156130,0.0395994,0.0219611,0.0143869,reel,2113.8,2179.5,2238.05,0.00121645,2178
62571,Merlimont,62,province,191,63.6667,4225.51,4238.9,0.0199377,0.00627274,15.4803,12.196,19.6492,maille,1.42894,0.0183817,0,470,0.176259,0.0733383,0.0832386,1.57509,50.4616,-0.102392,-0.0256651,0.0151895,0.0452234,0.0828213,0.00316863,0.391,0.712,-16530,-80356,510.649,30900.7,156344,0.0397027,0.022132,0.0149064,reel,2144.95,2176.5,2202.05,0.000548071,2179
05004,Ancelle,05,province,131,43.6667,2833.05,2836.16,0.026119,0.0107643,13.2922,9.73389,18.1513,maille,1.82541,0.0274043,0,263,0.456792,0.0915179,0.0967342,6.20681,44.6193,-0.101303,-0.0232465,0.0151541,0.0459447,0.0867964,0.00508501,0.389,0.702,-10925,-54890,330.431,21455.5,104823,0.0499484,0.0255872,0.0165133,reel,2143.85,2178,2209.05,0.000678259,2180
69028,Brindas,69,province,63,21,4086.72,4110.78,0.0319346,0.0160924,14.6042,11.8911,17.9363,commune,1.19809,0.013363,0,400,0.0981164,0.0538331,0.0431518,4.70163,45.7243,-0.10841,-0.0273587,0.0151506,0.0439108,0.0843174,0.00222627,0.4,0.7215,-16877.2,-78505.2,504.397,29201.6,151209,0.0384784,0.0211673,0.0134003,reel,2128.9,2181,2222.1,0.0008749,2181
64038,Arcangues,64,province,54,18,5136.84,5166.16,0.0366336,0.0211741,17.5166,12.5361,24.4758,maille,1.30452,0.0158879,0,215,0.128686,0.0245447,0.00543321,-1.52376,43.4367,-0.108078,-0.0271082,0.0151462,0.0450977,0.0843007,0.00352627,0.403,0.703,-20251.8,-96640.5,614.769,36110.3,190063,0.0374159,0.0218834,0.0144741,reel,2114.85,2177,2223,0.00102147,2182
05153,Saint-Michel-de-Chaillol,05,province,49,16.3333,2464.93,2474.58,0.0423318,0.0282688,11.8829,8.17712,17.2682,maille,1.59368,0.0221729,0,123,0.528367,0.136044,0.0414583,6.16493,44.6882,-0.108623,-0.027085,0.0150836,0.04721,0.0852077,0.00346865,0.402,0.6975,-10308,-50488.9,299.811,17973.5,91202.3,0.0505473,0.0246098,0.0136432,reel,2132.85,2185,2229,0.00095648,2183
85194,Les Sables-d'Olonne,85,province,1284,428,4634.41,4635.7,0.00766606,0.000927406,16.1887,12.7436,20.5652,commune,1.08527,0.0100557,0,7248,0.145337,0.0354749,0.0157455,-1.77685,46.4955,-0.112122,-0.0262456,0.015071,0.045359,0.0862818,0.00268798,0.407,0.7055,-18167,-86516.6,554.347,32680,171473,0.038034,0.0218672,0.0144248,reel,2167,2181,2193.1,0.000243627,2184
42222,Saint-Galmier,42,province,32,10.6667,2359.47,2396.05,0.0558083,0.0491253,11.522,8.67373,15.3056,commune,1.90806,0.0297685,0,523,0.151409,0.0431429,0.0158442,4.31794,45.5906,-0.107176,-0.0253225,0.015044,0.0468547,0.0878834,0.00401524,0.39,0.6995,-8941.5,-45621.5,282.438,16711.1,87300.3,0.0509708,0.0239573,0.0152915,reel,2083.9,2176,2249.05,0.00155016,2185
74266,Servoz,74,province,33,11,5992.9,6068,0.0452272,0.0322754,19.1474,14.1224,25.9602,maille,1.54829,0.0212014,0,102,0.386268,0.0605703,0.0389305,6.76274,45.9304,-0.103497,-0.0278657,0.0150412,0.0443425,0.0847284,0.00270734,0.4045,0.716,-25006,-115097,738.787,42643.8,221737,0.0353365,0.0210094,0.0137746,reel,2113.45,2182.5,2240.05,0.00121476,2186
05110,Puy-Saint-Vincent,05,province,242,80.6667,2475.35,2477.37,0.019264,0.00585587,11.8829,8.17712,17.2682,maille,1.11978,0.0111111,0,605,0.417071,0.057976,0.0288868,6.48627,44.8188,-0.109161,-0.0251183,0.0149829,0.0484467,0.0872744,0.00476851,0.386,0.6885,-9186.9,-48697,284.25,17766.2,91587.9,0.0503345,0.0250768,0.0155627,reel,2156,2183.5,2209.05,0.00053146,2187
64545,Urrugne,64,province,219,73,4586.11,4592.27,0.0183364,0.00530565,16.398,13.297,20.2221,commune,1.22854,0.01406,0,1319,0.0826746,0.0178009,0.00246934,-1.69427,43.3715,-0.102933,-0.0269556,0.0149467,0.0459522,0.084079,0.00410158,0.4,0.7,-17348.3,-82686.7,543.542,32088.7,169686,0.038982,0.022379,0.0150888,reel,2153,2184.5,2214,0.000569699,2188
64024,Anglet,64,province,1487,495.667,5405.68,5406.94,0.0070527,0.000784948,17.6988,14.087,22.2365,commune,1.11079,0.0108068,0,7977,0.0827436,0.022482,0.00453742,-1.51453,43.4885,-0.108868,-0.0294698,0.0149179,0.0438967,0.0832154,0.00186155,0.3975,0.7235,-22040.5,-99436.6,653.264,37888.8,200010,0.0359594,0.0212661,0.0136991,reel,2173,2186,2197,0.000209967,2189
40326,Vielle-Saint-Girons,40,province,31,10.3333,3842.49,3876.01,0.0444625,0.0311848,15.1171,11.6453,19.6239,maille,1.62558,0.0229671,0,75,0.122017,0.0270798,0.00399255,-1.30447,43.9116,-0.106297,-0.0245294,0.0149134,0.0463901,0.0882148,0.00532114,0.394,0.6945,-13750.6,-72153.3,452.735,27012.1,142172,0.0425258,0.0232876,0.0159616,reel,2103.4,2195.5,2252.1,0.00148018,2190
50031,Barneville-Carteret,50,province,40,13.3333,3453.69,3477.36,0.0441555,0.0307459,13.9706,10.5615,18.4802,maille,1.52494,0.020711,0,216,0.157052,0.0849461,0.022024,-1.7718,49.369,-0.101651,-0.0267899,0.0148713,0.0464073,0.0868672,0.00396765,0.4045,0.707,-13347.6,-65138.6,418.656,24454.1,127786,0.0433299,0.0230456,0.0153323,reel,2123.25,2182.5,2247,0.00127285,2191
05119,Risoul,05,province,320,106.667,3726.4,3730.36,0.0167643,0.00443483,14.52,10.6323,19.8292,commune,1.20998,0.013649,0,608,0.564013,0.0921861,0.036588,6.63505,44.6225,-0.10193,-0.0277759,0.014859,0.0449872,0.0863573,0.00233309,0.4035,0.718,-15417.8,-72416.8,447.644,26765,137877,0.0419277,0.0229971,0.0145545,reel,2164.95,2188,2209.05,0.000443002,2192
25193,Damprichard,25,province,45,15,2095.53,2117.32,0.0446859,0.0315063,11.4855,9.11551,14.4716,maille,2.44693,0.0497835,0,181,0.338947,0.204905,0.0402448,6.88276,47.2461,-0.0984573,-0.0249382,0.0148514,0.0440771,0.087734,0.00488962,0.385,0.7155,-8676.15,-40995.7,270.177,15314.5,77534.7,0.0571814,0.0260832,0.0146808,reel,2121.9,2182,2234.1,0.00114705,2193
44049,Le Croisic,44,province,224,74.6667,4233.5,4237.83,0.0164139,0.00425148,15.5189,12.3616,19.4827,commune,1.33614,0.016596,0,1016,0.0943876,0.0323539,0.0271605,-2.51442,47.2944,-0.108256,-0.027473,0.0148413,0.0466956,0.0838448,0.002706,0.397,0.702,-16591.9,-79157.9,503.201,30173.3,156640,0.0397371,0.0222604,0.0149111,reel,2162,2191,2213,0.000485513,2194
06016,Beuil,06,province,41,13.6667,3471.55,3527.11,0.0510922,0.04118,14.2329,8.22985,24.6148,maille,2.40473,0.0475382,0,136,0.225135,0.145179,0.170908,6.97156,44.0901,-0.0981414,-0.0249042,0.0147837,0.047735,0.0866503,0.00500894,0.3855,0.696,-14213.8,-73561.2,429.926,27207.8,128447,0.0440135,0.0226785,0.0148188,reel,2116.85,2193,2244,0.00119561,2195
66053,Collioure,66,province,184,61.3333,4525.51,4544.46,0.0230262,0.00836652,15.818,12.4339,20.1232,maille,1.68039,0.0241017,0,679,0.146485,0.0407119,0.0172826,3.08378,42.5234,-0.114513,-0.0273889,0.0147395,0.0434276,0.0830786,0.00169765,0.402,0.717,-18805.5,-85416.5,556.628,31926.9,167444,0.0379662,0.0211079,0.0131363,reel,2157,2195,2227.05,0.000680684,2196
2B150,Lumio,2B,province,88,29.3333,4746.66,4804.94,0.0341954,0.0184497,16.4784,13.5883,19.9832,maille,1.40864,0.0179198,0,158,0.14219,0.0675849,0.012238,8.82632,42.597,-0.10556,-0.0264572,0.0147374,0.0452395,0.0840962,0.0027342,0.3995,0.7095,-18981.4,-89961.3,581.877,33488.1,175626,0.0378668,0.0216122,0.0140744,reel,2136.85,2191,2239.05,0.0010292,2197
73232,Sainte-Foy-Tarentaise,73,province,30,10,5937.43,6004.72,0.0522167,0.0430167,19.6252,11.0835,34.7496,maille,2.452,0.05,0,201,0.43641,0.0907915,0.0400822,6.89294,45.5793,-0.109959,-0.0283943,0.014736,0.0463161,0.0859841,0.00236586,0.395,0.7025,-25401.1,-124576,746.82,42328.6,219685,0.0366324,0.0211352,0.0138413,reel,2117.95,2184.5,2253.05,0.00142745,2198
73187,La Léchère,73,province,33,11,3110.24,3134.54,0.0498837,0.0392596,13.4236,10.2429,17.5921,maille,2.48985,0.0519366,0,382,0.200997,0.155274,0.0855801,6.47191,45.5158,-0.101416,-0.0245575,0.0146719,0.0442598,0.0845787,0.00390036,0.4,0.7185,-12748.9,-60606.9,393.419,23137.3,115079,0.0460041,0.0229511,0.0143688,reel,2116.8,2188,2252,0.00132591,2199
12056,Baraqueville,12,province,40,13.3333,2035.3,2048.83,0.0460171,0.0333965,10.8129,8.44563,13.8436,commune,2.07889,0.0347513,0,286,0.207674,0.0992977,0.0335449,2.43343,44.2774,-0.103033,-0.0271147,0.014669,0.044688,0.0867415,0.00375382,0.405,0.719,-8358.77,-39645.5,252.665,14832.8,75306,0.0549081,0.0244618,0.0143069,reel,2116,2194,2248.05,0.00125098,2200
73176,Montvalezan,73,province,145,48.3333,5897.88,5911.28,0.0241645,0.00921436,19.6252,11.0835,34.7496,maille,1.57048,0.0216469,0,373,0.431292,0.079337,0.0304193,6.85119,45.6269,-0.106454,-0.0257481,0.0146147,0.0481746,0.0900795,0.00511795,0.389,0.693,-22400.4,-116598,714.672,41703.3,218222,0.036878,0.0220545,0.0152271,reel,2159.9,2194,2237.05,0.000714457,2201
62765,Saint-Omer,62,province,156,52,2024,2028.12,0.0220459,0.00766929,11.209,8.75923,14.344,commune,2.66328,0.0632716,0.211538,3193,0.23026,0.0588486,0.0309089,2.25638,50.7512,-0.109929,-0.0263893,0.0145926,0.0470054,0.0873373,0.00337505,0.3965,0.7065,-7850.74,-39505.7,244.407,14625.3,74887.9,0.0575635,0.0255183,0.0155679,reel,2159.9,2195,2226.1,0.000632316,2202
40328,Vieux-Boucau-les-Bains,40,province,165,55,5370.33,5381.09,0.0195178,0.0060112,18.0504,13.9077,23.4272,commune,1.67459,0.0240036,0,887,0.101212,0.0183679,0.0037287,-1.40654,43.7854,-0.110183,-0.0291278,0.0145633,0.0426344,0.0854978,0.00208806,0.4025,0.719,-21977.1,-100201,651.864,37663.5,198702,0.0369819,0.0215025,0.0138663,reel,2164,2195,2226.1,0.000608743,2203
74056,Chamonix-Mont-Blanc,74,province,657,219,8878.29,8883.83,0.0102945,0.0016724,24.7159,18.223,33.5223,commune,1.27697,0.0152617,0,3268,0.326255,0.0982399,0.0591688,6.86868,45.9214,-0.105921,-0.0282682,0.0145426,0.0442543,0.0835255,0.00272103,0.4015,0.7185,-37226.6,-169265,1114.11,62980.2,328497,0.0313789,0.0200068,0.0136701,reel,2183,2197,2211,0.000271161,2204
29239,Roscoff,29,province,90,30,3436.28,3451.96,0.0278295,0.0122203,13.3759,10.6795,16.7533,commune,1.96897,0.0313762,0,385,0.145785,0.0552559,0.0225062,-3.98445,48.7227,-0.11278,-0.0276529,0.01445,0.0438973,0.0849374,0.00220297,0.401,0.7185,-14654.7,-65319.1,429.129,24443.4,127142,0.0414726,0.0211695,0.0125485,reel,2159,2196,2236.1,0.00082844,2205
13100,Saint-Rémy-de-Provence,13,province,101,33.6667,4567.24,4592.81,0.0308882,0.0150544,16.7316,13.7815,20.3132,commune,2.1511,0.0371949,0,752,0.122108,0.0238705,0.00663366,4.83193,43.7884,-0.105428,-0.0272676,0.0144383,0.0453747,0.0848391,0.00306928,0.396,0.708,-17998.4,-84347.6,551.724,32029.7,168988,0.0400196,0.0222496,0.0146133,reel,2152.9,2199,2246,0.000927424,2206
85164,Notre-Dame-de-Monts,85,province,82,27.3333,3584.19,3599.07,0.0301351,0.014327,13.8323,11.0006,17.393,maille,1.46288,0.0192031,0,215,0.194936,0.115046,0.0840653,-2.14319,46.8309,-0.108262,-0.0273685,0.0144085,0.0423231,0.0828512,0.00231229,0.398,0.7285,-15516.2,-70072.3,446.483,26535.4,132615,0.0412891,0.0219216,0.0139806,reel,2164.8,2203,2238.05,0.000804979,2207
64304,Lahonce,64,province,31,10.3333,4033.85,4078.49,0.047978,0.0363134,14.7003,11.8329,18.2626,maille,1.04959,0.00880705,0,117,0.0444082,0.00689425,0.00225263,-1.3932,43.4784,-0.107545,-0.0270503,0.0143753,0.0456375,0.08431,0.00317302,0.396,0.703,-15611.3,-75925.2,481.858,28312.5,149252,0.0392686,0.0218001,0.0141892,reel,2129,2204.5,2263,0.00139702,2208
64100,Bassussarry,64,province,50,16.6667,4903.62,4940.84,0.0380388,0.0228294,16.3439,12.9969,20.5527,commune,1.01247,0.00651659,0,290,0.036025,0.00629204,0.0010348,-1.50805,43.4457,-0.112312,-0.0278284,0.0141626,0.0440553,0.0832878,0.000785436,0.4105,0.7165,-20391.3,-93536.7,592.227,34296.4,181434,0.0363255,0.0210177,0.0132141,reel,2153,2208,2261.1,0.00117988,2209
38186,Gresse-en-Vercors,38,province,53,17.6667,2355.04,2367.68,0.0391275,0.0241576,11.7796,9.44681,14.6885,maille,2.08643,0.0349727,0,297,0.528054,0.0715893,0.0325691,5.55354,44.8986,-0.107833,-0.0272039,0.0141528,0.0436503,0.0846121,0.00203332,0.397,0.7235,-10252.7,-46343,283.495,16917.1,87136.6,0.0523793,0.024748,0.0135333,reel,2160,2208.5,2249.05,0.000947617,2210
35288,Saint-Malo,35,province,1421,473.667,4631.69,4632.46,0.00609625,0.000586485,15.7312,12.5954,19.6477,commune,1.38631,0.0175206,0.0246305,14255,0.0942838,0.0298075,0.012836,-2.00684,48.6467,-0.106565,-0.0302967,0.0141239,0.0430039,0.0831061,0.00119342,0.414,0.7205,-19674.6,-86353.4,566.609,32615.5,171372,0.036871,0.0207161,0.0126978,reel,2198,2209,2218,0.000169878,2211
64495,Saint-Pée-sur-Nivelle,64,province,78,26,4149.45,4166.55,0.0305798,0.0147551,15.1415,12.2712,18.6831,commune,1.44113,0.0186716,0,417,0.0750067,0.0268757,0.00297793,-1.54935,43.3555,-0.108175,-0.0273537,0.014061,0.0443933,0.0855314,0.00286119,0.4055,0.7235,-16543.3,-77666.6,503.075,29128.6,153530,0.0394505,0.0217915,0.0140771,reel,2167.95,2210.5,2251.05,0.000923248,2212
14117,Cabourg,14,province,789,263,5248.65,5250.97,0.00933874,0.00137627,17.4891,14.0232,21.8116,commune,1.27465,0.0152184,0,2381,0.210269,0.0545363,0.0438973,-0.124526,49.289,-0.105965,-0.0268217,0.0140482,0.0433974,0.0856042,0.00339901,0.392,0.7225,-21217.6,-96946.3,639.253,37445.2,194200,0.0365559,0.0213961,0.0141378,reel,2197,2212,2227,0.000257246,2213
43051,Le Chambon-sur-Lignon,43,province,45,15,1292.85,1292.61,0.047614,0.035748,9.56118,7.18233,12.7279,maille,2.71694,0.0683903,0,290,0.371848,0.0806187,0.0436888,4.30437,45.0604,-0.108228,-0.0257496,0.013966,0.0460482,0.0921307,0.00312632,0.4055,0.71,-5646.53,-28300.6,155.281,9960.95,47835.6,0.0748222,0.0288375,0.0137489,reel,2159.95,2218,2258.1,0.00115275,2214
38002,Les Adrets,38,province,140,46.6667,3064.04,3074.16,0.0242564,0.00928477,12.7918,9.52136,17.1855,maille,1.37094,0.0171965,0,383,0.3503,0.10753,0.071792,5.9931,45.2534,-0.103103,-0.0271436,0.0139637,0.0422666,0.0858943,0.00201929,0.402,0.7305,-13182.2,-60629.5,375.495,22639.4,113369,0.0442231,0.0226881,0.0136996,reel,2183.8,2213,2242.1,0.000608953,2215
38253,Les Deux Alpes,38,province,667,222.333,4861.93,4865.74,0.0111537,0.00196323,16.7394,10.6952,26.1994,commune,1.68445,0.0242238,0,2097,0.435202,0.137005,0.0703573,6.12417,45.0116,-0.101168,-0.0258984,0.013924,0.0444906,0.0871108,0.00368787,0.393,0.71,-20043.4,-96835.6,609.023,35166.5,179891,0.0376131,0.021335,0.0139799,reel,2201,2216,2230.05,0.000278735,2216
83009,Bandol,83,province,809,269.667,6369.31,6374.83,0.0112803,0.00200802,19.4957,15.283,24.8694,commune,1.18213,0.0129765,0,3002,0.0832762,0.0200025,0.00334782,5.75162,43.1392,-0.104445,-0.028519,0.0138858,0.0428933,0.0848758,0.001172,0.403,0.727,-26308.1,-119897,781.55,44582.2,235664,0.0339044,0.0205549,0.012766,reel,2198.95,2216.5,2234.05,0.000328371,2217
62261,Cucq,62,province,243,81,4499.86,4511.35,0.017688,0.00493705,15.991,12.0844,21.1605,commune,1.55191,0.0212481,0,798,0.169239,0.0503251,0.0297335,1.588,50.4807,-0.113848,-0.0279688,0.0138611,0.0448727,0.0856595,0.00103956,0.3985,0.714,-18250.4,-85830.6,546.968,31903.2,166495,0.0386438,0.02169,0.0140701,reel,2192.95,2216,2241.05,0.000486406,2218
43137,Monistrol-sur-Loire,43,province,66,22,1995.22,2007.65,0.0395365,0.0246541,10.7656,8.16197,14.1997,commune,1.97491,0.0315457,0,954,0.18495,0.0312988,0.0213216,4.16994,45.2903,-0.110105,-0.0256126,0.0138578,0.0467103,0.0903481,0.00365978,0.3915,0.7,-7619.3,-39230.6,236.061,14326.7,73823.3,0.0557266,0.024883,0.0156575,reel,2155.95,2218.5,2262,0.00117992,2219
11145,Fleury,11,province,379,126.333,3362.63,3370.13,0.0151017,0.00359881,13.2643,9.9961,17.601,commune,1.3721,0.0172311,0,827,0.037113,0.0110283,0.0001314,3.18609,43.1811,-0.115585,-0.0274115,0.0138553,0.0451238,0.0844376,0.00155051,0.404,0.7195,-13629.7,-64171.5,406.553,23523.5,124417,0.0419824,0.0219389,0.0141163,reel,2194.95,2218,2240,0.000445551,2220
64102,Bayonne,64,province,2093,697.667,4340.58,4341.17,0.00594532,0.000557804,15.9035,12.8482,19.6853,commune,1.54495,0.0211309,0.057334,16978,0.0846971,0.0234603,0.00613424,-1.47225,43.4931,-0.110003,-0.0268093,0.0138224,0.0452379,0.0847486,0.00347213,0.403,0.706,-16340.2,-80516.9,517.464,30441,160601,0.03982,0.0223119,0.0148596,reel,2208.95,2219,2229.05,0.000186815,2221
56186,Quiberon,56,province,292,97.3333,5434.99,5439.05,0.0142766,0.00321641,17.981,13.5046,23.9412,commune,1.59513,0.0221971,0,1365,0.138773,0.0348965,0.0195728,-3.11783,47.4807,-0.110325,-0.0281836,0.0137673,0.0449123,0.0853632,0.0020469,0.3995,0.712,-21843.4,-102206,665.006,38312.8,201095,0.0363886,0.0212018,0.0136211,reel,2199,2221,2240,0.000417519,2222
88196,Gérardmer,88,province,319,106.333,2803.61,2813.01,0.0188878,0.0056295,12.4667,9.42788,16.485,commune,2.05162,0.0338501,0,1661,0.211812,0.0740791,0.0316991,6.87442,48.0724,-0.109496,-0.0265407,0.0137329,0.0444034,0.0857738,0.00228164,0.399,0.721,-11840.7,-54230.7,344.672,20124.1,103734,0.0469396,0.0229862,0.0140974,reel,2193,2221,2246,0.000551723,2223
2A362,Zonza,2A,province,36,12,4678.22,4839.82,0.0583902,0.0537493,16.3599,12.7655,20.9663,maille,2.25174,0.0410362,0,145,0.0263937,0.0373156,0.018365,9.36504,41.6953,-0.108596,-0.0286269,0.0137056,0.0432927,0.0837908,0.00270158,0.405,0.7245,-19661.1,-88724.8,585.037,32969.5,173094,0.0381168,0.0209317,0.0129229,reel,2117.45,2225,2279.05,0.00172971,2224
74188,Montriond,74,province,51,17,5586.35,5629.71,0.0365889,0.0211247,18.4759,13.1828,25.8941,maille,2.47825,0.0514334,0,199,0.296888,0.100416,0.0966761,6.69367,46.1994,-0.107695,-0.0289715,0.0136908,0.0428764,0.0837423,0.0013984,0.4105,0.723,-24798,-110570,711.024,40876.3,206695,0.0364657,0.0206499,0.013502,reel,2179.95,2228,2263,0.000951924,2225
65481,Barèges,65,province,74,24.6667,2217.19,2223,0.0355068,0.0198884,11.1755,7.78667,16.0391,maille,1.83034,0.027532,0,227,0.258609,0.0799108,0.0541274,0.062844,42.8959,-0.105539,-0.0267869,0.0136611,0.0457804,0.0880386,0.00445249,0.3995,0.7005,-9214.07,-44192,268.42,16535.8,82036.1,0.0523661,0.0242074,0.0142106,reel,2179.8,2223.5,2264,0.000960383,2226
56240,Sarzeau,56,province,131,43.6667,4654.28,4663.6,0.0212733,0.00714117,15.7745,12.6756,19.6309,commune,1.2674,0.0150062,0,714,0.090845,0.019732,0.0165378,-2.77205,47.5237,-0.109543,-0.0288019,0.013656,0.0426264,0.0832421,0.00143193,0.4145,0.7295,-19956,-87394.1,571.452,32853.3,172208,0.0368035,0.0208039,0.0128685,reel,2190.95,2226,2250.05,0.000643482,2227
44135,Le Pouliguen,44,province,199,66.3333,5120.46,5128.36,0.0174098,0.00478303,16.6483,13.2527,20.914,commune,1.28973,0.0155625,0,1116,0.188246,0.0871224,0.0352616,-2.42934,47.2766,-0.110159,-0.0284737,0.0136431,0.0441977,0.0814577,0.000357927,0.412,0.717,-22306.1,-98096.3,640.506,36365.9,189457,0.0355007,0.0204343,0.012734,reel,2197.95,2223,2248,0.000486057,2228
38567,Chamrousse,38,province,225,75,2847.46,2852.58,0.0191672,0.00579753,12.5521,9.95886,15.8207,maille,1.36804,0.0171429,0,874,0.416675,0.127666,0.10802,5.87615,45.1148,-0.102413,-0.026547,0.0136364,0.0440284,0.0834577,0.00274747,0.3915,0.717,-12385.7,-55358.3,348.91,21615.8,105356,0.0465767,0.0236584,0.0142333,reel,2202,2227,2246,0.000450464,2229
74275,Talloires-Montmin,74,province,45,15,6064.35,6122.56,0.0388973,0.0238741,19.0816,15.1358,24.056,maille,1.57106,0.0216771,0,258,0.225651,0.142345,0.0490931,6.21696,45.8452,-0.106231,-0.0280702,0.0136162,0.0449277,0.0836567,0.00151997,0.4085,0.7215,-25744,-116594,772.516,43118.1,224381,0.03479,0.0206457,0.0137159,reel,2168,2225,2264.05,0.00107575,2230
73285,Séez,73,province,52,17.3333,4062.06,4088.36,0.0400251,0.0252773,15.3656,10.6009,22.2718,maille,1.89501,0.0293138,0,270,0.349369,0.0865761,0.0641966,6.79992,45.624,-0.104197,-0.0278133,0.0135623,0.0451757,0.0839675,0.00297678,0.397,0.7155,-16911.3,-79193.7,499.415,29415.1,150296,0.0409613,0.0223118,0.0144623,reel,2172.75,2230,2262,0.00101763,2231
31500,Saint-Mamet,31,province,46,15.3333,2792.79,2821.81,0.0391817,0.024223,11.4431,7.67308,17.0654,maille,1.3431,,0,101,0.125323,0.0739762,0.00970156,0.601172,42.784,-0.116478,-0.0318616,0.0135564,0.0445192,0.0849762,0.000853904,0.409,0.7115,-12398.7,-56397,351.697,19752.2,103333,0.0427232,0.0205672,0.011278,reel,2169.75,2226.5,2263.05,0.00108341,2232
64407,Mouguerre,64,province,36,12,4165.54,4209.59,0.0446333,0.0314284,14.7003,11.8329,18.2626,maille,1.06497,0.00932994,0,272,0.0447947,0.00666707,0.007719,-1.41905,43.4727,-0.112204,-0.0268808,0.0135492,0.0442487,0.0832155,0.00188033,0.41,0.7175,-17202.6,-78841.5,505.513,29278.5,154125,0.0380272,0.0210969,0.013221,reel,2170.95,2232,2279,0.00131125,2233
73235,Saint François Longchamp,73,province,228,76,3670.81,3677.39,0.0193028,0.00587974,13.8952,7.35605,26.2473,maille,1.56613,0.0215517,0,666,0.511222,0.114903,0.0463491,6.36173,45.4173,-0.11601,-0.0296285,0.0135357,0.0472692,0.0875691,0.00218702,0.42,0.6975,-16190,-79431.7,456.205,26389.8,135820,0.0405203,0.0214582,0.0124076,reel,2203.95,2228,2248.05,0.000491389,2234
42099,Fraisses,42,province,45,15,1459.65,1466.02,0.0473958,0.0354364,9.4807,7.19486,12.4928,maille,2.30858,0.0432663,0,633,0.114222,0.0978251,0.0403648,4.26734,45.3881,-0.10518,-0.0268626,0.0135236,0.0461664,0.087984,0.00319566,0.402,0.7005,-6172.47,-30344.1,181.969,10987.4,54007.1,0.0656104,0.0257073,0.0146033,reel,2151,2227,2271,0.00126311,2235
05096,Orcières,05,province,303,101,2548.11,2550.12,0.017226,0.00468248,11.8829,8.17712,17.2682,maille,1.67691,0.0240529,0,758,0.404619,0.202811,0.132415,6.32348,44.6958,-0.109571,-0.0259815,0.0134661,0.0441973,0.0848702,0.00220796,0.3995,0.715,-11633.6,-52860,320.42,20110.7,94280.2,0.0488971,0.023709,0.0130847,reel,2210,2230,2243.05,0.000349757,2236
80333,Fort-Mahon-Plage,80,province,211,70.3333,4177.97,4191.48,0.0199157,0.00625816,14.8526,12.0958,18.2376,maille,1.44722,0.01882,0,572,0.128317,0.0551388,0.0442203,1.55166,50.3386,-0.107219,-0.0268368,0.0134544,0.0429911,0.0840604,0.00149457,0.4095,0.7275,-17596.3,-79063.1,516.681,29950.2,154585,0.0383514,0.0210152,0.0131109,reel,2201.95,2230,2252,0.000560333,2237
62201,Camiers,62,province,174,58,3889.6,3904.93,0.0208827,0.00688138,14.0543,11.3276,17.4373,maille,1.07512,0.00980146,0,469,0.182624,0.0374132,0.0172732,1.58167,50.575,-0.112963,-0.0279039,0.0134416,0.0435439,0.0834051,0.0013188,0.402,0.7195,-16442.9,-73921.7,476.786,27497.4,143915,0.0387319,0.0210725,0.0128394,reel,2205,2233.5,2253,0.000567207,2238
73150,La Plagne Tarentaise,73,province,723,241,4932.21,4934.98,0.0108615,0.00186168,16.8506,11.5307,24.6249,commune,1.49043,0.019865,0,2270,0.436005,0.147814,0.059243,6.69843,45.5093,-0.106891,-0.0281498,0.0133799,0.0437167,0.0819552,0.00227861,0.397,0.72,-21370.1,-95637.7,615.892,35473.8,182492,0.0373477,0.0214055,0.014143,reel,2216,2233,2243,0.000274485,2239
22325,Saint-Quay-Portrieux,22,province,115,38.3333,4135.44,4146.89,0.0261076,0.0107547,14.8853,11.8917,18.6323,commune,1.72912,0.0251682,0,394,0.256455,0.0659699,0.0438028,-2.83422,48.6527,-0.105478,-0.02857,0.0133314,0.0420868,0.0833641,0.00132419,0.4005,0.734,-18100.1,-79419.1,514.762,29632.6,153011,0.0388407,0.0210405,0.0128119,reel,2202,2232,2256,0.000661399,2240
05065,Guillestre,05,province,86,28.6667,2707.26,2712.19,0.0321469,0.0163049,12.8305,8.83285,18.6375,commune,2.48492,0.0517544,0,456,0.557284,0.102499,0.0583192,6.65035,44.6601,-0.10878,-0.026673,0.0132577,0.0449118,0.0861626,0.00239748,0.4,0.708,-11633.1,-54615.3,330.991,19781.6,100169,0.0502227,0.0244688,0.0139165,reel,2193.95,2235,2261,0.000801818,2241
05161,La Salle-les-Alpes,05,province,215,71.6667,4362.68,4372.35,0.0204304,0.00658641,15.1126,11.2865,20.2358,maille,1.23231,0.0141805,0,653,0.559063,0.0743993,0.0517469,6.55958,44.9451,-0.109694,-0.0296946,0.0131699,0.0424607,0.0828062,0.000779632,0.4075,0.727,-19461.6,-85077.7,540.603,31411.9,161419,0.0374429,0.0208539,0.0124462,reel,2214,2238.5,2257.05,0.000506656,2242
74002,Alby-sur-Chéran,74,province,35,11.6667,4148.84,4199.59,0.0439564,0.0304873,14.9602,12.207,18.3343,maille,1.74014,0.0253807,0,275,0.0884831,0.0229353,0.0201273,6.01809,45.8168,-0.100912,-0.027205,0.012988,0.0431193,0.0835344,0.00112463,0.4095,0.727,-17837.4,-78082.1,511.167,29393,153507,0.0389319,0.0211232,0.0130738,reel,2181.95,2240,2282,0.00128355,2243
65017,Aragnouet,65,province,76,25.3333,2416.91,2427.21,0.0350455,0.0193752,11.1755,7.78667,16.0391,maille,1.45302,0.0189732,0,188,0.281938,0.107968,0.114269,0.159694,42.7838,-0.106628,-0.0301202,0.0129844,0.0428397,0.0843849,0.00203551,0.4135,0.7285,-11209.1,-50152.9,298.474,18899.4,89425.7,0.0480389,0.0226406,0.0123246,reel,2205.75,2243,2267.05,0.000800046,2244
14338,Houlgate,14,province,318,106,4330.47,4335.72,0.0146952,0.00340776,15.1017,12.0425,18.938,commune,1.38486,0.017495,0,812,0.26836,0.103904,0.0734399,-0.077631,49.2981,-0.108769,-0.0281197,0.0129376,0.042993,0.0848507,0.00164265,0.4085,0.7275,-19099.9,-83743.7,544.656,31543.3,160227,0.0376911,0.0208486,0.0130197,reel,2228.95,2243,2255.05,0.000330436,2245
56034,Carnac,56,province,230,76.6667,5505.37,5511.8,0.0160793,0.0040799,17.5129,13.1419,23.3378,commune,1.28364,0.0154616,0,742,0.217084,0.0358557,0.00946127,-3.07849,47.5744,-0.105429,-0.0318151,0.0128736,0.0437118,0.0855686,0.000605341,0.4115,0.726,-23833.2,-105159,678.72,38683.1,203699,0.0349032,0.02043,0.0124718,reel,2227.95,2245,2260.05,0.000438647,2246
14225,Dives-sur-Mer,14,province,99,33,4493.81,4513.07,0.0262397,0.0108642,15.12,12.1157,18.8693,commune,1.51015,0.0203725,0,1060,0.121981,0.0343917,0.0246205,-0.098272,49.293,-0.109598,-0.0309237,0.0128724,0.0435141,0.0827099,0.000152542,0.4185,0.7195,-20131.7,-86415.4,566.181,31826.7,166271,0.0363701,0.0200186,0.0116459,reel,2209,2246,2269.05,0.000756699,2247
80039,Ault,80,province,94,31.3333,2516.1,2529.44,0.0297261,0.013939,11.6983,9.29093,14.7293,maille,2.4301,0.048985,0,269,0.198149,0.151149,0.202744,1.45272,50.1063,-0.101446,-0.0273869,0.0127699,0.0413485,0.0802174,0.0016973,0.4075,0.734,-12473.5,-52267.7,321.429,20987.4,93095.6,0.0486384,0.0224792,0.01235,reel,2221,2246,2267,0.000608728,2248
73114,Flumet,73,province,48,16,3767.6,3797.8,0.0416159,0.0273262,14.3035,11.6267,17.5966,maille,2.56265,0.0556622,0,257,0.225822,0.132309,0.171634,6.51566,45.8203,-0.101263,-0.0268584,0.012762,0.0422408,0.0799834,0.00136126,0.418,0.733,-17911.4,-74422.9,485.098,29102,139401,0.0407798,0.0209057,0.0128287,reel,2204.95,2247,2274.1,0.000967598,2249
38363,Saint-Barthélemy,38,province,30,10,1932.91,1954.5,0.0515335,0.0419024,10.1135,7.87643,12.9861,maille,2.09063,0.0350877,0,62,0.148628,0.0261926,0.0179357,5.08667,45.3467,-0.103724,-0.0285736,0.0126977,0.0442571,0.084319,0.00125002,0.412,0.72,-8500.34,-38739.8,236.829,13950.8,71517.5,0.0534752,0.022555,0.012579,reel,2191,2247,2289.05,0.00138676,2250
17461,Vaux-sur-Mer,17,province,194,64.6667,4643.35,4655.31,0.0199218,0.00626254,14.9242,11.8185,18.8459,maille,1.09455,0.010295,0,701,0.164596,0.0434715,0.0141746,-1.05923,45.6313,-0.117753,-0.0306137,0.0126948,0.0420853,0.081423,-0.00125617,0.4155,0.735,-21630.2,-91159.6,587.386,32738.3,171804,0.0346926,0.0193402,0.010694,reel,2224.9,2247,2264,0.000523669,2251
07064,Le Cheylard,07,province,35,11.6667,1217.18,1218.7,0.0540586,0.0460923,9.05542,6.96839,11.7675,commune,2.95969,0.118308,0,541,0.239621,0.0819412,0.0521236,4.4219,44.9055,-0.106016,-0.029215,0.0126935,0.0434048,0.0849527,0.00143276,0.4045,0.7255,-5980.9,-26542.5,153.942,9411.02,45035.7,0.0744877,0.0266129,0.0119189,reel,2168.95,2250,2283.05,0.00134234,2252
83070,Le Lavandou,83,province,781,260.333,6006.86,6012.41,0.0114803,0.00207986,18.6133,15.5631,22.2613,commune,1.36717,0.0171244,0,2233,0.097876,0.0223808,0.00404357,6.36388,43.1374,-0.110834,-0.0281866,0.0126304,0.0430579,0.0818159,0.00085005,0.418,0.7285,-25888.5,-112138,743.858,42083,222254,0.0341875,0.0203118,0.0123266,reel,2239,2250,2260,0.000273225,2253
76254,Étretat,76,province,30,10,2855.82,2919.79,0.056863,0.0509995,12.6286,10.1837,15.6604,maille,2.17822,0.0380952,0,252,0.182798,0.117877,0.0768162,0.205791,49.7072,-0.106714,-0.0265294,0.0126245,0.044634,0.0821091,0.00254344,0.4035,0.715,-12154.7,-55755.2,357.679,21225.9,105665,0.0467617,0.0229242,0.014098,reel,2191.65,2248.5,2287.05,0.0013413,2254
61483,Bagnoles de l'Orne Normandie,61,province,202,67.3333,1786.21,1792.65,0.0228849,0.00826206,10.3374,7.15904,14.9269,commune,2.74072,0.0702994,0,931,0.21536,0.0836109,0.0569687,-0.416094,48.5536,-0.10849,-0.0288695,0.0126137,0.0456945,0.0853746,0.00309732,0.4035,0.709,-7924.14,-36845.5,222.651,13431.2,66089.7,0.0593711,0.024588,0.0131318,reel,2228,2248,2265,0.000538617,2255
40266,Saint-Julien-en-Born,40,province,36,12,4207.32,4249.58,0.0413479,0.0269704,15.1171,11.6453,19.6239,maille,1.7355,0.0252838,0,123,0.0968092,0.0316561,0.00273998,-1.23035,44.0744,-0.108122,-0.0279811,0.0123958,0.043065,0.0832959,0.00127684,0.4015,0.726,-18209.8,-80873.3,518.742,29541.3,155671,0.0388382,0.0211661,0.0130626,reel,2205.95,2252.5,2287.1,0.00116322,2256
05139,Dévoluy,05,province,425,141.667,2607.1,2608.32,0.0145546,0.00334283,12.2791,9.76978,15.4329,maille,1.47216,0.0194198,0,908,0.606439,0.118139,0.0376792,5.9272,44.6777,-0.107654,-0.0271861,0.0123113,0.0438426,0.0840968,0.0017813,0.4155,0.721,-11332.5,-51083.6,313.562,18838.3,96462.5,0.0496143,0.024772,0.014038,reel,2242,2257,2267,0.000381706,2257
44055,La Baule-Escoublac,44,province,974,324.667,5993.84,5995.83,0.00788428,0.000980964,18.232,13.9102,23.8966,commune,1.13544,0.0116016,0,5154,0.155619,0.0520529,0.0280497,-2.38281,47.282,-0.112477,-0.0303421,0.0122798,0.0428127,0.0813138,-0.00112827,0.4155,0.7305,-27255.3,-116984,751.718,42384.5,221772,0.0334984,0.0199682,0.0122146,reel,2247.95,2256,2265,0.000223063,2258
73123,La Giettaz,73,province,49,16.3333,3818.71,3850.12,0.0412005,0.0267835,14.3035,11.6267,17.5966,maille,2.33962,0.0445714,0,125,0.327811,0.0965989,0.1178,6.49501,45.8688,-0.101618,-0.0319104,0.0121225,0.0417852,0.0816488,0.000486182,0.4185,0.7355,-18442.5,-74892,485.15,29026.7,141292,0.040234,0.0208405,0.0123233,reel,2222.9,2261,2285.1,0.000997141,2259
74099,Demi-Quartier,74,province,95,31.6667,6228.3,6258.1,0.02694,0.0114527,19.1474,14.1224,25.9602,maille,1.70679,0.0247126,0,310,0.576433,0.082339,0.0533495,6.63259,45.8768,-0.105567,-0.0286317,0.012071,0.0434332,0.0839851,0.00130272,0.4115,0.7205,-27488.6,-120928,790.717,44460.6,230447,0.034001,0.0200865,0.0128022,reel,2238.9,2262,2280.1,0.000676762,2260
09206,Montferrier,09,province,38,12.6667,1706.51,1726.18,0.0419678,0.0277746,10.1383,8.1377,12.6308,maille,2.4565,0.050308,0,96,0.267599,0.0907773,0.0937885,1.74523,42.8434,-0.104319,-0.0273628,0.0119567,0.041964,0.0810224,0.00188529,0.4075,0.7365,-8145.88,-34046,209.932,13500.2,63140.9,0.0607437,0.0251435,0.0126469,reel,2228,2261,2289.05,0.000982844,2261
14059,Benerville-sur-Mer,14,province,77,25.6667,5400.66,5434.67,0.0297074,0.0139251,16.4347,12.6689,21.32,maille,1.20157,0.0134943,0,270,0.293198,0.0849564,0.0527879,0.0509535,49.3488,-0.113396,-0.0315329,0.0119353,0.0421015,0.0824021,0.000209929,0.423,0.74,-25797.6,-105008,695.647,38711.7,199824,0.0331843,0.0190867,0.0110083,reel,2244,2266,2285,0.000744042,2262
73006,Aime-la-Plagne,73,province,282,94,4378.72,4385.51,0.0173663,0.00475919,15.3656,10.6009,22.2718,maille,1.92662,0.0303226,0,1378,0.538928,0.0553784,0.0392464,6.65147,45.5338,-0.105088,-0.0312259,0.0118897,0.0430657,0.0825558,0.000551293,0.412,0.727,-20117,-86452.1,546.087,31200.6,162013,0.037999,0.0206695,0.0119275,reel,2248,2264,2278,0.000449126,2263
73055,Bozel,73,province,49,16.3333,5745.28,5811.24,0.0412005,0.0267835,17.2737,13.3056,22.4252,maille,1.86833,0.0285194,0,258,0.475037,0.0971279,0.0738159,6.64923,45.4433,-0.111097,-0.0311689,0.0118861,0.040931,0.0799894,-0.00120762,0.4215,0.7425,-28575,-115650,753.045,41554.3,212575,0.0329461,0.0187397,0.0105612,reel,2224.9,2263,2290.05,0.00106125,2264
40065,Capbreton,40,province,477,159,6275.16,6281.03,0.0115016,0.00208756,18.5172,14.8164,23.1425,commune,1.41734,0.0180879,0,2284,0.0919671,0.0241328,0.0131457,-1.43319,43.6475,-0.11685,-0.0321804,0.0118821,0.0402105,0.0842958,-0.0014218,0.411,0.748,-29250.2,-120917,796.996,44144.3,232181,0.0325421,0.0192663,0.0108987,reel,2255,2265.5,2277,0.000326252,2265
63236,Mont-Dore,63,province,230,76.6667,2430.02,2434.54,0.0182445,0.00525249,11.8153,9.33878,14.9485,maille,2.47593,0.0512742,0,706,0.429841,0.141128,0.116978,2.8101,45.5732,-0.102679,-0.0279985,0.011879,0.0421648,0.0811897,0.00186664,0.4125,0.7335,-11658.4,-48325.3,305.341,18957.4,89910.8,0.0509391,0.023639,0.0123534,reel,2251.95,2264,2273,0.000371026,2266
73103,Drumettaz-Clarafond,73,province,53,17.6667,4448.18,4493.92,0.0396551,0.0248122,14.7569,11.5184,18.906,maille,1.27987,0.0153739,0,247,0.0823494,0.0143423,0.00815521,5.92138,45.66,-0.114326,-0.0306508,0.0117876,0.0420164,0.0818034,-0.000630053,0.4175,0.736,-20764.5,-85079,558.05,31258.7,164583,0.0357636,0.0196884,0.0111026,reel,2207.95,2265,2293,0.00121639,2267
06138,Théoule-sur-Mer,06,province,245,81.6667,7147.12,7172.89,0.0212655,0.00713603,20.8721,16.7627,25.9889,maille,1.53712,0.0209873,0,783,0.0619587,0.0271829,0.00906617,6.94113,43.4969,-0.114365,-0.0276739,0.0117524,0.0430863,0.0830912,-0.00041302,0.414,0.7265,-31925.9,-135163,899.266,50109,264443,0.0325257,0.0197882,0.0117252,reel,2246,2266,2286.1,0.000684882,2268
64260,Hendaye,64,province,909,303,4847.62,4849.96,0.00901824,0.00128343,15.6822,12.5924,19.5301,commune,1.12065,0.0111572,0,3939,0.110992,0.0302377,0.00814592,-1.77194,43.3613,-0.116924,-0.0295757,0.0116892,0.042624,0.0828128,0.000247461,0.426,0.7305,-21674.9,-92105.6,605.388,33979.7,179362,0.0351072,0.0199253,0.0116104,reel,2258.95,2268,2276,0.000261837,2269
2A139,Lecci,2A,province,32,10.6667,4894.53,5099.86,0.0617289,0.0600645,16.3599,12.7655,20.9663,maille,2.1221,0.036239,0,385,0.0135395,0.0157355,0.00292499,9.33275,41.6392,-0.111352,-0.0295876,0.0115008,0.04199,0.0845264,0.00136825,0.4125,0.732,-21406,-93739.3,616.744,34302.9,181098,0.0364322,0.0201196,0.0116696,reel,2201.8,2274.5,2319.1,0.00174765,2270
65031,Arreau,65,province,75,25,2496.18,2506.75,0.0352739,0.0196285,11.4431,7.67308,17.0654,maille,2.89762,0.0947581,0,220,0.16985,0.0581483,0.067643,0.35898,42.9024,-0.117591,-0.0313141,0.0114519,0.0429658,0.0820958,0.000183426,0.417,0.727,-12083,-51748.1,320.332,18375.4,92358.8,0.0477998,0.0212337,0.0110778,reel,2240.95,2270,2292,0.000823821,2271
44132,Pornichet,44,province,508,169.333,5878.88,5883.12,0.0109123,0.00187913,17.4914,13.427,22.7861,commune,1.07686,0.0098321,0,2624,0.0858061,0.0312141,0.0163564,-2.33862,47.2624,-0.112223,-0.0317686,0.0113922,0.0420434,0.0809095,-0.000696235,0.4185,0.732,-27025.9,-113325,743.877,41366.1,217518,0.0326418,0.0192604,0.0109561,reel,2264,2273,2282,0.000304234,2272
40187,Moliets-et-Maa,40,province,126,42,4260.21,4272.82,0.0223146,0.0078572,15.1171,11.6453,19.6239,maille,2.17053,0.0378332,0,456,0.17451,0.0470028,0.0132083,-1.38115,43.8475,-0.113132,-0.0291216,0.0112562,0.0417285,0.0830847,0.000180986,0.421,0.738,-19604.6,-82801.1,539.743,29977.8,157628,0.0383561,0.0205042,0.011945,reel,2256,2275,2290,0.000617051,2273
33236,Lège-Cap-Ferret,33,province,57,19,6263.52,6312.61,0.0307917,0.0149609,18.2916,13.9316,24.0161,maille,1.40371,0.0178497,0,574,0.0856342,0.0393854,0.0220767,-1.15518,44.7838,-0.116859,-0.0316484,0.0112365,0.0414935,0.0823856,-0.00198641,0.4255,0.7385,-29479.4,-122549,797.626,44188.2,231750,0.0321702,0.0189884,0.0105655,reel,2245.9,2275,2300,0.000940542,2274
73098,Les Déserts,73,province,32,10.6667,4241.15,4304.97,0.0506263,0.0404368,14.7569,11.5184,18.906,maille,2.03567,0.0333049,0,175,0.335662,0.058404,0.0305317,5.98231,45.6447,-0.111058,-0.0297183,0.0112023,0.0412356,0.0815855,-0.000780665,0.4275,0.733,-20315,-84464.9,540.485,30244.9,156923,0.0375093,0.0199713,0.0110438,reel,2240.9,2276,2307,0.00125866,2275
56003,Arradon,56,province,68,22.6667,4980.33,5005.43,0.0294305,0.0136668,15.6027,12.7993,19.02,maille,1.14458,0.0119048,0,436,0.0634951,0.00360647,0.00709035,-2.82093,47.6313,-0.11128,-0.0327247,0.0111954,0.0417346,0.0821672,-0.00159114,0.4285,0.7345,-23376.4,-94913.4,627.094,34954.4,184272,0.0339801,0.0192298,0.0105576,reel,2251,2278,2296.05,0.000789673,2276
44012,La Bernerie-en-Retz,44,province,38,12.6667,4512.4,4554.75,0.0394471,0.0245505,14.8497,11.9852,18.3988,maille,1.13254,0.0115266,0,133,0.188524,0.0787866,0.0577291,-2.03807,47.0826,-0.109886,-0.0311157,0.011144,0.0422583,0.0822062,4.25311e-05,0.421,0.7265,-21201.5,-87528.2,573.412,32474.7,166959,0.0355013,0.0197191,0.0115436,reel,2241.95,2278,2307,0.00106819,2277
38225,Autrans-Méaudre en Vercors,38,province,115,38.3333,3376.8,3395.24,0.0267366,0.0112804,12.5606,9.52841,16.5576,maille,1.53074,0.0208618,0,519,0.509424,0.0699631,0.026685,5.54297,45.1752,-0.110215,-0.0317984,0.0111233,0.0413582,0.0833978,-0.00220853,0.4205,0.738,-16701.7,-67583,432.028,24050.5,124942,0.0393055,0.0198193,0.00949666,reel,2257.95,2277,2295,0.000657524,2278
05077,Molines-en-Queyras,05,province,43,14.3333,2771.18,2794.38,0.045101,0.0320867,11.8829,8.17712,17.2682,maille,1.9478,0.0308924,0,95,0.414721,0.142518,0.0907449,6.84624,44.727,-0.113327,-0.0299951,0.0111181,0.042088,0.083419,-0.00070408,0.418,0.734,-13595.8,-58360.2,358.006,20812.7,102534,0.0449611,0.0215092,0.010901,reel,2249,2277.5,2296.05,0.000912074,2279
65295,Luz-Saint-Sauveur,65,province,93,31,2804.08,2818.32,0.0317362,0.0158898,11.5438,8.39585,15.872,maille,2.1192,0.0361825,0,329,0.168419,0.0293512,0.0136789,-0.008416,42.8702,-0.115738,-0.0328987,0.0109157,0.0410976,0.0829295,-0.000862236,0.43,0.7405,-13666.9,-56022.9,359.194,19890.4,103751,0.0429823,0.0200105,0.010155,reel,2260,2280,2301.05,0.000805972,2280
38020,Auris,38,province,77,25.6667,3497.61,3526.16,0.0325843,0.0167541,12.8532,8.25123,20.0217,maille,1.48144,0.0196246,0,168,0.468049,0.11318,0.0386368,6.07742,45.0543,-0.113468,-0.0299782,0.0108438,0.0427922,0.0831754,-0.000794637,0.422,0.732,-17214.3,-72630.7,450.53,25224.7,129412,0.0389517,0.0199309,0.0100662,reel,2258.85,2280,2298.05,0.000767828,2281
56055,Étel,56,province,49,16.3333,4369.08,4397.51,0.0345795,0.0188662,14.5737,11.7442,18.0849,maille,1.3808,0.0174118,0,285,0.081234,0.0148591,0.0168384,-3.20517,47.6576,-0.114677,-0.0311363,0.0107044,0.0412769,0.0837786,-0.00101766,0.4315,0.7405,-20446.7,-83533,550.848,30845.8,161656,0.0359078,0.019579,0.0109511,reel,2255,2285,2314,0.00102742,2282
44010,Batz-sur-Mer,44,province,50,16.6667,4560.3,4590.09,0.03449,0.0187689,15.2534,12.1415,19.1627,maille,1.24507,0.0145284,0,358,0.135901,0.061449,0.062912,-2.4798,47.2773,-0.109929,-0.0298462,0.0106443,0.0427104,0.0793897,-0.00017143,0.4215,0.733,-20875.8,-88258.8,571.703,33019.8,168731,0.0361907,0.0202186,0.0123365,reel,2257,2285.5,2310.05,0.000985801,2283
50532,Saint-Pair-sur-Mer,50,province,68,22.6667,3982.96,4014.23,0.0340772,0.0183177,13.4285,10.1678,17.7349,maille,1.33788,0.0166345,0,315,0.126477,0.0489761,0.0215012,-1.56881,48.8149,-0.114986,-0.0335677,0.010535,0.0410128,0.0823238,-0.00187183,0.4335,0.7435,-19682.3,-78354.6,512.12,28257.5,147370,0.0359387,0.0189232,0.00983767,reel,2261,2284.5,2316.05,0.000934911,2284
73116,Fontcouverte-la-Toussuire,73,province,217,72.3333,3467.56,3475.46,0.0197831,0.00617595,12.8532,8.25123,20.0217,maille,1.69606,0.024508,0,557,0.393204,0.132833,0.163985,6.26066,45.2556,-0.105085,-0.030172,0.0105121,0.0408445,0.0814756,0.000489293,0.4225,0.746,-17838.1,-71780.2,444.988,27217.6,128300,0.0392892,0.0199019,0.0107125,reel,2274,2284,2296.05,0.000393794,2285
65123,Campan,65,province,34,11.3333,2301.35,2318.3,0.051791,0.0422969,11.1755,7.78667,16.0391,maille,2.89907,0.0951231,0,157,0.371457,0.0723907,0.0797366,0.228877,42.9572,-0.109212,-0.0299498,0.0104728,0.0427706,0.0839646,0.000467405,0.423,0.731,-11382.4,-48117.1,288.885,17511.8,85149.9,0.0504512,0.0220324,0.0103072,reel,2252.85,2285.5,2314.1,0.00112724,2286
33009,Arcachon,33,province,775,258.333,7113.94,7118.3,0.00840873,0.00111581,19.4327,15.161,24.908,commune,1.25754,0.0147821,0,3827,0.143304,0.0484285,0.0184948,-1.16565,44.6602,-0.117422,-0.0315757,0.0104277,0.0402077,0.0811365,-0.00248903,0.42,0.748,-34917.5,-140198,925.327,50057.8,263216,0.0302494,0.0182686,0.00949423,reel,2280.95,2287,2295,0.000242447,2287
05001,Abriès-Ristolas,05,province,49,16.3333,2656.03,2672.23,0.0423318,0.0282688,11.8829,8.17712,17.2682,maille,2.18039,0.0381503,0,131,0.558013,0.104439,0.0456094,6.9264,44.7939,-0.113446,-0.030534,0.0104265,0.0417164,0.0851815,-0.00090981,0.4255,0.736,-13069.2,-55939.2,337.299,19300.5,98273.1,0.0469103,0.0221808,0.0107475,reel,2264.95,2288,2314,0.000891794,2288
2A228,Pietrosella,2A,province,32,10.6667,5788.88,6055.68,0.0617289,0.0600645,17.5203,14.1683,21.6652,maille,2.10499,0.0356537,0,120,0.0441259,0.0302015,0.00142581,8.78819,41.849,-0.113594,-0.0306897,0.0103491,0.0411292,0.0814752,-0.00130162,0.4375,0.7385,-27999.9,-112555,752.44,40577,214189,0.033209,0.0187884,0.00966086,reel,2224.95,2285,2341.05,0.00191136,2289
74134,Les Gets,74,province,261,87,7227.36,7245.22,0.0163125,0.00419919,18.8449,14.271,24.8847,maille,1.40313,0.0178199,0,810,0.317842,0.145232,0.116832,6.66592,46.1548,-0.113426,-0.033094,0.0102885,0.0393105,0.0807053,-0.00248466,0.427,0.7545,-37771.8,-145995,982.4,52476.7,267412,0.0287987,0.0171458,0.00932246,reel,2280,2290,2301.05,0.000400152,2290
74176,Menthon-Saint-Bernard,74,province,42,14,7004.9,7098.08,0.0402284,0.0255358,19.4619,15.4119,24.5764,maille,1.23608,0.0143072,0,195,0.239944,0.0710901,0.0717281,6.19637,45.8597,-0.118908,-0.0301782,0.0101783,0.0399932,0.0812726,-0.0018085,0.421,0.75,-34196.1,-140453,905.607,50117.6,259181,0.0307704,0.0186065,0.0108194,reel,2264.95,2290,2324.15,0.00110422,2291
38129,Corrençon-en-Vercors,38,province,44,14.6667,3385.27,3434.06,0.0428378,0.0289559,12.5606,9.52841,16.5576,maille,1.85992,,0,151,0.429137,0.0740868,0.0146413,5.53038,45.0264,-0.113603,-0.0328078,0.0101685,0.0408942,0.0805163,-0.00180777,0.4205,0.742,-17022.5,-68582.1,438.065,23965.3,125255,0.0392071,0.019461,0.00911595,reel,2265.95,2289.5,2319.15,0.00104249,2292
64317,Larressore,64,province,30,10,3562.83,3617.28,0.0487418,0.0374785,12.7339,10.5043,15.4368,maille,1.3824,0.0174472,0,178,0.0506154,0.00968007,0.001592,-1.43592,43.3733,-0.112242,-0.0327406,0.0100194,0.0407018,0.0805957,-0.00279045,0.428,0.7475,-17003.3,-69752.2,451.209,25003.8,131825,0.0378371,0.0193551,0.0103428,reel,2261,2292.5,2335.1,0.00133284,2293
2A008,Albitreccia,2A,province,83,27.6667,5598.24,5691.64,0.0390429,0.0240448,17.5203,14.1683,21.6652,maille,2.35441,0.0451807,0,255,0.0197154,0.00887798,0.0042592,8.79416,41.8601,-0.111777,-0.0310327,0.00989265,0.0409315,0.0817692,-0.000625151,0.428,0.745,-26718.9,-107989,718.342,39255.8,207135,0.0343399,0.0192234,0.0102586,reel,2261.85,2297,2333.05,0.00130811,2294
40287,Sanguinet,40,province,31,10.3333,3802.28,3861.7,0.0444625,0.0311848,13.0891,11.1173,15.4105,maille,1.38196,0.0174459,0,169,0.0292051,0.0092632,0.00713175,-1.07524,44.4823,-0.117575,-0.0318186,0.00980012,0.0413037,0.0812332,-0.00181763,0.4395,0.744,-18444.5,-74428.8,487.368,26726.8,140684,0.0365752,0.0189783,0.00993832,reel,2264.9,2297.5,2333.1,0.0012624,2295
65199,Germ,65,province,89,29.6667,2687.64,2700.58,0.0324302,0.0165921,11.4431,7.67308,17.0654,maille,2.44026,,0,127,0.0921181,0.00979022,0.0121703,0.44081,42.795,-0.119102,-0.0315024,0.00976859,0.04295,0.0841193,-0.000520349,0.418,0.727,-12569.1,-54661.3,340.243,18951.5,99442.6,0.0443948,0.0202068,0.0106771,reel,2275.95,2298,2326,0.000902119,2296
05079,Le Monêtier-les-Bains,05,province,97,32.3333,4882.19,4914.34,0.0302969,0.0144827,15.1126,11.2865,20.2358,maille,1.89878,0.0294646,0,346,0.387873,0.0979115,0.0514445,6.51008,44.9752,-0.115103,-0.0318515,0.00965644,0.0388681,0.0791151,-0.00334083,0.4285,0.76,-26223.4,-101841,651.04,35156.4,180641,0.0334586,0.0181014,0.00875541,reel,2276.95,2300,2326.05,0.00083735,2297
80228,Le Crotoy,80,province,60,20,4728.55,4795.69,0.0370653,0.0216666,14.8526,12.0958,18.2376,maille,1.64617,0.0233499,0,222,0.147804,0.0682283,0.05405,1.62281,50.2174,-0.112782,-0.0330298,0.00965069,0.0400182,0.0803657,-0.00262881,0.4345,0.7495,-23821.7,-94017.5,620.8,33882.4,174956,0.0338858,0.0184069,0.00943489,reel,2269.9,2297.5,2332.05,0.00110365,2298
56005,Arzon,56,province,180,60,4951.34,4961.76,0.0181657,0.00520731,15.1601,12.1787,18.8714,maille,1.15429,0.0121951,0,663,0.17401,0.0255132,0.00621083,-2.89228,47.5406,-0.116967,-0.0324665,0.00964919,0.0411102,0.0826618,-0.00202088,0.4345,0.7425,-24123.6,-96944.5,636.705,34751,183200,0.0331064,0.0185232,0.009388,reel,2286.95,2300,2316.05,0.000551298,2299
73280,Saint-Sorlin-d'Arves,73,province,131,43.6667,3386.31,3398.27,0.0254106,0.0101891,12.8532,8.25123,20.0217,maille,2.08063,0.034778,0,482,0.40588,0.0351032,0.0454277,6.22117,45.2206,-0.110973,-0.0325059,0.00957841,0.0408393,0.0823171,-0.000826685,0.421,0.7435,-16810.7,-69710.1,430.314,24385.7,125293,0.040232,0.0200094,0.0100369,reel,2286,2302,2321.1,0.000592077,2300
17140,Dolus-d'Oléron,17,province,34,11.3333,4124.2,4187.6,0.0469104,0.0347104,13.6785,10.739,17.4226,maille,1.53393,0.0209288,0,187,0.167371,0.0266252,0.0154912,-1.28561,45.9006,-0.125827,-0.0350071,0.00955961,0.0402145,0.0804666,-0.00301486,0.4315,0.748,-20913.4,-83975.9,533.446,29109.8,152595,0.0354353,0.0186559,0.00929839,reel,2265.85,2303.5,2343.05,0.001364,2301
14701,Tourgéville,14,province,136,45.3333,5688.24,5710.86,0.0224204,0.00793198,16.4347,12.6689,21.32,maille,1.67865,0.0240777,0,359,0.285243,0.0706605,0.0355691,0.061112,49.3502,-0.121123,-0.0326021,0.00951465,0.0411396,0.0801158,-0.00266075,0.4305,0.741,-29450.5,-115253,756.068,40330.2,210465,0.0315066,0.0177622,0.00845453,reel,2285,2303,2323,0.000655057,2302
05101,Vallouise-Pelvoux,05,province,71,23.6667,2910.18,2927.78,0.0353201,0.0196818,11.8829,8.17712,17.2682,maille,2.24173,0.0406639,0,340,0.469838,0.0778777,0.0982246,6.49075,44.845,-0.119507,-0.0351706,0.00948082,0.0402019,0.0821481,-0.00276601,0.432,0.7495,-15512.7,-61939.7,374.044,21926.1,107676,0.0428137,0.0201809,0.00922555,reel,2285.95,2304,2325.05,0.000715198,2303
44131,Pornic,44,province,212,70.6667,5242.74,5252.51,0.0168701,0.00449105,15.9318,12.8634,19.732,commune,1.29263,0.0156024,0,1242,0.105133,0.033681,0.0325549,-2.10566,47.1155,-0.113458,-0.0342931,0.0094393,0.040554,0.0806033,-0.00272729,0.4415,0.745,-26154,-102364,675.375,37171.4,193982,0.0330326,0.0187202,0.0100309,reel,2289,2304,2323,0.000547393,2304
64040,Arette,64,province,79,26.3333,1897.81,1900.71,0.0303885,0.0145711,10.194,7.99167,13.0033,maille,2.49159,0.0520028,0,180,0.235848,0.152445,0.0777673,-0.745003,42.9773,-0.106998,-0.0298257,0.0094053,0.039646,0.0796678,-0.00109653,0.426,0.7515,-10028.2,-39163.5,251.934,14530.8,70219.1,0.0549729,0.0228183,0.0104446,reel,2288,2308,2326,0.000643013,2305
05098,Les Orres,05,province,269,89.6667,3324.02,3331.24,0.0182769,0.0052712,12.0705,8.69105,16.7641,maille,1.15719,0.0122677,0,516,0.376997,0.131529,0.046416,6.55542,44.4926,-0.117852,-0.0329492,0.00939731,0.0382524,0.0827039,-0.00265531,0.427,0.76,-17342.1,-68916.1,440.817,23950,122989,0.0381605,0.0191529,0.00906194,reel,2292.95,2305,2317,0.000412778,2306
74173,Megève,74,province,376,125.333,8687.15,8700.91,0.0135995,0.00291861,21.855,16.1225,29.6257,commune,2.10557,0.0357069,0,2186,0.408388,0.13989,0.101146,6.6207,45.8571,-0.117377,-0.0340355,0.0093744,0.0400077,0.0806253,-0.00244135,0.436,0.75,-46146.7,-177010,1190.41,62482.8,321425,0.0281174,0.0169123,0.00910369,reel,2296,2306,2315,0.000317126,2307
44211,La Turballe,44,province,109,36.3333,4779.74,4797.16,0.023478,0.00869797,14.9874,11.809,19.0213,commune,1.15168,0.0120653,0,535,0.100406,0.0475083,0.0113449,-2.50955,47.3471,-0.118737,-0.0301931,0.00934797,0.0411608,0.0792455,-0.00261238,0.4315,0.7405,-23278.7,-93720.8,612.717,33642,176850,0.0338615,0.0188624,0.0100899,reel,2288,2306,2328,0.000690243,2308
65168,Esquièze-Sère,65,province,43,14.3333,3101.95,3147.19,0.0462548,0.0337428,11.5438,8.39585,15.872,maille,1.39037,0.0175824,0,144,0.169325,0.0777992,0.0512112,-0.007038,42.8772,-0.115676,-0.0345732,0.00934145,0.0411676,0.0804974,-0.00199151,0.434,0.7415,-16202.1,-63006.1,408.247,22595.3,114772,0.0388548,0.0187663,0.00888643,reel,2277.9,2306,2341,0.00108379,2309
35049,Cancale,35,province,103,34.3333,4192.6,4205.12,0.0225595,0.00803095,13.9604,11.4757,16.9831,commune,1.64472,0.0233218,0,775,0.106638,0.0332912,0.0265361,-1.85357,48.6762,-0.120349,-0.0320507,0.00924624,0.0395495,0.0835661,-0.00274353,0.431,0.753,-20369,-82544.8,539.045,29698.5,155126,0.035664,0.0188599,0.00981588,reel,2291.95,2309,2325.05,0.000608081,2310
74143,Les Houches,74,province,253,84.3333,7289.45,7307.53,0.0165673,0.0043314,19.1474,14.1224,25.9602,maille,1.41154,0.0179601,0,1015,0.392332,0.0669811,0.043195,6.79639,45.8947,-0.11554,-0.0343921,0.00923075,0.0396467,0.0812408,-0.00340868,0.434,0.7525,-38376.9,-148440,971.855,51694.4,269710,0.0290513,0.0173676,0.00850661,reel,2295,2309,2320,0.000433501,2311
22179,Fréhel,22,province,42,14,3916.18,3961.65,0.0428083,0.0289072,13.1795,10.4261,16.66,maille,1.47912,0.01959,0,104,0.0950512,0.0370988,0.0117343,-2.38916,48.6383,-0.115514,-0.0329966,0.00910837,0.039427,0.0807517,-0.00273591,0.4215,0.7525,-19959.6,-77568.5,509.38,27539.9,144899,0.0357884,0.0185511,0.00921517,reel,2281,2309,2342.1,0.00117718,2312
64189,Ciboure,64,province,345,115,5864.9,5874.02,0.0146232,0.00337447,16.8172,13.1543,21.5001,commune,1.19287,0.0132283,0,1438,0.119569,0.0429247,0.0138495,-1.6675,43.3824,-0.113668,-0.0338408,0.00908321,0.040693,0.0787182,-0.00320344,0.4415,0.745,-30150,-115217,763.488,41245.9,217001,0.0313402,0.0181734,0.009085,reel,2297.95,2311,2325,0.000445669,2313
62893,Wimereux,62,province,175,58.3333,5359.91,5384.79,0.0208233,0.00684232,16.1653,13.1788,19.8285,commune,1.54756,0.0211893,0,678,0.192273,0.0602672,0.0319482,1.61027,50.7694,-0.109719,-0.0343342,0.00901461,0.0419751,0.0815253,-0.00274396,0.434,0.7365,-26796.1,-104459,698.691,38120.3,198317,0.0328333,0.0185045,0.00963487,reel,2290.95,2312,2328.05,0.000615506,2314
06071,Guillaumes,06,province,53,17.6667,4310.64,4395.41,0.0451467,0.032156,14.2329,8.22985,24.6148,maille,2.59977,0.058296,0,155,0.191202,0.141079,0.131734,6.92757,44.097,-0.116501,-0.0332105,0.00894753,0.0417248,0.0838065,-0.00172955,0.4355,0.7385,-22826,-93527.2,586.621,32153.4,159494,0.0354461,0.0180986,0.00896279,reel,2278.9,2310,2341,0.0011188,2315
80721,Saint-Valery-sur-Somme,80,province,46,15.3333,4640.6,4724.15,0.0421966,0.0280757,14.8526,12.0958,18.2376,maille,2.19954,0.0390266,0,165,0.155111,0.0574028,0.0288236,1.63875,50.176,-0.12239,-0.0333995,0.00886622,0.0401947,0.0788149,-0.00405002,0.4375,0.748,-24220.5,-93575,617.394,32992.7,171702,0.0345281,0.0182988,0.00877084,reel,2281.95,2317,2345,0.00119115,2316
73071,Champagny-en-Vanoise,73,province,79,26.3333,6199.99,6252.17,0.0326132,0.0167832,17.2737,13.3056,22.4252,maille,1.64704,0.0233877,0,260,0.492451,0.0861132,0.0319276,6.69411,45.4556,-0.109603,-0.0353659,0.00880567,0.0388317,0.0784702,-0.00351297,0.4435,0.7585,-33236.4,-125038,828.319,43849,229400,0.0305298,0.0175269,0.00834755,reel,2291.95,2318,2341,0.000868217,2317
12224,Saint Geniez d'Olt et d'Aubrac,12,province,53,17.6667,1435.1,1437.35,0.0401389,0.0254131,9.39129,7.374,11.9604,commune,2.92256,0.10352,0,249,0.285394,0.094545,0.0487462,2.96951,44.463,-0.111997,-0.0305416,0.00879339,0.0425019,0.08068,-0.00124625,0.4345,0.733,-7556.03,-30671.7,184.139,11007,53098.8,0.0659852,0.0246331,0.0103172,reel,2290,2315,2341,0.000934528,2318
17380,Saint-Palais-sur-Mer,17,province,141,47,4888.25,4907.77,0.0233408,0.0085963,14.9242,11.8185,18.8459,maille,1.19171,0.0131884,0,526,0.205611,0.0373699,0.0168374,-1.08938,45.6441,-0.122777,-0.0343327,0.00876633,0.0414106,0.0775843,-0.00326359,0.435,0.7405,-24797.2,-97823.4,633.35,34419.3,180865,0.0329545,0.0182947,0.00904216,reel,2291.95,2318,2337,0.000716426,2319
64122,Biarritz,64,province,1472,490.667,7336.53,7339.3,0.00708852,0.000792941,19.2252,13.7591,26.8628,commune,1.44664,0.0187958,0,8929,0.180994,0.0639595,0.026714,-1.55646,43.4811,-0.116277,-0.0334673,0.00875857,0.0395453,0.0799444,-0.00419278,0.4375,0.7535,-39082.9,-149207,981.403,51700.2,271452,0.0289922,0.0173273,0.00803905,reel,2310,2317,2324,0.00020861,2320
80182,Cayeux-sur-Mer,80,province,86,28.6667,3167.25,3196.96,0.0310584,0.0152159,11.6983,9.29093,14.7293,maille,2.04408,0.0336278,0,275,0.151628,0.0432575,0.0577724,1.49239,50.1813,-0.120208,-0.0344151,0.00873383,0.0391361,0.0787322,-0.00427694,0.438,0.7545,-17040.2,-64858.9,416.45,23127.4,117188,0.0386389,0.0182145,0.00799642,reel,2295.95,2318,2340.05,0.000858378,2321
35093,Dinard,35,province,431,143.667,5430.53,5434.92,0.0110619,0.00193103,15.9863,12.6105,20.2658,commune,1.5522,0.0212549,0,2566,0.131296,0.052311,0.0432826,-2.05904,48.6328,-0.120973,-0.0318065,0.00864473,0.0388845,0.0810833,-0.00324117,0.438,0.757,-27907.7,-108538,711.911,38780.9,200930,0.0320108,0.0179648,0.00879481,reel,2308,2320,2328.1,0.000344719,2322
56258,La Trinité-sur-Mer,56,province,47,15.6667,5963.06,6010.02,0.0352936,0.0196533,17.214,12.9183,22.938,maille,1.35412,0.0169247,0,188,0.209122,0.0260579,0.0105693,-3.0296,47.5877,-0.113127,-0.0340218,0.00861669,0.0403937,0.081511,-0.00290203,0.439,0.7475,-29977.1,-118774,771.267,41924.5,220633,0.0316227,0.0183554,0.00926131,reel,2289,2319,2345.05,0.0011309,2323
06094,Péone,06,province,145,48.3333,4492.75,4527.12,0.0275751,0.0119984,14.2329,8.22985,24.6148,maille,2.00928,0.0325064,0,516,0.183832,0.137545,0.191155,6.93357,44.0943,-0.111583,-0.032761,0.00854071,0.0407359,0.082648,-0.00179698,0.44,0.745,-24226.4,-97140.1,602.389,34850.1,166232,0.0340093,0.0178453,0.00935356,reel,2299.95,2320,2339,0.000700821,2324
2B298,Saint-Florent,2B,province,57,19,4585.95,4689.68,0.042279,0.0282007,14.8948,12.4192,17.864,maille,2.51044,0.0529876,0,201,0.0854184,0.0290301,0.0229469,9.30571,42.6817,-0.114701,-0.0321849,0.00825906,0.0388698,0.0797683,-0.00351204,0.4485,0.7595,-23864.8,-91716.9,603.791,32468.7,169680,0.0350501,0.0183371,0.00865498,reel,2285.95,2327,2348.05,0.00133925,2325
64125,Bidart,64,province,218,72.6667,6214.99,6230.08,0.0183782,0.00532986,17.5284,13.7581,22.3318,commune,1.2152,0.013806,0,1358,0.0760288,0.0237849,0.00744318,-1.58608,43.4396,-0.113915,-0.0329929,0.008203,0.0399079,0.079489,-0.00345581,0.4475,0.7505,-31369.5,-120390,804.356,43531.6,229955,0.0309478,0.0181704,0.00896308,reel,2306.8,2327,2342,0.000633845,2326
22168,Perros-Guirec,22,province,190,63.3333,4026.65,4038.13,0.020354,0.0065372,13.0365,10.4386,16.2809,commune,1.65893,0.0236436,0,1114,0.120399,0.0296951,0.018857,-3.44555,48.8148,-0.110715,-0.0351599,0.00820193,0.0387835,0.0780408,-0.00409048,0.443,0.76,-21532.2,-80215.5,533.278,28551,148986,0.0343804,0.0175752,0.00743063,reel,2307,2327,2342,0.000604744,2327
73034,Beaufort,73,province,78,26,5033.2,5073.67,0.0328181,0.0169948,15.3656,10.6009,22.2718,maille,2.29988,0.0428677,0,416,0.293298,0.0559929,0.0364551,6.56548,45.6856,-0.117291,-0.0321733,0.00816506,0.0391066,0.0802485,-0.00304731,0.4485,0.755,-26994.9,-102450,670.99,35838.7,186228,0.0330579,0.0176866,0.00776767,reel,2298.95,2328,2347,0.000950948,2328
73306,Valloire,73,province,209,69.6667,5243.37,5261.32,0.0201558,0.00641083,15.1126,11.2865,20.2358,maille,1.66357,0.023766,0,622,0.381612,0.170204,0.0801518,6.43023,45.165,-0.115645,-0.0342533,0.00805009,0.0391624,0.0777803,-0.00452215,0.45,0.755,-29753.2,-108559,722.577,37973.6,194005,0.0311539,0.0170298,0.00780423,reel,2314.95,2329,2341,0.00048119,2329
06073,Isola,06,province,297,99,4667.25,4685.7,0.0193263,0.00589398,14.2329,8.22985,24.6148,maille,1.91734,0.0300415,0,605,0.348618,0.0788971,0.0383792,7.15838,44.1879,-0.115188,-0.0348474,0.00787744,0.0398715,0.0825801,-0.00357028,0.445,0.7505,-25460.5,-101603,626.792,33240.6,172688,0.0327377,0.0172501,0.00701689,reel,2316,2332,2344,0.000542941,2330
88531,Xonrupt-Longemer,88,province,39,13,2880.04,2989.78,0.0529703,0.0442577,11.026,8.70591,13.9644,maille,1.48782,0.0198142,0,129,0.20864,0.0645768,0.047819,6.9235,48.0767,-0.121561,-0.0340623,0.00786325,0.0385107,0.0789169,-0.00444773,0.448,0.7625,-15873.9,-59589.1,378.311,21069.8,106562,0.0396911,0.0185001,0.00802486,reel,2296,2331,2352,0.00131633,2331
74080,La Clusaz,74,province,198,66,8268.67,8300.93,0.0187163,0.00552791,19.0816,15.1358,24.056,maille,1.58266,0.0219363,0,780,0.354305,0.223451,0.190295,6.42922,45.906,-0.114711,-0.0324487,0.00782746,0.0374591,0.0782716,-0.00337506,0.4365,0.768,-47835.1,-171802,1189.64,61033.3,305941,0.0255155,0.0151348,0.00780376,reel,2322,2333.5,2343,0.000382254,2332
74136,Le Grand-Bornand,74,province,287,95.6667,6274.08,6289.69,0.015559,0.00382023,16.5095,13.5348,20.1381,maille,1.43503,0.0185387,0,751,0.464773,0.151082,0.0872456,6.4444,45.9501,-0.114368,-0.0342734,0.00780128,0.0383772,0.0778893,-0.00403464,0.4435,0.767,-35328.9,-128444,869.818,45281,232141,0.0287077,0.0163774,0.00746385,reel,2321,2332,2340,0.0003537,2333
40304,Soorts-Hossegor,40,province,137,45.6667,7257.02,7285.83,0.0214067,0.00723089,19.1106,15.2996,23.8708,commune,1.46839,0.0193253,0,652,0.168346,0.05109,0.01821,-1.43005,43.6607,-0.119115,-0.0343824,0.00774919,0.038741,0.0814364,-0.00384648,0.451,0.7585,-38364.8,-145702,969.573,51048.2,268510,0.0291203,0.01736,0.00789616,reel,2316,2335,2346,0.000626213,2334
22186,Pléneuf-Val-André,22,province,124,41.3333,4651.61,4670.11,0.025152,0.00998195,14.6776,11.5198,18.701,commune,1.44548,0.0187853,0,555,0.153396,0.0478141,0.0214913,-2.55263,48.5882,-0.111769,-0.0332408,0.00771902,0.0407862,0.0796524,-0.00243307,0.44,0.746,-23421,-90567.4,604.184,32875.4,172110,0.033995,0.0185385,0.00941928,reel,2313.95,2334,2348,0.000742889,2335
06121,Saint-Jean-Cap-Ferrat,06,province,55,18.3333,10907.6,11072.7,0.0443439,0.031023,28.0105,20.3093,38.6319,maille,2.70099,0.0665459,0,610,0.0974569,0.0392183,0.0130794,7.33127,43.6897,-0.116874,-0.0309139,0.00768919,0.0390656,0.0814714,-0.00324747,0.443,0.7565,-55501.1,-219920,1446.25,76636.9,403581,0.0291655,0.018022,0.00871903,reel,2295.9,2334,2352,0.00130596,2336
33514,Soulac-sur-Mer,33,province,132,44,3741.35,3756.41,0.0203201,0.00651575,12.2886,9.59585,15.737,maille,1.71578,0.0248824,0,379,0.119127,0.0263785,0.0374922,-1.12311,45.5126,-0.121227,-0.0368764,0.00763663,0.0377744,0.0800661,-0.00643507,0.451,0.768,-21158.4,-76648.4,498.374,26822.8,138430,0.0346034,0.0170832,0.00655093,reel,2320.9,2334,2347,0.000591446,2337
73186,Notre-Dame-de-Bellecombe,73,province,113,37.6667,4786.9,4816.9,0.0273376,0.011793,14.3035,11.6267,17.5966,maille,1.2558,0.014746,0,284,0.41978,0.140041,0.0740732,6.52,45.8083,-0.118585,-0.0342569,0.00762972,0.0389017,0.0772251,-0.00424655,0.44,0.7615,-26511.1,-97424.6,648.182,34717.6,177115,0.0320964,0.0174575,0.00812749,reel,2314,2335,2348,0.00074627,2338
88075,La Bresse,88,province,192,64,2495.88,2513.46,0.0243012,0.00931849,10.4592,7.90356,13.8411,maille,1.73115,0.0252021,0,819,0.246377,0.0721646,0.061959,6.90145,48.0131,-0.116108,-0.033284,0.00762926,0.0381588,0.0786055,-0.00345351,0.443,0.7635,-13817.7,-51303.7,329.499,18525.3,92347.7,0.043075,0.0190574,0.00786412,reel,2321.95,2336,2346.05,0.000526157,2339
64065,Ascain,64,province,49,16.3333,4602.99,4650.05,0.0384162,0.0232844,14.6748,11.9177,18.0698,maille,1.35296,0.0169186,0,400,0.105879,0.0209615,0.0170492,-1.6274,43.3532,-0.114133,-0.0327445,0.00761254,0.0396814,0.0826307,-0.00286241,0.4425,0.7525,-22873.3,-89688,588.792,32455.9,170311,0.0343468,0.018805,0.00986451,reel,2304.95,2336,2351.05,0.00111666,2340
64483,Saint-Jean-de-Luz,64,province,740,246.667,6170.67,6175.69,0.00999366,0.00157607,16.7541,13.1477,21.3497,commune,1.30858,0.0159723,0,4245,0.183749,0.0360265,0.0143465,-1.65633,43.3897,-0.119626,-0.0331109,0.00759433,0.0381883,0.0777575,-0.00411845,0.4465,0.7615,-33314.4,-124063,825.792,43380.3,228315,0.0296644,0.017098,0.00720536,reel,2327,2336,2343.05,0.000285566,2341
65388,Saint-Lary-Soulan,65,province,481,160.333,3021.93,3025.73,0.0140435,0.00311213,11.4431,7.67308,17.0654,maille,1.62834,0.0230222,0,1145,0.242096,0.0949252,0.0441794,0.32052,42.8153,-0.116705,-0.0345551,0.00747202,0.0412189,0.0817469,-0.00281531,0.443,0.739,-16024.4,-63222.2,398.05,21941.2,111812,0.0394837,0.0187383,0.00835872,reel,2328,2338,2344.05,0.000340712,2342
05164,Savines-le-Lac,05,province,38,12.6667,3439.17,3496.84,0.0478768,0.036156,12.0705,8.69105,16.7641,maille,1.76856,0.0262009,0,310,0.211294,0.575926,0.0539503,6.40549,44.525,-0.108389,-0.0316811,0.00726515,0.0377771,0.0776208,-0.00348392,0.447,0.763,-20498.3,-75503.1,542.441,24927.2,127249,0.0368828,0.0179723,0.00804447,reel,2316.95,2341,2352,0.000970964,2343
25254,Les Fourgs,25,province,60,20,2886.01,2930.12,0.0388516,0.0238173,11.6072,8.43773,15.9672,maille,2.14139,,0,157,0.387795,0.0654277,0.0293672,6.40129,46.835,-0.116178,-0.0321575,0.00726317,0.0407041,0.0805952,-0.00335569,0.445,0.746,-15331.1,-60876,376.488,20727.6,106782,0.0420255,0.0196133,0.00862563,reel,2318.85,2340,2350.05,0.000915807,2344
56052,Damgan,56,province,59,19.6667,5183.92,5221.09,0.0315631,0.0157188,15.1601,12.1787,18.8714,maille,1.18474,0.0130178,0,231,0.136355,0.0332591,0.00499657,-2.57462,47.5177,-0.12136,-0.0356742,0.00719944,0.0384416,0.0793594,-0.00520087,0.451,0.7615,-27753.5,-104013,682.204,36367.5,191805,0.0316211,0.0176691,0.00795643,reel,2315,2342,2352,0.00097066,2345
25157,La Cluse-et-Mijoux,25,province,36,12,3178.34,3272.53,0.0497659,0.0390751,11.6072,8.43773,15.9672,maille,2.18358,0.0383037,0,147,0.251513,0.0634744,0.00277775,6.37827,46.8719,-0.124044,-0.034687,0.00719298,0.0373207,0.0796061,-0.00586238,0.4515,0.7675,-18030.6,-67415.8,431.027,22311.4,117598,0.0381602,0.0177709,0.00665054,reel,2309,2342.5,2354.05,0.001299,2346
74191,Morzine,74,province,636,212,7386.15,7394.3,0.0104628,0.00172753,18.4759,13.1828,25.8941,maille,2.08179,0.0348157,0,1843,0.455412,0.132939,0.0919054,6.77036,46.1892,-0.117782,-0.0334096,0.00711047,0.0375645,0.0798217,-0.00487194,0.453,0.7735,-42253.5,-154401,1033.76,53204.5,273287,0.0275801,0.0158796,0.0069463,reel,2336.95,2343,2348,0.000269629,2347
22343,Trébeurden,22,province,76,25.3333,3340.78,3365.52,0.0320281,0.0161843,11.433,9.1678,14.258,maille,1.66734,0.023872,0,283,0.0886162,0.0286621,0.0465572,-3.57644,48.7724,-0.119076,-0.0351203,0.00701035,0.0369446,0.0784763,-0.00585258,0.45,0.7715,-18959.6,-68512.6,447.806,24147.3,123609,0.0356792,0.0168897,0.00618613,reel,2321,2345,2352,0.000891759,2348
73296,Tignes,73,province,441,147,8787.85,8805.14,0.0138989,0.00304852,19.6252,11.0835,34.7496,maille,1.10325,0.0105774,0,1972,0.403502,0.132354,0.117012,6.90145,45.4582,-0.115186,-0.0334564,0.00660562,0.0397075,0.0809214,-0.003742,0.4485,0.7525,-49755.7,-190355,1220.03,63444.7,325150,0.0247503,0.0150783,0.00656811,reel,2343,2347,2351,0.000321351,2349
65465,Vielle-Aure,65,province,61,20.3333,3305.57,3345.83,0.0390266,0.0240251,11.4431,7.67308,17.0654,maille,1.41792,0.01812,0,142,0.270131,0.067076,0.0227369,0.326836,42.8253,-0.117921,-0.0369152,0.0061998,0.038348,0.0811311,-0.00478723,0.4555,0.76,-18602.8,-69988.6,440.839,23470.1,122306,0.0360958,0.0173121,0.006303,reel,2336,2350,2357,0.000960626,2350
29023,Carantec,29,province,53,17.6667,3025.36,3063.58,0.0361131,0.0205759,10.6138,8.57638,13.1354,maille,1.45331,0.0189736,0,188,0.0711037,0.0409688,0.0199085,-3.91254,48.6606,-0.11851,-0.0371199,0.00588673,0.0367756,0.0782655,-0.00614075,0.4605,0.772,-17427.9,-61639.1,410.856,21542.9,111938,0.0361498,0.016418,0.00529783,reel,2337.95,2350,2358,0.000951843,2351
73088,Cohennoz,73,province,37,12.3333,5017.1,5122.52,0.0472099,0.0351646,14.3035,11.6267,17.5966,maille,2.09223,,0,96,0.355641,0.0950224,0.0972936,6.49688,45.781,-0.111158,-0.0344263,0.00583322,0.0363668,0.0764888,-0.00559402,0.4605,0.7785,-30004.5,-104667,701.378,36765.7,185633,0.0306237,0.0160438,0.00574907,reel,2333.95,2351,2358.05,0.00106185,2352
05177,Vars,05,province,341,113.667,3607.19,3614.96,0.016242,0.00416285,11.8829,8.17712,17.2682,maille,1.55162,0.0212469,0,612,0.457695,0.163263,0.131376,6.68294,44.571,-0.117159,-0.0367501,0.00571593,0.0362487,0.0760131,-0.00623661,0.455,0.7765,-22244.6,-78634.4,502.746,27452.3,133466,0.0345408,0.0168515,0.00601289,reel,2349,2352,2355,0.000346875,2353
48080,Langogne,48,province,36,12,1230.29,1236.51,0.04881,0.0375447,8.95694,6.58107,12.1905,commune,2.90342,0.0961288,0,326,0.375614,0.105314,0.0915615,3.85552,44.7267,-0.114326,-0.0344501,0.00520752,0.0397543,0.0838976,-0.00289303,0.455,0.7525,-7477.88,-29272,159.402,10205.4,45520.7,0.0727336,0.0257422,0.00765864,reel,2348,2354,2360,0.000797856,2354
22282,Saint-Cast-le-Guildo,22,province,125,41.6667,4642.93,4668.92,0.0250522,0.00990288,13.1795,10.4261,16.66,maille,1.29872,0.015769,0,557,0.132431,0.0476512,0.0588967,-2.25722,48.6322,-0.122583,-0.0384909,0.00506934,0.0368917,0.0766359,-0.0066947,0.4615,0.7785,-27625.1,-95437.3,636.527,33380.4,171788,0.0301865,0.0157775,0.00504452,reel,2350,2354,2359,0.000608618,2355
73024,Les Avanchers-Valmorel,73,province,172,57.3333,4890.89,4915.62,0.0222029,0.00777918,13.4236,10.2429,17.5921,maille,1.3518,0.0168897,0,599,0.508443,0.185966,0.132367,6.44164,45.4595,-0.120096,-0.0368121,0.00486486,0.0349428,0.0757548,-0.00685963,0.4645,0.7845,-30939.3,-105186,698.296,36297,180963,0.0292551,0.0153915,0.00548968,reel,2352,2355,2359,0.000435489,2356
65138,Cauterets,65,province,400,133.333,3374.74,3381.07,0.0153951,0.00373998,11.5438,8.39585,15.872,maille,1.87761,0.0287783,0,1283,0.285196,0.155017,0.138546,-0.113613,42.8897,-0.118027,-0.0368288,0.00468266,0.035549,0.0758673,-0.00678344,0.4585,0.7805,-20973.2,-72722.8,474.08,25727.2,124865,0.035714,0.0168331,0.00593339,reel,2353.95,2357,2359,0.000308813,2357
62826,Le Touquet-Paris-Plage,62,province,631,210.333,8232.28,8246.51,0.0109931,0.00190706,18.3665,13.8609,24.3368,commune,1.55858,0.0213992,0,2572,0.191441,0.0652072,0.030215,1.58576,50.5229,-0.127875,-0.0400653,0.00452753,0.0344008,0.0765495,-0.00889798,0.4695,0.792,-52136.3,-174788,1177.89,58099.4,304594,0.024586,0.0144382,0.00334634,reel,2354,2357,2359,0.000275323,2358
06120,Saint-Étienne-de-Tinée,06,province,300,100,5459.19,5485.6,0.01923,0.00583539,14.2329,8.22985,24.6148,maille,2.38834,0.0467484,0,819,0.201852,0.0849231,0.0840645,6.93529,44.2265,-0.12552,-0.040493,0.00385661,0.0367561,0.076323,-0.00860224,0.478,0.7735,-35429.9,-120927,784.865,39627.5,201990,0.0279886,0.0144324,0.00320141,reel,2358,2360,2362,0.00036347,2359
38289,Oz,38,province,38,12.6667,4616.98,4740.07,0.0459912,0.0333753,12.7918,9.52136,17.1855,maille,2.97767,0.131522,0,170,0.403369,0.0570486,0.0432504,6.07188,45.1287,-0.125598,-0.0415703,0.00347417,0.0329234,0.0728798,-0.0108444,0.477,0.802,-31987.4,-102351,673.841,33016.4,170828,0.0293485,0.0139289,0.00118666,reel,2354.95,2360.5,2367.05,0.000895816,2360
05085,Montgenèvre,05,province,161,53.6667,4167.42,4191.82,0.0235836,0.00877613,11.8829,8.17712,17.2682,maille,1.05858,0.00908715,0,541,0.37275,0.074982,0.0338759,6.72076,44.9319,-0.129635,-0.0400937,0.00305486,0.0348696,0.0758932,-0.0103782,0.484,0.7875,-27159.3,-90936.3,585.998,29703.5,154194,0.0298975,0.0149388,0.0030984,reel,2359,2363,2367,0.000500976,2361
17369,Saint-Martin-de-Ré,17,province,44,14.6667,6364.69,6488.28,0.0413979,0.0270349,15.2316,11.5997,20.0006,maille,1.51566,0.0204937,0,358,0.142576,0.0355095,0.0189732,-1.36795,46.2047,-0.128132,-0.0407535,0.00304817,0.0343058,0.0737071,-0.00970172,0.4775,0.7905,-41197.2,-135837,904.132,44902.4,235494,0.0258895,0.014288,0.00252423,reel,2358,2363,2369,0.000984983,2362
62604,Neufchâtel-Hardelot,62,province,258,86,5982.57,6010.54,0.0171685,0.00465135,14.0543,11.3276,17.4373,maille,1.05945,0.00915717,0,575,0.153933,0.0341639,0.0175526,1.57894,50.6322,-0.128354,-0.0419444,0.00285504,0.0348129,0.0734419,-0.0125058,0.483,0.7925,-39744.7,-128132,854.667,42136.7,221355,0.0251818,0.0137098,0.00156458,reel,2360.95,2364,2368,0.000404785,2363
73257,Les Belleville,73,province,794,264.667,7423.23,7432.71,0.0103653,0.00169549,16.3992,8.64274,31.1167,commune,1.2413,0.0144359,0,2536,0.46797,0.111447,0.0601165,6.54346,45.3155,-0.126347,-0.0420941,0.00279044,0.0364499,0.0772832,-0.0089875,0.4835,0.7805,-49085.5,-164768,1069.62,52976.7,274659,0.0240852,0.0138199,0.00322365,reel,2361.95,2364,2367,0.000219775,2364
63038,Besse-et-Saint-Anastaise,63,province,246,82,2732.16,2741.23,0.0176442,0.00491255,10.3615,7.66521,14.0061,maille,2.55626,0.0553964,0,697,0.40215,0.0823529,0.0744098,2.86314,45.5094,-0.12354,-0.0397991,0.00275283,0.0354255,0.0757005,-0.00898612,0.4805,0.785,-17968.2,-59361.4,383.639,20321.9,101090,0.0389207,0.0163225,0.00297746,reel,2361,2364,2368,0.000349148,2365
62899,Wissant,62,province,34,11.3333,5767.36,5959.07,0.0465924,0.0342461,14.4161,11.7539,17.6813,maille,1.58034,0.0218688,0,60,0.223661,0.0407686,0.0068812,1.65817,50.8863,-0.12391,-0.0410668,0.00239584,0.034448,0.0746437,-0.0104653,0.4845,0.7945,-37457.3,-122568,815.889,40424.9,213392,0.0268742,0.0144577,0.00259911,reel,2359,2366,2369,0.000995351,2366
73094,Crest-Voland,73,province,31,10.3333,5941.76,6136.07,0.051403,0.0416869,14.3035,11.6267,17.5966,maille,1.83759,0.0277502,0,109,0.451876,0.179661,0.0666115,6.50726,45.7957,-0.120879,-0.038902,0.00238096,0.0330497,0.0725841,-0.0102088,0.4865,0.798,-40771.7,-128582,881.599,42543,219845,0.025858,0.0137045,0.00274574,reel,2359,2366,2370,0.000998338,2367
64249,Guéthary,64,province,40,13.3333,7714.12,7872.81,0.042409,0.0283747,17.2072,13.4899,21.9489,maille,1.75232,0.0257327,0,260,0.136303,0.0690119,0.0356246,-1.60718,43.4235,-0.123991,-0.0395368,0.00236554,0.0342771,0.0732822,-0.00955319,0.4815,0.788,-50779.2,-163843,1118.24,54536.6,285422,0.024434,0.0139482,0.00239397,reel,2358.95,2367,2370,0.00106299,2368
73227,Courchevel,73,province,252,84,10707.6,10755.9,0.0183657,0.00532274,19.6252,11.0835,34.7496,maille,1.19838,0.0133769,0,1713,0.342404,0.147431,0.109156,6.63785,45.4192,-0.134456,-0.0418426,0.00209632,0.0323247,0.075721,-0.011089,0.4845,0.8085,-75202.2,-245135,1604.5,76771.1,396183,0.0203128,0.0123286,0.00147663,reel,2364,2367,2369,0.000417615,2369
73015,Les Allues,73,province,369,123,10182.4,10211.9,0.0151901,0.00364119,19.6252,11.0835,34.7496,maille,1.01827,0.00708617,0,1439,0.421927,0.133406,0.0709728,6.57118,45.3983,-0.119805,-0.0385783,0.00055331,0.0351095,0.0770296,-0.00823119,0.493,0.7885,-67308.4,-223233,1491.53,72354.8,376750,0.0213605,0.0130566,0.00255896,reel,2369,2370,2372.05,0.00045993,2370
73304,Val-d'Isère,73,province,226,75.3333,11347.3,11408.3,0.0193875,0.00593146,19.6252,11.0835,34.7496,maille,1.01769,0.00708144,0,1612,0.5212,0.0858543,0.0525329,6.974,45.4519,-0.129198,-0.0410622,0.000173586,0.0319262,0.0723905,-0.0118206,0.499,0.8035,-81086.7,-257545,1708.52,80328.9,419850,0.0191677,0.0117165,-0.000645643,reel,2370,2371,2373,0.000471204,2371
73317,Villard-sur-Doron,73,province,73,24.3333,6394.36,6491.14,0.0339038,0.0181377,14.3035,11.6267,17.5966,maille,2.02045,0.0328317,0,169,0.45131,0.0249891,0.0163768,6.5321,45.7464,-0.131395,-0.0436498,0.000122343,0.0313942,0.0717694,-0.0125719,0.4985,0.811,-46150.8,-139196,946.435,44974.4,236591,0.0240277,0.0126294,-0.000418144,reel,2369,2372,2374,0.000738324,2372
73132,Hauteluce,73,province,190,63.3333,6748.67,6790.33,0.0211328,0.0070474,14.3035,11.6267,17.5966,maille,1.95998,0.031166,0,541,0.491788,0.0910207,0.0652522,6.54169,45.7561,-0.128666,-0.0436947,-0.000275623,0.030068,0.0712106,-0.0129333,0.503,0.8165,-50284.7,-150826,1023.69,48146.7,249701,0.0227663,0.0119993,-0.000504005,reel,2370,2373,2374,0.00052371,2373
38191,Huez,38,province,353,117.667,5787.19,5808.32,0.0153186,0.00370309,12.8532,8.25123,20.0217,maille,1.62471,0.0229567,0,1555,0.432602,0.103729,0.0407887,6.0683,45.09,-0.129941,-0.043664,-0.00107213,0.0309884,0.0730353,-0.014534,0.508,0.8095,-42858.6,-132196,871.995,41239.1,214126,0.0235413,0.011965,-0.000996405,reel,2373,2374,2375,0.000311712,2374
15101,Laveissière,15,province,64,21.3333,2249.1,2295.93,0.038632,0.0235283,8.26344,6.39867,10.6717,maille,1.37036,0.0171821,0,315,0.409685,0.115162,0.0751905,2.74893,45.0832,-0.133947,-0.0442917,-0.00188363,0.0283699,0.0713686,-0.0145706,0.516,0.8305,-17762,-52447.1,338.038,17024.5,83216.6,0.0360862,0.0127609,-0.00339065,reel,2374,2375,2375,0.000432088,2375
22054,Erquy,22,province,68,22.6667,4568.8,4645.65,0.0338281,0.018054,10.402,8.16189,13.257,maille,1.33846,0.0166473,0,255,0.153463,0.0455131,0.0160435,-2.4662,48.6313,-0.13466,-0.0480782,-0.00436682,0.0278806,0.0681166,-0.0174507,0.531,0.8325,-36471.8,-103217,701.967,32260.2,169045,0.0233813,0.0105191,-0.00439372,reel,2376,2376,2376,0.000702353,2376
